prename,X129854,X140680,X165917,X361869,X411555,X444931,X471088,X497732,X500628,X522590,X545968,X551011,X551770,X593633,X617060,X635082,X635101,X669854,X724058,X746354,X746357,X895485,X920457,X989529,X1077950,X1176864,X1276065,X1278140,X1278154,X1501903,X1501907,X1568140,X1697162,X1749908,X1754779,X1890317,X1942425,X1956366,X1984821,X2008324,X2017588,X2030036,X2091462,X2093324,X2119310,X2121686,X2122650,X2123111,X2123576,X2123803,X2125392,X2125486,X2125528,X2125763,X2125800,X2125832,X2127769,X2133329,X2159942,X2227335,X2239266,X2274094,X2313262,X2459954,X2540434,X2565934,X2591849,X2655873,X2732353,X2793868,X2914524,X2957424,X2984969,X3181155,X3282164,X3304819,X3436868,X3475285,X3538947,X3539574,X3576303,X3608568,X3786078,X3809905,X3978034,X3986701,X3996793,X4078141,X4095950,X4101302,X4114164,X4127700,X4172893,X4197844,X4198036,X4224163,X4230581,X4247725,X4271379,X4271406,X4272090,X4285400,X4317377,X4368957,X4390703,X4421890,X4422821,X4441487,X4443644,X4450846,X4453756,X4459543,X4466572,X4469454,X4477553,X4484020,X4488025,X4598824,X4605418,X4626838,X4627668,X4630837,X129854.1,X140680.1,X165917.1,X361869.1,X411555.1,X444931.1,X471088.1,X497732.1,X500628.1,X545968.1,X551011.1,X551770.1,X593633.1,X617060.1,X635082.1,X635101.1,X669854.1,X724058.1,X746354.1,X746357.1,X895485.1,X920457.1,X1077950.1,X1176864.1,X1276065.1,X1278140.1,X1278154.1,X1501903.1,X1501907.1,X1568140.1,X1697162.1,X1749908.1,X1754779.1,X1890317.1,X1942425.1,X1956366.1,X1984821.1,X2008324.1,X2017588.1,X2091462.1,X2093324.1,X2119310.1,X2121686.1,X2122650.1,X2123111.1,X2123576.1,X2123803.1,X2125392.1,X2125486.1,X2125763.1,X2125800.1,X2125832.1,X2127769.1,X2133329.1,X2159942.1,X2227335.1,X2239266.1,X2274094.1,X2313262.1,X2459954.1,X2540434.1,X2565934.1,X2591849.1,X2655873.1,X2732353.1,X2793868.1,X2914524.1,X2957424.1,X2984969.1,X3181155.1,X3282164.1,X3304819.1,X3436868.1,X3475285.1,X3538947.1,X3539574.1,X3576303.1,X3608568.1,X3786078.1,X3809905.1,X3978034.1,X3986701.1,X3996793.1,X4078141.1,X4095950.1,X4101302.1,X4114164.1,X4127700.1,X4172893.1,X4197844.1,X4198036.1,X4224163.1,X4230581.1,X4247725.1,X4271379.1,X4271406.1,X4272090.1,X4285400.1,X4317377.1,X4368957.1,X4390703.1,X4421890.1,X4422821.1,X4441487.1,X4443644.1,X4453756.1,X4459543.1,X4466572.1,X4469454.1,X4477553.1,X4484020.1,X4488025.1,X4598824.1,X4605418.1,X4626838.1,X4627668.1,X4630837.1,X36991,X129854.2,X140680.2,X165917.2,X348243,X361869.2,X411555.2,X444931.2,X471088.2,X497732.2,X500628.2,X522590.1,X545968.2,X551011.2,X551770.2,X593633.2,X617060.2,X635082.2,X635101.2,X669854.2,X724058.2,X746354.2,X746357.2,X895485.2,X920457.2,X989529.1,X1077950.2,X1176864.2,X1276065.2,X1278140.2,X1278154.2,X1501903.2,X1501907.2,X1538758,X1568140.2,X1697162.2,X1749908.2,X1754779.2,X1890317.2,X1942425.2,X1956366.2,X1984821.2,X2008324.2,X2015702,X2017588.2,X2030036.1,X2091462.2,X2093324.2,X2115509,X2119310.2,X2121686.2,X2122650.2,X2123111.2,X2123576.2,X2123803.2,X2125392.2,X2125486.2,X2125528.1,X2125763.2,X2125800.2,X2125832.2,X2127769.2,X2133329.2,X2159942.2,X2227335.2,X2239266.2,X2274094.2,X2281948,X2313262.2,X2459954.2,X2540434.2,X2565934.2,X2591849.2,X2655873.2,X2732353.2,X2793868.2,X2914524.2,X2957424.2,X2984969.2,X3032179,X3181155.2,X3183014,X3282164.2,X3304819.2,X3436868.2,X3475285.2,X3538947.2,X3539574.2,X3558954,X3576303.2,X3601265,X3608568.2,X3786078.2,X3792186,X3809905.2,X3978034.2,X3986701.2,X3996793.2,X4078141.2,X4095950.2,X4101302.2,X4114164.2,X4127700.2,X4172893.2,X4197844.2,X4198036.2,X4223638,X4224163.2,X4230581.2,X4247725.2,X4271379.2,X4271406.2,X4272090.2,X4285400.2,X4317377.2,X4368957.2,X4390703.2,X4421890.2,X4422821.2,X4441487.2,X4443644.2,X4450844,X4450846.1,X4453756.2,X4459543.2,X4466572.2,X4469454.2,X4477553.2,X4484020.2,X4488025.2,X4598824.2,X4605418.2,X4614839,X4614902,X4617574,X4619917,X4625179,X4626838.2,X4627668.2,X4630837.2,X4632238,X4639512,X129854.3,X140680.3,X165917.3,X361869.3,X411555.3,X444931.3,X471088.3,X497732.3,X500628.3,X522590.2,X545968.3,X551011.3,X551770.3,X593633.3,X617060.3,X635082.3,X635101.3,X669854.3,X724058.3,X746354.3,X746357.3,X895485.3,X920457.3,X1077950.3,X1176864.3,X1276065.3,X1278140.3,X1278154.3,X1501903.3,X1501907.3,X1568140.3,X1697162.3,X1749908.3,X1754779.3,X1890317.3,X1942425.3,X1956366.3,X1984821.3,X2008324.3,X2017588.3,X2091462.3,X2093324.3,X2119310.3,X2121686.3,X2122650.3,X2123111.3,X2123576.3,X2123803.3,X2125392.3,X2125486.3,X2125763.3,X2125800.3,X2125832.3,X2127769.3,X2133329.3,X2159942.3,X2227335.3,X2239266.3,X2274094.3,X2313262.3,X2459954.3,X2540434.3,X2565934.3,X2591849.3,X2655873.3,X2732353.3,X2793868.3,X2914524.3,X2957424.3,X2984969.3,X3181155.3,X3282164.3,X3304819.3,X3436868.3,X3475285.3,X3538947.3,X3539574.3,X3576303.3,X3608568.3,X3786078.3,X3809905.3,X3978034.3,X3986701.3,X3996793.3,X4078141.3,X4095950.3,X4101302.3,X4114164.3,X4127700.3,X4172893.3,X4197844.3,X4198036.3,X4224163.3,X4230581.3,X4247725.3,X4271379.3,X4271406.3,X4272090.3,X4285400.3,X4317377.3,X4368957.3,X4390703.3,X4421890.3,X4422821.3,X4441487.3,X4443644.3,X4453756.3,X4459543.3,X4466572.3,X4469454.3,X4477553.3,X4484020.3,X4488025.3,X4598824.3,X4605418.3,X4614902.1,X4626838.3,X4627668.3,X4630837.3
H100_S2_L001,3,2,1,4,1,1,1,2,2,3,3,1,4,1,0,2,3,3,1,1,2,3,1,2,1,2,3,4,4,1,3,3,1,1,1,2,3,2,1,2,1,0,3,1,2,1,3,2,2,3,4,2,2,3,2,2,1,3,2,1,4,4,1,1,1,1,2,1,3,1,1,3,1,3,1,1,1,1,2,3,1,1,1,0,1,2,2,3,1,3,2,3,4,2,3,3,1,2,1,2,1,3,2,2,1,3,3,3,3,0,3,2,4,3,2,0,1,0,1,2,3,3,3,2,1,4,1,1,1,2,2,3,1,4,1,0,2,3,3,1,1,2,3,1,1,2,3,4,4,1,3,3,1,1,1,2,3,2,1,2,1,3,1,2,1,3,2,2,3,4,2,3,2,2,1,3,2,1,4,4,1,1,1,1,2,1,3,1,1,3,1,3,1,1,1,1,2,3,1,1,1,0,1,2,2,3,1,3,2,3,4,2,3,3,1,2,1,2,1,3,2,2,1,3,3,3,3,3,2,4,3,2,0,1,0,1,2,3,3,3,3,2,1,2,4,1,1,1,2,2,3,3,1,4,1,0,2,3,3,1,1,2,3,1,2,1,2,3,4,4,1,3,1,3,1,1,1,2,3,2,1,2,3,1,0,3,1,3,2,1,3,2,2,3,4,2,2,3,2,2,1,3,2,1,4,4,1,1,1,1,1,2,1,3,1,1,3,1,0,3,2,1,1,1,1,2,3,0,1,2,1,1,0,0,1,2,2,3,1,3,2,3,4,2,3,3,3,1,2,1,2,1,3,2,2,1,3,3,3,3,0,0,3,2,4,3,2,0,1,0,1,1,4,1,3,1,2,3,3,3,1,3,2,1,4,1,1,1,2,2,3,3,1,4,1,0,2,3,3,1,1,2,3,1,1,2,3,4,4,1,3,3,1,1,1,2,3,2,1,2,1,3,1,2,1,3,2,2,3,4,2,3,2,2,1,3,2,1,4,4,1,1,1,1,2,1,3,1,1,3,1,3,1,1,1,1,2,3,1,1,1,0,1,2,2,3,1,3,2,3,4,2,3,3,1,2,1,2,1,3,2,2,1,3,3,3,3,3,2,4,3,2,0,1,0,1,4,2,3,3
H105_S3_L001,1,1,1,4,1,1,1,2,2,3,3,1,4,1,2,2,3,3,1,1,2,3,1,1,1,1,3,4,4,1,3,3,1,1,1,2,3,2,1,2,3,2,3,1,2,1,3,2,2,3,4,2,2,3,2,2,1,3,2,1,4,1,1,3,1,4,1,1,2,1,1,1,1,3,1,3,1,1,1,3,1,1,1,1,1,2,2,3,1,2,2,2,2,2,3,3,1,2,1,1,1,3,2,2,1,3,3,4,0,2,4,4,3,0,1,4,4,4,4,2,3,3,1,1,1,4,1,1,1,2,2,3,1,4,1,2,2,3,3,1,1,2,3,1,1,1,3,4,4,1,3,3,1,1,1,2,3,2,1,2,3,3,1,2,1,3,2,2,3,4,2,3,2,2,1,3,2,1,4,1,1,3,1,4,1,1,2,1,1,1,1,3,1,3,1,1,1,3,1,1,1,1,1,2,2,3,1,2,2,2,2,2,3,3,1,2,1,1,1,3,2,2,1,3,3,4,0,4,4,3,0,1,4,4,4,4,2,3,3,0,1,1,1,1,4,1,1,1,2,2,3,3,1,4,1,2,2,3,3,1,1,2,3,1,1,1,1,3,4,4,1,3,1,3,1,1,1,2,3,2,1,2,0,3,2,3,1,3,2,1,3,2,2,3,4,2,2,3,2,2,1,3,2,1,4,1,4,1,3,1,4,1,1,2,1,1,1,1,0,3,2,1,3,1,1,1,3,0,1,2,1,1,0,1,1,2,2,3,1,2,2,2,2,2,3,0,3,1,2,1,1,1,3,2,2,1,3,3,4,0,3,2,4,4,3,0,1,4,4,4,4,0,0,1,0,1,2,3,3,0,0,1,1,1,4,1,1,1,2,2,3,3,1,4,1,2,2,3,3,1,1,2,3,1,1,1,3,4,4,1,3,3,1,1,1,2,3,2,1,2,3,3,1,2,1,3,2,2,3,4,2,3,2,2,1,3,2,1,4,1,1,3,1,4,1,1,2,1,1,1,1,3,1,3,1,1,1,3,1,1,1,1,1,2,2,3,1,2,2,2,2,2,3,3,1,2,1,1,1,3,2,2,1,3,3,4,0,4,4,3,0,1,4,4,4,4,0,2,3,3
H108_S5_L001,3,1,1,4,1,1,1,2,4,3,4,1,4,1,2,2,3,3,1,1,2,3,1,0,1,1,3,4,4,1,3,0,1,3,2,2,3,3,0,1,1,2,0,1,2,1,3,2,2,3,4,2,0,3,2,2,1,3,2,1,1,4,1,3,1,4,2,2,3,0,0,1,1,3,3,1,1,1,2,3,2,1,1,1,4,2,1,3,3,3,4,3,2,2,3,3,3,3,1,2,1,3,2,2,1,1,3,4,3,2,3,4,4,3,1,4,1,4,4,2,0,0,3,1,1,4,1,1,1,2,4,4,1,4,1,2,2,3,3,1,1,2,3,1,1,1,3,4,4,1,3,0,1,3,2,2,3,3,0,1,1,0,1,2,1,3,2,2,3,4,2,3,2,2,1,3,2,1,1,4,1,3,1,4,2,2,3,0,0,1,1,3,3,1,1,1,2,3,2,1,1,1,4,2,1,3,3,3,4,3,2,2,3,3,3,3,1,2,1,3,2,2,1,1,3,4,3,3,4,4,3,1,4,1,4,4,2,0,0,3,3,1,1,1,4,1,1,1,2,4,3,4,1,4,1,2,2,3,3,1,1,2,3,1,0,1,1,3,4,4,1,3,4,0,1,3,2,2,3,3,0,1,3,1,2,0,1,3,2,1,3,2,2,3,4,2,0,3,2,2,1,3,2,1,1,4,1,1,3,1,4,2,2,3,0,0,1,1,2,3,2,3,1,1,1,2,3,3,2,0,1,1,3,1,4,2,1,3,3,3,4,3,2,2,3,3,3,3,3,1,2,1,3,2,2,1,1,3,4,3,3,2,3,4,4,3,1,4,1,4,4,0,4,1,3,1,2,0,0,0,1,3,1,1,4,1,1,1,2,4,3,4,1,4,1,2,2,3,3,1,1,2,3,1,1,1,3,4,4,1,3,0,1,3,2,2,3,3,0,1,1,0,1,2,1,3,2,2,3,4,2,3,2,2,1,3,2,1,1,4,1,3,1,4,2,2,3,0,0,1,1,3,3,1,1,1,2,3,2,1,1,1,4,2,1,3,3,3,4,3,2,2,3,3,3,3,1,2,1,3,2,2,1,1,3,4,3,3,4,4,3,1,4,1,4,4,4,2,0,0
H109_S2_L001,0,1,2,0,0,0,0,4,4,3,4,1,0,1,0,2,3,3,1,1,2,3,2,0,1,1,3,4,4,0,0,0,0,3,2,0,3,0,0,1,3,2,3,1,2,0,3,2,2,3,4,2,2,3,2,2,0,3,2,1,0,0,1,3,0,4,2,2,3,0,0,0,1,3,3,0,0,1,2,3,2,1,1,1,4,2,2,3,0,0,0,3,2,2,3,0,3,0,1,2,0,3,0,2,0,1,3,4,3,2,3,4,3,3,1,4,1,4,4,2,3,3,0,1,2,0,0,0,0,4,4,4,1,0,1,0,2,3,3,1,1,2,3,2,1,1,3,4,4,0,0,0,0,3,2,0,3,0,0,1,3,3,1,2,0,3,2,2,3,4,2,3,2,2,0,3,2,1,0,0,1,3,0,4,2,2,3,0,0,0,1,3,3,0,0,1,2,3,2,1,1,1,4,2,2,3,0,0,0,3,2,2,3,0,3,0,1,2,0,3,0,2,0,1,3,4,3,3,4,3,3,1,4,1,4,4,2,3,3,0,0,1,2,0,0,0,0,0,4,4,3,4,1,0,1,0,2,3,3,1,1,2,3,2,0,1,1,3,4,4,0,0,4,0,0,3,2,0,3,0,0,1,3,3,2,3,1,3,2,0,3,2,2,3,4,2,2,3,2,2,0,3,2,1,0,0,0,1,3,0,4,2,2,3,0,0,0,1,2,3,0,3,0,0,1,2,3,3,2,2,1,1,3,1,4,2,2,3,0,0,0,3,2,2,3,3,0,3,0,1,2,0,3,0,2,0,1,3,4,3,3,2,3,4,3,3,1,4,1,4,4,1,4,1,3,1,2,3,3,3,1,0,1,2,0,0,0,0,4,4,3,4,1,0,1,0,2,3,3,1,1,2,3,2,1,1,3,4,4,0,0,0,0,3,2,0,3,0,0,1,3,3,1,2,0,3,2,2,3,4,2,3,2,2,0,3,2,1,0,0,1,3,0,4,2,2,3,0,0,0,1,3,3,0,0,1,2,3,2,1,1,1,4,2,2,3,0,0,0,3,2,2,3,0,3,0,1,2,0,3,0,2,0,1,3,4,3,3,4,3,3,1,4,1,4,4,4,2,3,3
H113_S6_L001,3,0,1,4,4,1,1,2,4,3,4,1,4,1,2,2,3,3,1,1,2,3,2,2,1,1,0,4,4,1,3,3,1,3,2,2,4,3,1,1,1,2,0,1,2,1,3,2,2,3,4,2,2,3,2,2,1,3,2,1,1,4,1,1,3,4,2,3,3,2,1,1,1,3,3,1,1,1,2,0,2,1,1,1,1,2,2,3,3,3,4,3,2,2,3,3,3,0,1,2,1,3,2,2,0,1,3,3,3,2,3,4,4,3,1,4,0,4,4,0,3,0,3,0,1,4,4,1,1,2,4,4,1,4,1,2,2,3,3,1,1,2,3,2,1,1,0,4,4,1,3,3,1,3,2,2,4,3,1,1,1,0,1,2,1,3,2,2,3,4,2,3,2,2,1,3,2,1,1,4,1,1,3,4,2,3,3,2,1,1,1,3,3,1,1,1,2,0,2,1,1,1,1,2,2,3,3,3,4,3,2,2,3,3,3,0,1,2,1,3,2,2,0,1,3,3,3,3,4,4,3,1,4,0,4,4,0,3,0,3,3,0,1,1,4,4,1,1,2,4,3,4,1,4,1,2,2,3,3,1,1,2,3,2,2,1,1,0,4,4,1,3,4,3,1,3,2,2,4,3,1,1,3,1,2,0,1,3,2,1,3,2,2,3,4,2,2,3,2,2,1,3,2,1,1,4,0,1,1,3,4,2,3,3,2,1,1,1,2,3,3,3,1,1,1,2,0,3,2,2,1,1,3,1,1,2,2,3,3,3,4,3,2,2,3,3,3,3,0,1,2,1,3,2,2,0,1,3,3,3,3,2,3,4,4,3,1,4,0,4,4,1,4,1,3,0,0,3,0,3,1,3,0,1,4,4,1,1,2,4,3,4,1,4,1,2,2,3,3,1,1,2,3,2,1,1,0,4,4,1,3,3,1,3,2,2,4,3,1,1,1,0,1,2,1,3,2,2,3,4,2,3,2,2,1,3,2,1,1,4,1,1,3,4,2,3,3,2,1,1,1,3,3,1,1,1,2,0,2,1,1,1,1,2,2,3,3,3,4,3,2,2,3,3,3,0,1,2,1,3,2,2,0,1,3,3,3,3,4,4,3,1,4,0,4,4,4,0,3,0
H116_S8_L001,4,1,2,0,0,0,0,0,0,3,4,1,0,0,0,0,0,3,1,1,2,3,2,0,1,1,0,0,0,0,0,3,0,3,0,2,0,3,0,1,0,2,3,1,0,0,0,0,0,0,0,0,0,0,0,0,0,0,2,1,0,0,0,3,1,4,2,0,0,0,0,0,1,0,3,0,0,1,2,3,0,3,1,0,4,2,0,3,0,0,0,3,2,0,0,0,3,0,1,2,0,3,0,0,0,0,0,4,3,2,4,4,4,3,1,4,1,4,4,2,3,3,4,1,2,0,0,0,0,0,0,4,1,0,0,0,0,0,3,1,1,2,3,2,1,1,0,0,0,0,0,3,0,3,0,2,0,3,0,1,0,3,1,0,0,0,0,0,0,0,0,0,0,0,0,0,2,1,0,0,0,3,1,4,2,0,0,0,0,0,1,0,3,0,0,1,2,3,0,3,1,0,4,2,0,3,0,0,0,3,2,0,0,0,3,0,1,2,0,3,0,0,0,0,0,4,3,4,4,4,3,1,4,1,4,4,2,3,3,0,4,1,2,0,0,0,0,0,0,0,3,4,1,0,0,0,0,0,3,1,1,2,3,2,0,1,1,0,0,0,0,0,0,3,0,3,0,2,0,3,0,1,0,0,2,3,1,0,0,0,0,0,0,0,0,0,0,0,0,0,0,0,2,1,0,0,0,0,3,1,4,2,0,0,0,0,0,1,2,0,0,3,0,0,1,2,3,3,0,0,3,1,3,0,4,2,0,3,0,0,0,3,2,0,0,3,0,3,0,1,2,0,3,0,0,0,0,0,4,3,3,2,4,4,4,3,1,4,1,4,4,1,4,1,3,1,2,3,3,3,1,4,1,2,0,0,0,0,0,0,3,4,1,0,0,0,0,0,3,1,1,2,3,2,1,1,0,0,0,0,0,3,0,3,0,2,0,3,0,1,0,3,1,0,0,0,0,0,0,0,0,0,0,0,0,0,2,1,0,0,0,3,1,4,2,0,0,0,0,0,1,0,3,0,0,1,2,3,0,3,1,0,4,2,0,3,0,0,0,3,2,0,0,0,3,0,1,2,0,3,0,0,0,0,0,4,3,4,4,4,3,1,4,1,4,4,4,2,3,3
H119_S7_L001,0,0,0,0,0,0,0,0,0,0,0,0,0,0,0,0,0,0,0,0,0,0,0,0,0,0,0,0,0,0,0,0,0,0,0,2,3,3,1,2,1,2,3,1,0,0,0,0,0,0,0,0,0,0,0,0,0,0,2,1,0,0,0,1,0,4,2,3,3,2,1,0,1,0,3,1,0,0,0,0,0,0,1,1,0,0,0,3,0,0,0,0,0,0,0,0,0,0,0,0,0,0,0,2,0,0,3,3,3,2,3,4,4,3,1,4,1,4,4,2,3,3,0,0,0,0,0,0,0,0,0,0,0,0,0,0,0,0,0,0,0,0,0,0,0,0,0,0,0,0,0,0,0,0,0,2,3,3,1,2,1,3,1,0,0,0,0,0,0,0,0,0,0,0,0,0,2,1,0,0,0,1,0,4,2,3,3,2,1,0,1,0,3,1,0,0,0,0,0,0,1,1,0,0,0,3,0,0,0,0,0,0,0,0,0,0,0,0,0,0,0,2,0,0,3,3,3,3,4,4,3,1,4,1,4,4,2,3,3,3,0,0,0,0,0,0,0,0,0,0,0,0,0,0,0,0,0,0,0,0,0,0,0,0,0,0,0,0,0,0,0,0,0,0,0,0,0,2,3,3,1,2,3,1,2,3,1,0,0,0,0,0,0,0,0,0,0,0,0,0,0,0,2,1,0,0,0,0,1,0,4,2,3,3,2,1,0,1,2,0,0,3,1,0,0,0,0,3,0,0,0,1,3,1,0,0,0,3,0,0,0,0,0,0,0,3,0,0,0,0,0,0,0,0,2,0,0,3,3,3,3,2,3,4,4,3,1,4,1,4,4,1,4,1,3,1,2,3,3,3,1,0,0,0,0,0,0,0,0,0,0,0,0,0,0,0,0,0,0,0,0,0,0,0,0,0,0,0,0,0,0,0,0,0,0,2,3,3,1,2,1,3,1,0,0,0,0,0,0,0,0,0,0,0,0,0,2,1,0,0,0,1,0,4,2,3,3,2,1,0,1,0,3,1,0,0,0,0,0,0,1,1,0,0,0,3,0,0,0,0,0,0,0,0,0,0,0,0,0,0,0,2,0,0,3,3,3,3,4,4,3,1,4,1,4,4,4,2,3,3
H122_S4_L001,0,0,0,0,0,0,0,0,0,0,0,0,0,0,0,0,0,0,0,0,0,0,0,0,0,0,0,0,0,0,0,0,0,0,0,0,0,0,0,2,1,2,3,1,0,0,0,0,0,0,0,0,0,0,0,0,0,0,2,1,0,0,0,0,0,0,0,0,0,0,0,0,0,0,0,0,0,0,0,0,0,0,1,1,0,0,0,3,0,0,0,0,0,0,0,0,0,0,0,0,0,0,0,0,0,1,3,4,3,2,3,4,4,3,1,4,4,4,4,2,3,3,0,0,0,0,0,0,0,0,0,0,0,0,0,0,0,0,0,0,0,0,0,0,0,0,0,0,0,0,0,0,0,0,0,0,0,0,0,2,1,3,1,0,0,0,0,0,0,0,0,0,0,0,0,0,2,1,0,0,0,0,0,0,0,0,0,0,0,0,0,0,0,0,0,0,0,0,0,0,1,1,0,0,0,3,0,0,0,0,0,0,0,0,0,0,0,0,0,0,0,0,0,1,3,4,3,3,4,4,3,1,4,4,4,4,2,3,3,3,0,0,0,0,0,0,0,0,0,0,0,0,0,0,0,0,0,0,0,0,0,0,0,0,0,0,0,0,0,0,0,0,0,0,0,0,0,0,0,0,0,2,3,1,2,3,1,0,0,0,0,0,0,0,0,0,0,0,0,0,0,0,2,1,0,0,0,0,0,0,0,0,0,0,0,0,0,0,2,0,0,0,0,0,0,0,0,3,0,0,0,1,3,1,0,0,0,3,0,0,0,0,0,0,0,3,0,0,0,0,0,0,0,0,0,0,1,3,4,3,3,2,3,4,4,3,1,4,4,4,4,1,4,1,3,1,2,3,3,3,1,0,0,0,0,0,0,0,0,0,0,0,0,0,0,0,0,0,0,0,0,0,0,0,0,0,0,0,0,0,0,0,0,0,0,0,0,0,0,2,1,3,1,0,0,0,0,0,0,0,0,0,0,0,0,0,2,1,0,0,0,0,0,0,0,0,0,0,0,0,0,0,0,0,0,0,0,0,0,0,1,1,0,0,0,3,0,0,0,0,0,0,0,0,0,0,0,0,0,0,0,0,0,1,3,4,3,3,4,4,3,1,4,4,4,4,4,2,3,3
H123_S1_L001,3,1,1,4,1,1,1,2,3,0,3,1,0,1,2,2,3,3,4,1,2,3,2,2,1,1,3,4,4,1,3,3,1,3,2,2,3,3,3,2,3,0,3,1,2,1,3,2,2,3,4,2,2,3,2,2,1,3,0,1,1,4,1,3,0,4,2,2,3,1,1,1,1,3,3,1,1,1,0,0,2,1,1,1,4,0,0,3,3,3,4,3,2,2,3,3,3,2,0,2,1,3,3,2,0,1,3,3,3,2,3,4,4,3,1,4,0,0,4,2,3,3,3,1,1,4,1,1,1,2,3,3,1,0,1,2,2,3,3,4,1,2,3,2,1,1,3,4,4,1,3,3,1,3,2,2,3,3,3,2,3,3,1,2,1,3,2,2,3,4,2,3,2,2,1,3,0,1,1,4,1,3,0,4,2,2,3,1,1,1,1,3,3,1,1,1,0,0,2,1,1,1,4,0,0,3,3,3,4,3,2,2,3,3,3,2,0,2,1,3,3,2,0,1,3,3,3,3,4,4,3,1,4,0,0,4,2,3,3,3,3,1,1,1,4,1,1,1,2,3,0,3,1,0,1,2,2,3,3,4,1,2,3,2,2,1,1,3,4,4,1,3,4,3,1,3,2,2,3,3,3,2,3,3,0,3,1,3,2,1,3,2,2,3,4,2,2,3,2,2,1,3,0,1,1,4,1,1,3,0,4,2,2,3,1,1,1,1,2,3,2,3,1,1,1,0,0,3,2,2,1,1,3,1,4,0,0,3,3,3,4,3,2,2,3,3,3,3,2,0,2,1,3,3,2,0,1,3,3,3,3,2,3,4,4,3,1,4,0,0,4,1,4,1,3,1,2,3,3,3,0,3,1,1,4,1,1,1,2,3,0,3,1,0,1,2,2,3,3,4,1,2,3,2,1,1,3,4,4,1,3,3,1,3,2,2,3,3,3,2,3,3,1,2,1,3,2,2,3,4,2,3,2,2,1,3,0,1,1,4,1,3,0,4,2,2,3,1,1,1,1,3,3,1,1,1,0,0,2,1,1,1,4,0,0,3,3,3,4,3,2,2,3,3,3,2,0,2,1,3,3,2,0,1,3,3,3,3,4,4,3,1,4,0,0,4,4,2,3,3
H130_S2_L001,3,1,1,4,1,1,1,2,4,3,4,1,4,1,2,2,3,3,1,1,2,3,1,0,1,1,3,4,4,1,3,0,1,3,2,2,3,3,0,1,1,2,0,1,2,1,3,2,2,3,4,2,0,3,2,2,1,3,2,1,1,4,1,3,1,4,2,2,3,0,0,1,1,3,3,1,1,1,2,3,2,1,1,1,4,2,1,3,3,3,4,3,2,2,3,3,3,3,1,2,1,3,2,2,1,1,3,4,3,2,3,4,4,3,1,4,1,4,4,2,0,0,3,1,1,4,1,1,1,2,4,4,1,4,1,2,2,3,3,1,1,2,3,1,1,1,3,4,4,1,3,0,1,3,2,2,3,3,0,1,1,0,1,2,1,3,2,2,3,4,2,3,2,2,1,3,2,1,1,4,1,3,1,4,2,2,3,0,0,1,1,3,3,1,1,1,2,3,2,1,1,1,4,2,1,3,3,3,4,3,2,2,3,3,3,3,1,2,1,3,2,2,1,1,3,4,3,3,4,4,3,1,4,1,4,4,2,0,0,3,3,1,1,1,4,1,1,1,2,4,3,4,1,4,1,2,2,3,3,1,1,2,3,1,0,1,1,3,4,4,1,3,4,0,1,3,2,2,3,3,0,1,3,1,2,0,1,3,2,1,3,2,2,3,4,2,0,3,2,2,1,3,2,1,1,4,1,1,3,1,4,2,2,3,0,0,1,1,2,3,2,3,1,1,1,2,3,3,2,0,1,1,3,1,4,2,1,3,3,3,4,3,2,2,3,3,3,3,3,1,2,1,3,2,2,1,1,3,4,3,3,2,3,4,4,3,1,4,1,4,4,0,4,1,3,1,2,0,0,0,1,3,1,1,4,1,1,1,2,4,3,4,1,4,1,2,2,3,3,1,1,2,3,1,1,1,3,4,4,1,3,0,1,3,2,2,3,3,0,1,1,0,1,2,1,3,2,2,3,4,2,3,2,2,1,3,2,1,1,4,1,3,1,4,2,2,3,0,0,1,1,3,3,1,1,1,2,3,2,1,1,1,4,2,1,3,3,3,4,3,2,2,3,3,3,3,1,2,1,3,2,2,1,1,3,4,3,3,4,4,3,1,4,1,4,4,4,2,0,0
H136_S7_L001,3,1,0,4,1,1,1,2,0,3,4,1,0,0,2,0,0,0,1,0,0,3,2,2,1,1,0,0,0,0,0,0,1,0,2,2,3,0,1,1,1,2,3,1,0,1,3,2,2,3,4,2,2,3,2,2,1,3,2,1,1,0,0,3,1,4,2,2,3,1,1,0,1,3,0,1,1,1,2,3,2,1,1,1,4,2,1,3,3,3,4,3,2,0,0,0,0,3,1,2,0,3,2,2,1,1,3,4,3,2,4,4,4,3,1,4,1,4,4,2,3,3,3,1,0,4,1,1,1,2,0,4,1,0,0,2,0,0,0,1,0,0,3,2,1,1,0,0,0,0,0,0,1,0,2,2,3,0,1,1,1,3,1,0,1,3,2,2,3,4,2,3,2,2,1,3,2,1,1,0,0,3,1,4,2,2,3,1,1,0,1,3,0,1,1,1,2,3,2,1,1,1,4,2,1,3,3,3,4,3,2,0,0,0,0,3,1,2,0,3,2,2,1,1,3,4,3,4,4,4,3,1,4,1,4,4,2,3,3,3,3,1,0,0,4,1,1,1,2,0,3,4,1,0,0,2,0,0,0,1,0,0,3,2,2,1,1,0,0,0,0,0,0,0,1,0,2,2,3,0,1,1,3,1,2,3,1,0,0,1,3,2,2,3,4,2,2,3,2,2,1,3,2,1,1,0,1,0,3,1,4,2,2,3,1,1,0,1,2,3,0,0,1,1,1,2,3,3,2,0,1,1,3,1,4,2,1,3,3,3,4,3,2,0,0,3,0,0,3,1,2,0,3,2,2,1,1,3,4,3,3,2,4,4,4,3,1,4,1,4,4,1,4,1,3,1,2,3,3,0,1,3,1,0,4,1,1,1,2,0,3,4,1,0,0,2,0,0,0,1,0,0,3,2,1,1,0,0,0,0,0,0,1,0,2,2,3,0,1,1,1,3,1,0,1,3,2,2,3,4,2,3,2,2,1,3,2,1,1,0,0,3,1,4,2,2,3,1,1,0,1,3,0,1,1,1,2,3,2,1,1,1,4,2,1,3,3,3,4,3,2,0,0,0,0,3,1,2,0,3,2,2,1,1,3,4,3,4,4,4,3,1,4,1,4,4,4,2,3,3
H141_S6_L001,3,1,1,4,1,1,1,0,4,3,3,0,4,1,4,2,3,3,1,1,2,3,1,2,1,1,3,4,4,1,3,3,2,3,2,2,4,3,3,1,1,2,0,1,2,1,3,2,2,3,4,2,2,3,2,2,1,3,2,1,1,4,1,3,0,4,2,2,3,2,1,3,1,3,3,1,1,1,0,3,2,1,0,0,4,0,2,3,3,2,4,3,2,2,3,3,3,3,0,2,1,3,3,0,0,1,3,3,3,2,3,4,4,3,1,0,1,0,4,2,0,3,3,1,1,4,1,1,1,0,4,3,0,4,1,4,2,3,3,1,1,2,3,1,1,1,3,4,4,1,3,3,2,3,2,2,4,3,3,1,1,0,1,2,1,3,2,2,3,4,2,3,2,2,1,3,2,1,1,4,1,3,0,4,2,2,3,2,1,3,1,3,3,1,1,1,0,3,2,1,0,0,4,0,2,3,3,2,4,3,2,2,3,3,3,3,0,2,1,3,3,0,0,1,3,3,3,3,4,4,3,1,0,1,0,4,2,0,3,0,3,1,1,2,4,1,1,1,0,4,3,3,0,4,1,4,2,3,3,1,1,2,3,1,2,1,1,3,4,4,1,3,4,3,2,3,2,2,4,3,3,1,3,1,2,0,1,3,2,1,3,2,2,3,4,2,2,3,2,2,1,3,2,1,1,4,1,1,3,0,4,2,2,3,2,1,3,1,2,3,2,3,1,1,1,0,3,3,2,2,1,0,0,0,4,0,2,3,3,2,4,3,2,2,3,3,3,3,3,0,2,1,3,3,0,0,1,3,3,3,3,2,3,4,4,3,1,0,1,0,4,1,4,1,3,0,2,0,3,3,1,3,1,1,4,1,1,1,0,4,3,3,0,4,1,4,2,3,3,1,1,2,3,1,1,1,3,4,4,1,3,3,2,3,2,2,4,3,3,1,1,0,1,2,1,3,2,2,3,4,2,3,2,2,1,3,2,1,1,4,1,3,0,4,2,2,3,2,1,3,1,3,3,1,1,1,0,3,2,1,0,0,4,0,2,3,3,2,4,3,2,2,3,3,3,3,0,2,1,3,3,0,0,1,3,3,3,3,4,4,3,1,0,1,0,4,4,2,0,3
H148_S4_L001,1,1,1,4,1,1,1,2,2,3,3,1,4,1,2,2,3,3,1,1,2,3,1,1,1,1,3,4,4,1,3,3,1,1,1,2,3,2,1,2,3,2,3,1,2,1,3,2,2,3,4,2,2,3,2,2,1,3,2,1,4,1,1,3,1,4,1,1,2,1,1,1,1,3,1,3,1,1,1,3,1,1,1,1,1,0,2,3,1,2,2,2,2,2,3,3,1,2,1,1,1,3,2,2,1,3,3,4,0,2,4,4,3,0,1,4,4,4,4,2,3,3,1,1,1,4,1,1,1,2,2,3,1,4,1,2,2,3,3,1,1,2,3,1,1,1,3,4,4,1,3,3,1,1,1,2,3,2,1,2,3,3,1,2,1,3,2,2,3,4,2,3,2,2,1,3,2,1,4,1,1,3,1,4,1,1,2,1,1,1,1,3,1,3,1,1,1,3,1,1,1,1,1,0,2,3,1,2,2,2,2,2,3,3,1,2,1,1,1,3,2,2,1,3,3,4,0,4,4,3,0,1,4,4,4,4,2,3,3,0,1,1,1,1,4,1,1,1,2,2,3,3,1,4,1,2,2,3,3,1,1,2,3,1,1,1,1,3,4,4,1,3,1,3,1,1,1,2,3,2,1,2,0,3,2,3,1,3,2,1,3,2,2,3,4,2,2,3,2,2,1,3,2,1,4,1,4,1,3,1,4,1,1,2,1,1,1,1,0,3,2,1,3,1,1,1,3,0,1,2,1,1,0,1,1,0,2,3,1,2,2,2,2,2,3,0,3,1,2,1,1,1,3,2,2,1,3,3,4,0,3,2,4,4,3,0,1,4,4,4,4,0,0,1,0,1,2,3,3,0,0,1,1,1,4,1,1,1,2,2,3,3,1,4,1,2,2,3,3,1,1,2,3,1,1,1,3,4,4,1,3,3,1,1,1,2,3,2,1,2,3,3,1,2,1,3,2,2,3,4,2,3,2,2,1,3,2,1,4,1,1,3,1,4,1,1,2,1,1,1,1,3,1,3,1,1,1,3,1,1,1,1,1,0,2,3,1,2,2,2,2,2,3,3,1,2,1,1,1,3,2,2,1,3,3,4,0,4,4,3,0,1,4,4,4,4,0,2,3,3
H153_S1_L001,0,1,0,0,0,0,1,2,4,0,0,1,4,0,0,0,0,0,1,0,0,3,1,2,0,1,0,0,0,0,0,3,1,3,2,2,3,3,1,1,1,2,3,1,2,0,3,2,2,3,4,2,0,3,2,2,1,0,2,1,1,4,0,3,1,4,2,2,3,1,1,0,1,3,3,1,1,1,2,3,2,1,1,1,4,2,1,3,3,3,4,3,2,0,0,0,0,3,1,2,0,3,2,2,1,1,3,3,3,2,4,4,4,3,1,4,0,4,4,2,3,3,0,1,0,0,0,0,1,2,4,0,1,4,0,0,0,0,0,1,0,0,3,1,0,1,0,0,0,0,0,3,1,3,2,2,3,3,1,1,1,3,1,2,0,3,2,2,3,4,2,3,2,2,1,0,2,1,1,4,0,3,1,4,2,2,3,1,1,0,1,3,3,1,1,1,2,3,2,1,1,1,4,2,1,3,3,3,4,3,2,0,0,0,0,3,1,2,0,3,2,2,1,1,3,3,3,4,4,4,3,1,4,0,4,4,2,3,3,3,0,1,0,1,0,0,0,1,2,4,0,0,1,4,0,0,0,0,0,1,0,0,3,1,2,0,1,0,0,0,0,0,4,3,1,3,2,2,3,3,1,1,3,1,2,3,1,3,2,0,3,2,2,3,4,2,0,3,2,2,1,0,2,1,1,4,1,0,3,1,4,2,2,3,1,1,0,1,2,3,0,3,1,1,1,2,3,3,2,0,1,1,3,1,4,2,1,3,3,3,4,3,2,0,0,3,0,0,3,1,2,0,3,2,2,1,1,3,3,3,3,2,4,4,4,3,1,4,0,4,4,1,4,1,3,1,2,3,3,3,1,0,1,0,0,0,0,1,2,4,0,0,1,4,0,0,0,0,0,1,0,0,3,1,0,1,0,0,0,0,0,3,1,3,2,2,3,3,1,1,1,3,1,2,0,3,2,2,3,4,2,3,2,2,1,0,2,1,1,4,0,3,1,4,2,2,3,1,1,0,1,3,3,1,1,1,2,3,2,1,1,1,4,2,1,3,3,3,4,3,2,0,0,0,0,3,1,2,0,3,2,2,1,1,3,3,3,4,4,4,3,1,4,0,4,4,4,2,3,3
H154_S2_L001,0,1,0,0,0,0,1,2,4,0,0,1,4,0,0,0,0,0,1,0,0,3,1,2,0,1,0,0,0,0,0,3,1,3,2,2,3,3,1,1,1,2,3,1,2,0,3,2,2,3,4,2,0,3,2,2,1,0,2,1,1,4,0,3,1,4,2,2,3,1,1,0,1,3,3,1,1,1,2,3,2,1,1,1,4,2,1,3,3,3,4,3,2,0,0,0,0,3,1,2,0,3,2,2,1,1,3,3,3,2,4,4,4,3,1,4,0,4,4,2,3,3,0,1,0,0,0,0,1,2,4,0,1,4,0,0,0,0,0,1,0,0,3,1,0,1,0,0,0,0,0,3,1,3,2,2,3,3,1,1,1,3,1,2,0,3,2,2,3,4,2,3,2,2,1,0,2,1,1,4,0,3,1,4,2,2,3,1,1,0,1,3,3,1,1,1,2,3,2,1,1,1,4,2,1,3,3,3,4,3,2,0,0,0,0,3,1,2,0,3,2,2,1,1,3,3,3,4,4,4,3,1,4,0,4,4,2,3,3,3,0,1,0,1,0,0,0,1,2,4,0,0,1,4,0,0,0,0,0,1,0,0,3,1,2,0,1,0,0,0,0,0,4,3,1,3,2,2,3,3,1,1,3,1,2,3,1,3,2,0,3,2,2,3,4,2,0,3,2,2,1,0,2,1,1,4,1,0,3,1,4,2,2,3,1,1,0,1,2,3,0,3,1,1,1,2,3,3,2,0,1,1,3,1,4,2,1,3,3,3,4,3,2,0,0,3,0,0,3,1,2,0,3,2,2,1,1,3,3,3,3,2,4,4,4,3,1,4,0,4,4,1,4,1,3,1,2,3,3,3,1,0,1,0,0,0,0,1,2,4,0,0,1,4,0,0,0,0,0,1,0,0,3,1,0,1,0,0,0,0,0,3,1,3,2,2,3,3,1,1,1,3,1,2,0,3,2,2,3,4,2,3,2,2,1,0,2,1,1,4,0,3,1,4,2,2,3,1,1,0,1,3,3,1,1,1,2,3,2,1,1,1,4,2,1,3,3,3,4,3,2,0,0,0,0,3,1,2,0,3,2,2,1,1,3,3,3,4,4,4,3,1,4,0,4,4,4,2,3,3
H157_S3_L001,0,0,0,0,0,0,0,0,0,0,0,0,0,0,0,0,0,0,0,0,0,0,0,0,0,0,0,0,0,0,0,0,0,0,0,0,0,0,0,2,1,2,3,1,0,0,0,0,0,0,0,0,0,0,0,0,0,0,2,1,0,0,0,0,0,0,0,0,0,0,0,0,0,0,0,0,0,0,0,0,0,0,1,1,0,0,0,3,0,0,0,0,0,0,0,0,0,0,0,0,0,0,0,0,0,1,3,4,3,2,3,4,4,3,1,4,4,4,4,2,3,3,0,0,0,0,0,0,0,0,0,0,0,0,0,0,0,0,0,0,0,0,0,0,0,0,0,0,0,0,0,0,0,0,0,0,0,0,0,2,1,3,1,0,0,0,0,0,0,0,0,0,0,0,0,0,2,1,0,0,0,0,0,0,0,0,0,0,0,0,0,0,0,0,0,0,0,0,0,0,1,1,0,0,0,3,0,0,0,0,0,0,0,0,0,0,0,0,0,0,0,0,0,1,3,4,3,3,4,4,3,1,4,4,4,4,2,3,3,3,0,0,0,0,0,0,0,0,0,0,0,0,0,0,0,0,0,0,0,0,0,0,0,0,0,0,0,0,0,0,0,0,0,0,0,0,0,0,0,0,0,2,3,1,2,3,1,0,0,0,0,0,0,0,0,0,0,0,0,0,0,0,2,1,0,0,0,0,0,0,0,0,0,0,0,0,0,0,2,0,0,0,0,0,0,0,0,3,0,0,0,1,3,1,0,0,0,3,0,0,0,0,0,0,0,3,0,0,0,0,0,0,0,0,0,0,1,3,4,3,3,2,3,4,4,3,1,4,4,4,4,1,4,1,3,1,2,3,3,3,1,0,0,0,0,0,0,0,0,0,0,0,0,0,0,0,0,0,0,0,0,0,0,0,0,0,0,0,0,0,0,0,0,0,0,0,0,0,0,2,1,3,1,0,0,0,0,0,0,0,0,0,0,0,0,0,2,1,0,0,0,0,0,0,0,0,0,0,0,0,0,0,0,0,0,0,0,0,0,0,1,1,0,0,0,3,0,0,0,0,0,0,0,0,0,0,0,0,0,0,0,0,0,1,3,4,3,3,4,4,3,1,4,4,4,4,4,2,3,3
H160_S3_L001,0,1,0,0,0,0,1,2,4,0,0,1,4,0,0,0,0,0,1,0,0,3,1,2,0,1,0,0,0,0,0,3,1,3,2,2,3,3,1,1,1,2,3,1,2,0,3,2,2,3,4,2,0,3,2,2,1,0,2,1,1,4,0,3,1,4,2,2,3,1,1,0,1,3,3,1,1,1,2,3,2,1,1,1,4,2,1,3,3,3,4,3,2,0,0,0,0,3,1,2,0,3,2,2,1,1,3,3,3,2,4,4,4,3,1,4,0,4,4,2,3,3,0,1,0,0,0,0,1,2,4,0,1,4,0,0,0,0,0,1,0,0,3,1,0,1,0,0,0,0,0,3,1,3,2,2,3,3,1,1,1,3,1,2,0,3,2,2,3,4,2,3,2,2,1,0,2,1,1,4,0,3,1,4,2,2,3,1,1,0,1,3,3,1,1,1,2,3,2,1,1,1,4,2,1,3,3,3,4,3,2,0,0,0,0,3,1,2,0,3,2,2,1,1,3,3,3,4,4,4,3,1,4,0,4,4,2,3,3,3,0,1,0,1,0,0,0,1,2,4,0,0,1,4,0,0,0,0,0,1,0,0,3,1,2,0,1,0,0,0,0,0,4,3,1,3,2,2,3,3,1,1,3,1,2,3,1,3,2,0,3,2,2,3,4,2,0,3,2,2,1,0,2,1,1,4,1,0,3,1,4,2,2,3,1,1,0,1,2,3,0,3,1,1,1,2,3,3,2,0,1,1,3,1,4,2,1,3,3,3,4,3,2,0,0,3,0,0,3,1,2,0,3,2,2,1,1,3,3,3,3,2,4,4,4,3,1,4,0,4,4,1,4,1,3,1,2,3,3,3,1,0,1,0,0,0,0,1,2,4,0,0,1,4,0,0,0,0,0,1,0,0,3,1,0,1,0,0,0,0,0,3,1,3,2,2,3,3,1,1,1,3,1,2,0,3,2,2,3,4,2,3,2,2,1,0,2,1,1,4,0,3,1,4,2,2,3,1,1,0,1,3,3,1,1,1,2,3,2,1,1,1,4,2,1,3,3,3,4,3,2,0,0,0,0,3,1,2,0,3,2,2,1,1,3,3,3,4,4,4,3,1,4,0,4,4,4,2,3,3
H162_S4_L001,0,0,0,0,0,0,0,0,0,0,0,0,0,0,0,0,0,0,0,0,0,0,0,0,0,0,0,0,0,0,0,0,0,0,0,0,0,0,0,2,1,2,3,1,0,0,0,0,0,0,0,0,0,0,0,0,0,0,2,1,0,0,0,0,0,0,0,0,0,0,0,0,0,0,0,0,0,0,0,0,0,0,1,1,0,0,0,3,0,0,0,0,0,0,0,0,0,0,0,0,0,0,0,0,0,1,3,4,3,2,3,4,4,3,1,4,4,4,4,2,3,3,0,0,0,0,0,0,0,0,0,0,0,0,0,0,0,0,0,0,0,0,0,0,0,0,0,0,0,0,0,0,0,0,0,0,0,0,0,2,1,3,1,0,0,0,0,0,0,0,0,0,0,0,0,0,2,1,0,0,0,0,0,0,0,0,0,0,0,0,0,0,0,0,0,0,0,0,0,0,1,1,0,0,0,3,0,0,0,0,0,0,0,0,0,0,0,0,0,0,0,0,0,1,3,4,3,3,4,4,3,1,4,4,4,4,2,3,3,3,0,0,0,0,0,0,0,0,0,0,0,0,0,0,0,0,0,0,0,0,0,0,0,0,0,0,0,0,0,0,0,0,0,0,0,0,0,0,0,0,0,2,3,1,2,3,1,0,0,0,0,0,0,0,0,0,0,0,0,0,0,0,2,1,0,0,0,0,0,0,0,0,0,0,0,0,0,0,2,0,0,0,0,0,0,0,0,3,0,0,0,1,3,1,0,0,0,3,0,0,0,0,0,0,0,3,0,0,0,0,0,0,0,0,0,0,1,3,4,3,3,2,3,4,4,3,1,4,4,4,4,1,4,1,3,1,2,3,3,3,1,0,0,0,0,0,0,0,0,0,0,0,0,0,0,0,0,0,0,0,0,0,0,0,0,0,0,0,0,0,0,0,0,0,0,0,0,0,0,2,1,3,1,0,0,0,0,0,0,0,0,0,0,0,0,0,2,1,0,0,0,0,0,0,0,0,0,0,0,0,0,0,0,0,0,0,0,0,0,0,1,1,0,0,0,3,0,0,0,0,0,0,0,0,0,0,0,0,0,0,0,0,0,1,3,4,3,3,4,4,3,1,4,4,4,4,4,2,3,3
H164_S3_L001,0,1,0,0,0,0,1,2,4,0,0,1,4,0,0,0,0,0,1,0,0,3,1,2,0,1,0,0,0,0,0,3,1,3,2,2,3,3,1,1,1,2,3,1,2,0,3,2,2,3,4,2,0,3,2,2,1,0,2,1,1,4,0,3,1,4,2,2,3,1,1,0,1,3,3,1,1,1,2,3,2,1,1,1,4,2,1,3,3,3,4,3,2,0,0,0,0,3,1,2,0,3,2,2,1,1,3,3,3,2,4,4,4,3,1,4,0,4,4,2,3,3,0,1,0,0,0,0,1,2,4,0,1,4,0,0,0,0,0,1,0,0,3,1,0,1,0,0,0,0,0,3,1,3,2,2,3,3,1,1,1,3,1,2,0,3,2,2,3,4,2,3,2,2,1,0,2,1,1,4,0,3,1,4,2,2,3,1,1,0,1,3,3,1,1,1,2,3,2,1,1,1,4,2,1,3,3,3,4,3,2,0,0,0,0,3,1,2,0,3,2,2,1,1,3,3,3,4,4,4,3,1,4,0,4,4,2,3,3,3,0,1,0,1,0,0,0,1,2,4,0,0,1,4,0,0,0,0,0,1,0,0,3,1,2,0,1,0,0,0,0,0,4,3,1,3,2,2,3,3,1,1,3,1,2,3,1,3,2,0,3,2,2,3,4,2,0,3,2,2,1,0,2,1,1,4,1,0,3,1,4,2,2,3,1,1,0,1,2,3,0,3,1,1,1,2,3,3,2,0,1,1,3,1,4,2,1,3,3,3,4,3,2,0,0,3,0,0,3,1,2,0,3,2,2,1,1,3,3,3,3,2,4,4,4,3,1,4,0,4,4,1,4,1,3,1,2,3,3,3,1,0,1,0,0,0,0,1,2,4,0,0,1,4,0,0,0,0,0,1,0,0,3,1,0,1,0,0,0,0,0,3,1,3,2,2,3,3,1,1,1,3,1,2,0,3,2,2,3,4,2,3,2,2,1,0,2,1,1,4,0,3,1,4,2,2,3,1,1,0,1,3,3,1,1,1,2,3,2,1,1,1,4,2,1,3,3,3,4,3,2,0,0,0,0,3,1,2,0,3,2,2,1,1,3,3,3,4,4,4,3,1,4,0,4,4,4,2,3,3
H17_S2_L001,0,1,0,4,1,1,1,2,0,0,4,1,0,1,2,2,3,0,1,1,2,3,1,0,0,1,3,0,0,0,0,3,1,0,2,2,3,3,1,2,1,2,3,1,2,0,3,2,2,3,0,0,0,3,2,2,0,3,2,1,1,4,0,3,3,4,2,0,3,0,0,0,1,3,3,1,1,1,2,3,2,1,1,1,4,2,0,3,3,3,4,3,2,2,3,0,3,3,1,2,1,3,2,2,1,1,3,4,3,2,3,4,4,3,1,4,1,4,4,2,3,3,0,1,0,4,1,1,1,2,0,4,1,0,1,2,2,3,0,1,1,2,3,1,0,1,3,0,0,0,0,3,1,0,2,2,3,3,1,2,1,3,1,2,0,3,2,2,3,0,0,3,2,2,0,3,2,1,1,4,0,3,3,4,2,0,3,0,0,0,1,3,3,1,1,1,2,3,2,1,1,1,4,2,0,3,3,3,4,3,2,2,3,0,3,3,1,2,1,3,2,2,1,1,3,4,3,3,4,4,3,1,4,1,4,4,2,3,3,3,0,1,0,0,4,1,1,1,2,0,0,4,1,0,1,2,2,3,0,1,1,2,3,1,0,0,1,3,0,0,0,0,0,3,1,0,2,2,3,3,1,2,3,1,2,3,1,3,2,0,3,2,2,3,0,0,0,3,2,2,0,3,2,1,1,4,0,0,3,3,4,2,0,3,0,0,0,1,2,3,2,3,1,1,1,2,3,3,2,0,1,1,3,1,4,2,0,3,3,3,4,3,2,2,3,3,0,3,3,1,2,1,3,2,2,1,1,3,4,3,3,2,3,4,4,3,1,4,1,4,4,1,4,1,3,1,2,3,3,3,1,0,1,0,4,1,1,1,2,0,0,4,1,0,1,2,2,3,0,1,1,2,3,1,0,1,3,0,0,0,0,3,1,0,2,2,3,3,1,2,1,3,1,2,0,3,2,2,3,0,0,3,2,2,0,3,2,1,1,4,0,3,3,4,2,0,3,0,0,0,1,3,3,1,1,1,2,3,2,1,1,1,4,2,0,3,3,3,4,3,2,2,3,0,3,3,1,2,1,3,2,2,1,1,3,4,3,3,4,4,3,1,4,1,4,4,4,2,3,3
H176_S5_L001,3,1,1,4,1,1,1,2,4,0,0,1,0,1,2,2,3,3,1,1,2,3,1,2,1,1,3,4,4,1,3,3,0,3,2,2,3,3,1,0,1,2,3,1,2,1,0,2,2,3,4,2,2,3,2,2,1,3,2,1,1,4,0,3,1,4,2,2,3,1,0,1,1,3,0,1,1,1,2,3,2,1,1,1,4,2,1,3,3,3,4,3,2,2,3,3,3,3,1,2,1,3,2,2,1,1,3,4,3,2,3,4,4,3,1,4,1,4,4,2,3,3,3,1,1,4,1,1,1,2,4,0,1,0,1,2,2,3,3,1,1,2,3,1,1,1,3,4,4,1,3,3,0,3,2,2,3,3,1,0,1,3,1,2,1,0,2,2,3,4,2,3,2,2,1,3,2,1,1,4,0,3,1,4,2,2,3,1,0,1,1,3,0,1,1,1,2,3,2,1,1,1,4,2,1,3,3,3,4,3,2,2,3,3,3,3,1,2,1,3,2,2,1,1,3,4,3,3,4,4,3,1,4,1,4,4,2,3,3,3,3,1,1,0,4,1,1,1,2,4,0,0,1,0,1,2,2,3,3,1,1,2,3,1,2,1,1,3,4,4,1,3,0,3,0,3,2,2,3,3,1,0,3,1,2,3,1,3,2,1,0,2,2,3,4,2,2,3,2,2,1,3,2,1,1,4,1,0,3,1,4,2,2,3,1,0,1,1,2,3,2,0,1,1,1,2,3,3,2,2,1,1,3,1,4,2,1,3,3,3,4,3,2,2,3,3,3,3,3,1,2,1,3,2,2,1,1,3,4,3,3,2,3,4,4,3,1,4,1,4,4,1,4,1,3,1,2,3,3,3,1,3,1,1,4,1,1,1,2,4,0,0,1,0,1,2,2,3,3,1,1,2,3,1,1,1,3,4,4,1,3,3,0,3,2,2,3,3,1,0,1,3,1,2,1,0,2,2,3,4,2,3,2,2,1,3,2,1,1,4,0,3,1,4,2,2,3,1,0,1,1,3,0,1,1,1,2,3,2,1,1,1,4,2,1,3,3,3,4,3,2,2,3,3,3,3,1,2,1,3,2,2,1,1,3,4,3,3,4,4,3,1,4,1,4,4,4,2,3,3
H28_S10_L001,0,1,0,4,1,1,1,2,0,0,4,1,0,1,2,2,3,0,1,1,2,3,1,0,0,1,3,0,0,0,0,3,1,0,2,2,3,3,0,1,0,2,3,1,0,1,3,2,2,3,4,2,0,3,2,2,1,3,2,1,1,4,0,3,3,4,2,0,3,0,0,0,1,3,3,1,1,1,2,3,2,1,1,1,4,2,0,3,3,3,4,3,2,2,3,0,3,3,1,2,1,3,2,2,1,0,0,4,3,2,4,4,4,3,1,4,1,4,4,2,3,3,0,1,0,4,1,1,1,2,0,4,1,0,1,2,2,3,0,1,1,2,3,1,0,1,3,0,0,0,0,3,1,0,2,2,3,3,0,1,0,3,1,0,1,3,2,2,3,4,2,3,2,2,1,3,2,1,1,4,0,3,3,4,2,0,3,0,0,0,1,3,3,1,1,1,2,3,2,1,1,1,4,2,0,3,3,3,4,3,2,2,3,0,3,3,1,2,1,3,2,2,1,0,0,4,3,4,4,4,3,1,4,1,4,4,2,3,3,3,0,1,0,0,4,1,1,1,2,0,0,4,1,0,1,2,2,3,0,1,1,2,3,1,0,0,1,3,0,0,0,0,0,3,1,0,2,2,3,3,0,1,3,0,2,3,1,3,0,1,3,2,2,3,4,2,0,3,2,2,1,3,2,1,1,4,0,0,3,3,4,2,0,3,0,0,0,1,2,3,2,3,1,1,1,2,3,3,2,0,1,1,3,1,4,2,0,3,3,3,4,3,2,2,3,3,0,3,3,1,2,1,3,2,2,1,0,0,4,3,3,2,4,4,4,3,1,4,1,4,4,1,4,1,3,1,2,3,3,3,1,0,1,0,4,1,1,1,2,0,0,4,1,0,1,2,2,3,0,1,1,2,3,1,0,1,3,0,0,0,0,3,1,0,2,2,3,3,0,1,0,3,1,0,1,3,2,2,3,4,2,3,2,2,1,3,2,1,1,4,0,3,3,4,2,0,3,0,0,0,1,3,3,1,1,1,2,3,2,1,1,1,4,2,0,3,3,3,4,3,2,2,3,0,3,3,1,2,1,3,2,2,1,0,0,4,3,4,4,4,3,1,4,1,4,4,4,2,3,3
H3_S1_L001,1,1,1,4,1,1,1,2,2,3,3,1,4,1,2,2,3,3,1,1,2,3,1,1,1,1,3,4,4,1,3,3,1,1,1,2,3,2,1,2,3,2,3,1,2,1,3,2,2,3,4,2,2,3,2,2,1,3,2,1,4,1,1,3,1,4,1,1,2,1,1,1,1,3,1,3,1,1,1,3,1,1,1,1,1,2,2,3,1,2,2,2,2,2,3,3,1,2,1,1,1,3,2,2,1,3,3,4,0,2,4,4,3,0,1,4,4,4,4,2,3,3,1,1,1,4,1,1,1,2,2,3,1,4,1,2,2,3,3,1,1,2,3,1,1,1,3,4,4,1,3,3,1,1,1,2,3,2,1,2,3,3,1,2,1,3,2,2,3,4,2,3,2,2,1,3,2,1,4,1,1,3,1,4,1,1,2,1,1,1,1,3,1,3,1,1,1,3,1,1,1,1,1,2,2,3,1,2,2,2,2,2,3,3,1,2,1,1,1,3,2,2,1,3,3,4,0,4,4,3,0,1,4,4,4,4,2,3,3,0,1,1,1,1,4,1,1,1,2,2,3,3,1,4,1,2,2,3,3,1,1,2,3,1,1,1,1,3,4,4,1,3,1,3,1,1,1,2,3,2,1,2,0,3,2,3,1,3,2,1,3,2,2,3,4,2,2,3,2,2,1,3,2,1,4,1,4,1,3,1,4,1,1,2,1,1,1,1,0,3,2,1,3,1,1,1,3,0,1,2,1,1,0,1,1,2,2,3,1,2,2,2,2,2,3,0,3,1,2,1,1,1,3,2,2,1,3,3,4,0,3,2,4,4,3,0,1,4,4,4,4,0,0,1,0,1,2,3,3,0,0,1,1,1,4,1,1,1,2,2,3,3,1,4,1,2,2,3,3,1,1,2,3,1,1,1,3,4,4,1,3,3,1,1,1,2,3,2,1,2,3,3,1,2,1,3,2,2,3,4,2,3,2,2,1,3,2,1,4,1,1,3,1,4,1,1,2,1,1,1,1,3,1,3,1,1,1,3,1,1,1,1,1,2,2,3,1,2,2,2,2,2,3,3,1,2,1,1,1,3,2,2,1,3,3,4,0,4,4,3,0,1,4,4,4,4,0,2,3,3
H37_S3_L001,0,1,0,4,1,1,1,2,0,0,4,1,0,1,2,2,3,0,1,1,2,3,1,0,0,1,3,0,0,0,0,3,1,0,2,2,3,3,1,2,1,2,3,1,2,0,3,2,2,3,0,0,0,3,2,2,0,3,2,1,1,4,0,3,3,4,2,0,3,0,0,0,1,3,3,1,1,1,2,3,2,1,1,1,4,2,0,3,3,3,4,3,2,2,3,0,3,3,1,2,1,3,2,2,1,1,3,4,3,2,3,4,4,3,1,4,1,4,4,2,3,3,0,1,0,4,1,1,1,2,0,4,1,0,1,2,2,3,0,1,1,2,3,1,0,1,3,0,0,0,0,3,1,0,2,2,3,3,1,2,1,3,1,2,0,3,2,2,3,0,0,3,2,2,0,3,2,1,1,4,0,3,3,4,2,0,3,0,0,0,1,3,3,1,1,1,2,3,2,1,1,1,4,2,0,3,3,3,4,3,2,2,3,0,3,3,1,2,1,3,2,2,1,1,3,4,3,3,4,4,3,1,4,1,4,4,2,3,3,3,0,1,0,0,4,1,1,1,2,0,0,4,1,0,1,2,2,3,0,1,1,2,3,1,0,0,1,3,0,0,0,0,0,3,1,0,2,2,3,3,1,2,3,1,2,3,1,3,2,0,3,2,2,3,0,0,0,3,2,2,0,3,2,1,1,4,0,0,3,3,4,2,0,3,0,0,0,1,2,3,2,3,1,1,1,2,3,3,2,0,1,1,3,1,4,2,0,3,3,3,4,3,2,2,3,3,0,3,3,1,2,1,3,2,2,1,1,3,4,3,3,2,3,4,4,3,1,4,1,4,4,1,4,1,3,1,2,3,3,3,1,0,1,0,4,1,1,1,2,0,0,4,1,0,1,2,2,3,0,1,1,2,3,1,0,1,3,0,0,0,0,3,1,0,2,2,3,3,1,2,1,3,1,2,0,3,2,2,3,0,0,3,2,2,0,3,2,1,1,4,0,3,3,4,2,0,3,0,0,0,1,3,3,1,1,1,2,3,2,1,1,1,4,2,0,3,3,3,4,3,2,2,3,0,3,3,1,2,1,3,2,2,1,1,3,4,3,3,4,4,3,1,4,1,4,4,4,2,3,3
H38_S4_L001,0,0,0,0,0,0,0,0,0,0,0,0,0,0,0,0,0,0,0,0,0,0,0,0,0,0,0,0,0,0,0,0,0,0,0,0,0,0,0,2,3,0,3,1,0,0,0,0,0,0,0,0,0,0,0,0,0,0,2,1,1,4,0,3,1,4,2,1,3,1,1,0,1,3,0,0,1,0,0,0,0,0,1,1,0,0,0,3,0,0,0,0,0,0,0,0,0,0,0,0,0,0,0,0,0,1,3,4,3,2,4,4,4,3,1,4,4,4,4,2,3,3,0,0,0,0,0,0,0,0,0,0,0,0,0,0,0,0,0,0,0,0,0,0,0,0,0,0,0,0,0,0,0,0,0,0,0,0,0,2,3,3,1,0,0,0,0,0,0,0,0,0,0,0,0,0,2,1,1,4,0,3,1,4,2,1,3,1,1,0,1,3,0,0,1,0,0,0,0,0,1,1,0,0,0,3,0,0,0,0,0,0,0,0,0,0,0,0,0,0,0,0,0,1,3,4,3,4,4,4,3,1,4,4,4,4,2,3,3,3,0,0,0,0,0,0,0,0,0,0,0,0,0,0,0,0,0,0,0,0,0,0,0,0,0,0,0,0,0,0,0,0,0,0,0,0,0,0,0,0,0,2,3,3,0,3,1,0,0,0,0,0,0,0,0,0,0,0,0,0,0,0,2,1,1,4,1,0,3,1,4,2,1,3,1,1,0,1,0,3,0,0,0,1,0,0,0,3,0,0,0,1,3,1,0,0,0,3,0,0,0,0,0,0,0,3,0,0,0,0,0,0,0,0,0,0,1,3,4,3,3,2,4,4,4,3,1,4,4,4,4,1,4,1,3,1,2,3,3,3,1,0,0,0,0,0,0,0,0,0,0,0,0,0,0,0,0,0,0,0,0,0,0,0,0,0,0,0,0,0,0,0,0,0,0,0,0,0,0,2,3,3,1,0,0,0,0,0,0,0,0,0,0,0,0,0,2,1,1,4,0,3,1,4,2,1,3,1,1,0,1,3,0,0,1,0,0,0,0,0,1,1,0,0,0,3,0,0,0,0,0,0,0,0,0,0,0,0,0,0,0,0,0,1,3,4,3,4,4,4,3,1,4,4,4,4,4,2,3,3
H50_S7_L001,3,1,1,4,4,1,3,2,4,3,4,3,4,1,2,2,3,3,1,1,2,3,2,2,1,1,3,4,4,1,3,3,2,3,2,2,4,3,1,1,1,2,3,1,2,1,3,2,2,3,4,2,2,3,2,2,1,3,2,1,0,4,1,1,3,4,2,3,3,2,1,1,1,0,3,1,1,1,2,3,2,1,1,1,1,2,2,3,3,3,4,3,2,2,3,3,3,3,2,2,1,3,2,2,1,1,3,3,3,2,4,4,4,3,1,4,0,0,4,0,3,0,3,1,1,4,4,1,3,2,4,4,3,4,1,2,2,3,3,1,1,2,3,2,1,1,3,4,4,1,3,3,2,3,2,2,4,3,1,1,1,3,1,2,1,3,2,2,3,4,2,3,2,2,1,3,2,1,0,4,1,1,3,4,2,3,3,2,1,1,1,0,3,1,1,1,2,3,2,1,1,1,1,2,2,3,3,3,4,3,2,2,3,3,3,3,2,2,1,3,2,2,1,1,3,3,3,4,4,4,3,1,4,0,0,4,0,3,0,2,3,1,1,2,4,4,1,3,2,4,3,4,3,4,1,2,2,3,3,1,1,2,3,2,2,1,1,3,4,4,1,3,4,3,2,3,2,2,4,3,1,1,3,1,2,3,1,3,2,1,3,2,2,3,4,2,2,3,2,2,1,3,2,1,0,4,1,1,1,3,4,2,3,3,2,1,1,1,2,0,0,3,1,1,1,2,3,4,2,2,1,1,3,1,1,2,2,3,3,3,4,3,2,2,3,3,3,3,3,2,2,1,3,2,2,1,1,3,3,3,3,2,4,4,4,3,1,4,0,0,4,1,4,0,3,1,0,3,0,3,1,3,1,1,4,4,1,3,2,4,3,4,3,4,1,2,2,3,3,1,1,2,3,2,1,1,3,4,4,1,3,3,2,3,2,2,4,3,1,1,1,3,1,2,1,3,2,2,3,4,2,3,2,2,1,3,2,1,0,4,1,1,3,4,2,3,3,2,1,1,1,0,3,1,1,1,2,3,2,1,1,1,1,2,2,3,3,3,4,3,2,2,3,3,3,3,2,2,1,3,2,2,1,1,3,3,3,4,4,4,3,1,4,0,0,4,4,0,3,0
H51_S5_L001,1,1,1,4,1,1,1,2,2,3,3,1,4,1,2,2,3,3,1,1,2,3,1,1,1,1,3,4,4,1,3,3,1,1,1,2,3,2,1,2,3,2,3,1,2,1,3,2,2,3,4,2,2,3,2,2,1,3,2,1,4,1,1,3,1,4,1,1,2,1,1,1,1,3,1,3,1,1,1,3,1,1,1,1,1,2,2,3,1,2,2,2,2,2,3,3,1,2,1,1,1,3,2,2,1,3,3,4,0,2,4,4,3,0,1,4,4,4,4,2,3,3,1,1,1,4,1,1,1,2,2,3,1,4,1,2,2,3,3,1,1,2,3,1,1,1,3,4,4,1,3,3,1,1,1,2,3,2,1,2,3,3,1,2,1,3,2,2,3,4,2,3,2,2,1,3,2,1,4,1,1,3,1,4,1,1,2,1,1,1,1,3,1,3,1,1,1,3,1,1,1,1,1,2,2,3,1,2,2,2,2,2,3,3,1,2,1,1,1,3,2,2,1,3,3,4,0,4,4,3,0,1,4,4,4,4,2,3,3,0,1,1,1,1,4,1,1,1,2,2,3,3,1,4,1,2,2,3,3,1,1,2,3,1,1,1,1,3,4,4,1,3,1,3,1,1,1,2,3,2,1,2,0,3,2,3,1,3,2,1,3,2,2,3,4,2,2,3,2,2,1,3,2,1,4,1,4,1,3,1,4,1,1,2,1,1,1,1,0,3,2,1,3,1,1,1,3,0,1,2,1,1,0,1,1,2,2,3,1,2,2,2,2,2,3,0,3,1,2,1,1,1,3,2,2,1,3,3,4,0,3,2,4,4,3,0,1,4,4,4,4,0,0,1,0,1,2,3,3,0,0,1,1,1,4,1,1,1,2,2,3,3,1,4,1,2,2,3,3,1,1,2,3,1,1,1,3,4,4,1,3,3,1,1,1,2,3,2,1,2,3,3,1,2,1,3,2,2,3,4,2,3,2,2,1,3,2,1,4,1,1,3,1,4,1,1,2,1,1,1,1,3,1,3,1,1,1,3,1,1,1,1,1,2,2,3,1,2,2,2,2,2,3,3,1,2,1,1,1,3,2,2,1,3,3,4,0,4,4,3,0,1,4,4,4,4,0,2,3,3
H53_S4_L001,1,1,1,4,1,1,1,2,2,3,3,1,4,1,2,2,3,3,1,1,2,3,1,1,1,1,3,4,4,1,3,3,1,1,1,2,3,2,1,2,3,2,3,1,2,1,3,2,2,3,4,2,2,3,2,2,1,3,2,1,4,1,1,3,1,4,1,1,2,1,1,1,1,3,1,3,1,1,1,3,1,1,1,1,1,2,2,3,1,2,2,2,2,2,3,3,1,2,1,1,1,3,2,2,1,3,3,4,0,2,4,4,3,0,1,4,4,4,4,2,3,3,1,1,1,4,1,1,1,2,2,3,1,4,1,2,2,3,3,1,1,2,3,1,1,1,3,4,4,1,3,3,1,1,1,2,3,2,1,2,3,3,1,2,1,3,2,2,3,4,2,3,2,2,1,3,2,1,4,1,1,3,1,4,1,1,2,1,1,1,1,3,1,3,1,1,1,3,1,1,1,1,1,2,2,3,1,2,2,2,2,2,3,3,1,2,1,1,1,3,2,2,1,3,3,4,0,4,4,3,0,1,4,4,4,4,2,3,3,0,1,1,1,1,4,1,1,1,2,2,3,3,1,4,1,2,2,3,3,1,1,2,3,1,1,1,1,3,4,4,1,3,1,3,1,1,1,2,3,2,1,2,0,3,2,3,1,3,2,1,3,2,2,3,4,2,2,3,2,2,1,3,2,1,4,1,4,1,3,1,4,1,1,2,1,1,1,1,0,3,2,1,3,1,1,1,3,0,1,2,1,1,0,1,1,2,2,3,1,2,2,2,2,2,3,0,3,1,2,1,1,1,3,2,2,1,3,3,4,0,3,2,4,4,3,0,1,4,4,4,4,0,0,1,0,1,2,3,3,0,0,1,1,1,4,1,1,1,2,2,3,3,1,4,1,2,2,3,3,1,1,2,3,1,1,1,3,4,4,1,3,3,1,1,1,2,3,2,1,2,3,3,1,2,1,3,2,2,3,4,2,3,2,2,1,3,2,1,4,1,1,3,1,4,1,1,2,1,1,1,1,3,1,3,1,1,1,3,1,1,1,1,1,2,2,3,1,2,2,2,2,2,3,3,1,2,1,1,1,3,2,2,1,3,3,4,0,4,4,3,0,1,4,4,4,4,0,2,3,3
H66_S1_L001,3,0,1,0,4,1,0,2,4,0,4,0,4,1,2,2,3,0,1,1,2,3,2,2,1,1,0,4,4,1,3,3,1,3,2,2,4,3,1,2,3,2,3,1,0,1,0,0,2,3,4,2,2,3,2,2,1,3,2,1,1,4,1,1,0,4,2,3,3,2,1,0,1,0,3,1,1,1,0,0,2,1,1,1,1,2,2,3,3,3,4,3,2,2,0,3,3,3,1,2,0,3,2,2,0,1,3,3,3,2,3,2,4,3,1,4,0,4,4,2,3,3,3,0,1,0,4,1,0,2,4,4,0,4,1,2,2,3,0,1,1,2,3,2,1,1,0,4,4,1,3,3,1,3,2,2,4,3,1,2,3,3,1,0,1,0,0,2,3,4,2,3,2,2,1,3,2,1,1,4,1,1,0,4,2,3,3,2,1,0,1,0,3,1,1,1,0,0,2,1,1,1,1,2,2,3,3,3,4,3,2,2,0,3,3,3,1,2,0,3,2,2,0,1,3,3,3,3,2,4,3,1,4,0,4,4,2,3,3,3,3,0,1,1,0,4,1,0,2,4,0,4,0,4,1,2,2,3,0,1,1,2,3,2,2,1,1,0,4,4,1,3,4,3,1,3,2,2,4,3,1,2,3,3,2,3,1,0,0,1,0,0,2,3,4,2,2,3,2,2,1,3,2,1,1,4,0,1,1,0,4,2,3,3,2,1,0,1,2,0,0,3,1,1,1,0,0,4,2,2,1,1,3,1,1,2,2,3,3,3,4,3,2,2,0,3,3,3,3,1,2,0,3,2,2,0,1,3,3,3,3,2,3,2,4,3,1,4,0,4,4,1,4,1,3,0,2,3,3,3,1,3,0,1,0,4,1,0,2,4,0,4,0,4,1,2,2,3,0,1,1,2,3,2,1,1,0,4,4,1,3,3,1,3,2,2,4,3,1,2,3,3,1,0,1,0,0,2,3,4,2,3,2,2,1,3,2,1,1,4,1,1,0,4,2,3,3,2,1,0,1,0,3,1,1,1,0,0,2,1,1,1,1,2,2,3,3,3,4,3,2,2,0,3,3,3,1,2,0,3,2,2,0,1,3,3,3,3,2,4,3,1,4,0,4,4,4,2,3,3
H69_S6_L001,0,0,0,0,0,0,0,0,0,0,0,0,0,0,0,0,0,0,0,0,0,0,0,0,0,0,0,0,0,0,0,0,0,0,0,0,0,0,0,2,1,2,3,1,0,0,0,0,0,0,0,0,0,0,0,0,0,0,2,1,0,0,0,0,0,0,0,0,0,0,0,0,0,0,0,0,0,0,0,0,0,0,0,1,0,0,0,3,0,0,0,0,0,0,0,0,0,0,0,0,0,0,0,0,0,1,3,4,3,2,3,4,4,3,1,4,4,4,4,2,3,3,0,0,0,0,0,0,0,0,0,0,0,0,0,0,0,0,0,0,0,0,0,0,0,0,0,0,0,0,0,0,0,0,0,0,0,0,0,2,1,3,1,0,0,0,0,0,0,0,0,0,0,0,0,0,2,1,0,0,0,0,0,0,0,0,0,0,0,0,0,0,0,0,0,0,0,0,0,0,0,1,0,0,0,3,0,0,0,0,0,0,0,0,0,0,0,0,0,0,0,0,0,1,3,4,3,3,4,4,3,1,4,4,4,4,2,3,3,3,0,0,0,0,0,0,0,0,0,0,0,0,0,0,0,0,0,0,0,0,0,0,0,0,0,0,0,0,0,0,0,0,0,0,0,0,0,0,0,0,0,2,3,1,2,3,1,0,0,0,0,0,0,0,0,0,0,0,0,0,0,0,2,1,0,0,0,0,0,0,0,0,0,0,0,0,0,0,2,0,0,0,0,0,0,0,0,3,0,0,0,0,3,1,0,0,0,3,0,0,0,0,0,0,0,3,0,0,0,0,0,0,0,0,0,0,1,3,4,3,3,2,3,4,4,3,1,4,4,4,4,1,4,1,3,1,2,3,3,3,1,0,0,0,0,0,0,0,0,0,0,0,0,0,0,0,0,0,0,0,0,0,0,0,0,0,0,0,0,0,0,0,0,0,0,0,0,0,0,2,1,3,1,0,0,0,0,0,0,0,0,0,0,0,0,0,2,1,0,0,0,0,0,0,0,0,0,0,0,0,0,0,0,0,0,0,0,0,0,0,0,1,0,0,0,3,0,0,0,0,0,0,0,0,0,0,0,0,0,0,0,0,0,1,3,4,3,3,4,4,3,1,4,4,4,4,4,2,3,3
H71_S1_L001,1,1,1,4,1,1,1,2,2,3,3,1,4,1,2,2,3,3,1,1,2,3,1,1,1,1,3,4,4,1,3,3,1,1,1,2,3,2,1,2,3,2,3,1,2,1,3,2,2,3,4,2,2,3,2,2,1,3,2,1,4,0,1,3,1,4,1,1,2,1,1,1,1,3,1,3,1,1,1,3,1,1,1,1,1,2,2,3,1,2,2,2,2,2,3,3,1,2,1,1,1,3,2,2,1,3,3,4,0,2,4,4,3,0,1,4,4,4,4,2,3,3,1,1,1,4,1,1,1,2,2,3,1,4,1,2,2,3,3,1,1,2,3,1,1,1,3,4,4,1,3,3,1,1,1,2,3,2,1,2,3,3,1,2,1,3,2,2,3,4,2,3,2,2,1,3,2,1,4,0,1,3,1,4,1,1,2,1,1,1,1,3,1,3,1,1,1,3,1,1,1,1,1,2,2,3,1,2,2,2,2,2,3,3,1,2,1,1,1,3,2,2,1,3,3,4,0,4,4,3,0,1,4,4,4,4,2,3,3,0,1,1,1,1,4,1,1,1,2,2,3,3,1,4,1,2,2,3,3,1,1,2,3,1,1,1,1,3,4,4,1,3,1,3,1,1,1,2,3,2,1,2,0,3,2,3,1,3,2,1,3,2,2,3,4,2,2,3,2,2,1,3,2,1,4,0,4,1,3,1,4,1,1,2,1,1,1,1,0,3,2,1,3,1,1,1,3,0,1,2,1,1,0,1,1,2,2,3,1,2,2,2,2,2,3,0,3,1,2,1,1,1,3,2,2,1,3,3,4,0,3,2,4,4,3,0,1,4,4,4,4,0,0,1,0,1,2,3,3,0,0,1,1,1,4,1,1,1,2,2,3,3,1,4,1,2,2,3,3,1,1,2,3,1,1,1,3,4,4,1,3,3,1,1,1,2,3,2,1,2,3,3,1,2,1,3,2,2,3,4,2,3,2,2,1,3,2,1,4,0,1,3,1,4,1,1,2,1,1,1,1,3,1,3,1,1,1,3,1,1,1,1,1,2,2,3,1,2,2,2,2,2,3,3,1,2,1,1,1,3,2,2,1,3,3,4,0,4,4,3,0,1,4,4,4,4,0,2,3,3
H83_S7_L001,0,1,0,4,1,1,1,2,0,0,4,1,0,1,2,2,3,0,1,1,2,3,1,0,0,1,3,0,0,0,0,3,1,0,2,2,3,3,0,1,0,2,3,1,0,0,3,2,2,3,4,2,2,3,2,2,1,3,2,1,1,4,0,3,3,4,2,0,3,0,0,0,1,3,3,1,1,1,2,3,2,1,1,1,4,2,0,3,3,3,4,3,2,2,3,0,3,3,1,2,1,3,2,2,1,0,0,4,3,2,4,4,4,3,1,4,1,4,4,2,3,3,0,1,0,4,1,1,1,2,0,4,1,0,1,2,2,3,0,1,1,2,3,1,0,1,3,0,0,0,0,3,1,0,2,2,3,3,0,1,0,3,1,0,0,3,2,2,3,4,2,3,2,2,1,3,2,1,1,4,0,3,3,4,2,0,3,0,0,0,1,3,3,1,1,1,2,3,2,1,1,1,4,2,0,3,3,3,4,3,2,2,3,0,3,3,1,2,1,3,2,2,1,0,0,4,3,4,4,4,3,1,4,1,4,4,2,3,3,3,0,1,0,0,4,1,1,1,2,0,0,4,1,0,1,2,2,3,0,1,1,2,3,1,0,0,1,3,0,0,0,0,0,3,1,0,2,2,3,3,0,1,3,0,2,3,1,3,0,0,3,2,2,3,4,2,2,3,2,2,1,3,2,1,1,4,0,0,3,3,4,2,0,3,0,0,0,1,2,3,2,3,1,1,1,2,3,3,2,0,1,1,3,1,4,2,0,3,3,3,4,3,2,2,3,3,0,3,3,1,2,1,3,2,2,1,0,0,4,3,3,2,4,4,4,3,1,4,1,4,4,1,4,1,3,1,2,3,3,3,1,0,1,0,4,1,1,1,2,0,0,4,1,0,1,2,2,3,0,1,1,2,3,1,0,1,3,0,0,0,0,3,1,0,2,2,3,3,0,1,0,3,1,0,0,3,2,2,3,4,2,3,2,2,1,3,2,1,1,4,0,3,3,4,2,0,3,0,0,0,1,3,3,1,1,1,2,3,2,1,1,1,4,2,0,3,3,3,4,3,2,2,3,0,3,3,1,2,1,3,2,2,1,0,0,4,3,4,4,4,3,1,4,1,4,4,4,2,3,3
H86_S1_L001,1,4,1,4,1,1,1,2,2,3,3,1,4,1,2,2,3,3,1,1,2,3,1,1,1,1,3,4,4,1,3,3,1,1,1,2,3,2,1,2,1,0,3,0,2,1,3,2,2,3,4,2,2,3,2,2,1,3,2,1,4,1,1,3,1,4,1,1,3,1,1,1,1,3,1,3,1,1,2,3,1,1,1,1,1,0,2,3,3,3,2,2,2,2,3,3,1,2,1,2,1,3,2,2,1,3,3,3,3,0,3,2,4,3,2,4,1,4,4,2,1,3,1,4,1,4,1,1,1,2,2,3,1,4,1,2,2,3,3,1,1,2,3,1,1,1,3,4,4,1,3,3,1,1,1,2,3,2,1,2,1,3,0,2,1,3,2,2,3,4,2,3,2,2,1,3,2,1,4,1,1,3,1,4,1,1,3,1,1,1,1,3,1,3,1,1,2,3,1,1,1,1,1,0,2,3,3,3,2,2,2,2,3,3,1,2,1,2,1,3,2,2,1,3,3,3,3,3,2,4,3,2,4,1,4,4,2,1,3,3,1,4,1,1,4,1,1,1,2,2,3,3,1,4,1,2,2,3,3,1,1,2,3,1,1,1,1,3,4,4,1,3,1,3,1,1,1,2,3,2,1,2,3,1,0,3,0,3,2,1,3,2,2,3,4,2,2,3,2,2,1,3,2,1,4,1,4,1,3,1,4,1,1,3,1,1,1,1,0,3,2,1,3,1,1,2,3,0,1,2,1,1,0,1,1,0,2,3,3,3,2,2,2,2,3,0,3,1,2,1,2,1,3,2,2,1,3,3,3,3,0,0,3,2,4,3,2,4,1,4,4,1,4,1,3,1,2,1,3,3,1,1,4,1,4,1,1,1,2,2,3,3,1,4,1,2,2,3,3,1,1,2,3,1,1,1,3,4,4,1,3,3,1,1,1,2,3,2,1,2,1,3,0,2,1,3,2,2,3,4,2,3,2,2,1,3,2,1,4,1,1,3,1,4,1,1,3,1,1,1,1,3,1,3,1,1,2,3,1,1,1,1,1,0,2,3,3,3,2,2,2,2,3,3,1,2,1,2,1,3,2,2,1,3,3,3,3,3,2,4,3,2,4,1,4,4,4,2,1,3
NNRBG-17-0191-1_S1,1,1,1,4,1,1,1,2,2,3,3,1,4,1,2,2,3,3,1,1,2,3,1,1,1,1,3,4,4,1,3,3,1,1,1,2,3,2,1,2,3,2,3,1,2,1,3,2,2,3,4,2,2,3,2,2,1,3,2,1,4,1,1,3,1,4,1,1,2,1,1,1,1,3,1,3,1,1,1,3,1,1,1,1,1,2,2,3,1,2,2,2,2,2,3,3,1,2,1,1,1,3,2,2,1,3,3,3,3,0,3,2,4,3,2,0,1,0,1,2,3,3,1,1,1,4,1,1,1,2,2,3,1,4,1,2,2,3,3,1,1,2,3,1,1,1,3,4,4,1,3,3,1,1,1,2,3,2,1,2,3,3,1,2,1,3,2,2,3,4,2,3,2,2,1,3,2,1,4,1,1,3,1,4,1,1,2,1,1,1,1,3,1,3,1,1,1,3,1,1,1,1,1,2,2,3,1,2,2,2,2,2,3,3,1,2,1,1,1,3,2,2,1,3,3,3,3,3,2,4,3,2,0,1,0,1,2,3,3,0,1,1,1,1,4,1,1,1,2,2,3,3,1,4,1,2,2,3,3,1,1,2,3,1,1,1,1,3,4,4,1,3,1,3,1,1,1,2,3,2,1,2,0,3,2,3,1,3,2,1,3,2,2,3,4,2,2,3,2,2,1,3,2,1,4,1,4,1,3,1,4,1,1,2,1,1,1,1,0,3,2,1,3,1,1,1,3,0,1,2,1,1,0,1,1,2,2,3,1,2,2,2,2,2,3,0,3,1,2,1,1,1,3,2,2,1,3,3,3,3,0,0,3,2,4,3,2,0,1,0,1,1,4,1,0,1,2,3,3,0,0,1,1,1,4,1,1,1,2,2,3,3,1,4,1,2,2,3,3,1,1,2,3,1,1,1,3,4,4,1,3,3,1,1,1,2,3,2,1,2,3,3,1,2,1,3,2,2,3,4,2,3,2,2,1,3,2,1,4,1,1,3,1,4,1,1,2,1,1,1,1,3,1,3,1,1,1,3,1,1,1,1,1,2,2,3,1,2,2,2,2,2,3,3,1,2,1,1,1,3,2,2,1,3,3,3,3,3,2,4,3,2,0,1,0,1,4,2,3,3
NNRBG-17-0193-1_S2,3,1,2,4,1,1,1,2,2,3,3,1,4,1,4,2,3,3,4,1,2,3,2,2,1,2,3,4,4,1,3,3,1,1,2,4,3,3,1,1,1,0,3,1,2,1,3,2,2,3,4,2,2,3,2,2,1,3,0,1,1,4,2,1,3,1,2,3,3,2,3,3,1,3,3,1,4,3,2,3,1,1,1,0,4,2,2,0,3,3,4,3,4,2,3,3,3,2,1,2,1,3,3,2,1,1,0,3,3,0,3,2,4,3,2,0,1,0,1,2,1,0,3,1,2,4,1,1,1,2,2,3,1,4,1,4,2,3,3,4,1,2,3,2,1,2,3,4,4,1,3,3,1,1,2,4,3,3,1,1,1,3,1,2,1,3,2,2,3,4,2,3,2,2,1,3,0,1,1,4,2,1,3,1,2,3,3,2,3,3,1,3,3,1,4,3,2,3,1,1,1,0,4,2,2,0,3,3,4,3,4,2,3,3,3,2,1,2,1,3,3,2,1,1,0,3,3,3,2,4,3,2,0,1,0,1,2,1,0,3,3,1,2,2,4,1,1,1,2,2,3,3,1,4,1,4,2,3,3,4,1,2,3,2,2,1,2,3,4,4,1,3,4,3,1,1,2,4,3,3,1,1,3,1,0,3,1,3,2,1,3,2,2,3,4,2,2,3,2,2,1,3,0,1,1,4,1,2,1,3,1,2,3,3,2,3,3,1,2,3,2,3,1,4,3,2,3,3,1,2,1,1,3,0,4,2,2,0,3,3,4,3,4,2,3,3,3,3,2,1,2,1,3,3,2,1,1,0,3,3,0,0,3,2,4,3,2,0,1,0,1,1,4,1,3,1,2,1,0,3,1,3,1,2,4,1,1,1,2,2,3,3,1,4,1,4,2,3,3,4,1,2,3,2,1,2,3,4,4,1,3,3,1,1,2,4,3,3,1,1,1,3,1,2,1,3,2,2,3,4,2,3,2,2,1,3,0,1,1,4,2,1,3,1,2,3,3,2,3,3,1,3,3,1,4,3,2,3,1,1,1,0,4,2,2,0,3,3,4,3,4,2,3,3,3,2,1,2,1,3,3,2,1,1,0,3,3,3,2,4,3,2,0,1,0,1,4,2,1,0
NNRBG-17-0196-1_S3,3,4,2,4,4,1,1,4,3,3,4,1,4,1,2,2,3,3,4,1,2,4,2,2,1,2,3,4,4,1,3,4,2,3,2,4,4,3,3,1,1,2,0,0,2,1,3,2,2,3,4,2,2,3,2,2,2,3,0,0,1,4,2,3,3,1,2,3,3,1,3,3,4,3,3,1,4,3,2,3,2,3,0,1,4,2,2,0,3,3,4,3,4,2,3,3,3,3,1,2,1,3,3,4,1,1,3,3,3,2,3,2,4,3,2,4,1,4,1,0,1,3,3,4,2,4,4,1,1,4,3,4,1,4,1,2,2,3,3,4,1,2,4,2,1,2,3,4,4,1,3,4,2,3,2,4,4,3,3,1,1,0,0,2,1,3,2,2,3,4,2,3,2,2,2,3,0,0,1,4,2,3,3,1,2,3,3,1,3,3,4,3,3,1,4,3,2,3,2,3,0,1,4,2,2,0,3,3,4,3,4,2,3,3,3,3,1,2,1,3,3,4,1,1,3,3,3,3,2,4,3,2,4,1,4,1,0,1,3,3,3,4,2,2,4,4,1,1,4,3,3,4,1,4,1,2,2,3,3,4,1,2,4,2,2,1,2,3,4,4,1,3,4,4,2,3,2,4,4,3,3,1,3,1,2,0,0,3,2,1,3,2,2,3,4,2,2,3,2,2,2,3,0,0,1,4,1,2,3,3,1,2,3,3,1,3,3,4,2,3,2,3,1,4,3,2,3,4,2,2,3,0,3,1,4,2,2,0,3,3,4,3,4,2,3,3,3,3,3,1,2,1,3,3,4,1,1,3,3,3,3,2,3,2,4,3,2,4,1,4,1,1,4,0,3,0,0,1,3,3,1,3,4,2,4,4,1,1,4,3,3,4,1,4,1,2,2,3,3,4,1,2,4,2,1,2,3,4,4,1,3,4,2,3,2,4,4,3,3,1,1,0,0,2,1,3,2,2,3,4,2,3,2,2,2,3,0,0,1,4,2,3,3,1,2,3,3,1,3,3,4,3,3,1,4,3,2,3,2,3,0,1,4,2,2,0,3,3,4,3,4,2,3,3,3,3,1,2,1,3,3,4,1,1,3,3,3,3,2,4,3,2,4,1,4,1,4,0,1,3
NNRBG-17-0198-1_S4,3,1,1,0,1,0,1,2,0,0,0,1,4,1,0,0,0,0,1,1,2,3,1,2,1,1,3,4,4,0,0,3,1,3,2,2,3,3,1,1,1,2,3,1,2,1,3,2,2,3,4,2,2,3,2,2,1,3,2,1,1,4,1,3,1,4,2,2,3,1,1,1,1,3,0,1,1,1,0,0,2,1,1,1,4,2,0,3,3,3,4,3,2,2,3,0,3,3,1,2,0,3,2,2,1,1,3,3,3,2,4,4,4,3,1,4,1,4,4,2,3,3,3,1,1,0,1,0,1,2,0,0,1,4,1,0,0,0,0,1,1,2,3,1,1,1,3,4,4,0,0,3,1,3,2,2,3,3,1,1,1,3,1,2,1,3,2,2,3,4,2,3,2,2,1,3,2,1,1,4,1,3,1,4,2,2,3,1,1,1,1,3,0,1,1,1,0,0,2,1,1,1,4,2,0,3,3,3,4,3,2,2,3,0,3,3,1,2,0,3,2,2,1,1,3,3,3,4,4,4,3,1,4,1,4,4,2,3,3,3,3,1,1,0,0,1,0,1,2,0,0,0,1,4,1,0,0,0,0,1,1,2,3,1,2,1,1,3,4,4,0,0,0,3,1,3,2,2,3,3,1,1,3,1,2,3,1,3,2,1,3,2,2,3,4,2,2,3,2,2,1,3,2,1,1,4,1,1,3,1,4,2,2,3,1,1,1,1,2,3,0,0,1,1,1,0,0,3,2,0,1,1,3,1,4,2,0,3,3,3,4,3,2,2,3,3,0,3,3,1,2,0,3,2,2,1,1,3,3,3,3,2,4,4,4,3,1,4,1,4,4,1,4,1,3,1,2,3,3,3,1,3,1,1,0,1,0,1,2,0,0,0,1,4,1,0,0,0,0,1,1,2,3,1,1,1,3,4,4,0,0,3,1,3,2,2,3,3,1,1,1,3,1,2,1,3,2,2,3,4,2,3,2,2,1,3,2,1,1,4,1,3,1,4,2,2,3,1,1,1,1,3,0,1,1,1,0,0,2,1,1,1,4,2,0,3,3,3,4,3,2,2,3,0,3,3,1,2,0,3,2,2,1,1,3,3,3,4,4,4,3,1,4,1,4,4,4,2,3,3
NNRBG-17-0199-1_S5,3,4,2,4,4,1,1,4,3,3,4,1,4,1,2,2,3,3,4,1,2,4,2,2,1,2,3,4,4,1,3,4,2,3,2,4,4,3,3,1,1,2,0,0,2,1,3,2,2,3,4,2,2,3,2,2,2,3,0,0,1,4,2,3,3,1,2,3,3,1,3,3,4,3,3,1,4,3,2,3,2,3,0,1,4,2,2,0,3,3,4,3,4,2,3,3,3,3,1,2,1,3,3,4,1,1,3,3,3,2,3,2,4,3,2,4,1,4,1,0,1,3,3,4,2,4,4,1,1,4,3,4,1,4,1,2,2,3,3,4,1,2,4,2,1,2,3,4,4,1,3,4,2,3,2,4,4,3,3,1,1,0,0,2,1,3,2,2,3,4,2,3,2,2,2,3,0,0,1,4,2,3,3,1,2,3,3,1,3,3,4,3,3,1,4,3,2,3,2,3,0,1,4,2,2,0,3,3,4,3,4,2,3,3,3,3,1,2,1,3,3,4,1,1,3,3,3,3,2,4,3,2,4,1,4,1,0,1,3,3,3,4,2,2,4,4,1,1,4,3,3,4,1,4,1,2,2,3,3,4,1,2,4,2,2,1,2,3,4,4,1,3,4,4,2,3,2,4,4,3,3,1,3,1,2,0,0,3,2,1,3,2,2,3,4,2,2,3,2,2,2,3,0,0,1,4,1,2,3,3,1,2,3,3,1,3,3,4,2,3,2,3,1,4,3,2,3,4,2,2,3,0,3,1,4,2,2,0,3,3,4,3,4,2,3,3,3,3,3,1,2,1,3,3,4,1,1,3,3,3,3,2,3,2,4,3,2,4,1,4,1,1,4,0,3,0,0,1,3,3,1,3,4,2,4,4,1,1,4,3,3,4,1,4,1,2,2,3,3,4,1,2,4,2,1,2,3,4,4,1,3,4,2,3,2,4,4,3,3,1,1,0,0,2,1,3,2,2,3,4,2,3,2,2,2,3,0,0,1,4,2,3,3,1,2,3,3,1,3,3,4,3,3,1,4,3,2,3,2,3,0,1,4,2,2,0,3,3,4,3,4,2,3,3,3,3,1,2,1,3,3,4,1,1,3,3,3,3,2,4,3,2,4,1,4,1,4,0,1,3
NNRBG-17-0201-1_S6,3,0,1,4,4,1,1,2,4,3,4,1,4,1,2,2,3,3,1,1,2,3,2,2,1,1,0,4,4,1,3,3,1,3,2,2,4,3,1,1,3,2,3,1,2,1,4,2,2,3,4,2,2,3,2,2,1,3,2,1,1,4,1,1,3,4,2,3,3,2,1,1,1,3,3,1,1,1,2,0,2,1,1,1,1,2,2,3,3,3,4,3,2,2,3,3,3,3,1,2,1,3,2,2,0,1,3,3,3,2,3,4,4,3,1,0,1,0,4,0,3,0,3,0,1,4,4,1,1,2,4,4,1,4,1,2,2,3,3,1,1,2,3,2,1,1,0,4,4,1,3,3,1,3,2,2,4,3,1,1,3,3,1,2,1,4,2,2,3,4,2,3,2,2,1,3,2,1,1,4,1,1,3,4,2,3,3,2,1,1,1,3,3,1,1,1,2,0,2,1,1,1,1,2,2,3,3,3,4,3,2,2,3,3,3,3,1,2,1,3,2,2,0,1,3,3,3,3,4,4,3,1,0,1,0,4,0,3,0,3,3,0,1,1,4,4,1,1,2,4,3,4,1,4,1,2,2,3,3,1,1,2,3,2,2,1,1,0,4,4,1,3,4,3,1,3,2,2,4,3,1,1,3,3,2,3,1,3,2,1,4,2,2,3,4,2,2,3,2,2,1,3,2,1,1,4,0,1,1,3,4,2,3,3,2,1,1,1,2,3,3,3,1,1,1,2,0,3,2,2,1,1,3,1,1,2,2,3,3,3,4,3,2,2,3,3,3,3,3,1,2,1,3,2,2,0,1,3,3,3,3,2,3,4,4,3,1,0,1,0,4,1,4,1,3,0,0,3,0,3,1,3,0,1,4,4,1,1,2,4,3,4,1,4,1,2,2,3,3,1,1,2,3,2,1,1,0,4,4,1,3,3,1,3,2,2,4,3,1,1,3,3,1,2,1,4,2,2,3,4,2,3,2,2,1,3,2,1,1,4,1,1,3,4,2,3,3,2,1,1,1,3,3,1,1,1,2,0,2,1,1,1,1,2,2,3,3,3,4,3,2,2,3,3,3,3,1,2,1,3,2,2,0,1,3,3,3,3,4,4,3,1,0,1,0,4,4,0,3,0
NNRBG-17-0205-1_S7,3,1,1,0,0,1,1,2,0,0,0,1,4,1,2,2,3,3,1,1,2,3,1,2,0,1,3,4,4,1,3,3,1,3,2,2,0,3,0,1,1,2,3,1,2,1,3,2,2,3,4,2,0,3,2,2,1,3,2,1,1,4,1,3,3,4,2,2,3,1,1,1,1,3,0,1,1,1,2,3,2,1,1,1,4,2,1,3,3,3,4,3,2,2,3,3,3,3,1,2,1,3,2,2,1,1,3,3,3,0,4,0,4,3,1,4,0,4,4,2,3,3,3,1,1,0,0,1,1,2,0,0,1,4,1,2,2,3,3,1,1,2,3,1,0,1,3,4,4,1,3,3,1,3,2,2,0,3,0,1,1,3,1,2,1,3,2,2,3,4,2,3,2,2,1,3,2,1,1,4,1,3,3,4,2,2,3,1,1,1,1,3,0,1,1,1,2,3,2,1,1,1,4,2,1,3,3,3,4,3,2,2,3,3,3,3,1,2,1,3,2,2,1,1,3,3,3,4,0,4,3,1,4,0,4,4,2,3,3,3,3,1,1,0,0,0,1,1,2,0,0,0,1,4,1,2,2,3,3,1,1,2,3,1,2,0,1,3,4,4,1,3,0,3,1,3,2,2,0,3,0,1,3,1,2,3,1,0,2,1,3,2,2,3,4,2,0,3,2,2,1,3,2,1,1,4,1,1,3,3,4,2,2,3,1,1,1,1,2,3,0,0,1,1,1,2,3,3,2,0,1,1,3,1,4,2,1,3,3,3,4,3,2,2,3,3,3,3,3,1,2,1,3,2,2,1,1,3,3,3,0,0,4,0,4,3,1,4,0,4,4,1,4,1,3,1,2,3,3,3,1,3,1,1,0,0,1,1,2,0,0,0,1,4,1,2,2,3,3,1,1,2,3,1,0,1,3,4,4,1,3,3,1,3,2,2,0,3,0,1,1,3,1,2,1,3,2,2,3,4,2,3,2,2,1,3,2,1,1,4,1,3,3,4,2,2,3,1,1,1,1,3,0,1,1,1,2,3,2,1,1,1,4,2,1,3,3,3,4,3,2,2,3,3,3,3,1,2,1,3,2,2,1,1,3,3,3,4,0,4,3,1,4,0,4,4,4,2,3,3
NNRBG-17-0227-1_S8,3,4,2,4,1,1,1,2,2,3,4,1,4,1,4,2,3,3,1,1,2,3,2,2,1,2,3,4,4,1,3,4,2,3,2,2,3,3,1,1,1,0,0,0,2,1,3,2,2,3,4,2,2,3,2,2,1,3,2,0,1,4,2,1,3,1,2,3,3,2,1,3,1,3,3,1,4,3,2,3,1,1,0,0,4,2,2,0,1,3,4,3,4,2,3,3,3,2,1,2,1,3,2,2,1,1,0,3,3,0,3,2,4,3,2,0,1,4,1,2,1,0,3,4,2,4,1,1,1,2,2,4,1,4,1,4,2,3,3,1,1,2,3,2,1,2,3,4,4,1,3,4,2,3,2,2,3,3,1,1,1,0,0,2,1,3,2,2,3,4,2,3,2,2,1,3,2,0,1,4,2,1,3,1,2,3,3,2,1,3,1,3,3,1,4,3,2,3,1,1,0,0,4,2,2,0,1,3,4,3,4,2,3,3,3,2,1,2,1,3,2,2,1,1,0,3,3,3,2,4,3,2,0,1,4,1,2,1,0,3,3,4,2,2,4,1,1,1,2,2,3,4,1,4,1,4,2,3,3,1,1,2,3,2,2,1,2,3,4,4,1,3,4,4,2,3,2,2,3,3,1,1,3,1,0,0,0,3,2,1,3,2,2,3,4,2,2,3,2,2,1,3,2,0,1,4,1,2,1,3,1,2,3,3,2,1,3,1,2,3,2,3,1,4,3,2,3,3,1,2,1,0,3,0,4,2,2,0,1,3,4,3,4,2,3,3,3,3,2,1,2,1,3,2,2,1,1,0,3,3,0,0,3,2,4,3,2,0,1,4,1,1,4,1,3,0,2,1,0,3,1,3,4,2,4,1,1,1,2,2,3,4,1,4,1,4,2,3,3,1,1,2,3,2,1,2,3,4,4,1,3,4,2,3,2,2,3,3,1,1,1,0,0,2,1,3,2,2,3,4,2,3,2,2,1,3,2,0,1,4,2,1,3,1,2,3,3,2,1,3,1,3,3,1,4,3,2,3,1,1,0,0,4,2,2,0,1,3,4,3,4,2,3,3,3,2,1,2,1,3,2,2,1,1,0,3,3,3,2,4,3,2,0,1,4,1,4,2,1,0
NNRBG-17-0234-1_S9,3,4,2,4,1,1,1,2,3,3,3,1,4,1,2,2,3,3,1,1,2,3,1,2,1,1,3,4,4,1,3,3,1,3,2,2,3,3,3,1,1,0,0,0,2,1,3,2,2,3,4,2,2,3,2,2,1,3,0,0,1,4,2,1,1,1,2,3,3,1,3,3,4,3,1,1,4,1,2,3,2,1,0,1,4,2,2,3,3,3,4,3,4,2,3,3,3,2,1,2,1,3,2,4,1,1,0,3,3,2,3,2,4,3,2,4,1,0,1,2,1,0,3,4,2,4,1,1,1,2,3,3,1,4,1,2,2,3,3,1,1,2,3,1,1,1,3,4,4,1,3,3,1,3,2,2,3,3,3,1,1,0,0,2,1,3,2,2,3,4,2,3,2,2,1,3,0,0,1,4,2,1,1,1,2,3,3,1,3,3,4,3,1,1,4,1,2,3,2,1,0,1,4,2,2,3,3,3,4,3,4,2,3,3,3,2,1,2,1,3,2,4,1,1,0,3,3,3,2,4,3,2,4,1,0,1,2,1,0,3,3,4,2,2,4,1,1,1,2,3,3,3,1,4,1,2,2,3,3,1,1,2,3,1,2,1,1,3,4,4,1,3,4,3,1,3,2,2,3,3,3,1,3,1,0,0,0,3,2,1,3,2,2,3,4,2,2,3,2,2,1,3,0,0,1,4,1,2,1,1,1,2,3,3,1,3,3,4,2,3,2,1,1,4,1,2,3,3,2,2,1,0,3,1,4,2,2,3,3,3,4,3,4,2,3,3,3,3,2,1,2,1,3,2,4,1,1,0,3,3,3,2,3,2,4,3,2,4,1,0,1,1,4,1,3,1,2,1,0,3,1,3,4,2,4,1,1,1,2,3,3,3,1,4,1,2,2,3,3,1,1,2,3,1,1,1,3,4,4,1,3,3,1,3,2,2,3,3,3,1,1,0,0,2,1,3,2,2,3,4,2,3,2,2,1,3,0,0,1,4,2,1,1,1,2,3,3,1,3,3,4,3,1,1,4,1,2,3,2,1,0,1,4,2,2,3,3,3,4,3,4,2,3,3,3,2,1,2,1,3,2,4,1,1,0,3,3,3,2,4,3,2,4,1,0,1,4,2,1,0
NNRBG-17-0239-1_S10,3,4,2,4,1,1,1,2,2,3,4,1,4,1,4,2,3,3,1,1,2,3,2,2,1,2,3,4,4,1,3,4,2,3,2,2,3,3,1,1,1,0,3,1,2,1,3,2,2,3,4,2,2,3,2,2,1,3,2,0,1,4,2,1,3,1,2,3,3,2,1,3,1,3,3,1,4,3,2,3,1,1,0,0,4,2,2,0,1,3,4,3,4,2,3,3,3,2,1,2,1,3,2,2,1,1,0,3,3,2,3,4,3,0,1,4,4,4,4,2,1,0,3,4,2,4,1,1,1,2,2,4,1,4,1,4,2,3,3,1,1,2,3,2,1,2,3,4,4,1,3,4,2,3,2,2,3,3,1,1,1,3,1,2,1,3,2,2,3,4,2,3,2,2,1,3,2,0,1,4,2,1,3,1,2,3,3,2,1,3,1,3,3,1,4,3,2,3,1,1,0,0,4,2,2,0,1,3,4,3,4,2,3,3,3,2,1,2,1,3,2,2,1,1,0,3,3,3,4,3,0,1,4,4,4,4,2,1,0,3,3,4,2,2,4,1,1,1,2,2,3,4,1,4,1,4,2,3,3,1,1,2,3,2,2,1,2,3,4,4,1,3,4,4,2,3,2,2,3,3,1,1,3,1,0,3,1,3,2,1,3,2,2,3,4,2,2,3,2,2,1,3,2,0,1,4,1,2,1,3,1,2,3,3,2,1,3,1,2,3,2,3,1,4,3,2,3,3,1,2,1,0,3,0,4,2,2,0,1,3,4,3,4,2,3,3,3,3,2,1,2,1,3,2,2,1,1,0,3,3,3,2,3,4,3,0,1,4,4,4,4,1,4,1,3,0,2,1,0,3,1,3,4,2,4,1,1,1,2,2,3,4,1,4,1,4,2,3,3,1,1,2,3,2,1,2,3,4,4,1,3,4,2,3,2,2,3,3,1,1,1,3,1,2,1,3,2,2,3,4,2,3,2,2,1,3,2,0,1,4,2,1,3,1,2,3,3,2,1,3,1,3,3,1,4,3,2,3,1,1,0,0,4,2,2,0,1,3,4,3,4,2,3,3,3,2,1,2,1,3,2,2,1,1,0,3,3,3,4,3,0,1,4,4,4,4,4,2,1,0
NNRBG-17-0242-1_S11,1,1,1,4,1,1,1,2,2,3,3,1,4,1,2,2,3,3,1,1,2,3,1,1,1,1,3,4,4,1,3,3,1,1,1,2,3,2,1,2,3,2,3,1,2,1,3,2,2,3,4,2,2,3,2,2,1,3,2,1,4,1,1,3,1,4,1,1,2,1,1,1,1,3,1,3,1,1,1,3,1,1,1,1,1,2,2,3,1,2,2,2,2,2,3,3,1,2,1,1,1,3,2,2,1,3,3,3,3,0,3,2,4,3,2,0,1,0,1,2,3,3,1,1,1,4,1,1,1,2,2,3,1,4,1,2,2,3,3,1,1,2,3,1,1,1,3,4,4,1,3,3,1,1,1,2,3,2,1,2,3,3,1,2,1,3,2,2,3,4,2,3,2,2,1,3,2,1,4,1,1,3,1,4,1,1,2,1,1,1,1,3,1,3,1,1,1,3,1,1,1,1,1,2,2,3,1,2,2,2,2,2,3,3,1,2,1,1,1,3,2,2,1,3,3,3,3,3,2,4,3,2,0,1,0,1,2,3,3,0,1,1,1,1,4,1,1,1,2,2,3,3,1,4,1,2,2,3,3,1,1,2,3,1,1,1,1,3,4,4,1,3,1,3,1,1,1,2,3,2,1,2,0,3,2,3,1,3,2,1,3,2,2,3,4,2,2,3,2,2,1,3,2,1,4,1,4,1,3,1,4,1,1,2,1,1,1,1,0,3,2,1,3,1,1,1,3,0,1,2,1,1,0,1,1,2,2,3,1,2,2,2,2,2,3,0,3,1,2,1,1,1,3,2,2,1,3,3,3,3,0,0,3,2,4,3,2,0,1,0,1,1,4,1,0,1,2,3,3,0,0,1,1,1,4,1,1,1,2,2,3,3,1,4,1,2,2,3,3,1,1,2,3,1,1,1,3,4,4,1,3,3,1,1,1,2,3,2,1,2,3,3,1,2,1,3,2,2,3,4,2,3,2,2,1,3,2,1,4,1,1,3,1,4,1,1,2,1,1,1,1,3,1,3,1,1,1,3,1,1,1,1,1,2,2,3,1,2,2,2,2,2,3,3,1,2,1,1,1,3,2,2,1,3,3,3,3,3,2,4,3,2,0,1,0,1,4,2,3,3
NNRBG-17-0243-1_S12,3,1,1,4,1,1,1,2,4,3,0,1,4,1,2,2,3,3,1,1,2,3,1,0,1,1,3,4,4,1,3,0,1,3,2,2,3,3,1,2,1,2,3,1,2,1,3,2,2,3,4,2,2,3,2,2,1,3,2,1,1,0,1,3,1,4,2,2,3,0,0,1,1,3,3,1,1,1,2,3,2,1,1,1,4,2,1,3,3,3,4,3,2,2,3,3,3,3,1,2,1,3,2,2,1,1,3,4,3,2,3,4,3,3,1,4,1,4,4,2,3,3,3,1,1,4,1,1,1,2,4,0,1,4,1,2,2,3,3,1,1,2,3,1,1,1,3,4,4,1,3,0,1,3,2,2,3,3,1,2,1,3,1,2,1,3,2,2,3,4,2,3,2,2,1,3,2,1,1,0,1,3,1,4,2,2,3,0,0,1,1,3,3,1,1,1,2,3,2,1,1,1,4,2,1,3,3,3,4,3,2,2,3,3,3,3,1,2,1,3,2,2,1,1,3,4,3,3,4,3,3,1,4,1,4,4,2,3,3,3,3,1,1,1,4,1,1,1,2,4,3,0,1,4,1,2,2,3,3,1,1,2,3,1,0,1,1,3,4,4,1,3,4,0,1,3,2,2,3,3,1,2,3,1,2,3,1,3,2,1,3,2,2,3,4,2,2,3,2,2,1,3,2,1,1,0,1,1,3,1,4,2,2,3,0,0,1,1,2,3,2,3,1,1,1,2,3,3,2,0,1,1,3,1,4,2,1,3,3,3,4,3,2,2,3,3,3,3,3,1,2,1,3,2,2,1,1,3,4,3,3,2,3,4,3,3,1,4,1,4,4,1,4,1,3,1,2,3,3,3,1,3,1,1,4,1,1,1,2,4,3,0,1,4,1,2,2,3,3,1,1,2,3,1,1,1,3,4,4,1,3,0,1,3,2,2,3,3,1,2,1,3,1,2,1,3,2,2,3,4,2,3,2,2,1,3,2,1,1,0,1,3,1,4,2,2,3,0,0,1,1,3,3,1,1,1,2,3,2,1,1,1,4,2,1,3,3,3,4,3,2,2,3,3,3,3,1,2,1,3,2,2,1,1,3,4,3,3,4,3,3,1,4,1,4,4,4,2,3,3
NNRBG-17-0249-1_S13,1,1,1,4,1,1,1,2,2,3,3,1,4,1,2,2,3,3,1,1,2,3,1,1,1,1,3,4,4,1,3,3,1,1,0,2,3,2,1,2,3,2,3,1,2,1,3,2,2,3,4,2,2,3,2,2,1,3,2,1,4,1,1,3,1,4,1,1,2,1,1,1,1,3,1,3,1,1,1,3,1,1,1,1,1,2,2,3,1,2,2,2,2,2,3,3,1,2,1,1,1,3,2,2,1,3,3,3,3,0,3,2,4,3,2,0,1,0,1,2,3,3,1,1,1,4,1,1,1,2,2,3,1,4,1,2,2,3,3,1,1,2,3,1,1,1,3,4,4,1,3,3,1,1,0,2,3,2,1,2,3,3,1,2,1,3,2,2,3,4,2,3,2,2,1,3,2,1,4,1,1,3,1,4,1,1,2,1,1,1,1,3,1,3,1,1,1,3,1,1,1,1,1,2,2,3,1,2,2,2,2,2,3,3,1,2,1,1,1,3,2,2,1,3,3,3,3,3,2,4,3,2,0,1,0,1,2,3,3,0,1,1,1,1,4,1,1,1,2,2,3,3,1,4,1,2,2,3,3,1,1,2,3,1,1,1,1,3,4,4,1,3,1,3,1,1,0,2,3,2,1,2,0,3,2,3,1,3,2,1,3,2,2,3,4,2,2,3,2,2,1,3,2,1,4,1,4,1,3,1,4,1,1,2,1,1,1,1,0,3,2,1,3,1,1,1,3,0,1,2,1,1,0,1,1,2,2,3,1,2,2,2,2,2,3,0,3,1,2,1,1,1,3,2,2,1,3,3,3,3,0,0,3,2,4,3,2,0,1,0,1,1,4,1,0,1,2,3,3,0,0,1,1,1,4,1,1,1,2,2,3,3,1,4,1,2,2,3,3,1,1,2,3,1,1,1,3,4,4,1,3,3,1,1,0,2,3,2,1,2,3,3,1,2,1,3,2,2,3,4,2,3,2,2,1,3,2,1,4,1,1,3,1,4,1,1,2,1,1,1,1,3,1,3,1,1,1,3,1,1,1,1,1,2,2,3,1,2,2,2,2,2,3,3,1,2,1,1,1,3,2,2,1,3,3,3,3,3,2,4,3,2,0,1,0,1,4,2,3,3
NNRBG-17-0255-1_S14,0,1,2,4,0,1,1,2,4,0,4,1,4,1,0,2,3,3,1,1,2,3,2,0,1,1,3,4,4,1,3,3,0,0,0,2,0,3,0,1,1,2,0,0,2,0,3,2,2,3,4,2,2,3,2,2,1,3,2,1,1,4,0,0,3,0,0,2,0,2,0,0,1,0,0,0,0,1,2,3,2,3,1,0,4,2,2,3,3,3,4,3,2,2,3,3,0,0,0,0,1,3,0,2,1,1,3,4,3,2,3,4,4,3,1,4,0,4,4,2,0,0,0,1,2,4,0,1,1,2,4,4,1,4,1,0,2,3,3,1,1,2,3,2,1,1,3,4,4,1,3,3,0,0,0,2,0,3,0,1,1,0,0,2,0,3,2,2,3,4,2,3,2,2,1,3,2,1,1,4,0,0,3,0,0,2,0,2,0,0,1,0,0,0,0,1,2,3,2,3,1,0,4,2,2,3,3,3,4,3,2,2,3,3,0,0,0,0,1,3,0,2,1,1,3,4,3,3,4,4,3,1,4,0,4,4,2,0,0,3,0,1,2,2,4,0,1,1,2,4,0,4,1,4,1,0,2,3,3,1,1,2,3,2,0,1,1,3,4,4,1,3,0,3,0,0,0,2,0,3,0,1,3,1,2,0,0,3,2,0,3,2,2,3,4,2,2,3,2,2,1,3,2,1,1,4,0,0,0,3,0,0,2,0,2,0,0,1,2,0,0,0,0,0,1,2,3,3,2,2,3,1,3,0,4,2,2,3,3,3,4,3,2,2,3,3,3,0,0,0,0,1,3,0,2,1,1,3,4,3,3,2,3,4,4,3,1,4,0,4,4,0,4,0,0,1,2,0,0,3,1,0,1,2,4,0,1,1,2,4,0,4,1,4,1,0,2,3,3,1,1,2,3,2,1,1,3,4,4,1,3,3,0,0,0,2,0,3,0,1,1,0,0,2,0,3,2,2,3,4,2,3,2,2,1,3,2,1,1,4,0,0,3,0,0,2,0,2,0,0,1,0,0,0,0,1,2,3,2,3,1,0,4,2,2,3,3,3,4,3,2,2,3,3,0,0,0,0,1,3,0,2,1,1,3,4,3,3,4,4,3,1,4,0,4,4,4,2,0,0
NNRBG-17-0278-1_S16,3,1,1,4,1,1,1,2,4,3,4,1,4,1,2,2,3,3,1,1,2,3,1,2,1,1,3,4,4,1,3,3,0,3,2,2,3,0,0,1,1,2,3,1,2,1,0,2,2,3,4,2,2,3,2,2,0,3,2,1,1,4,0,3,1,4,2,2,3,2,0,1,1,3,0,1,1,1,2,3,2,1,1,1,4,2,1,3,3,3,4,3,2,2,3,3,3,3,1,2,1,3,2,2,1,0,3,3,3,0,4,4,4,3,1,4,1,0,4,0,3,3,3,1,1,4,1,1,1,2,4,4,1,4,1,2,2,3,3,1,1,2,3,1,1,1,3,4,4,1,3,3,0,3,2,2,3,0,0,1,1,3,1,2,1,0,2,2,3,4,2,3,2,2,0,3,2,1,1,4,0,3,1,4,2,2,3,2,0,1,1,3,0,1,1,1,2,3,2,1,1,1,4,2,1,3,3,3,4,3,2,2,3,3,3,3,1,2,1,3,2,2,1,0,3,3,3,4,4,4,3,1,4,1,0,4,0,3,3,3,3,1,1,0,4,1,1,1,2,4,3,4,1,4,1,2,2,3,3,1,1,2,3,1,2,1,1,3,4,4,1,3,0,3,0,3,2,2,3,0,0,1,3,1,2,3,1,3,2,1,0,2,2,3,4,2,2,3,2,2,0,3,2,1,1,4,1,0,3,1,4,2,2,3,2,0,1,1,2,3,2,0,1,1,1,2,3,3,2,2,1,1,3,1,4,2,1,3,3,3,4,3,2,2,3,3,3,3,3,1,2,1,3,2,2,1,0,3,3,3,0,0,4,4,4,3,1,4,1,0,4,1,4,0,3,0,0,3,3,3,1,3,1,1,4,1,1,1,2,4,3,4,1,4,1,2,2,3,3,1,1,2,3,1,1,1,3,4,4,1,3,3,0,3,2,2,3,0,0,1,1,3,1,2,1,0,2,2,3,4,2,3,2,2,0,3,2,1,1,4,0,3,1,4,2,2,3,2,0,1,1,3,0,1,1,1,2,3,2,1,1,1,4,2,1,3,3,3,4,3,2,2,3,3,3,3,1,2,1,3,2,2,1,0,3,3,3,4,4,4,3,1,4,1,0,4,4,0,3,3
NNRBG-17-0287-1_S17,3,1,1,4,4,1,3,2,4,3,3,1,4,1,2,2,3,3,4,1,2,3,1,2,1,1,3,4,4,1,3,3,1,3,2,2,4,3,1,2,3,0,3,1,2,1,4,2,2,3,4,2,2,3,2,2,1,3,2,1,1,4,1,3,3,4,2,2,3,1,1,3,1,3,3,1,1,1,2,3,0,1,1,1,4,0,2,3,3,3,4,3,2,2,3,3,3,3,1,2,1,3,3,2,1,0,0,3,3,2,3,4,4,3,0,0,0,0,2,2,3,3,3,1,1,4,4,1,3,2,4,3,1,4,1,2,2,3,3,4,1,2,3,1,1,1,3,4,4,1,3,3,1,3,2,2,4,3,1,2,3,3,1,2,1,4,2,2,3,4,2,3,2,2,1,3,2,1,1,4,1,3,3,4,2,2,3,1,1,3,1,3,3,1,1,1,2,3,0,1,1,1,4,0,2,3,3,3,4,3,2,2,3,3,3,3,1,2,1,3,3,2,1,0,0,3,3,3,4,4,3,0,0,0,0,2,2,3,3,3,3,1,1,1,4,4,1,3,2,4,3,3,1,4,1,2,2,3,3,4,1,2,3,1,2,1,1,3,4,4,1,3,4,3,1,3,2,2,4,3,1,2,3,3,0,3,1,3,2,1,4,2,2,3,4,2,2,3,2,2,1,3,2,1,1,4,0,1,3,3,4,2,2,3,1,1,3,1,2,3,2,3,1,1,1,2,3,3,0,2,1,1,3,1,4,0,2,3,3,3,4,3,2,2,3,3,3,3,3,1,2,1,3,3,2,1,0,0,3,3,3,2,3,4,4,3,0,0,0,0,2,1,4,0,3,1,2,3,3,3,1,3,1,1,4,4,1,3,2,4,3,3,1,4,1,2,2,3,3,4,1,2,3,1,1,1,3,4,4,1,3,3,1,3,2,2,4,3,1,2,3,3,1,2,1,4,2,2,3,4,2,3,2,2,1,3,2,1,1,4,1,3,3,4,2,2,3,1,1,3,1,3,3,1,1,1,2,3,0,1,1,1,4,0,2,3,3,3,4,3,2,2,3,3,3,3,1,2,1,3,3,2,1,0,0,3,3,3,4,4,3,0,0,0,0,2,4,2,3,3
NNRBG-17-0294-1_S18,0,1,1,4,1,1,1,2,0,3,0,1,0,1,2,2,3,3,1,1,2,3,1,2,0,1,3,4,4,0,0,3,0,0,2,2,3,3,1,1,1,2,3,1,0,1,3,0,2,3,4,2,0,3,2,2,1,3,2,1,1,4,1,3,3,4,2,2,3,1,1,1,1,3,3,1,1,1,2,3,2,1,1,1,4,2,1,3,3,3,4,3,2,2,3,0,3,3,1,2,1,3,2,2,1,1,0,4,3,2,4,4,4,3,1,4,1,4,4,2,3,3,0,1,1,4,1,1,1,2,0,0,1,0,1,2,2,3,3,1,1,2,3,1,0,1,3,4,4,0,0,3,0,0,2,2,3,3,1,1,1,3,1,0,1,3,0,2,3,4,2,3,2,2,1,3,2,1,1,4,1,3,3,4,2,2,3,1,1,1,1,3,3,1,1,1,2,3,2,1,1,1,4,2,1,3,3,3,4,3,2,2,3,0,3,3,1,2,1,3,2,2,1,1,0,4,3,4,4,4,3,1,4,1,4,4,2,3,3,3,0,1,1,0,4,1,1,1,2,0,3,0,1,0,1,2,2,3,3,1,1,2,3,1,2,0,1,3,4,4,0,0,0,3,0,0,2,2,3,3,1,1,3,1,2,3,1,0,0,1,3,0,2,3,4,2,0,3,2,2,1,3,2,1,1,4,1,1,3,3,4,2,2,3,1,1,1,1,2,3,0,3,1,1,1,2,3,3,2,0,1,1,3,1,4,2,1,3,3,3,4,3,2,2,3,3,0,3,3,1,2,1,3,2,2,1,1,0,4,3,3,2,4,4,4,3,1,4,1,4,4,1,4,1,3,1,2,3,3,3,1,0,1,1,4,1,1,1,2,0,3,0,1,0,1,2,2,3,3,1,1,2,3,1,0,1,3,4,4,0,0,3,0,0,2,2,3,3,1,1,1,3,1,0,1,3,0,2,3,4,2,3,2,2,1,3,2,1,1,4,1,3,3,4,2,2,3,1,1,1,1,3,3,1,1,1,2,3,2,1,1,1,4,2,1,3,3,3,4,3,2,2,3,0,3,3,1,2,1,3,2,2,1,1,0,4,3,4,4,4,3,1,4,1,4,4,4,2,3,3
NNRBG-17-0298-1_S19,3,4,2,4,1,1,1,2,3,3,4,1,4,1,2,2,3,3,1,1,2,3,1,2,1,2,3,4,4,1,3,4,1,3,2,2,3,3,3,1,1,0,3,1,2,1,3,2,2,3,4,2,2,3,2,2,1,3,0,0,1,4,1,1,1,1,2,1,3,1,3,3,1,3,1,1,4,1,2,3,2,3,0,1,4,2,2,0,1,3,4,3,4,2,3,3,3,2,1,2,1,3,2,4,1,1,0,3,3,2,3,2,4,3,2,0,1,4,1,2,1,0,3,4,2,4,1,1,1,2,3,4,1,4,1,2,2,3,3,1,1,2,3,1,1,2,3,4,4,1,3,4,1,3,2,2,3,3,3,1,1,3,1,2,1,3,2,2,3,4,2,3,2,2,1,3,0,0,1,4,1,1,1,1,2,1,3,1,3,3,1,3,1,1,4,1,2,3,2,3,0,1,4,2,2,0,1,3,4,3,4,2,3,3,3,2,1,2,1,3,2,4,1,1,0,3,3,3,2,4,3,2,0,1,4,1,2,1,0,3,3,4,2,2,4,1,1,1,2,3,3,4,1,4,1,2,2,3,3,1,1,2,3,1,2,1,2,3,4,4,1,3,4,4,1,3,2,2,3,3,3,1,3,1,0,3,1,3,2,1,3,2,2,3,4,2,2,3,2,2,1,3,0,0,1,4,1,1,1,1,1,2,1,3,1,3,3,1,2,3,2,1,1,4,1,2,3,3,2,2,3,0,3,1,4,2,2,0,1,3,4,3,4,2,3,3,3,3,2,1,2,1,3,2,4,1,1,0,3,3,3,2,3,2,4,3,2,0,1,4,1,1,4,0,3,1,2,1,0,3,1,3,4,2,4,1,1,1,2,3,3,4,1,4,1,2,2,3,3,1,1,2,3,1,1,2,3,4,4,1,3,4,1,3,2,2,3,3,3,1,1,3,1,2,1,3,2,2,3,4,2,3,2,2,1,3,0,0,1,4,1,1,1,1,2,1,3,1,3,3,1,3,1,1,4,1,2,3,2,3,0,1,4,2,2,0,1,3,4,3,4,2,3,3,3,2,1,2,1,3,2,4,1,1,0,3,3,3,2,4,3,2,0,1,4,1,4,2,1,0
NNRBG-17-0308-1_S20,3,1,1,4,4,1,3,2,4,3,4,3,4,1,2,2,3,3,1,1,2,3,2,2,1,1,3,4,4,1,3,3,2,3,2,2,4,3,1,2,1,0,3,1,2,1,3,2,2,3,4,2,2,3,2,2,1,3,2,1,0,4,1,1,3,4,2,3,3,2,1,1,1,3,3,1,1,1,2,3,2,1,1,1,1,2,2,3,3,3,4,3,2,2,3,3,3,3,2,2,1,3,2,2,1,1,3,3,3,2,4,4,4,3,1,4,0,0,4,0,3,0,3,1,1,4,4,1,3,2,4,4,3,4,1,2,2,3,3,1,1,2,3,2,1,1,3,4,4,1,3,3,2,3,2,2,4,3,1,2,1,3,1,2,1,3,2,2,3,4,2,3,2,2,1,3,2,1,0,4,1,1,3,4,2,3,3,2,1,1,1,3,3,1,1,1,2,3,2,1,1,1,1,2,2,3,3,3,4,3,2,2,3,3,3,3,2,2,1,3,2,2,1,1,3,3,3,4,4,4,3,1,4,0,0,4,0,3,0,2,3,1,1,2,4,4,1,3,2,4,3,4,3,4,1,2,2,3,3,1,1,2,3,2,2,1,1,3,4,4,1,3,4,3,2,3,2,2,4,3,1,2,3,1,0,3,1,3,2,1,3,2,2,3,4,2,2,3,2,2,1,3,2,1,0,4,1,1,1,3,4,2,3,3,2,1,1,1,2,3,2,3,1,1,1,2,3,4,2,2,1,1,3,1,1,2,2,3,3,3,4,3,2,2,3,3,3,3,3,2,2,1,3,2,2,1,1,3,3,3,3,2,4,4,4,3,1,4,0,0,4,1,4,0,3,1,0,3,0,3,1,3,1,1,4,4,1,3,2,4,3,4,3,4,1,2,2,3,3,1,1,2,3,2,1,1,3,4,4,1,3,3,2,3,2,2,4,3,1,2,1,3,1,2,1,3,2,2,3,4,2,3,2,2,1,3,2,1,0,4,1,1,3,4,2,3,3,2,1,1,1,3,3,1,1,1,2,3,2,1,1,1,1,2,2,3,3,3,4,3,2,2,3,3,3,3,2,2,1,3,2,2,1,1,3,3,3,4,4,4,3,1,4,0,0,4,4,0,3,0
NNRBG-17-0316-1_S23,3,1,1,4,1,1,1,2,4,3,4,1,4,1,2,2,3,3,1,1,2,3,1,2,1,1,3,4,4,1,3,3,0,3,2,2,3,3,1,1,1,2,3,1,0,0,0,0,0,0,0,0,0,0,0,0,0,0,2,1,1,4,0,3,1,4,2,2,3,2,0,1,1,3,0,1,1,1,2,3,2,1,1,1,4,2,1,3,3,3,4,3,2,2,3,3,3,3,1,2,1,3,2,2,1,0,3,3,3,0,4,4,4,3,1,4,0,4,4,2,3,3,3,1,1,4,1,1,1,2,4,4,1,4,1,2,2,3,3,1,1,2,3,1,1,1,3,4,4,1,3,3,0,3,2,2,3,3,1,1,1,3,1,0,0,0,0,0,0,0,0,0,0,0,0,0,2,1,1,4,0,3,1,4,2,2,3,2,0,1,1,3,0,1,1,1,2,3,2,1,1,1,4,2,1,3,3,3,4,3,2,2,3,3,3,3,1,2,1,3,2,2,1,0,3,3,3,4,4,4,3,1,4,0,4,4,2,3,3,3,3,1,1,0,4,1,1,1,2,4,3,4,1,4,1,2,2,3,3,1,1,2,3,1,2,1,1,3,4,4,1,3,0,3,0,3,2,2,3,3,1,1,3,1,2,3,1,0,0,0,0,0,0,0,0,0,0,0,0,0,0,0,2,1,1,4,1,0,3,1,4,2,2,3,2,0,1,1,2,3,0,0,1,1,1,2,3,3,2,2,1,1,3,1,4,2,1,3,3,3,4,3,2,2,3,3,3,3,3,1,2,1,3,2,2,1,0,3,3,3,0,0,4,4,4,3,1,4,0,4,4,1,4,1,3,1,2,3,3,3,1,3,1,1,4,1,1,1,2,4,3,4,1,4,1,2,2,3,3,1,1,2,3,1,1,1,3,4,4,1,3,3,0,3,2,2,3,3,1,1,1,3,1,0,0,0,0,0,0,0,0,0,0,0,0,0,2,1,1,4,0,3,1,4,2,2,3,2,0,1,1,3,0,1,1,1,2,3,2,1,1,1,4,2,1,3,3,3,4,3,2,2,3,3,3,3,1,2,1,3,2,2,1,0,3,3,3,4,4,4,3,1,4,0,4,4,4,2,3,3
NNRBG-17-0319-1_S24,3,4,2,4,4,1,1,4,3,3,4,1,4,1,2,2,3,3,4,1,2,4,2,2,1,2,3,4,4,1,3,4,2,3,2,4,4,3,3,1,1,2,0,0,2,1,3,2,2,3,4,2,2,3,2,2,2,3,0,0,1,4,2,3,3,1,2,3,3,1,3,3,4,3,3,1,4,3,2,3,2,3,0,1,4,2,2,0,3,3,4,3,4,2,3,3,3,3,1,2,1,3,3,4,1,1,3,3,3,2,3,2,4,3,2,4,1,4,4,2,3,3,3,4,2,4,4,1,1,4,3,4,1,4,1,2,2,3,3,4,1,2,4,2,1,2,3,4,4,1,3,4,2,3,2,4,4,3,3,1,1,0,0,2,1,3,2,2,3,4,2,3,2,2,2,3,0,0,1,4,2,3,3,1,2,3,3,1,3,3,4,3,3,1,4,3,2,3,2,3,0,1,4,2,2,0,3,3,4,3,4,2,3,3,3,3,1,2,1,3,3,4,1,1,3,3,3,3,2,4,3,2,4,1,4,4,2,3,3,3,3,4,2,2,4,4,1,1,4,3,3,4,1,4,1,2,2,3,3,4,1,2,4,2,2,1,2,3,4,4,1,3,4,4,2,3,2,4,4,3,3,1,3,1,2,0,0,3,2,1,3,2,2,3,4,2,2,3,2,2,2,3,0,0,1,4,1,2,3,3,1,2,3,3,1,3,3,4,2,3,2,3,1,4,3,2,3,4,2,2,3,0,3,1,4,2,2,0,3,3,4,3,4,2,3,3,3,3,3,1,2,1,3,3,4,1,1,3,3,3,3,2,3,2,4,3,2,4,1,4,4,1,4,1,3,1,2,3,3,3,1,3,4,2,4,4,1,1,4,3,3,4,1,4,1,2,2,3,3,4,1,2,4,2,1,2,3,4,4,1,3,4,2,3,2,4,4,3,3,1,1,0,0,2,1,3,2,2,3,4,2,3,2,2,2,3,0,0,1,4,2,3,3,1,2,3,3,1,3,3,4,3,3,1,4,3,2,3,2,3,0,1,4,2,2,0,3,3,4,3,4,2,3,3,3,3,1,2,1,3,3,4,1,1,3,3,3,3,2,4,3,2,4,1,4,4,4,2,3,3
NNRBG-17-0328-1_S25,3,4,2,4,4,1,1,4,3,3,4,1,4,1,2,2,3,3,4,1,2,4,2,2,1,2,3,4,4,1,3,4,2,3,2,4,4,3,3,1,1,2,0,0,2,1,3,2,2,3,4,2,2,3,2,2,2,3,0,0,1,4,2,3,3,1,2,3,3,1,3,3,4,3,3,1,4,3,2,3,2,3,0,1,4,2,2,0,3,3,4,3,4,2,3,3,3,3,1,2,1,3,3,4,1,1,3,3,3,2,3,2,4,3,2,4,1,4,4,2,3,3,3,4,2,4,4,1,1,4,3,4,1,4,1,2,2,3,3,4,1,2,4,2,1,2,3,4,4,1,3,4,2,3,2,4,4,3,3,1,1,0,0,2,1,3,2,2,3,4,2,3,2,2,2,3,0,0,1,4,2,3,3,1,2,3,3,1,3,3,4,3,3,1,4,3,2,3,2,3,0,1,4,2,2,0,3,3,4,3,4,2,3,3,3,3,1,2,1,3,3,4,1,1,3,3,3,3,2,4,3,2,4,1,4,4,2,3,3,3,3,4,2,2,4,4,1,1,4,3,3,4,1,4,1,2,2,3,3,4,1,2,4,2,2,1,2,3,4,4,1,3,4,4,2,3,2,4,4,3,3,1,3,1,2,0,0,3,2,1,3,2,2,3,4,2,2,3,2,2,2,3,0,0,1,4,1,2,3,3,1,2,3,3,1,3,3,4,2,3,2,3,1,4,3,2,3,4,2,2,3,0,3,1,4,2,2,0,3,3,4,3,4,2,3,3,3,3,3,1,2,1,3,3,4,1,1,3,3,3,3,2,3,2,4,3,2,4,1,4,4,1,4,1,3,1,2,3,3,3,1,3,4,2,4,4,1,1,4,3,3,4,1,4,1,2,2,3,3,4,1,2,4,2,1,2,3,4,4,1,3,4,2,3,2,4,4,3,3,1,1,0,0,2,1,3,2,2,3,4,2,3,2,2,2,3,0,0,1,4,2,3,3,1,2,3,3,1,3,3,4,3,3,1,4,3,2,3,2,3,0,1,4,2,2,0,3,3,4,3,4,2,3,3,3,3,1,2,1,3,3,4,1,1,3,3,3,3,2,4,3,2,4,1,4,4,4,2,3,3
NNRBG-17-0329-1_S26,3,4,2,4,4,1,1,4,3,3,4,1,4,1,2,2,3,3,4,1,2,4,2,2,1,2,3,4,4,1,3,4,2,3,2,4,4,3,3,1,1,2,0,0,2,1,3,2,2,3,4,2,2,3,2,2,2,3,0,0,1,4,2,3,3,1,2,3,3,1,3,3,4,3,3,1,4,3,2,3,2,3,0,1,4,2,2,0,3,3,4,3,4,2,3,3,3,3,1,2,1,3,3,4,1,1,3,3,3,2,3,2,4,3,2,4,1,4,1,0,1,3,3,4,2,4,4,1,1,4,3,4,1,4,1,2,2,3,3,4,1,2,4,2,1,2,3,4,4,1,3,4,2,3,2,4,4,3,3,1,1,0,0,2,1,3,2,2,3,4,2,3,2,2,2,3,0,0,1,4,2,3,3,1,2,3,3,1,3,3,4,3,3,1,4,3,2,3,2,3,0,1,4,2,2,0,3,3,4,3,4,2,3,3,3,3,1,2,1,3,3,4,1,1,3,3,3,3,2,4,3,2,4,1,4,1,0,1,3,3,3,4,2,2,4,4,1,1,4,3,3,4,1,4,1,2,2,3,3,4,1,2,4,2,2,1,2,3,4,4,1,3,4,4,2,3,2,4,4,3,3,1,3,1,2,0,0,3,2,1,3,2,2,3,4,2,2,3,2,2,2,3,0,0,1,4,1,2,3,3,1,2,3,3,1,3,3,4,2,3,2,3,1,4,3,2,3,4,2,2,3,0,3,1,4,2,2,0,3,3,4,3,4,2,3,3,3,3,3,1,2,1,3,3,4,1,1,3,3,3,3,2,3,2,4,3,2,4,1,4,1,1,4,0,3,0,0,1,3,3,1,3,4,2,4,4,1,1,4,3,3,4,1,4,1,2,2,3,3,4,1,2,4,2,1,2,3,4,4,1,3,4,2,3,2,4,4,3,3,1,1,0,0,2,1,3,2,2,3,4,2,3,2,2,2,3,0,0,1,4,2,3,3,1,2,3,3,1,3,3,4,3,3,1,4,3,2,3,2,3,0,1,4,2,2,0,3,3,4,3,4,2,3,3,3,3,1,2,1,3,3,4,1,1,3,3,3,3,2,4,3,2,4,1,4,1,4,0,1,3
NNRBG-17-0346-1_S30,0,0,0,0,0,0,0,0,0,0,0,0,0,0,0,0,0,0,0,0,0,0,0,0,0,0,0,0,0,0,0,0,0,0,0,0,0,0,0,2,0,2,3,1,0,0,0,0,0,0,0,0,0,0,0,0,0,0,2,1,0,0,1,3,3,4,0,2,0,0,0,0,1,0,0,0,0,0,0,0,0,0,1,1,0,0,0,3,0,0,0,0,0,0,0,0,0,0,0,0,0,0,0,0,0,1,3,4,3,2,3,4,4,3,1,4,4,4,4,2,3,3,0,0,0,0,0,0,0,0,0,0,0,0,0,0,0,0,0,0,0,0,0,0,0,0,0,0,0,0,0,0,0,0,0,0,0,0,0,2,0,3,1,0,0,0,0,0,0,0,0,0,0,0,0,0,2,1,0,0,1,3,3,4,0,2,0,0,0,0,1,0,0,0,0,0,0,0,0,0,1,1,0,0,0,3,0,0,0,0,0,0,0,0,0,0,0,0,0,0,0,0,0,1,3,4,3,3,4,4,3,1,4,4,4,4,2,3,3,3,0,0,0,0,0,0,0,0,0,0,0,0,0,0,0,0,0,0,0,0,0,0,0,0,0,0,0,0,0,0,0,0,0,0,0,0,0,0,0,0,0,2,0,0,2,3,1,0,0,0,0,0,0,0,0,0,0,0,0,0,0,0,2,1,0,0,0,1,3,3,4,0,2,0,0,0,0,1,2,0,0,0,0,0,0,0,0,3,0,0,0,1,3,1,0,0,0,3,0,0,0,0,0,0,0,3,0,0,0,0,0,0,0,0,0,0,1,3,4,3,3,2,3,4,4,3,1,4,4,4,4,1,4,1,3,1,2,3,3,3,1,0,0,0,0,0,0,0,0,0,0,0,0,0,0,0,0,0,0,0,0,0,0,0,0,0,0,0,0,0,0,0,0,0,0,0,0,0,0,2,0,3,1,0,0,0,0,0,0,0,0,0,0,0,0,0,2,1,0,0,1,3,3,4,0,2,0,0,0,0,1,0,0,0,0,0,0,0,0,0,1,1,0,0,0,3,0,0,0,0,0,0,0,0,0,0,0,0,0,0,0,0,0,1,3,4,3,3,4,4,3,1,4,4,4,4,4,2,3,3
NNRBG-17-0378-1_S37,1,1,1,4,1,1,1,2,2,3,3,1,4,1,2,2,3,3,1,1,2,3,1,1,1,1,3,4,4,1,3,3,1,1,1,2,3,2,1,2,3,2,3,1,2,1,3,2,2,3,4,2,2,3,2,2,1,3,2,1,4,1,1,3,1,4,1,1,2,1,1,1,1,3,1,3,1,1,1,3,1,1,1,1,1,0,2,3,1,2,2,2,2,2,3,3,1,2,1,1,1,3,2,2,1,3,3,4,0,2,4,4,3,0,1,4,4,4,4,2,3,3,1,1,1,4,1,1,1,2,2,3,1,4,1,2,2,3,3,1,1,2,3,1,1,1,3,4,4,1,3,3,1,1,1,2,3,2,1,2,3,3,1,2,1,3,2,2,3,4,2,3,2,2,1,3,2,1,4,1,1,3,1,4,1,1,2,1,1,1,1,3,1,3,1,1,1,3,1,1,1,1,1,0,2,3,1,2,2,2,2,2,3,3,1,2,1,1,1,3,2,2,1,3,3,4,0,4,4,3,0,1,4,4,4,4,2,3,3,0,1,1,1,1,4,1,1,1,2,2,3,3,1,4,1,2,2,3,3,1,1,2,3,1,1,1,1,3,4,4,1,3,1,3,1,1,1,2,3,2,1,2,0,3,2,3,1,3,2,1,3,2,2,3,4,2,2,3,2,2,1,3,2,1,4,1,4,1,3,1,4,1,1,2,1,1,1,1,0,3,2,1,3,1,1,1,3,0,1,2,1,1,0,1,1,0,2,3,1,2,2,2,2,2,3,0,3,1,2,1,1,1,3,2,2,1,3,3,4,0,3,2,4,4,3,0,1,4,4,4,4,0,0,1,0,1,2,3,3,0,0,1,1,1,4,1,1,1,2,2,3,3,1,4,1,2,2,3,3,1,1,2,3,1,1,1,3,4,4,1,3,3,1,1,1,2,3,2,1,2,3,3,1,2,1,3,2,2,3,4,2,3,2,2,1,3,2,1,4,1,1,3,1,4,1,1,2,1,1,1,1,3,1,3,1,1,1,3,1,1,1,1,1,0,2,3,1,2,2,2,2,2,3,3,1,2,1,1,1,3,2,2,1,3,3,4,0,4,4,3,0,1,4,4,4,4,0,2,3,3
NNRBG-17-0382-1_S38,3,0,2,4,0,1,0,0,0,0,0,0,0,0,0,2,3,3,0,1,2,0,2,0,0,0,0,0,0,0,0,0,0,0,0,0,0,0,0,1,1,0,3,0,2,0,3,2,2,3,0,0,0,3,2,0,0,3,0,0,0,0,0,0,0,0,0,3,3,2,1,0,1,0,0,1,4,0,2,0,0,1,0,0,0,0,2,0,0,3,0,3,4,0,0,3,0,0,1,2,0,0,0,0,0,0,0,0,3,0,0,0,0,3,0,0,1,0,4,2,0,0,3,0,2,4,0,1,0,0,0,0,0,0,0,0,2,3,3,0,1,2,0,2,0,0,0,0,0,0,0,0,0,0,0,0,0,0,0,1,1,3,0,2,0,3,2,2,3,0,0,3,2,0,0,3,0,0,0,0,0,0,0,0,0,3,3,2,1,0,1,0,0,1,4,0,2,0,0,1,0,0,0,0,2,0,0,3,0,3,4,0,0,3,0,0,1,2,0,0,0,0,0,0,0,0,3,0,0,0,3,0,0,1,0,4,2,0,0,0,3,0,2,0,4,0,1,0,0,0,0,0,0,0,0,0,2,3,3,0,1,2,0,2,0,0,0,0,0,0,0,0,0,0,0,0,0,0,0,0,0,1,0,1,0,3,0,0,2,0,3,2,2,3,0,0,0,3,2,0,0,3,0,0,0,0,0,0,0,0,0,0,3,3,2,1,0,1,0,0,0,0,1,4,0,2,0,0,0,2,1,0,3,0,0,0,2,0,0,3,0,3,4,0,0,0,3,0,0,1,2,0,0,0,0,0,0,0,0,3,0,0,0,0,0,3,0,0,1,0,4,1,4,1,0,1,2,0,0,0,0,3,0,2,4,0,1,0,0,0,0,0,0,0,0,0,2,3,3,0,1,2,0,2,0,0,0,0,0,0,0,0,0,0,0,0,0,0,0,1,1,3,0,2,0,3,2,2,3,0,0,3,2,0,0,3,0,0,0,0,0,0,0,0,0,3,3,2,1,0,1,0,0,1,4,0,2,0,0,1,0,0,0,0,2,0,0,3,0,3,4,0,0,3,0,0,1,2,0,0,0,0,0,0,0,0,3,0,0,0,3,0,0,1,0,4,4,2,0,0
NNRBG-17-0399-1_S40,3,4,2,4,4,1,1,4,3,3,4,1,4,1,2,2,3,3,4,1,2,4,2,2,1,2,3,4,4,1,3,4,2,3,2,4,4,3,3,1,1,2,0,0,2,1,3,2,2,3,4,2,2,3,2,2,2,3,0,0,1,4,2,3,3,1,2,3,3,1,3,3,4,3,3,1,4,3,2,3,2,3,0,1,4,2,2,0,3,3,4,3,4,2,3,3,3,3,1,2,1,3,3,4,1,1,3,3,3,2,3,2,4,3,2,4,1,4,4,2,3,3,3,4,2,4,4,1,1,4,3,4,1,4,1,2,2,3,3,4,1,2,4,2,1,2,3,4,4,1,3,4,2,3,2,4,4,3,3,1,1,0,0,2,1,3,2,2,3,4,2,3,2,2,2,3,0,0,1,4,2,3,3,1,2,3,3,1,3,3,4,3,3,1,4,3,2,3,2,3,0,1,4,2,2,0,3,3,4,3,4,2,3,3,3,3,1,2,1,3,3,4,1,1,3,3,3,3,2,4,3,2,4,1,4,4,2,3,3,3,3,4,2,2,4,4,1,1,4,3,3,4,1,4,1,2,2,3,3,4,1,2,4,2,2,1,2,3,4,4,1,3,4,4,2,3,2,4,4,3,3,1,3,1,2,0,0,3,2,1,3,2,2,3,4,2,2,3,2,2,2,3,0,0,1,4,1,2,3,3,1,2,3,3,1,3,3,4,2,3,2,3,1,4,3,2,3,4,2,2,3,0,3,1,4,2,2,0,3,3,4,3,4,2,3,3,3,3,3,1,2,1,3,3,4,1,1,3,3,3,3,2,3,2,4,3,2,4,1,4,4,1,4,1,3,1,2,3,3,3,1,3,4,2,4,4,1,1,4,3,3,4,1,4,1,2,2,3,3,4,1,2,4,2,1,2,3,4,4,1,3,4,2,3,2,4,4,3,3,1,1,0,0,2,1,3,2,2,3,4,2,3,2,2,2,3,0,0,1,4,2,3,3,1,2,3,3,1,3,3,4,3,3,1,4,3,2,3,2,3,0,1,4,2,2,0,3,3,4,3,4,2,3,3,3,3,1,2,1,3,3,4,1,1,3,3,3,3,2,4,3,2,4,1,4,4,4,2,3,3
NNSurvcare045_S41,0,0,0,0,0,0,0,0,0,0,0,0,0,0,0,0,0,0,0,0,0,0,0,0,0,0,0,0,0,0,0,0,0,0,0,0,0,0,0,2,1,2,3,1,0,0,0,0,0,0,0,0,0,0,0,0,0,0,2,1,0,4,1,0,0,0,0,0,0,0,0,0,0,0,0,0,0,0,0,0,0,0,1,1,0,0,0,3,0,0,0,0,0,0,0,0,0,0,0,0,0,0,0,2,0,0,3,3,3,2,3,4,4,3,1,4,1,4,4,2,3,3,0,0,0,0,0,0,0,0,0,0,0,0,0,0,0,0,0,0,0,0,0,0,0,0,0,0,0,0,0,0,0,0,0,0,0,0,0,2,1,3,1,0,0,0,0,0,0,0,0,0,0,0,0,0,2,1,0,4,1,0,0,0,0,0,0,0,0,0,0,0,0,0,0,0,0,0,0,0,1,1,0,0,0,3,0,0,0,0,0,0,0,0,0,0,0,0,0,0,0,2,0,0,3,3,3,3,4,4,3,1,4,1,4,4,2,3,3,3,0,0,0,0,0,0,0,0,0,0,0,0,0,0,0,0,0,0,0,0,0,0,0,0,0,0,0,0,0,0,0,0,0,0,0,0,0,0,0,0,0,2,3,1,2,3,1,0,0,0,0,0,0,0,0,0,0,0,0,0,0,0,2,1,0,4,0,1,0,0,0,0,0,0,0,0,0,0,2,0,0,0,0,0,0,0,0,3,0,0,0,1,3,1,0,0,0,3,0,0,0,0,0,0,0,3,0,0,0,0,0,0,0,0,2,0,0,3,3,3,3,2,3,4,4,3,1,4,1,4,4,1,4,1,3,1,2,3,3,3,1,0,0,0,0,0,0,0,0,0,0,0,0,0,0,0,0,0,0,0,0,0,0,0,0,0,0,0,0,0,0,0,0,0,0,0,0,0,0,2,1,3,1,0,0,0,0,0,0,0,0,0,0,0,0,0,2,1,0,4,1,0,0,0,0,0,0,0,0,0,0,0,0,0,0,0,0,0,0,0,1,1,0,0,0,3,0,0,0,0,0,0,0,0,0,0,0,0,0,0,0,2,0,0,3,3,3,3,4,4,3,1,4,1,4,4,4,2,3,3
RBB-17-011-1_S40,1,1,1,4,1,1,1,2,2,3,3,1,4,1,2,2,3,3,1,1,2,3,1,1,1,1,3,4,4,1,3,3,1,1,1,2,3,2,1,2,3,2,3,1,2,1,3,2,2,3,4,2,2,3,2,2,1,3,2,1,4,1,1,3,1,4,1,1,2,1,1,1,1,3,1,3,1,1,1,3,1,1,1,1,1,2,2,3,1,2,2,2,2,2,3,3,1,2,1,1,1,3,2,2,1,3,3,4,0,2,4,4,3,0,1,4,4,4,4,2,3,3,1,1,1,4,1,1,1,2,2,3,1,4,1,2,2,3,3,1,1,2,3,1,1,1,3,4,4,1,3,3,1,1,1,2,3,2,1,2,3,3,1,2,1,3,2,2,3,4,2,3,2,2,1,3,2,1,4,1,1,3,1,4,1,1,2,1,1,1,1,3,1,3,1,1,1,3,1,1,1,1,1,2,2,3,1,2,2,2,2,2,3,3,1,2,1,1,1,3,2,2,1,3,3,4,0,4,4,3,0,1,4,4,4,4,2,3,3,0,1,1,1,1,4,1,1,1,2,2,3,3,1,4,1,2,2,3,3,1,1,2,3,1,1,1,1,3,4,4,1,3,1,3,1,1,1,2,3,2,1,2,0,3,2,3,1,3,2,1,3,2,2,3,4,2,2,3,2,2,1,3,2,1,4,1,4,1,3,1,4,1,1,2,1,1,1,1,0,3,2,1,3,1,1,1,3,0,1,2,1,1,0,1,1,2,2,3,1,2,2,2,2,2,3,0,3,1,2,1,1,1,3,2,2,1,3,3,4,0,3,2,4,4,3,0,1,4,4,4,4,0,0,1,0,1,2,3,3,0,0,1,1,1,4,1,1,1,2,2,3,3,1,4,1,2,2,3,3,1,1,2,3,1,1,1,3,4,4,1,3,3,1,1,1,2,3,2,1,2,3,3,1,2,1,3,2,2,3,4,2,3,2,2,1,3,2,1,4,1,1,3,1,4,1,1,2,1,1,1,1,3,1,3,1,1,1,3,1,1,1,1,1,2,2,3,1,2,2,2,2,2,3,3,1,2,1,1,1,3,2,2,1,3,3,4,0,4,4,3,0,1,4,4,4,4,0,2,3,3
RBB-17-171-1_S52,0,1,1,4,1,1,1,2,2,3,3,1,4,1,2,2,3,3,1,1,2,3,1,1,1,1,3,4,4,1,3,0,1,1,0,2,3,0,1,2,3,2,3,1,2,1,3,2,2,3,4,2,2,3,2,2,1,3,2,1,4,1,1,3,1,4,1,1,2,1,1,1,1,3,1,3,1,1,1,3,1,1,1,1,1,2,2,3,1,2,2,2,2,2,3,3,1,2,1,1,1,0,2,2,1,3,3,4,0,2,4,4,3,0,1,4,4,4,4,2,3,3,0,1,1,4,1,1,1,2,2,3,1,4,1,2,2,3,3,1,1,2,3,1,1,1,3,4,4,1,3,0,1,1,0,2,3,0,1,2,3,3,1,2,1,3,2,2,3,4,2,3,2,2,1,3,2,1,4,1,1,3,1,4,1,1,2,1,1,1,1,3,1,3,1,1,1,3,1,1,1,1,1,2,2,3,1,2,2,2,2,2,3,3,1,2,1,1,1,0,2,2,1,3,3,4,0,4,4,3,0,1,4,4,4,4,2,3,3,0,0,1,1,1,4,1,1,1,2,2,3,3,1,4,1,2,2,3,3,1,1,2,3,1,1,1,1,3,4,4,1,3,1,0,1,1,0,2,3,0,1,2,0,3,2,3,1,3,2,1,3,2,2,3,4,2,2,3,2,2,1,3,2,1,4,1,4,1,3,1,4,1,1,2,1,1,1,1,0,3,2,1,3,1,1,1,3,0,1,2,1,1,0,1,1,2,2,3,1,2,2,2,2,2,3,0,3,1,2,1,1,1,0,2,2,1,3,3,4,0,3,2,4,4,3,0,1,4,4,4,4,0,0,1,0,1,2,3,3,0,0,0,1,1,4,1,1,1,2,2,3,3,1,4,1,2,2,3,3,1,1,2,3,1,1,1,3,4,4,1,3,0,1,1,0,2,3,0,1,2,3,3,1,2,1,3,2,2,3,4,2,3,2,2,1,3,2,1,4,1,1,3,1,4,1,1,2,1,1,1,1,3,1,3,1,1,1,3,1,1,1,1,1,2,2,3,1,2,2,2,2,2,3,3,1,2,1,1,1,0,2,2,1,3,3,4,0,4,4,3,0,1,4,4,4,4,0,2,3,3
RBB-18-0129-1_S179,0,0,0,0,0,0,0,0,0,0,0,0,0,0,0,0,0,0,0,0,0,0,0,0,0,0,0,0,0,0,0,0,0,0,0,0,0,0,0,2,0,2,3,1,0,0,0,0,0,0,0,0,0,0,0,0,0,0,2,1,0,0,0,1,0,4,2,3,3,2,1,0,1,0,3,1,0,0,0,0,0,0,1,1,0,0,0,3,0,0,0,0,0,0,0,0,0,0,0,0,0,0,0,2,0,0,3,3,3,2,3,2,4,3,1,4,0,4,4,2,3,3,0,0,0,0,0,0,0,0,0,0,0,0,0,0,0,0,0,0,0,0,0,0,0,0,0,0,0,0,0,0,0,0,0,0,0,0,0,2,0,3,1,0,0,0,0,0,0,0,0,0,0,0,0,0,2,1,0,0,0,1,0,4,2,3,3,2,1,0,1,0,3,1,0,0,0,0,0,0,1,1,0,0,0,3,0,0,0,0,0,0,0,0,0,0,0,0,0,0,0,2,0,0,3,3,3,3,2,4,3,1,4,0,4,4,2,3,3,3,0,0,0,0,0,0,0,0,0,0,0,0,0,0,0,0,0,0,0,0,0,0,0,0,0,0,0,0,0,0,0,0,0,0,0,0,0,0,0,0,0,2,0,0,2,3,1,0,0,0,0,0,0,0,0,0,0,0,0,0,0,0,2,1,0,0,0,0,1,0,4,2,3,3,2,1,0,1,2,0,0,3,1,0,0,0,0,3,0,0,0,1,3,1,0,0,0,3,0,0,0,0,0,0,0,3,0,0,0,0,0,0,0,0,2,0,0,3,3,3,3,2,3,2,4,3,1,4,0,4,4,1,4,1,3,1,2,3,3,3,1,0,0,0,0,0,0,0,0,0,0,0,0,0,0,0,0,0,0,0,0,0,0,0,0,0,0,0,0,0,0,0,0,0,0,0,0,0,0,2,0,3,1,0,0,0,0,0,0,0,0,0,0,0,0,0,2,1,0,0,0,1,0,4,2,3,3,2,1,0,1,0,3,1,0,0,0,0,0,0,1,1,0,0,0,3,0,0,0,0,0,0,0,0,0,0,0,0,0,0,0,2,0,0,3,3,3,3,2,4,3,1,4,0,4,4,4,2,3,3
RBB-18-0490-1_S20_L001,0,0,0,0,0,0,0,0,0,0,0,0,0,0,0,0,0,0,0,0,0,0,0,0,0,0,0,0,0,0,0,0,0,0,0,0,0,0,0,2,1,2,3,1,0,0,0,0,0,0,0,0,0,3,0,0,0,0,2,1,0,0,1,3,3,4,0,2,0,0,0,0,1,0,0,0,0,0,0,0,0,0,1,1,0,0,0,3,0,0,0,0,0,0,0,0,0,0,0,0,0,0,0,0,0,1,3,4,3,2,3,4,4,3,1,4,4,4,4,2,3,3,0,0,0,0,0,0,0,0,0,0,0,0,0,0,0,0,0,0,0,0,0,0,0,0,0,0,0,0,0,0,0,0,0,0,0,0,0,2,1,3,1,0,0,0,0,0,0,0,0,3,0,0,0,0,2,1,0,0,1,3,3,4,0,2,0,0,0,0,1,0,0,0,0,0,0,0,0,0,1,1,0,0,0,3,0,0,0,0,0,0,0,0,0,0,0,0,0,0,0,0,0,1,3,4,3,3,4,4,3,1,4,4,4,4,2,3,3,3,0,0,0,0,0,0,0,0,0,0,0,0,0,0,0,0,0,0,0,0,0,0,0,0,0,0,0,0,0,0,0,0,0,0,0,0,0,0,0,0,0,2,3,1,2,3,1,0,0,0,0,0,0,0,0,0,0,3,0,0,0,0,2,1,0,0,0,1,3,3,4,0,2,0,0,0,0,1,2,0,0,0,0,0,0,0,0,3,0,0,0,1,3,1,0,0,0,3,0,0,0,0,0,0,0,3,0,0,0,0,0,0,0,0,0,0,1,3,4,3,3,2,3,4,4,3,1,4,4,4,4,1,4,1,3,1,2,3,3,3,1,0,0,0,0,0,0,0,0,0,0,0,0,0,0,0,0,0,0,0,0,0,0,0,0,0,0,0,0,0,0,0,0,0,0,0,0,0,0,2,1,3,1,0,0,0,0,0,0,0,0,3,0,0,0,0,2,1,0,0,1,3,3,4,0,2,0,0,0,0,1,0,0,0,0,0,0,0,0,0,1,1,0,0,0,3,0,0,0,0,0,0,0,0,0,0,0,0,0,0,0,0,0,1,3,4,3,3,4,4,3,1,4,4,4,4,4,2,3,3
RBB-18-0519-1_S184,3,1,1,4,1,1,1,0,4,3,3,1,0,1,4,2,3,3,1,1,2,3,1,2,1,1,3,4,4,1,3,3,2,3,2,2,3,3,3,2,1,2,3,1,2,1,3,2,2,3,4,2,2,3,2,2,1,3,2,1,1,4,1,3,1,4,2,2,3,2,1,3,1,3,3,1,1,1,0,0,2,0,0,1,4,0,2,3,3,2,4,3,2,2,3,3,3,3,0,2,1,3,3,0,0,1,3,3,3,2,3,2,4,3,1,4,1,4,4,2,3,0,3,1,1,4,1,1,1,0,4,3,1,0,1,4,2,3,3,1,1,2,3,1,1,1,3,4,4,1,3,3,2,3,2,2,3,3,3,2,1,3,1,2,1,3,2,2,3,4,2,3,2,2,1,3,2,1,1,4,1,3,1,4,2,2,3,2,1,3,1,3,3,1,1,1,0,0,2,0,0,1,4,0,2,3,3,2,4,3,2,2,3,3,3,3,0,2,1,3,3,0,0,1,3,3,3,3,2,4,3,1,4,1,4,4,2,3,0,3,3,1,1,2,4,1,1,1,0,4,3,3,1,0,1,4,2,3,3,1,1,2,3,1,2,1,1,3,4,4,1,3,4,3,2,3,2,2,3,3,3,2,3,1,2,3,1,3,2,1,3,2,2,3,4,2,2,3,2,2,1,3,2,1,1,4,1,1,3,1,4,2,2,3,2,1,3,1,2,3,2,3,1,1,1,0,0,3,2,2,0,0,3,1,4,0,2,3,3,2,4,3,2,2,3,3,3,3,3,0,2,1,3,3,0,0,1,3,3,3,3,2,3,2,4,3,1,4,1,4,4,1,4,1,3,0,2,3,0,3,0,3,1,1,4,1,1,1,0,4,3,3,1,0,1,4,2,3,3,1,1,2,3,1,1,1,3,4,4,1,3,3,2,3,2,2,3,3,3,2,1,3,1,2,1,3,2,2,3,4,2,3,2,2,1,3,2,1,1,4,1,3,1,4,2,2,3,2,1,3,1,3,3,1,1,1,0,0,2,0,0,1,4,0,2,3,3,2,4,3,2,2,3,3,3,3,0,2,1,3,3,0,0,1,3,3,3,3,2,4,3,1,4,1,4,4,4,2,3,0
RBB-18-0537-1_S21_L001,1,1,1,4,1,1,1,2,2,3,3,1,4,1,2,2,3,3,1,1,2,3,1,1,1,1,3,4,4,1,3,3,1,1,1,2,3,2,1,2,3,2,3,1,2,1,3,2,2,3,4,2,2,3,2,2,1,3,2,1,4,1,1,3,1,4,1,1,2,1,1,1,1,3,1,3,1,1,1,3,1,1,1,1,1,2,2,3,1,2,2,2,2,2,3,3,1,2,1,1,1,3,2,2,1,3,3,4,0,2,4,4,3,0,1,4,4,4,4,2,3,3,1,1,1,4,1,1,1,2,2,3,1,4,1,2,2,3,3,1,1,2,3,1,1,1,3,4,4,1,3,3,1,1,1,2,3,2,1,2,3,3,1,2,1,3,2,2,3,4,2,3,2,2,1,3,2,1,4,1,1,3,1,4,1,1,2,1,1,1,1,3,1,3,1,1,1,3,1,1,1,1,1,2,2,3,1,2,2,2,2,2,3,3,1,2,1,1,1,3,2,2,1,3,3,4,0,4,4,3,0,1,4,4,4,4,2,3,3,0,1,1,1,1,4,1,1,1,2,2,3,3,1,4,1,2,2,3,3,1,1,2,3,1,1,1,1,3,4,4,1,3,1,3,1,1,1,2,3,2,1,2,0,3,2,3,1,3,2,1,3,2,2,3,4,2,2,3,2,2,1,3,2,1,4,1,4,1,3,1,4,1,1,2,1,1,1,1,0,3,2,1,3,1,1,1,3,0,1,2,1,1,0,1,1,2,2,3,1,2,2,2,2,2,3,0,3,1,2,1,1,1,3,2,2,1,3,3,4,0,3,2,4,4,3,0,1,4,4,4,4,0,0,1,0,1,2,3,3,0,0,1,1,1,4,1,1,1,2,2,3,3,1,4,1,2,2,3,3,1,1,2,3,1,1,1,3,4,4,1,3,3,1,1,1,2,3,2,1,2,3,3,1,2,1,3,2,2,3,4,2,3,2,2,1,3,2,1,4,1,1,3,1,4,1,1,2,1,1,1,1,3,1,3,1,1,1,3,1,1,1,1,1,2,2,3,1,2,2,2,2,2,3,3,1,2,1,1,1,3,2,2,1,3,3,4,0,4,4,3,0,1,4,4,4,4,0,2,3,3
RBB-18-0546-1_S22_L001,3,0,1,0,4,1,0,2,4,0,4,0,4,1,2,2,3,0,1,1,2,3,2,2,1,1,0,4,4,1,3,3,1,3,2,2,4,3,1,2,3,2,3,1,0,1,0,0,2,3,4,2,2,3,2,2,1,3,2,1,1,4,1,1,0,4,2,3,3,2,1,0,1,0,3,1,1,1,0,0,2,1,1,1,1,2,2,3,3,3,4,3,2,2,0,3,3,3,1,2,0,3,2,2,0,1,3,3,3,2,3,2,4,3,1,4,0,4,4,2,3,3,3,0,1,0,4,1,0,2,4,4,0,4,1,2,2,3,0,1,1,2,3,2,1,1,0,4,4,1,3,3,1,3,2,2,4,3,1,2,3,3,1,0,1,0,0,2,3,4,2,3,2,2,1,3,2,1,1,4,1,1,0,4,2,3,3,2,1,0,1,0,3,1,1,1,0,0,2,1,1,1,1,2,2,3,3,3,4,3,2,2,0,3,3,3,1,2,0,3,2,2,0,1,3,3,3,3,2,4,3,1,4,0,4,4,2,3,3,3,3,0,1,1,0,4,1,0,2,4,0,4,0,4,1,2,2,3,0,1,1,2,3,2,2,1,1,0,4,4,1,3,4,3,1,3,2,2,4,3,1,2,3,3,2,3,1,0,0,1,0,0,2,3,4,2,2,3,2,2,1,3,2,1,1,4,0,1,1,0,4,2,3,3,2,1,0,1,2,0,0,3,1,1,1,0,0,4,2,2,1,1,3,1,1,2,2,3,3,3,4,3,2,2,0,3,3,3,3,1,2,0,3,2,2,0,1,3,3,3,3,2,3,2,4,3,1,4,0,4,4,1,4,1,3,0,2,3,3,3,1,3,0,1,0,4,1,0,2,4,0,4,0,4,1,2,2,3,0,1,1,2,3,2,1,1,0,4,4,1,3,3,1,3,2,2,4,3,1,2,3,3,1,0,1,0,0,2,3,4,2,3,2,2,1,3,2,1,1,4,1,1,0,4,2,3,3,2,1,0,1,0,3,1,1,1,0,0,2,1,1,1,1,2,2,3,3,3,4,3,2,2,0,3,3,3,1,2,0,3,2,2,0,1,3,3,3,3,2,4,3,1,4,0,4,4,4,2,3,3
RBB-18-0665-1_S23_L001,3,4,1,4,1,1,1,2,3,3,4,0,0,1,4,2,3,3,1,0,0,3,1,2,1,1,3,4,4,1,3,3,1,3,2,2,4,3,1,1,3,2,3,1,2,1,3,2,2,3,4,2,2,3,2,2,0,3,2,1,1,4,1,3,0,4,2,3,3,1,1,1,1,3,3,1,1,1,0,0,2,0,1,1,4,0,2,3,3,2,4,3,2,2,3,0,3,3,0,2,1,3,0,0,0,1,3,3,3,2,3,2,4,3,1,4,1,4,1,2,3,3,3,4,1,4,1,1,1,2,3,4,0,0,1,4,2,3,3,1,0,0,3,1,1,1,3,4,4,1,3,3,1,3,2,2,4,3,1,1,3,3,1,2,1,3,2,2,3,4,2,3,2,2,0,3,2,1,1,4,1,3,0,4,2,3,3,1,1,1,1,3,3,1,1,1,0,0,2,0,1,1,4,0,2,3,3,2,4,3,2,2,3,0,3,3,0,2,1,3,0,0,0,1,3,3,3,3,2,4,3,1,4,1,4,1,2,3,3,3,3,4,1,1,4,1,1,1,2,3,3,4,0,0,1,4,2,3,3,1,0,0,3,1,2,1,1,3,4,4,1,3,4,3,1,3,2,2,4,3,1,1,3,3,2,3,1,0,2,1,3,2,2,3,4,2,2,3,2,2,0,3,2,1,1,4,1,1,3,0,4,2,3,3,1,1,1,1,2,3,2,3,1,1,1,0,0,3,2,2,0,1,3,1,4,0,2,3,3,2,4,3,2,2,3,3,0,3,3,0,2,1,3,0,0,0,1,3,3,3,3,2,3,2,4,3,1,4,1,4,1,1,4,1,3,1,2,3,3,3,1,3,4,1,4,1,1,1,2,3,3,4,0,0,1,4,2,3,3,1,0,0,3,1,1,1,3,4,4,1,3,3,1,3,2,2,4,3,1,1,3,3,1,2,1,3,2,2,3,4,2,3,2,2,0,3,2,1,1,4,1,3,0,4,2,3,3,1,1,1,1,3,3,1,1,1,0,0,2,0,1,1,4,0,2,3,3,2,4,3,2,2,3,0,3,3,0,2,1,3,0,0,0,1,3,3,3,3,2,4,3,1,4,1,4,1,4,2,3,3
RBB-18-0668-1_S188,1,1,1,4,1,1,1,2,2,3,3,1,4,1,2,2,3,3,1,1,2,3,1,1,1,1,3,4,4,1,3,3,1,1,1,2,3,2,1,2,3,2,3,1,2,1,3,2,2,3,4,2,2,3,2,2,1,3,2,1,4,1,1,3,1,4,1,1,2,1,1,1,1,3,1,3,1,1,1,3,1,1,1,1,1,2,2,3,1,2,2,2,2,2,3,3,1,2,1,1,1,3,2,2,1,3,3,4,0,2,4,4,3,0,1,4,4,4,4,2,3,3,1,1,1,4,1,1,1,2,2,3,1,4,1,2,2,3,3,1,1,2,3,1,1,1,3,4,4,1,3,3,1,1,1,2,3,2,1,2,3,3,1,2,1,3,2,2,3,4,2,3,2,2,1,3,2,1,4,1,1,3,1,4,1,1,2,1,1,1,1,3,1,3,1,1,1,3,1,1,1,1,1,2,2,3,1,2,2,2,2,2,3,3,1,2,1,1,1,3,2,2,1,3,3,4,0,4,4,3,0,1,4,4,4,4,2,3,3,0,1,1,1,1,4,1,1,1,2,2,3,3,1,4,1,2,2,3,3,1,1,2,3,1,1,1,1,3,4,4,1,3,1,3,1,1,1,2,3,2,1,2,0,3,2,3,1,3,2,1,3,2,2,3,4,2,2,3,2,2,1,3,2,1,4,1,4,1,3,1,4,1,1,2,1,1,1,1,0,3,2,1,3,1,1,1,3,0,1,2,1,1,0,1,1,2,2,3,1,2,2,2,2,2,3,0,3,1,2,1,1,1,3,2,2,1,3,3,4,0,3,2,4,4,3,0,1,4,4,4,4,0,0,1,0,1,2,3,3,0,0,1,1,1,4,1,1,1,2,2,3,3,1,4,1,2,2,3,3,1,1,2,3,1,1,1,3,4,4,1,3,3,1,1,1,2,3,2,1,2,3,3,1,2,1,3,2,2,3,4,2,3,2,2,1,3,2,1,4,1,1,3,1,4,1,1,2,1,1,1,1,3,1,3,1,1,1,3,1,1,1,1,1,2,2,3,1,2,2,2,2,2,3,3,1,2,1,1,1,3,2,2,1,3,3,4,0,4,4,3,0,1,4,4,4,4,0,2,3,3
RBB-18-0674-1_S189,3,0,1,4,4,1,1,2,4,3,4,1,4,1,2,2,3,3,1,1,2,3,2,2,1,1,3,4,4,1,3,3,2,3,2,2,4,3,0,1,3,2,3,1,2,1,3,2,2,3,4,2,2,3,2,2,1,3,2,1,1,4,1,1,3,4,2,3,3,2,1,1,1,3,3,1,1,1,0,3,2,3,1,1,0,2,2,3,3,3,4,3,2,2,3,3,3,3,1,2,1,3,2,2,1,1,3,3,3,2,3,4,4,3,1,0,1,0,4,2,3,3,3,0,1,4,4,1,1,2,4,4,1,4,1,2,2,3,3,1,1,2,3,2,1,1,3,4,4,1,3,3,2,3,2,2,4,3,0,1,3,3,1,2,1,3,2,2,3,4,2,3,2,2,1,3,2,1,1,4,1,1,3,4,2,3,3,2,1,1,1,3,3,1,1,1,0,3,2,3,1,1,0,2,2,3,3,3,4,3,2,2,3,3,3,3,1,2,1,3,2,2,1,1,3,3,3,3,4,4,3,1,0,1,0,4,2,3,3,2,3,0,1,1,4,4,1,1,2,4,3,4,1,4,1,2,2,3,3,1,1,2,3,2,2,1,1,3,4,4,1,3,1,3,2,3,2,2,4,3,0,1,3,3,2,3,1,3,2,1,3,2,2,3,4,2,2,3,2,2,1,3,2,1,1,4,0,1,1,3,4,2,3,3,2,1,1,1,2,3,2,3,1,1,1,0,3,4,2,2,3,1,3,1,0,2,2,3,3,3,4,3,2,2,3,3,3,3,3,1,2,1,3,2,2,1,1,3,3,3,3,2,3,4,4,3,1,0,1,0,4,1,4,0,3,0,2,3,3,3,1,3,0,1,4,4,1,1,2,4,3,4,1,4,1,2,2,3,3,1,1,2,3,2,1,1,3,4,4,1,3,3,2,3,2,2,4,3,0,1,3,3,1,2,1,3,2,2,3,4,2,3,2,2,1,3,2,1,1,4,1,1,3,4,2,3,3,2,1,1,1,3,3,1,1,1,0,3,2,3,1,1,0,2,2,3,3,3,4,3,2,2,3,3,3,3,1,2,1,3,2,2,1,1,3,3,3,3,4,4,3,1,0,1,0,4,4,2,3,3
RBB-18-0765-1_S191,0,0,0,0,0,0,0,0,0,0,0,0,0,0,0,0,0,0,0,0,0,0,0,0,0,0,0,0,0,0,0,0,0,0,0,0,0,0,0,2,1,0,3,1,0,0,0,0,0,0,0,0,0,0,0,0,0,0,2,1,0,0,1,3,3,4,0,2,0,0,0,0,1,0,0,0,0,0,0,0,0,0,1,1,0,0,0,3,0,0,0,0,0,0,0,0,0,0,0,0,0,0,0,0,0,1,3,4,3,2,3,4,4,3,1,4,4,4,4,2,3,3,0,0,0,0,0,0,0,0,0,0,0,0,0,0,0,0,0,0,0,0,0,0,0,0,0,0,0,0,0,0,0,0,0,0,0,0,0,2,1,3,1,0,0,0,0,0,0,0,0,0,0,0,0,0,2,1,0,0,1,3,3,4,0,2,0,0,0,0,1,0,0,0,0,0,0,0,0,0,1,1,0,0,0,3,0,0,0,0,0,0,0,0,0,0,0,0,0,0,0,0,0,1,3,4,3,3,4,4,3,1,4,4,4,4,2,3,3,3,0,0,0,0,0,0,0,0,0,0,0,0,0,0,0,0,0,0,0,0,0,0,0,0,0,0,0,0,0,0,0,0,0,0,0,0,0,0,0,0,0,2,3,1,0,3,1,0,0,0,0,0,0,0,0,0,0,0,0,0,0,0,2,1,0,0,0,1,3,3,4,0,2,0,0,0,0,1,2,0,0,0,0,0,0,0,0,3,0,0,0,1,3,1,0,0,0,3,0,0,0,0,0,0,0,3,0,0,0,0,0,0,0,0,0,0,1,3,4,3,3,2,3,4,4,3,1,4,4,4,4,1,4,1,3,1,2,3,3,3,1,0,0,0,0,0,0,0,0,0,0,0,0,0,0,0,0,0,0,0,0,0,0,0,0,0,0,0,0,0,0,0,0,0,0,0,0,0,0,2,1,3,1,0,0,0,0,0,0,0,0,0,0,0,0,0,2,1,0,0,1,3,3,4,0,2,0,0,0,0,1,0,0,0,0,0,0,0,0,0,1,1,0,0,0,3,0,0,0,0,0,0,0,0,0,0,0,0,0,0,0,0,0,1,3,4,3,3,4,4,3,1,4,4,4,4,4,2,3,3
RBB-18-0772-1_S192,3,0,1,4,4,1,1,2,4,3,4,1,4,1,2,2,3,3,1,1,2,3,2,2,1,1,3,4,4,1,3,3,2,3,2,2,4,3,1,2,1,2,3,1,2,1,3,2,2,3,4,2,2,3,2,2,1,3,2,1,1,4,1,1,3,4,2,3,3,2,1,1,1,0,3,1,1,1,0,3,2,3,1,1,0,2,2,3,3,3,4,3,2,2,3,3,3,3,1,2,1,3,2,2,1,1,3,3,3,2,3,4,4,3,1,0,1,0,4,2,3,3,3,0,1,4,4,1,1,2,4,4,1,4,1,2,2,3,3,1,1,2,3,2,1,1,3,4,4,1,3,3,2,3,2,2,4,3,1,2,1,3,1,2,1,3,2,2,3,4,2,3,2,2,1,3,2,1,1,4,1,1,3,4,2,3,3,2,1,1,1,0,3,1,1,1,0,3,2,3,1,1,0,2,2,3,3,3,4,3,2,2,3,3,3,3,1,2,1,3,2,2,1,1,3,3,3,3,4,4,3,1,0,1,0,4,2,3,3,2,3,0,1,1,4,4,1,1,2,4,3,4,1,4,1,2,2,3,3,1,1,2,3,2,2,1,1,3,4,4,1,3,1,3,2,3,2,2,4,3,1,2,3,1,2,3,1,3,2,1,3,2,2,3,4,2,2,3,2,2,1,3,2,1,1,4,0,1,1,3,4,2,3,3,2,1,1,1,2,0,0,3,1,1,1,0,3,4,2,2,3,1,3,1,0,2,2,3,3,3,4,3,2,2,3,3,3,3,3,1,2,1,3,2,2,1,1,3,3,3,3,2,3,4,4,3,1,0,1,0,4,1,4,0,3,0,2,3,3,3,1,3,0,1,4,4,1,1,2,4,3,4,1,4,1,2,2,3,3,1,1,2,3,2,1,1,3,4,4,1,3,3,2,3,2,2,4,3,1,2,1,3,1,2,1,3,2,2,3,4,2,3,2,2,1,3,2,1,1,4,1,1,3,4,2,3,3,2,1,1,1,0,3,1,1,1,0,3,2,3,1,1,0,2,2,3,3,3,4,3,2,2,3,3,3,3,1,2,1,3,2,2,1,1,3,3,3,3,4,4,3,1,0,1,0,4,4,2,3,3
RBB-18-0826-1_S193,0,0,0,0,0,0,0,0,0,0,0,0,0,0,0,0,0,0,0,0,0,0,0,0,0,0,0,0,0,0,0,0,0,0,0,0,0,0,0,2,1,2,3,1,0,0,0,0,0,0,0,0,0,0,0,0,0,0,2,1,0,0,0,3,0,0,0,0,0,0,0,0,0,0,0,0,0,0,0,0,0,0,1,1,0,0,0,3,0,0,0,0,0,0,0,0,0,0,0,0,0,0,0,0,0,1,3,4,3,2,3,4,3,3,1,4,1,4,4,2,3,3,0,0,0,0,0,0,0,0,0,0,0,0,0,0,0,0,0,0,0,0,0,0,0,0,0,0,0,0,0,0,0,0,0,0,0,0,0,2,1,3,1,0,0,0,0,0,0,0,0,0,0,0,0,0,2,1,0,0,0,3,0,0,0,0,0,0,0,0,0,0,0,0,0,0,0,0,0,0,1,1,0,0,0,3,0,0,0,0,0,0,0,0,0,0,0,0,0,0,0,0,0,1,3,4,3,3,4,3,3,1,4,1,4,4,2,3,3,3,0,0,0,0,0,0,0,0,0,0,0,0,0,0,0,0,0,0,0,0,0,0,0,0,0,0,0,0,0,0,0,0,0,0,0,0,0,0,0,0,0,2,3,1,2,3,1,0,0,0,0,0,0,0,0,0,0,0,0,0,0,0,2,1,0,0,0,0,3,0,0,0,0,0,0,0,0,0,2,0,2,0,0,0,0,0,0,3,0,0,0,1,3,1,0,0,0,3,0,0,0,0,0,0,0,3,0,0,0,0,0,0,0,0,0,0,1,3,4,3,3,2,3,4,3,3,1,4,1,4,4,1,4,1,3,1,2,3,3,3,1,0,0,0,0,0,0,0,0,0,0,0,0,0,0,0,0,0,0,0,0,0,0,0,0,0,0,0,0,0,0,0,0,0,0,0,0,0,0,2,1,3,1,0,0,0,0,0,0,0,0,0,0,0,0,0,2,1,0,0,0,3,0,0,0,0,0,0,0,0,0,0,0,0,0,0,0,0,0,0,1,1,0,0,0,3,0,0,0,0,0,0,0,0,0,0,0,0,0,0,0,0,0,1,3,4,3,3,4,3,3,1,4,1,4,4,4,2,3,3
RBB-18-0892-1_S80_2,3,0,1,0,4,1,0,2,4,0,4,0,4,1,2,2,3,0,1,1,2,3,2,2,1,1,0,4,4,1,3,3,1,3,2,2,4,3,1,2,3,2,3,1,0,1,0,0,2,3,4,2,2,3,2,2,1,3,2,1,1,4,1,1,0,4,2,3,3,2,1,0,1,0,3,1,1,1,0,0,2,1,1,1,1,2,2,3,3,3,4,3,2,2,0,3,3,3,1,2,0,3,2,2,0,1,3,3,3,2,3,2,4,3,1,4,0,4,4,2,3,3,3,0,1,0,4,1,0,2,4,4,0,4,1,2,2,3,0,1,1,2,3,2,1,1,0,4,4,1,3,3,1,3,2,2,4,3,1,2,3,3,1,0,1,0,0,2,3,4,2,3,2,2,1,3,2,1,1,4,1,1,0,4,2,3,3,2,1,0,1,0,3,1,1,1,0,0,2,1,1,1,1,2,2,3,3,3,4,3,2,2,0,3,3,3,1,2,0,3,2,2,0,1,3,3,3,3,2,4,3,1,4,0,4,4,2,3,3,3,3,0,1,1,0,4,1,0,2,4,0,4,0,4,1,2,2,3,0,1,1,2,3,2,2,1,1,0,4,4,1,3,4,3,1,3,2,2,4,3,1,2,3,3,2,3,1,0,0,1,0,0,2,3,4,2,2,3,2,2,1,3,2,1,1,4,0,1,1,0,4,2,3,3,2,1,0,1,2,0,0,3,1,1,1,0,0,4,2,2,1,1,3,1,1,2,2,3,3,3,4,3,2,2,0,3,3,3,3,1,2,0,3,2,2,0,1,3,3,3,3,2,3,2,4,3,1,4,0,4,4,1,4,1,3,0,2,3,3,3,1,3,0,1,0,4,1,0,2,4,0,4,0,4,1,2,2,3,0,1,1,2,3,2,1,1,0,4,4,1,3,3,1,3,2,2,4,3,1,2,3,3,1,0,1,0,0,2,3,4,2,3,2,2,1,3,2,1,1,4,1,1,0,4,2,3,3,2,1,0,1,0,3,1,1,1,0,0,2,1,1,1,1,2,2,3,3,3,4,3,2,2,0,3,3,3,1,2,0,3,2,2,0,1,3,3,3,3,2,4,3,1,4,0,4,4,4,2,3,3
RBB-18-0972-1_S203_2,0,0,0,0,0,0,0,0,0,0,0,0,0,0,0,0,0,0,0,0,0,0,0,0,0,0,0,0,0,0,0,0,0,0,0,0,0,0,0,2,3,0,3,1,0,0,0,0,0,0,0,0,0,0,0,0,0,0,2,1,1,4,0,3,1,4,2,1,3,1,1,0,1,3,0,0,1,0,0,0,0,0,1,1,0,0,0,3,0,0,0,0,0,0,0,0,0,0,0,0,0,0,0,0,0,1,3,4,3,2,4,4,4,3,1,4,4,4,4,2,3,3,0,0,0,0,0,0,0,0,0,0,0,0,0,0,0,0,0,0,0,0,0,0,0,0,0,0,0,0,0,0,0,0,0,0,0,0,0,2,3,3,1,0,0,0,0,0,0,0,0,0,0,0,0,0,2,1,1,4,0,3,1,4,2,1,3,1,1,0,1,3,0,0,1,0,0,0,0,0,1,1,0,0,0,3,0,0,0,0,0,0,0,0,0,0,0,0,0,0,0,0,0,1,3,4,3,4,4,4,3,1,4,4,4,4,2,3,3,3,0,0,0,0,0,0,0,0,0,0,0,0,0,0,0,0,0,0,0,0,0,0,0,0,0,0,0,0,0,0,0,0,0,0,0,0,0,0,0,0,0,2,3,3,0,3,1,0,0,0,0,0,0,0,0,0,0,0,0,0,0,0,2,1,1,4,1,0,3,1,4,2,1,3,1,1,0,1,0,3,0,0,0,1,0,0,0,3,0,0,0,1,3,1,0,0,0,3,0,0,0,0,0,0,0,3,0,0,0,0,0,0,0,0,0,0,1,3,4,3,3,2,4,4,4,3,1,4,4,4,4,1,4,1,3,1,2,3,3,3,1,0,0,0,0,0,0,0,0,0,0,0,0,0,0,0,0,0,0,0,0,0,0,0,0,0,0,0,0,0,0,0,0,0,0,0,0,0,0,2,3,3,1,0,0,0,0,0,0,0,0,0,0,0,0,0,2,1,1,4,0,3,1,4,2,1,3,1,1,0,1,3,0,0,1,0,0,0,0,0,1,1,0,0,0,3,0,0,0,0,0,0,0,0,0,0,0,0,0,0,0,0,0,1,3,4,3,4,4,4,3,1,4,4,4,4,4,2,3,3
RBB-18-1086-1_S189_2,3,1,1,4,1,1,1,0,4,3,4,1,4,1,4,2,3,3,1,1,2,3,1,2,1,1,3,4,4,1,3,3,2,3,2,2,4,2,3,1,1,0,0,1,2,1,3,2,2,3,4,2,2,3,2,2,1,3,2,0,1,4,1,3,0,4,2,2,3,1,1,3,1,3,3,1,1,1,0,3,2,1,1,1,4,2,2,3,3,2,4,3,2,2,3,3,3,3,0,2,1,3,3,0,0,1,3,3,3,0,3,4,4,3,2,4,1,0,1,0,3,3,3,1,1,4,1,1,1,0,4,4,1,4,1,4,2,3,3,1,1,2,3,1,1,1,3,4,4,1,3,3,2,3,2,2,4,2,3,1,1,0,1,2,1,3,2,2,3,4,2,3,2,2,1,3,2,0,1,4,1,3,0,4,2,2,3,1,1,3,1,3,3,1,1,1,0,3,2,1,1,1,4,2,2,3,3,2,4,3,2,2,3,3,3,3,0,2,1,3,3,0,0,1,3,3,3,3,4,4,3,2,4,1,0,1,0,3,3,3,3,1,1,2,4,1,1,1,0,4,3,4,1,4,1,4,2,3,3,1,1,2,3,1,2,1,1,3,4,4,1,3,4,3,2,3,2,2,4,2,3,1,3,1,0,0,1,3,2,1,3,2,2,3,4,2,2,3,2,2,1,3,2,0,1,4,1,1,3,0,4,2,2,3,1,1,3,1,2,3,2,3,1,1,1,0,3,3,2,2,1,1,0,1,4,2,2,3,3,2,4,3,2,2,3,3,3,3,3,0,2,1,3,3,0,0,1,3,3,3,0,0,3,4,4,3,2,4,1,0,1,1,4,1,3,0,0,3,3,3,1,3,1,1,4,1,1,1,0,4,3,4,1,4,1,4,2,3,3,1,1,2,3,1,1,1,3,4,4,1,3,3,2,3,2,2,4,2,3,1,1,0,1,2,1,3,2,2,3,4,2,3,2,2,1,3,2,0,1,4,1,3,0,4,2,2,3,1,1,3,1,3,3,1,1,1,0,3,2,1,1,1,4,2,2,3,3,2,4,3,2,2,3,3,3,3,0,2,1,3,3,0,0,1,3,3,3,3,4,4,3,2,4,1,0,1,4,0,3,3
RBB-18-1212-1_S67_2,3,0,1,0,4,1,0,2,4,0,4,0,4,1,2,2,3,0,1,1,2,3,2,2,1,1,0,4,4,1,3,3,1,3,2,2,4,3,1,2,3,2,3,1,0,1,0,0,2,3,4,2,2,3,2,2,1,3,2,1,1,4,1,1,0,4,2,3,3,2,1,0,1,0,3,1,1,1,0,0,2,1,1,1,1,2,2,3,3,3,4,3,2,2,0,3,3,3,1,2,0,3,2,2,0,1,3,3,3,2,3,2,4,3,1,4,0,4,4,2,3,3,3,0,1,0,4,1,0,2,4,4,0,4,1,2,2,3,0,1,1,2,3,2,1,1,0,4,4,1,3,3,1,3,2,2,4,3,1,2,3,3,1,0,1,0,0,2,3,4,2,3,2,2,1,3,2,1,1,4,1,1,0,4,2,3,3,2,1,0,1,0,3,1,1,1,0,0,2,1,1,1,1,2,2,3,3,3,4,3,2,2,0,3,3,3,1,2,0,3,2,2,0,1,3,3,3,3,2,4,3,1,4,0,4,4,2,3,3,3,3,0,1,1,0,4,1,0,2,4,0,4,0,4,1,2,2,3,0,1,1,2,3,2,2,1,1,0,4,4,1,3,4,3,1,3,2,2,4,3,1,2,3,3,2,3,1,0,0,1,0,0,2,3,4,2,2,3,2,2,1,3,2,1,1,4,0,1,1,0,4,2,3,3,2,1,0,1,2,0,0,3,1,1,1,0,0,4,2,2,1,1,3,1,1,2,2,3,3,3,4,3,2,2,0,3,3,3,3,1,2,0,3,2,2,0,1,3,3,3,3,2,3,2,4,3,1,4,0,4,4,1,4,1,3,0,2,3,3,3,1,3,0,1,0,4,1,0,2,4,0,4,0,4,1,2,2,3,0,1,1,2,3,2,1,1,0,4,4,1,3,3,1,3,2,2,4,3,1,2,3,3,1,0,1,0,0,2,3,4,2,3,2,2,1,3,2,1,1,4,1,1,0,4,2,3,3,2,1,0,1,0,3,1,1,1,0,0,2,1,1,1,1,2,2,3,3,3,4,3,2,2,0,3,3,3,1,2,0,3,2,2,0,1,3,3,3,3,2,4,3,1,4,0,4,4,4,2,3,3
RBB-18-1309-1_S42,1,1,1,4,1,1,1,2,2,3,3,1,4,1,2,2,3,3,1,1,2,3,1,1,1,1,3,4,4,1,3,3,1,1,1,2,3,2,1,2,3,2,3,1,2,1,3,2,2,3,4,2,2,3,2,2,1,3,2,1,4,1,1,3,1,4,1,1,2,1,1,1,1,3,1,3,1,1,1,3,1,1,1,1,1,0,2,3,1,2,2,2,2,2,3,3,1,2,1,1,1,0,2,2,1,3,3,4,0,2,4,4,3,0,1,4,4,4,4,2,3,3,1,1,1,4,1,1,1,2,2,3,1,4,1,2,2,3,3,1,1,2,3,1,1,1,3,4,4,1,3,3,1,1,1,2,3,2,1,2,3,3,1,2,1,3,2,2,3,4,2,3,2,2,1,3,2,1,4,1,1,3,1,4,1,1,2,1,1,1,1,3,1,3,1,1,1,3,1,1,1,1,1,0,2,3,1,2,2,2,2,2,3,3,1,2,1,1,1,0,2,2,1,3,3,4,0,4,4,3,0,1,4,4,4,4,2,3,3,0,1,1,1,1,4,1,1,1,2,2,3,3,1,4,1,2,2,3,3,1,1,2,3,1,1,1,1,3,4,4,1,3,1,3,1,1,1,2,3,2,1,2,0,3,2,3,1,3,2,1,3,2,2,3,4,2,2,3,2,2,1,3,2,1,4,1,4,1,3,1,4,1,1,2,1,1,1,1,0,3,2,1,3,1,1,1,3,0,1,2,1,1,0,1,1,0,2,3,1,2,2,2,2,2,3,0,3,1,2,1,1,1,0,2,2,1,3,3,4,0,3,2,4,4,3,0,1,4,4,4,4,0,0,1,0,1,2,3,3,0,0,1,1,1,4,1,1,1,2,2,3,3,1,4,1,2,2,3,3,1,1,2,3,1,1,1,3,4,4,1,3,3,1,1,1,2,3,2,1,2,3,3,1,2,1,3,2,2,3,4,2,3,2,2,1,3,2,1,4,1,1,3,1,4,1,1,2,1,1,1,1,3,1,3,1,1,1,3,1,1,1,1,1,0,2,3,1,2,2,2,2,2,3,3,1,2,1,1,1,0,2,2,1,3,3,4,0,4,4,3,0,1,4,4,4,4,0,2,3,3
RBB-18-1312-1_S43,0,1,1,0,0,1,1,2,2,3,3,1,4,1,2,2,3,3,1,1,2,3,1,1,1,1,3,4,0,1,3,3,0,1,0,2,3,2,1,2,3,2,3,1,2,1,3,2,2,3,4,2,2,3,2,2,1,3,2,1,4,0,0,3,1,4,1,1,2,1,1,1,1,3,1,3,1,1,1,3,1,1,1,1,1,2,2,3,1,2,2,2,2,2,3,3,1,2,1,1,1,3,2,2,1,3,3,0,0,2,4,4,3,0,1,4,4,4,4,2,3,3,0,1,1,0,0,1,1,2,2,3,1,4,1,2,2,3,3,1,1,2,3,1,1,1,3,4,0,1,3,3,0,1,0,2,3,2,1,2,3,3,1,2,1,3,2,2,3,4,2,3,2,2,1,3,2,1,4,0,0,3,1,4,1,1,2,1,1,1,1,3,1,3,1,1,1,3,1,1,1,1,1,2,2,3,1,2,2,2,2,2,3,3,1,2,1,1,1,3,2,2,1,3,3,0,0,4,4,3,0,1,4,4,4,4,2,3,3,0,0,1,1,1,0,0,1,1,2,2,3,3,1,4,1,2,2,3,3,1,1,2,3,1,1,1,1,3,4,0,1,3,1,3,0,1,0,2,3,2,1,2,0,3,2,3,1,3,2,1,3,2,2,3,4,2,2,3,2,2,1,3,2,1,4,0,4,0,3,1,4,1,1,2,1,1,1,1,0,3,2,1,3,1,1,1,3,0,1,2,1,1,0,1,1,2,2,3,1,2,2,2,2,2,3,0,3,1,2,1,1,1,3,2,2,1,3,3,0,0,3,2,4,4,3,0,1,4,4,4,4,0,0,1,0,1,2,3,3,0,0,0,1,1,0,0,1,1,2,2,3,3,1,4,1,2,2,3,3,1,1,2,3,1,1,1,3,4,0,1,3,3,0,1,0,2,3,2,1,2,3,3,1,2,1,3,2,2,3,4,2,3,2,2,1,3,2,1,4,0,0,3,1,4,1,1,2,1,1,1,1,3,1,3,1,1,1,3,1,1,1,1,1,2,2,3,1,2,2,2,2,2,3,3,1,2,1,1,1,3,2,2,1,3,3,0,0,4,4,3,0,1,4,4,4,4,0,2,3,3
RBB-18-1393-1_S48,3,0,1,0,4,1,1,2,4,0,4,0,4,1,2,2,3,0,1,1,2,3,2,2,1,1,0,4,4,1,3,3,1,3,2,2,4,3,1,2,3,2,3,1,0,1,0,0,2,3,4,2,2,3,2,2,1,3,2,1,1,4,1,1,0,4,2,3,3,2,1,0,1,0,3,1,1,1,0,0,2,1,1,1,1,2,2,3,3,3,4,3,2,2,0,3,3,3,1,2,0,3,2,2,0,1,3,3,3,2,3,2,4,3,1,4,0,4,4,2,3,3,3,0,1,0,4,1,1,2,4,4,0,4,1,2,2,3,0,1,1,2,3,2,1,1,0,4,4,1,3,3,1,3,2,2,4,3,1,2,3,3,1,0,1,0,0,2,3,4,2,3,2,2,1,3,2,1,1,4,1,1,0,4,2,3,3,2,1,0,1,0,3,1,1,1,0,0,2,1,1,1,1,2,2,3,3,3,4,3,2,2,0,3,3,3,1,2,0,3,2,2,0,1,3,3,3,3,2,4,3,1,4,0,4,4,2,3,3,3,3,0,1,1,0,4,1,1,2,4,0,4,0,4,1,2,2,3,0,1,1,2,3,2,2,1,1,0,4,4,1,3,4,3,1,3,2,2,4,3,1,2,3,3,2,3,1,0,0,1,0,0,2,3,4,2,2,3,2,2,1,3,2,1,1,4,0,1,1,0,4,2,3,3,2,1,0,1,2,0,0,3,1,1,1,0,0,4,2,2,1,1,3,1,1,2,2,3,3,3,4,3,2,2,0,3,3,3,3,1,2,0,3,2,2,0,1,3,3,3,3,2,3,2,4,3,1,4,0,4,4,1,4,1,3,0,2,3,3,3,1,3,0,1,0,4,1,1,2,4,0,4,0,4,1,2,2,3,0,1,1,2,3,2,1,1,0,4,4,1,3,3,1,3,2,2,4,3,1,2,3,3,1,0,1,0,0,2,3,4,2,3,2,2,1,3,2,1,1,4,1,1,0,4,2,3,3,2,1,0,1,0,3,1,1,1,0,0,2,1,1,1,1,2,2,3,3,3,4,3,2,2,0,3,3,3,1,2,0,3,2,2,0,1,3,3,3,3,2,4,3,1,4,0,4,4,4,2,3,3
RBB-18-1406-1_S49,0,1,0,4,1,1,1,2,0,0,4,1,0,1,2,2,3,0,1,1,2,3,1,0,0,1,3,0,0,0,0,3,1,0,0,2,3,3,1,2,1,2,3,1,2,0,3,2,2,3,0,0,0,3,2,2,0,3,2,1,1,4,0,3,3,4,2,0,3,0,0,0,1,3,3,1,1,1,2,3,2,1,1,1,4,2,0,3,3,3,4,3,2,2,3,0,3,3,1,2,1,3,2,2,1,1,3,4,3,2,3,4,4,3,1,4,1,4,4,2,3,3,0,1,0,4,1,1,1,2,0,4,1,0,1,2,2,3,0,1,1,2,3,1,0,1,3,0,0,0,0,3,1,0,0,2,3,3,1,2,1,3,1,2,0,3,2,2,3,0,0,3,2,2,0,3,2,1,1,4,0,3,3,4,2,0,3,0,0,0,1,3,3,1,1,1,2,3,2,1,1,1,4,2,0,3,3,3,4,3,2,2,3,0,3,3,1,2,1,3,2,2,1,1,3,4,3,3,4,4,3,1,4,1,4,4,2,3,3,3,0,1,0,0,4,1,1,1,2,0,0,4,1,0,1,2,2,3,0,1,1,2,3,1,0,0,1,3,0,0,0,0,0,3,1,0,0,2,3,3,1,2,3,1,2,3,1,3,2,0,3,2,2,3,0,0,0,3,2,2,0,3,2,1,1,4,0,0,3,3,4,2,0,3,0,0,0,1,2,3,2,3,1,1,1,2,3,3,2,0,1,1,3,1,4,2,0,3,3,3,4,3,2,2,3,3,0,3,3,1,2,1,3,2,2,1,1,3,4,3,3,2,3,4,4,3,1,4,1,4,4,1,4,1,3,1,2,3,3,3,1,0,1,0,4,1,1,1,2,0,0,4,1,0,1,2,2,3,0,1,1,2,3,1,0,1,3,0,0,0,0,3,1,0,0,2,3,3,1,2,1,3,1,2,0,3,2,2,3,0,0,3,2,2,0,3,2,1,1,4,0,3,3,4,2,0,3,0,0,0,1,3,3,1,1,1,2,3,2,1,1,1,4,2,0,3,3,3,4,3,2,2,3,0,3,3,1,2,1,3,2,2,1,1,3,4,3,3,4,4,3,1,4,1,4,4,4,2,3,3
RBB-18-1460-1_S45,1,1,1,4,1,1,1,2,2,3,3,1,4,1,2,2,3,3,1,1,2,3,1,1,1,1,3,4,4,1,3,3,1,1,0,2,3,2,1,2,3,2,3,1,2,1,3,2,2,3,4,2,2,3,2,2,1,3,2,1,4,1,1,3,1,4,1,1,2,1,1,1,1,3,1,3,1,1,1,3,1,1,1,1,1,2,2,3,1,2,2,2,2,2,3,3,1,2,1,1,1,3,2,2,1,3,3,4,0,2,4,4,3,0,1,4,4,4,4,2,3,3,1,1,1,4,1,1,1,2,2,3,1,4,1,2,2,3,3,1,1,2,3,1,1,1,3,4,4,1,3,3,1,1,0,2,3,2,1,2,3,3,1,2,1,3,2,2,3,4,2,3,2,2,1,3,2,1,4,1,1,3,1,4,1,1,2,1,1,1,1,3,1,3,1,1,1,3,1,1,1,1,1,2,2,3,1,2,2,2,2,2,3,3,1,2,1,1,1,3,2,2,1,3,3,4,0,4,4,3,0,1,4,4,4,4,2,3,3,0,1,1,1,1,4,1,1,1,2,2,3,3,1,4,1,2,2,3,3,1,1,2,3,1,1,1,1,3,4,4,1,3,1,3,1,1,0,2,3,2,1,2,0,3,2,3,1,3,2,1,3,2,2,3,4,2,2,3,2,2,1,3,2,1,4,1,4,1,3,1,4,1,1,2,1,1,1,1,0,3,2,1,3,1,1,1,3,0,1,2,1,1,0,1,1,2,2,3,1,2,2,2,2,2,3,0,3,1,2,1,1,1,3,2,2,1,3,3,4,0,3,2,4,4,3,0,1,4,4,4,4,0,0,1,0,1,2,3,3,0,0,1,1,1,4,1,1,1,2,2,3,3,1,4,1,2,2,3,3,1,1,2,3,1,1,1,3,4,4,1,3,3,1,1,0,2,3,2,1,2,3,3,1,2,1,3,2,2,3,4,2,3,2,2,1,3,2,1,4,1,1,3,1,4,1,1,2,1,1,1,1,3,1,3,1,1,1,3,1,1,1,1,1,2,2,3,1,2,2,2,2,2,3,3,1,2,1,1,1,3,2,2,1,3,3,4,0,4,4,3,0,1,4,4,4,4,0,2,3,3
RBB-18-1488-1_S46,3,4,2,4,4,1,1,4,3,3,4,1,4,1,2,2,3,3,4,1,2,4,2,2,1,2,3,4,4,1,3,4,2,3,2,4,4,3,3,1,1,2,0,1,2,1,3,2,2,3,4,2,2,3,2,2,1,3,2,0,1,4,2,3,3,1,2,3,3,1,3,3,4,3,3,1,4,3,2,3,2,3,0,1,4,2,2,0,3,3,4,3,4,2,3,3,3,3,1,2,1,3,3,4,1,1,3,3,3,2,3,2,4,3,2,4,1,4,1,0,1,3,3,4,2,4,4,1,1,4,3,4,1,4,1,2,2,3,3,4,1,2,4,2,1,2,3,4,4,1,3,4,2,3,2,4,4,3,3,1,1,0,1,2,1,3,2,2,3,4,2,3,2,2,1,3,2,0,1,4,2,3,3,1,2,3,3,1,3,3,4,3,3,1,4,3,2,3,2,3,0,1,4,2,2,0,3,3,4,3,4,2,3,3,3,3,1,2,1,3,3,4,1,1,3,3,3,3,2,4,3,2,4,1,4,1,0,1,3,3,3,4,2,2,4,4,1,1,4,3,3,4,1,4,1,2,2,3,3,4,1,2,4,2,2,1,2,3,4,4,1,3,4,4,2,3,2,4,4,3,3,1,3,1,2,0,1,3,2,1,3,2,2,3,4,2,2,3,2,2,1,3,2,0,1,4,1,2,3,3,1,2,3,3,1,3,3,4,2,3,2,3,1,4,3,2,3,4,2,2,3,0,3,1,4,2,2,0,3,3,4,3,4,2,3,3,3,3,3,1,2,1,3,3,4,1,1,3,3,3,3,2,3,2,4,3,2,4,1,4,1,1,4,0,3,0,0,1,3,3,1,3,4,2,4,4,1,1,4,3,3,4,1,4,1,2,2,3,3,4,1,2,4,2,1,2,3,4,4,1,3,4,2,3,2,4,4,3,3,1,1,0,1,2,1,3,2,2,3,4,2,3,2,2,1,3,2,0,1,4,2,3,3,1,2,3,3,1,3,3,4,3,3,1,4,3,2,3,2,3,0,1,4,2,2,0,3,3,4,3,4,2,3,3,3,3,1,2,1,3,3,4,1,1,3,3,3,3,2,4,3,2,4,1,4,1,4,0,1,3
RBB-18-1502-1_S47,3,4,1,4,0,1,1,0,2,3,4,0,0,1,0,0,0,4,0,0,0,3,2,2,1,2,3,4,0,1,3,3,0,0,0,2,0,2,3,0,0,0,3,1,2,1,3,2,2,3,4,2,2,3,2,2,1,3,2,0,4,0,0,3,1,0,1,2,3,2,1,1,0,4,3,0,1,3,0,3,3,3,2,0,4,2,2,3,3,3,0,2,4,2,1,4,2,2,2,1,1,1,0,4,2,2,3,0,1,2,3,2,3,0,1,4,0,0,4,2,1,3,3,4,1,4,0,1,1,0,2,4,0,0,1,0,0,0,4,0,0,0,3,2,1,2,3,4,0,1,3,3,0,0,0,2,0,2,3,0,0,3,1,2,1,3,2,2,3,4,2,3,2,2,1,3,2,0,4,0,0,3,1,0,1,2,3,2,1,1,0,4,3,0,1,3,0,3,3,3,2,0,4,2,2,3,3,3,0,2,4,2,1,4,2,2,2,1,1,1,0,4,2,2,3,0,1,3,2,3,0,1,4,0,0,4,2,1,3,0,3,4,1,2,4,0,1,1,0,2,3,4,0,0,1,0,0,0,4,0,0,0,3,2,2,1,2,3,4,0,1,3,4,3,0,0,0,2,0,2,3,0,3,0,0,3,1,3,2,1,3,2,2,3,4,2,2,3,2,2,1,3,2,0,4,0,1,0,3,1,0,1,2,3,2,1,1,0,2,4,0,3,0,1,3,0,3,3,3,2,3,2,3,0,4,2,2,3,3,3,0,2,4,2,1,3,4,2,2,2,1,1,1,0,4,2,2,3,0,1,3,2,3,2,3,0,1,4,0,0,4,1,4,1,3,1,2,1,3,3,0,3,4,1,4,0,1,1,0,2,3,4,0,0,1,0,0,0,4,0,0,0,3,2,1,2,3,4,0,1,3,3,0,0,0,2,0,2,3,0,0,3,1,2,1,3,2,2,3,4,2,3,2,2,1,3,2,0,4,0,0,3,1,0,1,2,3,2,1,1,0,4,3,0,1,3,0,3,3,3,2,0,4,2,2,3,3,3,0,2,4,2,1,4,2,2,2,1,1,1,0,4,2,2,3,0,1,3,2,3,0,1,4,0,0,4,4,2,1,3
RBB-19-0014-1_S44,3,1,1,4,0,1,1,2,4,0,4,1,4,1,2,2,3,0,1,1,2,3,1,2,1,1,3,4,4,0,0,3,1,0,2,2,3,3,1,1,1,2,3,1,2,0,3,2,2,3,4,2,2,3,2,2,0,3,2,1,1,4,0,3,1,4,2,2,3,2,1,1,1,3,3,1,1,1,2,3,2,1,1,1,4,2,1,3,3,3,4,3,2,2,3,0,3,3,1,2,1,3,0,2,1,0,3,3,0,2,4,4,4,3,1,4,1,4,4,2,3,3,3,1,1,4,0,1,1,2,4,4,1,4,1,2,2,3,0,1,1,2,3,1,1,1,3,4,4,0,0,3,1,0,2,2,3,3,1,1,1,3,1,2,0,3,2,2,3,4,2,3,2,2,0,3,2,1,1,4,0,3,1,4,2,2,3,2,1,1,1,3,3,1,1,1,2,3,2,1,1,1,4,2,1,3,3,3,4,3,2,2,3,0,3,3,1,2,1,3,0,2,1,0,3,3,0,4,4,4,3,1,4,1,4,4,2,3,3,3,3,1,1,2,4,0,1,1,2,4,0,4,1,4,1,2,2,3,0,1,1,2,3,1,2,1,1,3,4,4,0,0,0,3,1,0,2,2,3,3,1,1,3,1,2,3,1,3,2,0,3,2,2,3,4,2,2,3,2,2,0,3,2,1,1,4,1,0,3,1,4,2,2,3,2,1,1,1,2,3,2,3,1,1,1,2,3,3,2,0,1,1,3,1,4,2,1,3,3,3,4,3,2,2,3,3,0,3,3,1,2,1,3,0,2,1,0,3,3,0,3,2,4,4,4,3,1,4,1,4,4,1,4,1,3,1,2,3,3,3,1,3,1,1,4,0,1,1,2,4,0,4,1,4,1,2,2,3,0,1,1,2,3,1,1,1,3,4,4,0,0,3,1,0,2,2,3,3,1,1,1,3,1,2,0,3,2,2,3,4,2,3,2,2,0,3,2,1,1,4,0,3,1,4,2,2,3,2,1,1,1,3,3,1,1,1,2,3,2,1,1,1,4,2,1,3,3,3,4,3,2,2,3,0,3,3,1,2,1,3,0,2,1,0,3,3,0,4,4,4,3,1,4,1,4,4,4,2,3,3
RBBK18-0189-1_S24_L001,0,0,0,0,0,0,0,0,0,0,0,0,0,0,0,0,0,0,0,0,0,0,0,0,0,0,0,0,0,0,0,0,0,0,0,0,0,0,0,2,1,2,3,1,0,0,0,0,0,0,0,0,0,0,0,0,0,0,2,1,1,0,0,0,0,0,0,0,0,0,0,0,0,0,0,0,0,0,0,0,0,0,1,1,0,0,0,3,0,0,0,0,0,0,0,0,0,0,0,0,0,0,0,2,0,0,3,3,3,2,3,4,4,3,1,4,1,4,4,2,3,3,0,0,0,0,0,0,0,0,0,0,0,0,0,0,0,0,0,0,0,0,0,0,0,0,0,0,0,0,0,0,0,0,0,0,0,0,0,2,1,3,1,0,0,0,0,0,0,0,0,0,0,0,0,0,2,1,1,0,0,0,0,0,0,0,0,0,0,0,0,0,0,0,0,0,0,0,0,0,1,1,0,0,0,3,0,0,0,0,0,0,0,0,0,0,0,0,0,0,0,2,0,0,3,3,3,3,4,4,3,1,4,1,4,4,2,3,3,3,0,0,0,0,0,0,0,0,0,0,0,0,0,0,0,0,0,0,0,0,0,0,0,0,0,0,0,0,0,0,0,0,0,0,0,0,0,0,0,0,0,2,3,1,2,3,1,0,0,0,0,0,0,0,0,0,0,0,0,0,0,0,2,1,1,0,0,0,0,0,0,0,0,0,0,0,0,0,2,0,0,0,0,0,0,0,0,3,0,0,0,1,3,1,0,0,0,3,0,0,0,0,0,0,0,3,0,0,0,0,0,0,0,0,2,0,0,3,3,3,3,2,3,4,4,3,1,4,1,4,4,1,4,1,3,1,2,3,3,3,1,0,0,0,0,0,0,0,0,0,0,0,0,0,0,0,0,0,0,0,0,0,0,0,0,0,0,0,0,0,0,0,0,0,0,0,0,0,0,2,1,3,1,0,0,0,0,0,0,0,0,0,0,0,0,0,2,1,1,0,0,0,0,0,0,0,0,0,0,0,0,0,0,0,0,0,0,0,0,0,1,1,0,0,0,3,0,0,0,0,0,0,0,0,0,0,0,0,0,0,0,2,0,0,3,3,3,3,4,4,3,1,4,1,4,4,4,2,3,3
RBF-10-0240-1_S12_L001,3,4,2,4,4,1,1,4,3,3,4,1,4,1,2,2,3,3,4,1,2,4,2,2,1,2,3,4,4,1,3,4,2,3,2,4,4,3,3,1,1,2,0,0,2,1,3,2,2,3,4,2,2,3,2,2,2,3,0,0,1,4,2,3,3,1,2,3,3,1,3,3,4,3,3,1,4,3,2,3,2,3,0,1,4,2,2,0,3,3,4,3,4,2,3,3,3,3,1,2,1,3,3,4,1,1,3,3,3,2,3,2,4,3,2,4,1,4,1,0,1,3,3,4,2,4,4,1,1,4,3,4,1,4,1,2,2,3,3,4,1,2,4,2,1,2,3,4,4,1,3,4,2,3,2,4,4,3,3,1,1,0,0,2,1,3,2,2,3,4,2,3,2,2,2,3,0,0,1,4,2,3,3,1,2,3,3,1,3,3,4,3,3,1,4,3,2,3,2,3,0,1,4,2,2,0,3,3,4,3,4,2,3,3,3,3,1,2,1,3,3,4,1,1,3,3,3,3,2,4,3,2,4,1,4,1,0,1,3,3,3,4,2,2,4,4,1,1,4,3,3,4,1,4,1,2,2,3,3,4,1,2,4,2,2,1,2,3,4,4,1,3,4,4,2,3,2,4,4,3,3,1,3,1,2,0,0,3,2,1,3,2,2,3,4,2,2,3,2,2,2,3,0,0,1,4,1,2,3,3,1,2,3,3,1,3,3,4,2,3,2,3,1,4,3,2,3,4,2,2,3,0,3,1,4,2,2,0,3,3,4,3,4,2,3,3,3,3,3,1,2,1,3,3,4,1,1,3,3,3,3,2,3,2,4,3,2,4,1,4,1,1,4,0,3,0,0,1,3,3,1,3,4,2,4,4,1,1,4,3,3,4,1,4,1,2,2,3,3,4,1,2,4,2,1,2,3,4,4,1,3,4,2,3,2,4,4,3,3,1,1,0,0,2,1,3,2,2,3,4,2,3,2,2,2,3,0,0,1,4,2,3,3,1,2,3,3,1,3,3,4,3,3,1,4,3,2,3,2,3,0,1,4,2,2,0,3,3,4,3,4,2,3,3,3,3,1,2,1,3,3,4,1,1,3,3,3,3,2,4,3,2,4,1,4,1,4,0,1,3
RBF-16-004-1_S18,1,1,1,4,1,1,1,2,2,3,3,1,4,1,2,2,3,3,1,1,2,3,1,1,1,1,3,4,4,1,3,3,1,1,0,2,3,2,1,2,3,2,3,1,2,1,3,2,2,3,4,2,2,3,2,2,1,3,2,1,4,1,1,3,1,4,1,1,2,1,1,1,1,3,1,3,1,1,1,3,1,1,1,1,1,2,2,3,1,2,2,2,2,2,3,3,1,2,1,1,1,0,2,2,1,3,3,4,0,2,4,4,3,0,1,4,4,4,4,2,3,3,1,1,1,4,1,1,1,2,2,3,1,4,1,2,2,3,3,1,1,2,3,1,1,1,3,4,4,1,3,3,1,1,0,2,3,2,1,2,3,3,1,2,1,3,2,2,3,4,2,3,2,2,1,3,2,1,4,1,1,3,1,4,1,1,2,1,1,1,1,3,1,3,1,1,1,3,1,1,1,1,1,2,2,3,1,2,2,2,2,2,3,3,1,2,1,1,1,0,2,2,1,3,3,4,0,4,4,3,0,1,4,4,4,4,2,3,3,0,1,1,1,1,4,1,1,1,2,2,3,3,1,4,1,2,2,3,3,1,1,2,3,1,1,1,1,3,4,4,1,3,1,3,1,1,0,2,3,2,1,2,0,3,2,3,1,3,2,1,3,2,2,3,4,2,2,3,2,2,1,3,2,1,4,1,4,1,3,1,4,1,1,2,1,1,1,1,0,3,2,1,3,1,1,1,3,0,1,2,1,1,0,1,1,2,2,3,1,2,2,2,2,2,3,0,3,1,2,1,1,1,0,2,2,1,3,3,4,0,3,2,4,4,3,0,1,4,4,4,4,0,0,1,0,1,2,3,3,0,0,1,1,1,4,1,1,1,2,2,3,3,1,4,1,2,2,3,3,1,1,2,3,1,1,1,3,4,4,1,3,3,1,1,0,2,3,2,1,2,3,3,1,2,1,3,2,2,3,4,2,3,2,2,1,3,2,1,4,1,1,3,1,4,1,1,2,1,1,1,1,3,1,3,1,1,1,3,1,1,1,1,1,2,2,3,1,2,2,2,2,2,3,3,1,2,1,1,1,0,2,2,1,3,3,4,0,4,4,3,0,1,4,4,4,4,0,2,3,3
RBF-16-0064-1_S136,3,4,2,4,4,1,1,4,3,3,4,1,4,1,2,2,3,3,4,1,2,4,2,2,1,2,3,4,4,1,3,4,2,3,2,4,4,3,3,1,1,2,0,0,2,1,3,2,2,3,4,2,2,3,2,2,2,3,0,0,1,4,2,3,3,1,2,3,3,1,3,3,4,3,3,1,4,3,2,3,2,3,0,1,4,2,2,0,3,3,4,3,4,2,3,3,3,3,1,2,1,3,3,4,1,1,3,3,3,2,3,2,4,3,2,4,1,4,4,2,3,3,3,4,2,4,4,1,1,4,3,4,1,4,1,2,2,3,3,4,1,2,4,2,1,2,3,4,4,1,3,4,2,3,2,4,4,3,3,1,1,0,0,2,1,3,2,2,3,4,2,3,2,2,2,3,0,0,1,4,2,3,3,1,2,3,3,1,3,3,4,3,3,1,4,3,2,3,2,3,0,1,4,2,2,0,3,3,4,3,4,2,3,3,3,3,1,2,1,3,3,4,1,1,3,3,3,3,2,4,3,2,4,1,4,4,2,3,3,3,3,4,2,2,4,4,1,1,4,3,3,4,1,4,1,2,2,3,3,4,1,2,4,2,2,1,2,3,4,4,1,3,4,4,2,3,2,4,4,3,3,1,3,1,2,0,0,3,2,1,3,2,2,3,4,2,2,3,2,2,2,3,0,0,1,4,1,2,3,3,1,2,3,3,1,3,3,4,2,3,2,3,1,4,3,2,3,4,2,2,3,0,3,1,4,2,2,0,3,3,4,3,4,2,3,3,3,3,3,1,2,1,3,3,4,1,1,3,3,3,3,2,3,2,4,3,2,4,1,4,4,1,4,1,3,1,2,3,3,3,1,3,4,2,4,4,1,1,4,3,3,4,1,4,1,2,2,3,3,4,1,2,4,2,1,2,3,4,4,1,3,4,2,3,2,4,4,3,3,1,1,0,0,2,1,3,2,2,3,4,2,3,2,2,2,3,0,0,1,4,2,3,3,1,2,3,3,1,3,3,4,3,3,1,4,3,2,3,2,3,0,1,4,2,2,0,3,3,4,3,4,2,3,3,3,3,1,2,1,3,3,4,1,1,3,3,3,3,2,4,3,2,4,1,4,4,4,2,3,3
RBF-16-060-1_S22,1,1,1,4,1,1,1,2,2,3,3,1,4,1,2,2,3,3,1,1,2,3,1,1,1,1,3,4,4,1,3,3,1,1,1,2,3,2,1,2,3,2,3,1,2,1,3,2,2,3,4,2,2,3,2,2,1,3,2,1,4,1,1,3,1,4,1,1,2,1,1,1,1,3,1,3,1,1,1,3,1,1,1,1,1,2,2,3,1,2,2,2,2,2,3,3,1,2,1,1,1,3,2,2,1,3,3,4,0,2,4,4,3,0,1,4,4,4,4,2,3,3,1,1,1,4,1,1,1,2,2,3,1,4,1,2,2,3,3,1,1,2,3,1,1,1,3,4,4,1,3,3,1,1,1,2,3,2,1,2,3,3,1,2,1,3,2,2,3,4,2,3,2,2,1,3,2,1,4,1,1,3,1,4,1,1,2,1,1,1,1,3,1,3,1,1,1,3,1,1,1,1,1,2,2,3,1,2,2,2,2,2,3,3,1,2,1,1,1,3,2,2,1,3,3,4,0,4,4,3,0,1,4,4,4,4,2,3,3,0,1,1,1,1,4,1,1,1,2,2,3,3,1,4,1,2,2,3,3,1,1,2,3,1,1,1,1,3,4,4,1,3,1,3,1,1,1,2,3,2,1,2,0,3,2,3,1,3,2,1,3,2,2,3,4,2,2,3,2,2,1,3,2,1,4,1,4,1,3,1,4,1,1,2,1,1,1,1,0,3,2,1,3,1,1,1,3,0,1,2,1,1,0,1,1,2,2,3,1,2,2,2,2,2,3,0,3,1,2,1,1,1,3,2,2,1,3,3,4,0,3,2,4,4,3,0,1,4,4,4,4,0,0,1,0,1,2,3,3,0,0,1,1,1,4,1,1,1,2,2,3,3,1,4,1,2,2,3,3,1,1,2,3,1,1,1,3,4,4,1,3,3,1,1,1,2,3,2,1,2,3,3,1,2,1,3,2,2,3,4,2,3,2,2,1,3,2,1,4,1,1,3,1,4,1,1,2,1,1,1,1,3,1,3,1,1,1,3,1,1,1,1,1,2,2,3,1,2,2,2,2,2,3,3,1,2,1,1,1,3,2,2,1,3,3,4,0,4,4,3,0,1,4,4,4,4,0,2,3,3
RBF-16-073-1_S23,0,0,0,0,0,0,0,0,0,0,0,0,0,0,0,0,0,0,0,0,0,0,0,0,0,0,0,0,0,0,0,0,0,0,0,0,0,0,0,2,1,2,3,1,0,0,0,0,0,0,0,0,0,0,0,0,0,0,2,1,0,0,0,3,0,0,0,0,0,0,0,0,0,0,0,0,0,0,0,0,0,0,1,1,0,0,0,3,0,0,0,0,0,0,0,0,0,0,0,0,0,0,0,2,0,0,3,3,3,2,3,4,4,3,1,4,1,4,4,2,3,3,0,0,0,0,0,0,0,0,0,0,0,0,0,0,0,0,0,0,0,0,0,0,0,0,0,0,0,0,0,0,0,0,0,0,0,0,0,2,1,3,1,0,0,0,0,0,0,0,0,0,0,0,0,0,2,1,0,0,0,3,0,0,0,0,0,0,0,0,0,0,0,0,0,0,0,0,0,0,1,1,0,0,0,3,0,0,0,0,0,0,0,0,0,0,0,0,0,0,0,2,0,0,3,3,3,3,4,4,3,1,4,1,4,4,2,3,3,3,0,0,0,0,0,0,0,0,0,0,0,0,0,0,0,0,0,0,0,0,0,0,0,0,0,0,0,0,0,0,0,0,0,0,0,0,0,0,0,0,0,2,3,1,2,3,1,0,0,0,0,0,0,0,0,0,0,0,0,0,0,0,2,1,0,0,0,0,3,0,0,0,0,0,0,0,0,0,2,0,2,0,0,0,0,0,0,3,0,0,0,1,3,1,0,0,0,3,0,0,0,0,0,0,0,3,0,0,0,0,0,0,0,0,2,0,0,3,3,3,3,2,3,4,4,3,1,4,1,4,4,1,4,1,3,1,2,3,3,3,1,0,0,0,0,0,0,0,0,0,0,0,0,0,0,0,0,0,0,0,0,0,0,0,0,0,0,0,0,0,0,0,0,0,0,0,0,0,0,2,1,3,1,0,0,0,0,0,0,0,0,0,0,0,0,0,2,1,0,0,0,3,0,0,0,0,0,0,0,0,0,0,0,0,0,0,0,0,0,0,1,1,0,0,0,3,0,0,0,0,0,0,0,0,0,0,0,0,0,0,0,2,0,0,3,3,3,3,4,4,3,1,4,1,4,4,4,2,3,3
RBF-17-0164-1_S137,3,4,2,4,4,1,1,4,3,3,4,1,4,1,2,2,3,3,4,1,2,4,2,2,1,2,3,4,4,1,3,4,2,3,2,4,4,3,3,1,1,2,0,0,0,1,3,2,2,3,4,2,2,3,2,2,2,3,0,0,1,4,2,3,3,1,2,3,3,1,3,3,4,3,3,1,4,3,2,3,2,3,0,1,4,2,2,0,3,3,4,3,4,2,3,3,3,3,1,2,1,3,3,4,1,1,3,3,3,2,3,2,4,3,2,4,1,0,0,0,1,3,3,4,2,4,4,1,1,4,3,4,1,4,1,2,2,3,3,4,1,2,4,2,1,2,3,4,4,1,3,4,2,3,2,4,4,3,3,1,1,0,0,0,1,3,2,2,3,4,2,3,2,2,2,3,0,0,1,4,2,3,3,1,2,3,3,1,3,3,4,3,3,1,4,3,2,3,2,3,0,1,4,2,2,0,3,3,4,3,4,2,3,3,3,3,1,2,1,3,3,4,1,1,3,3,3,3,2,4,3,2,4,1,0,0,0,1,3,3,3,4,2,2,4,4,1,1,4,3,3,4,1,4,1,2,2,3,3,4,1,2,4,2,2,1,2,3,4,4,1,3,4,4,2,3,2,4,4,3,3,1,3,1,2,0,0,0,0,1,3,2,2,3,4,2,2,3,2,2,2,3,0,0,1,4,1,2,3,3,1,2,3,3,1,3,3,4,2,3,2,3,1,4,3,2,3,4,2,2,3,0,3,1,4,2,2,0,3,3,4,3,4,2,3,3,3,3,3,1,2,1,3,3,4,1,1,3,3,3,3,2,3,2,4,3,2,4,1,0,0,0,0,0,0,0,0,1,3,3,1,3,4,2,4,4,1,1,4,3,3,4,1,4,1,2,2,3,3,4,1,2,4,2,1,2,3,4,4,1,3,4,2,3,2,4,4,3,3,1,1,0,0,0,1,3,2,2,3,4,2,3,2,2,2,3,0,0,1,4,2,3,3,1,2,3,3,1,3,3,4,3,3,1,4,3,2,3,2,3,0,1,4,2,2,0,3,3,4,3,4,2,3,3,3,3,1,2,1,3,3,4,1,1,3,3,3,3,2,4,3,2,4,1,0,0,0,0,1,3
RBF-17-0173-1_S138,3,4,2,4,4,1,1,4,3,3,4,1,4,1,2,2,3,3,4,1,2,4,2,2,1,2,3,4,4,1,3,4,2,3,2,4,4,3,3,1,1,2,3,1,2,1,3,2,2,3,4,2,2,3,2,2,1,3,2,0,1,4,2,3,3,1,2,3,3,1,3,3,4,3,3,1,4,3,2,3,2,3,0,1,4,2,2,0,3,3,4,3,4,2,3,3,3,3,1,2,1,3,3,4,1,1,3,3,3,2,3,2,4,3,2,4,1,4,1,0,1,3,3,4,2,4,4,1,1,4,3,4,1,4,1,2,2,3,3,4,1,2,4,2,1,2,3,4,4,1,3,4,2,3,2,4,4,3,3,1,1,3,1,2,1,3,2,2,3,4,2,3,2,2,1,3,2,0,1,4,2,3,3,1,2,3,3,1,3,3,4,3,3,1,4,3,2,3,2,3,0,1,4,2,2,0,3,3,4,3,4,2,3,3,3,3,1,2,1,3,3,4,1,1,3,3,3,3,2,4,3,2,4,1,4,1,0,1,3,3,3,4,2,2,4,4,1,1,4,3,3,4,1,4,1,2,2,3,3,4,1,2,4,2,2,1,2,3,4,4,1,3,4,4,2,3,2,4,4,3,3,1,3,1,2,3,1,3,2,1,3,2,2,3,4,2,2,3,2,2,1,3,2,0,1,4,1,2,3,3,1,2,3,3,1,3,3,4,2,3,2,3,1,4,3,2,3,4,2,2,3,0,3,1,4,2,2,0,3,3,4,3,4,2,3,3,3,3,3,1,2,1,3,3,4,1,1,3,3,3,3,2,3,2,4,3,2,4,1,4,1,1,4,0,3,0,0,1,3,3,1,3,4,2,4,4,1,1,4,3,3,4,1,4,1,2,2,3,3,4,1,2,4,2,1,2,3,4,4,1,3,4,2,3,2,4,4,3,3,1,1,3,1,2,1,3,2,2,3,4,2,3,2,2,1,3,2,0,1,4,2,3,3,1,2,3,3,1,3,3,4,3,3,1,4,3,2,3,2,3,0,1,4,2,2,0,3,3,4,3,4,2,3,3,3,3,1,2,1,3,3,4,1,1,3,3,3,3,2,4,3,2,4,1,4,1,4,0,1,3
RBF-17-0178-1_S139,0,0,0,0,0,0,0,0,0,0,0,0,0,0,0,0,0,0,0,0,0,0,0,0,0,0,0,0,0,0,0,0,0,0,0,0,0,0,0,2,1,2,3,1,0,0,0,0,0,0,0,0,0,0,0,0,0,0,2,1,0,0,0,0,0,0,0,0,0,0,0,0,0,0,0,0,0,0,0,0,0,0,0,1,0,0,0,3,0,0,0,0,0,0,0,0,0,0,0,0,0,0,0,0,0,1,3,4,3,2,3,4,4,3,1,4,4,4,4,2,3,3,0,0,0,0,0,0,0,0,0,0,0,0,0,0,0,0,0,0,0,0,0,0,0,0,0,0,0,0,0,0,0,0,0,0,0,0,0,2,1,3,1,0,0,0,0,0,0,0,0,0,0,0,0,0,2,1,0,0,0,0,0,0,0,0,0,0,0,0,0,0,0,0,0,0,0,0,0,0,0,1,0,0,0,3,0,0,0,0,0,0,0,0,0,0,0,0,0,0,0,0,0,1,3,4,3,3,4,4,3,1,4,4,4,4,2,3,3,3,0,0,0,0,0,0,0,0,0,0,0,0,0,0,0,0,0,0,0,0,0,0,0,0,0,0,0,0,0,0,0,0,0,0,0,0,0,0,0,0,0,2,3,1,2,3,1,0,0,0,0,0,0,0,0,0,0,0,0,0,0,0,2,1,0,0,0,0,0,0,0,0,0,0,0,0,0,0,2,0,0,0,0,0,0,0,0,3,0,0,0,0,3,1,0,0,0,3,0,0,0,0,0,0,0,3,0,0,0,0,0,0,0,0,0,0,1,3,4,3,3,2,3,4,4,3,1,4,4,4,4,1,4,1,3,1,2,3,3,3,1,0,0,0,0,0,0,0,0,0,0,0,0,0,0,0,0,0,0,0,0,0,0,0,0,0,0,0,0,0,0,0,0,0,0,0,0,0,0,2,1,3,1,0,0,0,0,0,0,0,0,0,0,0,0,0,2,1,0,0,0,0,0,0,0,0,0,0,0,0,0,0,0,0,0,0,0,0,0,0,0,1,0,0,0,3,0,0,0,0,0,0,0,0,0,0,0,0,0,0,0,0,0,1,3,4,3,3,4,4,3,1,4,4,4,4,4,2,3,3
RBF-17-0194-1_S140,3,4,2,4,4,1,1,4,3,3,4,1,4,1,2,2,3,3,4,1,2,4,2,2,1,2,3,4,4,1,3,4,2,3,2,4,4,3,3,1,1,2,0,0,2,1,3,2,2,3,4,2,2,3,2,2,2,3,0,0,1,4,2,3,3,1,2,3,3,1,3,3,4,3,3,1,4,3,2,3,2,3,0,1,4,2,2,0,3,3,4,3,4,2,3,3,3,3,1,2,1,3,3,4,1,1,3,3,3,2,3,2,4,3,2,4,1,4,4,2,3,3,3,4,2,4,4,1,1,4,3,4,1,4,1,2,2,3,3,4,1,2,4,2,1,2,3,4,4,1,3,4,2,3,2,4,4,3,3,1,1,0,0,2,1,3,2,2,3,4,2,3,2,2,2,3,0,0,1,4,2,3,3,1,2,3,3,1,3,3,4,3,3,1,4,3,2,3,2,3,0,1,4,2,2,0,3,3,4,3,4,2,3,3,3,3,1,2,1,3,3,4,1,1,3,3,3,3,2,4,3,2,4,1,4,4,2,3,3,3,3,4,2,2,4,4,1,1,4,3,3,4,1,4,1,2,2,3,3,4,1,2,4,2,2,1,2,3,4,4,1,3,4,4,2,3,2,4,4,3,3,1,3,1,2,0,0,3,2,1,3,2,2,3,4,2,2,3,2,2,2,3,0,0,1,4,1,2,3,3,1,2,3,3,1,3,3,4,2,3,2,3,1,4,3,2,3,4,2,2,3,0,3,1,4,2,2,0,3,3,4,3,4,2,3,3,3,3,3,1,2,1,3,3,4,1,1,3,3,3,3,2,3,2,4,3,2,4,1,4,4,1,4,1,3,1,2,3,3,3,1,3,4,2,4,4,1,1,4,3,3,4,1,4,1,2,2,3,3,4,1,2,4,2,1,2,3,4,4,1,3,4,2,3,2,4,4,3,3,1,1,0,0,2,1,3,2,2,3,4,2,3,2,2,2,3,0,0,1,4,2,3,3,1,2,3,3,1,3,3,4,3,3,1,4,3,2,3,2,3,0,1,4,2,2,0,3,3,4,3,4,2,3,3,3,3,1,2,1,3,3,4,1,1,3,3,3,3,2,4,3,2,4,1,4,4,4,2,3,3
RBF-17-0195-1_S141,0,1,0,4,0,1,1,2,0,3,4,1,0,0,2,0,0,4,1,1,2,3,1,2,1,1,0,0,0,0,0,3,0,3,2,2,3,3,1,1,1,2,3,1,0,1,0,2,2,3,4,2,2,3,2,2,1,3,2,1,1,4,0,3,1,0,2,2,3,1,1,0,1,3,3,1,1,1,2,3,2,1,1,1,4,2,0,3,3,3,4,3,2,0,0,0,3,3,1,2,1,3,2,2,1,1,3,4,3,2,4,4,3,3,1,4,1,4,4,2,3,3,0,1,0,4,0,1,1,2,0,4,1,0,0,2,0,0,4,1,1,2,3,1,1,1,0,0,0,0,0,3,0,3,2,2,3,3,1,1,1,3,1,0,1,0,2,2,3,4,2,3,2,2,1,3,2,1,1,4,0,3,1,0,2,2,3,1,1,0,1,3,3,1,1,1,2,3,2,1,1,1,4,2,0,3,3,3,4,3,2,0,0,0,3,3,1,2,1,3,2,2,1,1,3,4,3,4,4,3,3,1,4,1,4,4,2,3,3,3,0,1,0,0,4,0,1,1,2,0,3,4,1,0,0,2,0,0,4,1,1,2,3,1,2,1,1,0,0,0,0,0,4,3,0,3,2,2,3,3,1,1,3,1,2,3,1,3,0,1,0,2,2,3,4,2,2,3,2,2,1,3,2,1,1,4,1,0,3,1,0,2,2,3,1,1,0,1,2,3,0,3,1,1,1,2,3,3,2,2,1,1,3,1,4,2,0,3,3,3,4,3,2,0,0,3,0,3,3,1,2,1,3,2,2,1,1,3,4,3,3,2,4,4,3,3,1,4,1,4,4,1,4,1,3,1,2,3,3,0,1,0,1,0,4,0,1,1,2,0,3,4,1,0,0,2,0,0,4,1,1,2,3,1,1,1,0,0,0,0,0,3,0,3,2,2,3,3,1,1,1,3,1,0,1,0,2,2,3,4,2,3,2,2,1,3,2,1,1,4,0,3,1,0,2,2,3,1,1,0,1,3,3,1,1,1,2,3,2,1,1,1,4,2,0,3,3,3,4,3,2,0,0,0,3,3,1,2,1,3,2,2,1,1,3,4,3,4,4,3,3,1,4,1,4,4,4,2,3,3
RBF-17-0340-1_S81,1,1,1,0,1,1,1,2,2,3,3,1,4,1,2,2,3,3,1,1,2,3,1,1,1,1,3,4,4,1,3,3,1,1,1,2,3,2,1,2,3,2,3,1,2,1,3,2,2,3,4,2,2,3,2,2,1,3,2,1,4,1,1,3,1,4,1,1,2,1,1,1,1,3,1,3,1,1,1,3,1,1,1,1,1,2,2,3,1,2,2,2,2,2,3,3,1,2,1,1,1,0,2,2,1,3,3,4,0,2,4,4,3,0,1,4,4,4,4,2,3,3,1,1,1,0,1,1,1,2,2,3,1,4,1,2,2,3,3,1,1,2,3,1,1,1,3,4,4,1,3,3,1,1,1,2,3,2,1,2,3,3,1,2,1,3,2,2,3,4,2,3,2,2,1,3,2,1,4,1,1,3,1,4,1,1,2,1,1,1,1,3,1,3,1,1,1,3,1,1,1,1,1,2,2,3,1,2,2,2,2,2,3,3,1,2,1,1,1,0,2,2,1,3,3,4,0,4,4,3,0,1,4,4,4,4,2,3,3,0,1,1,1,0,0,1,1,1,2,2,3,3,1,4,1,2,2,3,3,1,1,2,3,1,1,1,1,3,4,4,1,3,1,3,1,1,1,2,3,2,1,2,0,3,2,3,1,3,2,1,3,2,2,3,4,2,2,3,2,2,1,3,2,1,4,1,4,1,3,1,4,1,1,2,1,1,1,1,0,3,2,1,3,1,1,1,3,0,1,2,1,1,0,1,1,2,2,3,1,2,2,2,2,2,3,0,3,1,2,1,1,1,0,2,2,1,3,3,4,0,3,2,4,4,3,0,1,4,4,4,4,0,0,1,0,1,2,3,3,0,0,1,1,1,0,1,1,1,2,2,3,3,1,4,1,2,2,3,3,1,1,2,3,1,1,1,3,4,4,1,3,3,1,1,1,2,3,2,1,2,3,3,1,2,1,3,2,2,3,4,2,3,2,2,1,3,2,1,4,1,1,3,1,4,1,1,2,1,1,1,1,3,1,3,1,1,1,3,1,1,1,1,1,2,2,3,1,2,2,2,2,2,3,3,1,2,1,1,1,0,2,2,1,3,3,4,0,4,4,3,0,1,4,4,4,4,0,2,3,3
RBF-17-0424-1_S15,0,0,0,0,0,0,0,0,0,0,0,0,0,0,0,0,0,0,0,0,0,0,0,0,0,0,0,0,0,0,0,0,0,0,0,0,0,0,0,2,1,2,3,1,0,0,0,0,0,0,0,0,0,0,0,0,0,0,2,1,0,0,0,0,0,0,0,0,0,0,1,0,0,0,0,0,0,0,0,0,0,0,1,1,0,0,0,3,0,0,0,0,0,0,0,0,0,0,0,0,0,0,0,0,0,1,3,4,3,2,3,4,4,3,1,4,4,4,2,2,3,3,0,0,0,0,0,0,0,0,0,0,0,0,0,0,0,0,0,0,0,0,0,0,0,0,0,0,0,0,0,0,0,0,0,0,0,0,0,2,1,3,1,0,0,0,0,0,0,0,0,0,0,0,0,0,2,1,0,0,0,0,0,0,0,0,0,0,1,0,0,0,0,0,0,0,0,0,0,0,1,1,0,0,0,3,0,0,0,0,0,0,0,0,0,0,0,0,0,0,0,0,0,1,3,4,3,3,4,4,3,1,4,4,4,2,2,3,3,3,0,0,0,0,0,0,0,0,0,0,0,0,0,0,0,0,0,0,0,0,0,0,0,0,0,0,0,0,0,0,0,0,0,0,0,0,0,0,0,0,0,2,3,1,2,3,1,0,0,0,0,0,0,0,0,0,0,0,0,0,0,0,2,1,0,0,0,0,0,0,0,0,0,0,0,1,0,0,2,0,0,0,0,0,0,0,0,3,0,0,0,1,3,1,0,0,0,3,0,0,0,0,0,0,0,3,0,0,0,0,0,0,0,0,0,0,1,3,4,3,3,2,3,4,4,3,1,4,4,4,2,0,0,1,3,1,2,3,3,3,1,0,0,0,0,0,0,0,0,0,0,0,0,0,0,0,0,0,0,0,0,0,0,0,0,0,0,0,0,0,0,0,0,0,0,0,0,0,0,2,1,3,1,0,0,0,0,0,0,0,0,0,0,0,0,0,2,1,0,0,0,0,0,0,0,0,0,0,1,0,0,0,0,0,0,0,0,0,0,0,1,1,0,0,0,3,0,0,0,0,0,0,0,0,0,0,0,0,0,0,0,0,0,1,3,4,3,3,4,4,3,1,4,4,4,2,0,2,3,3
RBF-17-0438-1_S9,1,1,1,4,1,1,1,2,2,3,3,1,4,1,2,2,3,3,1,1,2,3,1,1,1,1,3,4,4,1,3,3,1,1,1,2,3,2,1,2,3,2,3,1,2,1,3,2,2,3,4,2,2,3,2,2,1,3,2,1,4,1,1,3,1,4,1,1,2,1,1,1,1,3,1,3,1,1,1,3,1,1,1,1,1,2,2,3,1,2,2,2,2,2,3,3,1,2,1,1,1,3,2,2,1,3,3,4,0,2,4,4,3,0,1,4,4,4,4,2,3,3,1,1,1,4,1,1,1,2,2,3,1,4,1,2,2,3,3,1,1,2,3,1,1,1,3,4,4,1,3,3,1,1,1,2,3,2,1,2,3,3,1,2,1,3,2,2,3,4,2,3,2,2,1,3,2,1,4,1,1,3,1,4,1,1,2,1,1,1,1,3,1,3,1,1,1,3,1,1,1,1,1,2,2,3,1,2,2,2,2,2,3,3,1,2,1,1,1,3,2,2,1,3,3,4,0,4,4,3,0,1,4,4,4,4,2,3,3,0,1,1,1,1,4,1,1,1,2,2,3,3,1,4,1,2,2,3,3,1,1,2,3,1,1,1,1,3,4,4,1,3,1,3,1,1,1,2,3,2,1,2,0,3,2,3,1,3,2,1,3,2,2,3,4,2,2,3,2,2,1,3,2,1,4,1,4,1,3,1,4,1,1,2,1,1,1,1,0,3,2,1,3,1,1,1,3,0,1,2,1,1,0,1,1,2,2,3,1,2,2,2,2,2,3,0,3,1,2,1,1,1,3,2,2,1,3,3,4,0,3,2,4,4,3,0,1,4,4,4,4,0,0,1,0,1,2,3,3,0,0,1,1,1,4,1,1,1,2,2,3,3,1,4,1,2,2,3,3,1,1,2,3,1,1,1,3,4,4,1,3,3,1,1,1,2,3,2,1,2,3,3,1,2,1,3,2,2,3,4,2,3,2,2,1,3,2,1,4,1,1,3,1,4,1,1,2,1,1,1,1,3,1,3,1,1,1,3,1,1,1,1,1,2,2,3,1,2,2,2,2,2,3,3,1,2,1,1,1,3,2,2,1,3,3,4,0,4,4,3,0,1,4,4,4,4,0,2,3,3
RBF-17-0450-1_S10,0,0,0,0,0,0,0,0,0,0,0,0,0,0,0,0,0,0,0,0,0,0,0,0,0,0,0,0,0,0,0,0,0,0,0,0,0,0,0,2,1,2,3,1,0,0,0,0,0,0,0,0,0,0,0,0,0,0,2,1,0,0,0,0,0,0,0,0,0,0,1,0,0,0,0,0,0,0,0,0,0,0,1,1,0,0,0,3,0,0,0,0,0,0,0,0,0,0,0,0,0,0,0,0,0,1,3,4,3,2,3,4,4,3,1,4,4,4,2,2,3,3,0,0,0,0,0,0,0,0,0,0,0,0,0,0,0,0,0,0,0,0,0,0,0,0,0,0,0,0,0,0,0,0,0,0,0,0,0,2,1,3,1,0,0,0,0,0,0,0,0,0,0,0,0,0,2,1,0,0,0,0,0,0,0,0,0,0,1,0,0,0,0,0,0,0,0,0,0,0,1,1,0,0,0,3,0,0,0,0,0,0,0,0,0,0,0,0,0,0,0,0,0,1,3,4,3,3,4,4,3,1,4,4,4,2,2,3,3,3,0,0,0,0,0,0,0,0,0,0,0,0,0,0,0,0,0,0,0,0,0,0,0,0,0,0,0,0,0,0,0,0,0,0,0,0,0,0,0,0,0,2,3,1,2,3,1,0,0,0,0,0,0,0,0,0,0,0,0,0,0,0,2,1,0,0,0,0,0,0,0,0,0,0,0,1,0,0,2,0,0,0,0,0,0,0,0,3,0,0,0,1,3,1,0,0,0,3,0,0,0,0,0,0,0,3,0,0,0,0,0,0,0,0,0,0,1,3,4,3,3,2,3,4,4,3,1,4,4,4,2,0,0,1,3,1,2,3,3,3,1,0,0,0,0,0,0,0,0,0,0,0,0,0,0,0,0,0,0,0,0,0,0,0,0,0,0,0,0,0,0,0,0,0,0,0,0,0,0,2,1,3,1,0,0,0,0,0,0,0,0,0,0,0,0,0,2,1,0,0,0,0,0,0,0,0,0,0,1,0,0,0,0,0,0,0,0,0,0,0,1,1,0,0,0,3,0,0,0,0,0,0,0,0,0,0,0,0,0,0,0,0,0,1,3,4,3,3,4,4,3,1,4,4,4,2,0,2,3,3
RBF-17-0467-1_S12,1,1,1,4,1,1,1,2,2,3,3,1,4,1,2,2,3,3,1,1,2,3,1,1,1,1,3,4,4,1,3,3,1,1,1,2,3,2,1,2,3,2,3,1,2,1,3,2,2,3,4,2,2,3,2,2,1,3,2,1,4,1,1,3,1,4,1,1,2,1,1,1,1,3,1,3,1,1,1,3,1,1,1,1,1,2,2,3,1,2,2,2,2,2,3,3,1,2,1,1,1,3,2,2,1,3,3,4,0,2,4,4,3,0,1,4,4,4,4,2,3,3,1,1,1,4,1,1,1,2,2,3,1,4,1,2,2,3,3,1,1,2,3,1,1,1,3,4,4,1,3,3,1,1,1,2,3,2,1,2,3,3,1,2,1,3,2,2,3,4,2,3,2,2,1,3,2,1,4,1,1,3,1,4,1,1,2,1,1,1,1,3,1,3,1,1,1,3,1,1,1,1,1,2,2,3,1,2,2,2,2,2,3,3,1,2,1,1,1,3,2,2,1,3,3,4,0,4,4,3,0,1,4,4,4,4,2,3,3,0,1,1,1,1,4,1,1,1,2,2,3,3,1,4,1,2,2,3,3,1,1,2,3,1,1,1,1,3,4,4,1,3,1,3,1,1,1,2,3,2,1,2,0,3,2,3,1,3,2,1,3,2,2,3,4,2,2,3,2,2,1,3,2,1,4,1,4,1,3,1,4,1,1,2,1,1,1,1,0,3,2,1,3,1,1,1,3,0,1,2,1,1,0,1,1,2,2,3,1,2,2,2,2,2,3,0,3,1,2,1,1,1,3,2,2,1,3,3,4,0,3,2,4,4,3,0,1,4,4,4,4,0,0,1,0,1,2,3,3,0,0,1,1,1,4,1,1,1,2,2,3,3,1,4,1,2,2,3,3,1,1,2,3,1,1,1,3,4,4,1,3,3,1,1,1,2,3,2,1,2,3,3,1,2,1,3,2,2,3,4,2,3,2,2,1,3,2,1,4,1,1,3,1,4,1,1,2,1,1,1,1,3,1,3,1,1,1,3,1,1,1,1,1,2,2,3,1,2,2,2,2,2,3,3,1,2,1,1,1,3,2,2,1,3,3,4,0,4,4,3,0,1,4,4,4,4,0,2,3,3
RBF-17-0489-1_S13,1,1,1,4,1,1,1,2,2,3,3,1,4,1,2,2,3,3,1,1,2,3,1,1,1,1,3,4,4,1,3,3,1,1,1,2,3,2,1,2,3,2,3,1,2,1,3,2,2,3,4,2,2,3,2,2,1,3,2,1,4,1,1,3,1,4,1,1,2,1,1,1,1,3,1,3,1,1,1,3,1,1,1,1,1,2,2,3,1,2,2,2,2,2,3,3,1,2,1,1,1,3,2,2,1,3,3,4,0,2,4,4,3,0,1,4,4,4,4,2,3,3,1,1,1,4,1,1,1,2,2,3,1,4,1,2,2,3,3,1,1,2,3,1,1,1,3,4,4,1,3,3,1,1,1,2,3,2,1,2,3,3,1,2,1,3,2,2,3,4,2,3,2,2,1,3,2,1,4,1,1,3,1,4,1,1,2,1,1,1,1,3,1,3,1,1,1,3,1,1,1,1,1,2,2,3,1,2,2,2,2,2,3,3,1,2,1,1,1,3,2,2,1,3,3,4,0,4,4,3,0,1,4,4,4,4,2,3,3,0,1,1,1,1,4,1,1,1,2,2,3,3,1,4,1,2,2,3,3,1,1,2,3,1,1,1,1,3,4,4,1,3,1,3,1,1,1,2,3,2,1,2,0,3,2,3,1,3,2,1,3,2,2,3,4,2,2,3,2,2,1,3,2,1,4,1,4,1,3,1,4,1,1,2,1,1,1,1,0,3,2,1,3,1,1,1,3,0,1,2,1,1,0,1,1,2,2,3,1,2,2,2,2,2,3,0,3,1,2,1,1,1,3,2,2,1,3,3,4,0,3,2,4,4,3,0,1,4,4,4,4,0,0,1,0,1,2,3,3,0,0,1,1,1,4,1,1,1,2,2,3,3,1,4,1,2,2,3,3,1,1,2,3,1,1,1,3,4,4,1,3,3,1,1,1,2,3,2,1,2,3,3,1,2,1,3,2,2,3,4,2,3,2,2,1,3,2,1,4,1,1,3,1,4,1,1,2,1,1,1,1,3,1,3,1,1,1,3,1,1,1,1,1,2,2,3,1,2,2,2,2,2,3,3,1,2,1,1,1,3,2,2,1,3,3,4,0,4,4,3,0,1,4,4,4,4,0,2,3,3
RBF-17-0508-1_S73,3,1,1,4,4,1,3,2,4,3,4,3,4,1,2,2,3,3,1,1,2,3,2,2,1,1,3,4,4,1,3,3,2,3,0,2,4,3,1,1,1,2,0,1,2,1,3,2,2,3,4,2,2,3,2,2,1,3,2,1,0,4,1,1,3,4,2,3,3,2,1,1,1,3,3,1,1,1,2,3,2,1,1,1,1,2,2,3,3,3,4,3,2,2,3,3,3,3,2,2,1,3,2,2,1,1,3,3,3,2,3,4,4,3,1,4,0,4,4,0,3,3,3,1,1,4,4,1,3,2,4,4,3,4,1,2,2,3,3,1,1,2,3,2,1,1,3,4,4,1,3,3,2,3,0,2,4,3,1,1,1,0,1,2,1,3,2,2,3,4,2,3,2,2,1,3,2,1,0,4,1,1,3,4,2,3,3,2,1,1,1,3,3,1,1,1,2,3,2,1,1,1,1,2,2,3,3,3,4,3,2,2,3,3,3,3,2,2,1,3,2,2,1,1,3,3,3,3,4,4,3,1,4,0,4,4,0,3,3,2,3,1,1,2,4,4,1,3,2,4,3,4,3,4,1,2,2,3,3,1,1,2,3,2,2,1,1,3,4,4,1,3,4,3,2,3,0,2,4,3,1,1,3,1,2,0,1,3,2,1,3,2,2,3,4,2,2,3,2,2,1,3,2,1,0,4,1,1,1,3,4,2,3,3,2,1,1,1,2,3,2,3,1,1,1,2,3,4,2,2,1,1,3,1,1,2,2,3,3,3,4,3,2,2,3,3,3,3,3,2,2,1,3,2,2,1,1,3,3,3,3,2,3,4,4,3,1,4,0,4,4,1,4,1,3,1,0,3,3,3,1,3,1,1,4,4,1,3,2,4,3,4,3,4,1,2,2,3,3,1,1,2,3,2,1,1,3,4,4,1,3,3,2,3,0,2,4,3,1,1,1,0,1,2,1,3,2,2,3,4,2,3,2,2,1,3,2,1,0,4,1,1,3,4,2,3,3,2,1,1,1,3,3,1,1,1,2,3,2,1,1,1,1,2,2,3,3,3,4,3,2,2,3,3,3,3,2,2,1,3,2,2,1,1,3,3,3,3,4,4,3,1,4,0,4,4,4,0,3,3
RBF-17-0509-1_S74,3,1,1,4,4,1,3,2,4,3,4,3,4,1,2,2,3,3,1,1,2,3,2,2,1,1,3,4,4,1,3,3,2,3,2,2,4,3,1,1,1,2,3,1,2,1,4,2,2,3,4,2,2,3,2,2,1,3,2,1,0,4,1,1,3,4,2,3,3,2,1,1,1,3,3,1,1,1,2,3,2,1,1,1,1,2,2,3,3,3,4,3,2,2,3,3,3,3,2,2,1,3,2,2,1,1,3,3,3,2,3,0,4,3,1,4,0,0,4,0,3,0,3,1,1,4,4,1,3,2,4,4,3,4,1,2,2,3,3,1,1,2,3,2,1,1,3,4,4,1,3,3,2,3,2,2,4,3,1,1,1,3,1,2,1,4,2,2,3,4,2,3,2,2,1,3,2,1,0,4,1,1,3,4,2,3,3,2,1,1,1,3,3,1,1,1,2,3,2,1,1,1,1,2,2,3,3,3,4,3,2,2,3,3,3,3,2,2,1,3,2,2,1,1,3,3,3,3,0,4,3,1,4,0,0,4,0,3,0,2,3,1,1,2,4,4,1,3,2,4,3,4,3,4,1,2,2,3,3,1,1,2,3,2,2,1,1,3,4,4,1,3,4,3,2,3,2,2,4,3,1,1,3,1,2,3,1,3,2,1,4,2,2,3,4,2,2,3,2,2,1,3,2,1,0,4,1,1,1,3,4,2,3,3,2,1,1,1,2,3,2,3,1,1,1,2,3,4,2,2,1,1,3,1,1,2,2,3,3,3,4,3,2,2,3,3,3,3,3,2,2,1,3,2,2,1,1,3,3,3,3,2,3,0,4,3,1,4,0,0,4,1,4,0,3,1,0,3,0,3,1,3,1,1,4,4,1,3,2,4,3,4,3,4,1,2,2,3,3,1,1,2,3,2,1,1,3,4,4,1,3,3,2,3,2,2,4,3,1,1,1,3,1,2,1,4,2,2,3,4,2,3,2,2,1,3,2,1,0,4,1,1,3,4,2,3,3,2,1,1,1,3,3,1,1,1,2,3,2,1,1,1,1,2,2,3,3,3,4,3,2,2,3,3,3,3,2,2,1,3,2,2,1,1,3,3,3,3,0,4,3,1,4,0,0,4,4,0,3,0
RBF-17-0513-1_S76,0,0,0,0,0,0,0,0,0,0,0,0,0,0,0,0,0,0,0,0,0,0,0,0,0,0,0,0,0,0,0,0,0,0,0,0,0,0,0,2,1,2,3,1,0,0,0,0,0,0,0,0,0,0,0,0,0,0,2,1,1,0,0,1,0,4,2,3,3,2,1,0,1,0,3,1,0,0,0,0,0,0,1,1,0,0,0,3,0,0,0,0,0,0,0,0,0,0,0,0,0,0,0,2,0,0,3,3,3,2,3,4,4,3,1,4,1,4,4,2,3,3,0,0,0,0,0,0,0,0,0,0,0,0,0,0,0,0,0,0,0,0,0,0,0,0,0,0,0,0,0,0,0,0,0,0,0,0,0,2,1,3,1,0,0,0,0,0,0,0,0,0,0,0,0,0,2,1,1,0,0,1,0,4,2,3,3,2,1,0,1,0,3,1,0,0,0,0,0,0,1,1,0,0,0,3,0,0,0,0,0,0,0,0,0,0,0,0,0,0,0,2,0,0,3,3,3,3,4,4,3,1,4,1,4,4,2,3,3,3,0,0,0,0,0,0,0,0,0,0,0,0,0,0,0,0,0,0,0,0,0,0,0,0,0,0,0,0,0,0,0,0,0,0,0,0,0,0,0,0,0,2,3,1,2,3,1,0,0,0,0,0,0,0,0,0,0,0,0,0,0,0,2,1,1,0,0,0,1,0,4,2,3,3,2,1,0,1,2,0,0,3,1,0,0,0,0,3,0,0,0,1,3,1,0,0,0,3,0,0,0,0,0,0,0,3,0,0,0,0,0,0,0,0,2,0,0,3,3,3,3,2,3,4,4,3,1,4,1,4,4,1,4,1,3,1,2,3,3,3,1,0,0,0,0,0,0,0,0,0,0,0,0,0,0,0,0,0,0,0,0,0,0,0,0,0,0,0,0,0,0,0,0,0,0,0,0,0,0,2,1,3,1,0,0,0,0,0,0,0,0,0,0,0,0,0,2,1,1,0,0,1,0,4,2,3,3,2,1,0,1,0,3,1,0,0,0,0,0,0,1,1,0,0,0,3,0,0,0,0,0,0,0,0,0,0,0,0,0,0,0,2,0,0,3,3,3,3,4,4,3,1,4,1,4,4,4,2,3,3
RBF-17-0520-2_S55,0,0,0,0,0,0,0,0,0,0,0,0,0,0,0,0,0,0,0,0,0,0,0,0,0,0,0,0,0,0,0,0,0,0,0,0,0,0,0,2,0,2,3,1,0,0,0,0,0,0,0,0,0,0,0,0,0,0,2,1,0,0,0,1,0,4,2,3,3,2,1,0,1,0,3,1,0,0,0,0,0,0,1,1,0,0,0,3,0,0,0,0,0,0,0,0,0,0,0,0,0,0,0,2,0,0,3,3,3,2,3,4,4,3,1,4,0,0,4,2,3,3,0,0,0,0,0,0,0,0,0,0,0,0,0,0,0,0,0,0,0,0,0,0,0,0,0,0,0,0,0,0,0,0,0,0,0,0,0,2,0,3,1,0,0,0,0,0,0,0,0,0,0,0,0,0,2,1,0,0,0,1,0,4,2,3,3,2,1,0,1,0,3,1,0,0,0,0,0,0,1,1,0,0,0,3,0,0,0,0,0,0,0,0,0,0,0,0,0,0,0,2,0,0,3,3,3,3,4,4,3,1,4,0,0,4,2,3,3,3,0,0,0,0,0,0,0,0,0,0,0,0,0,0,0,0,0,0,0,0,0,0,0,0,0,0,0,0,0,0,0,0,0,0,0,0,0,0,0,0,0,2,0,0,2,3,1,0,0,0,0,0,0,0,0,0,0,0,0,0,0,0,2,1,0,0,0,0,1,0,4,2,3,3,2,1,0,1,2,0,0,3,1,0,0,0,0,3,0,0,0,1,3,1,0,0,0,3,0,0,0,0,0,0,0,3,0,0,0,0,0,0,0,0,2,0,0,3,3,3,3,2,3,4,4,3,1,4,0,0,4,1,4,0,3,1,2,3,3,3,1,0,0,0,0,0,0,0,0,0,0,0,0,0,0,0,0,0,0,0,0,0,0,0,0,0,0,0,0,0,0,0,0,0,0,0,0,0,0,2,0,3,1,0,0,0,0,0,0,0,0,0,0,0,0,0,2,1,0,0,0,1,0,4,2,3,3,2,1,0,1,0,3,1,0,0,0,0,0,0,1,1,0,0,0,3,0,0,0,0,0,0,0,0,0,0,0,0,0,0,0,2,0,0,3,3,3,3,4,4,3,1,4,0,0,4,4,2,3,3
RBF-17-0521-1_S78,1,1,1,4,1,1,1,2,2,3,3,1,4,1,2,2,3,3,1,1,2,3,1,1,1,1,3,4,4,1,3,3,1,1,1,2,3,2,1,2,3,2,3,1,2,1,3,2,2,3,4,2,2,3,2,2,1,3,2,1,4,1,1,3,1,4,1,1,2,1,1,1,1,3,1,3,1,1,1,3,1,1,1,1,1,2,2,3,1,2,2,2,2,2,3,3,1,2,1,1,1,3,2,2,1,3,3,4,0,2,4,4,3,0,1,4,4,4,4,2,3,3,1,1,1,4,1,1,1,2,2,3,1,4,1,2,2,3,3,1,1,2,3,1,1,1,3,4,4,1,3,3,1,1,1,2,3,2,1,2,3,3,1,2,1,3,2,2,3,4,2,3,2,2,1,3,2,1,4,1,1,3,1,4,1,1,2,1,1,1,1,3,1,3,1,1,1,3,1,1,1,1,1,2,2,3,1,2,2,2,2,2,3,3,1,2,1,1,1,3,2,2,1,3,3,4,0,4,4,3,0,1,4,4,4,4,2,3,3,0,1,1,1,1,4,1,1,1,2,2,3,3,1,4,1,2,2,3,3,1,1,2,3,1,1,1,1,3,4,4,1,3,1,3,1,1,1,2,3,2,1,2,0,3,2,3,1,3,2,1,3,2,2,3,4,2,2,3,2,2,1,3,2,1,4,1,4,1,3,1,4,1,1,2,1,1,1,1,0,3,2,1,3,1,1,1,3,0,1,2,1,1,0,1,1,2,2,3,1,2,2,2,2,2,3,0,3,1,2,1,1,1,3,2,2,1,3,3,4,0,3,2,4,4,3,0,1,4,4,4,4,0,0,1,0,1,2,3,3,0,0,1,1,1,4,1,1,1,2,2,3,3,1,4,1,2,2,3,3,1,1,2,3,1,1,1,3,4,4,1,3,3,1,1,1,2,3,2,1,2,3,3,1,2,1,3,2,2,3,4,2,3,2,2,1,3,2,1,4,1,1,3,1,4,1,1,2,1,1,1,1,3,1,3,1,1,1,3,1,1,1,1,1,2,2,3,1,2,2,2,2,2,3,3,1,2,1,1,1,3,2,2,1,3,3,4,0,4,4,3,0,1,4,4,4,4,0,2,3,3
RBF-17-0523-1_S30,3,4,2,4,1,1,1,2,3,3,4,1,4,1,2,2,3,3,1,1,2,3,1,2,1,2,3,4,4,1,3,4,1,3,2,2,3,3,3,1,1,0,3,1,2,1,3,2,2,3,4,2,2,3,2,2,1,3,0,0,1,4,1,1,1,1,2,1,3,1,3,3,1,3,1,1,4,1,2,3,2,3,0,1,4,2,2,0,1,3,4,3,4,2,3,3,3,2,1,2,1,3,2,4,1,0,0,4,3,2,3,4,4,3,1,4,1,4,1,2,1,0,3,4,2,4,1,1,1,2,3,4,1,4,1,2,2,3,3,1,1,2,3,1,1,2,3,4,4,1,3,4,1,3,2,2,3,3,3,1,1,3,1,2,1,3,2,2,3,4,2,3,2,2,1,3,0,0,1,4,1,1,1,1,2,1,3,1,3,3,1,3,1,1,4,1,2,3,2,3,0,1,4,2,2,0,1,3,4,3,4,2,3,3,3,2,1,2,1,3,2,4,1,0,0,4,3,3,4,4,3,1,4,1,4,1,2,1,0,3,3,4,2,2,4,1,1,1,2,3,3,4,1,4,1,2,2,3,3,1,1,2,3,1,2,1,2,3,4,4,1,3,4,4,1,3,2,2,3,3,3,1,3,1,0,3,1,3,2,1,3,2,2,3,4,2,2,3,2,2,1,3,0,0,1,4,1,1,1,1,1,2,1,3,1,3,3,1,2,3,2,1,1,4,1,2,3,3,2,2,3,0,3,1,4,2,2,0,1,3,4,3,4,2,3,3,3,3,2,1,2,1,3,2,4,1,0,0,4,3,3,2,3,4,4,3,1,4,1,4,1,1,4,0,3,1,2,1,0,3,1,3,4,2,4,1,1,1,2,3,3,4,1,4,1,2,2,3,3,1,1,2,3,1,1,2,3,4,4,1,3,4,1,3,2,2,3,3,3,1,1,3,1,2,1,3,2,2,3,4,2,3,2,2,1,3,0,0,1,4,1,1,1,1,2,1,3,1,3,3,1,3,1,1,4,1,2,3,2,3,0,1,4,2,2,0,1,3,4,3,4,2,3,3,3,2,1,2,1,3,2,4,1,0,0,4,3,3,4,4,3,1,4,1,4,1,4,2,1,0
RBF-17-0532-1_S80,3,1,1,4,1,1,1,2,4,3,4,1,4,1,2,2,3,3,1,1,2,3,1,0,1,1,3,4,4,1,3,0,1,0,2,2,3,3,0,2,3,2,3,1,0,0,0,0,0,0,0,0,0,0,0,0,0,0,2,1,1,0,1,3,1,4,2,2,3,0,0,1,1,3,3,1,1,1,2,3,2,1,1,1,4,2,1,3,3,3,4,3,2,2,3,3,3,3,1,2,1,3,2,2,1,1,3,4,3,0,4,4,4,3,1,4,1,4,4,2,3,3,3,1,1,4,1,1,1,2,4,4,1,4,1,2,2,3,3,1,1,2,3,1,1,1,3,4,4,1,3,0,1,0,2,2,3,3,0,2,3,3,1,0,0,0,0,0,0,0,0,0,0,0,0,0,2,1,1,0,1,3,1,4,2,2,3,0,0,1,1,3,3,1,1,1,2,3,2,1,1,1,4,2,1,3,3,3,4,3,2,2,3,3,3,3,1,2,1,3,2,2,1,1,3,4,3,4,4,4,3,1,4,1,4,4,2,3,3,3,3,1,1,2,4,1,1,1,2,4,3,4,1,4,1,2,2,3,3,1,1,2,3,1,0,1,1,3,4,4,1,3,4,0,1,0,2,2,3,3,0,2,3,3,2,3,1,0,0,0,0,0,0,0,0,0,0,0,0,0,0,0,2,1,1,0,1,1,3,1,4,2,2,3,0,0,1,1,2,3,2,3,1,1,1,2,3,3,2,0,1,1,3,1,4,2,1,3,3,3,4,3,2,2,3,3,3,3,3,1,2,1,3,2,2,1,1,3,4,3,0,0,4,4,4,3,1,4,1,4,4,1,4,1,3,1,2,3,3,3,1,3,1,1,4,1,1,1,2,4,3,4,1,4,1,2,2,3,3,1,1,2,3,1,1,1,3,4,4,1,3,0,1,0,2,2,3,3,0,2,3,3,1,0,0,0,0,0,0,0,0,0,0,0,0,0,2,1,1,0,1,3,1,4,2,2,3,0,0,1,1,3,3,1,1,1,2,3,2,1,1,1,4,2,1,3,3,3,4,3,2,2,3,3,3,3,1,2,1,3,2,2,1,1,3,4,3,4,4,4,3,1,4,1,4,4,4,2,3,3
RBF-17-0532-2_S31,3,1,1,4,1,1,1,2,4,3,4,1,4,1,2,2,3,3,1,1,2,3,1,0,1,1,3,4,4,1,3,0,1,0,2,2,3,3,0,2,3,2,3,1,0,0,0,0,0,0,0,2,2,0,0,0,0,0,2,1,1,0,1,3,1,4,2,2,3,0,0,1,1,3,3,1,1,1,2,3,2,1,1,1,4,2,1,3,3,3,4,3,2,2,3,3,3,3,1,2,1,3,2,2,1,1,3,4,3,0,4,4,4,3,1,4,1,4,4,2,3,3,3,1,1,4,1,1,1,2,4,4,1,4,1,2,2,3,3,1,1,2,3,1,1,1,3,4,4,1,3,0,1,0,2,2,3,3,0,2,3,3,1,0,0,0,0,0,0,0,2,0,0,0,0,0,2,1,1,0,1,3,1,4,2,2,3,0,0,1,1,3,3,1,1,1,2,3,2,1,1,1,4,2,1,3,3,3,4,3,2,2,3,3,3,3,1,2,1,3,2,2,1,1,3,4,3,4,4,4,3,1,4,1,4,4,2,3,3,3,3,1,1,2,4,1,1,1,2,4,3,4,1,4,1,2,2,3,3,1,1,2,3,1,0,1,1,3,4,4,1,3,4,0,1,0,2,2,3,3,0,2,3,3,2,3,1,0,0,0,0,0,0,0,0,2,2,0,0,0,0,0,2,1,1,0,1,1,3,1,4,2,2,3,0,0,1,1,2,3,2,3,1,1,1,2,3,3,2,0,1,1,3,1,4,2,1,3,3,3,4,3,2,2,3,3,3,3,3,1,2,1,3,2,2,1,1,3,4,3,0,0,4,4,4,3,1,4,1,4,4,1,4,1,3,1,2,3,3,3,1,3,1,1,4,1,1,1,2,4,3,4,1,4,1,2,2,3,3,1,1,2,3,1,1,1,3,4,4,1,3,0,1,0,2,2,3,3,0,2,3,3,1,0,0,0,0,0,0,0,2,0,0,0,0,0,2,1,1,0,1,3,1,4,2,2,3,0,0,1,1,3,3,1,1,1,2,3,2,1,1,1,4,2,1,3,3,3,4,3,2,2,3,3,3,3,1,2,1,3,2,2,1,1,3,4,3,4,4,4,3,1,4,1,4,4,4,2,3,3
RBF-17-0537-1_S56,1,1,1,4,1,1,1,2,2,3,3,1,4,1,2,2,3,3,1,1,2,3,1,1,1,1,3,4,4,1,3,3,1,1,1,2,3,2,1,2,3,2,3,1,2,1,3,2,2,3,4,2,2,3,2,2,1,3,2,1,4,1,1,3,1,4,1,1,2,1,1,1,1,3,1,3,1,1,1,3,1,1,1,1,1,2,2,3,1,2,2,2,2,2,3,3,1,2,1,1,1,3,2,2,1,3,3,4,0,2,4,4,3,0,1,4,4,4,4,2,3,3,1,1,1,4,1,1,1,2,2,3,1,4,1,2,2,3,3,1,1,2,3,1,1,1,3,4,4,1,3,3,1,1,1,2,3,2,1,2,3,3,1,2,1,3,2,2,3,4,2,3,2,2,1,3,2,1,4,1,1,3,1,4,1,1,2,1,1,1,1,3,1,3,1,1,1,3,1,1,1,1,1,2,2,3,1,2,2,2,2,2,3,3,1,2,1,1,1,3,2,2,1,3,3,4,0,4,4,3,0,1,4,4,4,4,2,3,3,0,1,1,1,1,4,1,1,1,2,2,3,3,1,4,1,2,2,3,3,1,1,2,3,1,1,1,1,3,4,4,1,3,1,3,1,1,1,2,3,2,1,2,0,3,2,3,1,3,2,1,3,2,2,3,4,2,2,3,2,2,1,3,2,1,4,1,4,1,3,1,4,1,1,2,1,1,1,1,0,3,2,1,3,1,1,1,3,0,1,2,1,1,0,1,1,2,2,3,1,2,2,2,2,2,3,0,3,1,2,1,1,1,3,2,2,1,3,3,4,0,3,2,4,4,3,0,1,4,4,4,4,0,0,1,0,1,2,3,3,0,0,1,1,1,4,1,1,1,2,2,3,3,1,4,1,2,2,3,3,1,1,2,3,1,1,1,3,4,4,1,3,3,1,1,1,2,3,2,1,2,3,3,1,2,1,3,2,2,3,4,2,3,2,2,1,3,2,1,4,1,1,3,1,4,1,1,2,1,1,1,1,3,1,3,1,1,1,3,1,1,1,1,1,2,2,3,1,2,2,2,2,2,3,3,1,2,1,1,1,3,2,2,1,3,3,4,0,4,4,3,0,1,4,4,4,4,0,2,3,3
RBF-17-0538-1_S82,0,0,0,0,0,0,0,0,0,0,0,1,4,0,0,0,0,0,0,0,0,0,0,0,0,0,0,0,0,0,0,0,0,0,0,0,0,0,0,2,3,2,3,1,2,1,3,2,2,3,4,2,2,3,2,2,1,3,2,1,0,0,0,0,0,0,0,0,0,0,0,0,0,0,0,0,0,0,0,0,0,0,1,1,0,0,0,3,0,0,0,0,0,0,0,0,0,0,0,0,0,0,0,0,0,1,3,4,3,2,3,4,4,3,1,4,1,4,4,2,3,3,0,0,0,0,0,0,0,0,0,0,1,4,0,0,0,0,0,0,0,0,0,0,0,0,0,0,0,0,0,0,0,0,0,0,0,0,0,2,3,3,1,2,1,3,2,2,3,4,2,3,2,2,1,3,2,1,0,0,0,0,0,0,0,0,0,0,0,0,0,0,0,0,0,0,0,0,0,0,1,1,0,0,0,3,0,0,0,0,0,0,0,0,0,0,0,0,0,0,0,0,0,1,3,4,3,3,4,4,3,1,4,1,4,4,2,3,3,3,0,0,0,0,0,0,0,0,0,0,0,0,1,4,0,0,0,0,0,0,0,0,0,0,0,0,0,0,0,0,0,0,0,0,0,0,0,0,0,0,0,2,3,3,2,3,1,3,2,1,3,2,2,3,4,2,2,3,2,2,1,3,2,1,0,0,0,0,0,0,0,0,0,0,0,0,0,0,2,0,0,0,0,0,0,0,0,3,0,0,0,1,3,1,0,0,0,3,0,0,0,0,0,0,0,3,0,0,0,0,0,0,0,0,0,0,1,3,4,3,3,2,3,4,4,3,1,4,1,4,4,1,4,1,3,1,2,3,3,3,1,0,0,0,0,0,0,0,0,0,0,0,1,4,0,0,0,0,0,0,0,0,0,0,0,0,0,0,0,0,0,0,0,0,0,0,0,0,0,2,3,3,1,2,1,3,2,2,3,4,2,3,2,2,1,3,2,1,0,0,0,0,0,0,0,0,0,0,0,0,0,0,0,0,0,0,0,0,0,0,1,1,0,0,0,3,0,0,0,0,0,0,0,0,0,0,0,0,0,0,0,0,0,1,3,4,3,3,4,4,3,1,4,1,4,4,4,2,3,3
RBF-17-0540-1_S83,3,1,1,4,4,1,3,2,4,3,4,3,4,1,2,2,3,3,1,1,2,3,2,2,1,1,3,4,4,1,3,3,2,3,2,2,4,3,1,1,1,2,0,1,2,1,3,2,2,3,4,2,2,3,2,2,1,3,2,1,0,4,1,1,3,4,2,3,3,2,1,1,1,3,3,1,1,1,2,3,2,1,1,1,1,2,2,3,3,3,4,3,2,2,3,3,3,3,2,2,1,3,2,2,1,1,3,3,3,2,3,4,4,3,1,4,0,4,4,0,3,3,3,1,1,4,4,1,3,2,4,4,3,4,1,2,2,3,3,1,1,2,3,2,1,1,3,4,4,1,3,3,2,3,2,2,4,3,1,1,1,0,1,2,1,3,2,2,3,4,2,3,2,2,1,3,2,1,0,4,1,1,3,4,2,3,3,2,1,1,1,3,3,1,1,1,2,3,2,1,1,1,1,2,2,3,3,3,4,3,2,2,3,3,3,3,2,2,1,3,2,2,1,1,3,3,3,3,4,4,3,1,4,0,4,4,0,3,3,2,3,1,1,2,4,4,1,3,2,4,3,4,3,4,1,2,2,3,3,1,1,2,3,2,2,1,1,3,4,4,1,3,4,3,2,3,2,2,4,3,1,1,3,1,2,0,1,3,2,1,3,2,2,3,4,2,2,3,2,2,1,3,2,1,0,4,1,1,1,3,4,2,3,3,2,1,1,1,2,3,2,3,1,1,1,2,3,4,2,2,1,1,3,1,1,2,2,3,3,3,4,3,2,2,3,3,3,3,3,2,2,1,3,2,2,1,1,3,3,3,3,2,3,4,4,3,1,4,0,4,4,1,4,1,3,1,0,3,3,3,1,3,1,1,4,4,1,3,2,4,3,4,3,4,1,2,2,3,3,1,1,2,3,2,1,1,3,4,4,1,3,3,2,3,2,2,4,3,1,1,1,0,1,2,1,3,2,2,3,4,2,3,2,2,1,3,2,1,0,4,1,1,3,4,2,3,3,2,1,1,1,3,3,1,1,1,2,3,2,1,1,1,1,2,2,3,3,3,4,3,2,2,3,3,3,3,2,2,1,3,2,2,1,1,3,3,3,3,4,4,3,1,4,0,4,4,4,0,3,3
RBF-17-0550-1_S84,3,1,0,0,1,1,1,2,4,3,4,1,4,1,2,0,0,0,1,1,2,3,0,0,0,1,0,4,4,1,3,0,0,0,2,2,3,3,1,2,1,0,3,1,0,0,0,0,0,0,0,0,0,0,0,0,0,0,2,1,1,4,1,3,1,0,2,1,3,1,1,0,1,3,0,1,1,1,2,3,0,1,1,0,4,2,2,3,3,3,4,3,2,0,0,0,3,3,1,2,1,3,2,2,1,1,3,3,0,2,4,4,4,3,1,0,4,4,4,2,0,3,3,1,0,0,1,1,1,2,4,4,1,4,1,2,0,0,0,1,1,2,3,0,0,1,0,4,4,1,3,0,0,0,2,2,3,3,1,2,1,3,1,0,0,0,0,0,0,0,0,0,0,0,0,0,2,1,1,4,1,3,1,0,2,1,3,1,1,0,1,3,0,1,1,1,2,3,0,1,1,0,4,2,2,3,3,3,4,3,2,0,0,0,3,3,1,2,1,3,2,2,1,1,3,3,0,4,4,4,3,1,0,4,4,4,2,0,3,0,3,1,0,1,0,1,1,1,2,4,3,4,1,4,1,2,0,0,0,1,1,2,3,0,0,0,1,0,4,4,1,3,0,0,0,0,2,2,3,3,1,2,3,1,0,3,1,0,0,0,0,0,0,0,0,0,0,0,0,0,0,0,2,1,1,4,1,1,3,1,0,2,1,3,1,1,0,1,0,3,0,0,1,1,1,2,3,3,0,0,1,1,3,0,4,2,2,3,3,3,4,3,2,0,0,3,0,3,3,1,2,1,3,2,2,1,1,3,3,0,3,2,4,4,4,3,1,0,4,4,4,1,4,1,3,0,2,0,3,3,1,3,1,0,0,1,1,1,2,4,3,4,1,4,1,2,0,0,0,1,1,2,3,0,0,1,0,4,4,1,3,0,0,0,2,2,3,3,1,2,1,3,1,0,0,0,0,0,0,0,0,0,0,0,0,0,2,1,1,4,1,3,1,0,2,1,3,1,1,0,1,3,0,1,1,1,2,3,0,1,1,0,4,2,2,3,3,3,4,3,2,0,0,0,3,3,1,2,1,3,2,2,1,1,3,3,0,4,4,4,3,1,0,4,4,4,4,2,0,3
RBF-17-0553-1_S85,1,1,1,4,1,1,1,2,2,3,3,1,4,1,2,2,3,3,1,1,2,3,1,1,0,1,3,4,4,1,3,3,1,1,1,2,3,2,1,2,3,2,3,1,2,1,3,2,2,3,4,2,2,3,2,2,1,3,2,1,4,1,1,3,1,4,1,1,2,1,1,1,1,3,1,3,1,1,1,3,1,1,1,1,1,2,2,3,1,2,2,2,2,2,3,3,1,2,1,1,1,3,2,2,1,3,3,4,0,2,4,4,3,0,1,4,4,4,4,2,3,3,1,1,1,4,1,1,1,2,2,3,1,4,1,2,2,3,3,1,1,2,3,1,0,1,3,4,4,1,3,3,1,1,1,2,3,2,1,2,3,3,1,2,1,3,2,2,3,4,2,3,2,2,1,3,2,1,4,1,1,3,1,4,1,1,2,1,1,1,1,3,1,3,1,1,1,3,1,1,1,1,1,2,2,3,1,2,2,2,2,2,3,3,1,2,1,1,1,3,2,2,1,3,3,4,0,4,4,3,0,1,4,4,4,4,2,3,3,0,1,1,1,1,4,1,1,1,2,2,3,3,1,4,1,2,2,3,3,1,1,2,3,1,1,0,1,3,4,4,1,3,1,3,1,1,1,2,3,2,1,2,0,3,2,3,1,3,2,1,3,2,2,3,4,2,2,3,2,2,1,3,2,1,4,1,4,1,3,1,4,1,1,2,1,1,1,1,0,3,2,1,3,1,1,1,3,0,1,2,1,1,0,1,1,2,2,3,1,2,2,2,2,2,3,0,3,1,2,1,1,1,3,2,2,1,3,3,4,0,3,2,4,4,3,0,1,4,4,4,4,0,0,1,0,1,2,3,3,0,0,1,1,1,4,1,1,1,2,2,3,3,1,4,1,2,2,3,3,1,1,2,3,1,0,1,3,4,4,1,3,3,1,1,1,2,3,2,1,2,3,3,1,2,1,3,2,2,3,4,2,3,2,2,1,3,2,1,4,1,1,3,1,4,1,1,2,1,1,1,1,3,1,3,1,1,1,3,1,1,1,1,1,2,2,3,1,2,2,2,2,2,3,3,1,2,1,1,1,3,2,2,1,3,3,4,0,4,4,3,0,1,4,4,4,4,0,2,3,3
RBF-17-0572-2_S89,1,4,1,4,1,1,1,2,2,3,3,1,4,1,2,2,3,3,1,1,2,3,1,1,1,1,3,4,4,1,3,3,1,1,1,2,3,2,1,2,1,0,3,0,2,1,3,2,2,3,4,2,2,3,2,2,1,3,2,1,4,1,1,3,1,4,1,1,3,1,1,1,1,3,1,3,1,1,2,3,1,1,1,1,1,2,2,3,3,3,2,2,2,2,3,3,1,2,1,2,1,3,2,2,1,3,3,3,3,0,3,2,4,3,2,4,1,4,4,2,1,3,1,4,1,4,1,1,1,2,2,3,1,4,1,2,2,3,3,1,1,2,3,1,1,1,3,4,4,1,3,3,1,1,1,2,3,2,1,2,1,3,0,2,1,3,2,2,3,4,2,3,2,2,1,3,2,1,4,1,1,3,1,4,1,1,3,1,1,1,1,3,1,3,1,1,2,3,1,1,1,1,1,2,2,3,3,3,2,2,2,2,3,3,1,2,1,2,1,3,2,2,1,3,3,3,3,3,2,4,3,2,4,1,4,4,2,1,3,3,1,4,1,1,4,1,1,1,2,2,3,3,1,4,1,2,2,3,3,1,1,2,3,1,1,1,1,3,4,4,1,3,1,3,1,1,1,2,3,2,1,2,3,1,0,3,0,3,2,1,3,2,2,3,4,2,2,3,2,2,1,3,2,1,4,1,4,1,3,1,4,1,1,3,1,1,1,1,0,3,2,1,3,1,1,2,3,0,1,2,1,1,0,1,1,2,2,3,3,3,2,2,2,2,3,0,3,1,2,1,2,1,3,2,2,1,3,3,3,3,0,0,3,2,4,3,2,4,1,4,4,1,4,1,3,1,2,1,3,3,1,1,4,1,4,1,1,1,2,2,3,3,1,4,1,2,2,3,3,1,1,2,3,1,1,1,3,4,4,1,3,3,1,1,1,2,3,2,1,2,1,3,0,2,1,3,2,2,3,4,2,3,2,2,1,3,2,1,4,1,1,3,1,4,1,1,3,1,1,1,1,3,1,3,1,1,2,3,1,1,1,1,1,2,2,3,3,3,2,2,2,2,3,3,1,2,1,2,1,3,2,2,1,3,3,3,3,3,2,4,3,2,4,1,4,4,4,2,1,3
RBF-17-0587-1_S91,3,4,2,4,1,1,1,2,2,3,4,1,4,1,4,2,3,3,1,1,2,3,2,2,1,2,3,4,4,1,3,4,2,3,2,2,3,3,1,1,1,2,3,1,2,1,3,2,2,3,4,2,2,3,2,2,1,3,2,0,1,4,2,1,3,1,2,3,3,2,1,3,1,3,3,1,4,3,2,3,1,1,0,0,4,2,2,0,1,3,4,3,4,2,3,3,3,2,1,2,1,3,2,2,1,1,0,3,3,0,3,2,4,3,2,0,1,4,4,2,3,3,3,4,2,4,1,1,1,2,2,4,1,4,1,4,2,3,3,1,1,2,3,2,1,2,3,4,4,1,3,4,2,3,2,2,3,3,1,1,1,3,1,2,1,3,2,2,3,4,2,3,2,2,1,3,2,0,1,4,2,1,3,1,2,3,3,2,1,3,1,3,3,1,4,3,2,3,1,1,0,0,4,2,2,0,1,3,4,3,4,2,3,3,3,2,1,2,1,3,2,2,1,1,0,3,3,3,2,4,3,2,0,1,4,4,2,3,3,3,3,4,2,2,4,1,1,1,2,2,3,4,1,4,1,4,2,3,3,1,1,2,3,2,2,1,2,3,4,4,1,3,4,4,2,3,2,2,3,3,1,1,3,1,2,3,1,3,2,1,3,2,2,3,4,2,2,3,2,2,1,3,2,0,1,4,1,2,1,3,1,2,3,3,2,1,3,1,2,3,2,3,1,4,3,2,3,3,1,2,1,0,3,0,4,2,2,0,1,3,4,3,4,2,3,3,3,3,2,1,2,1,3,2,2,1,1,0,3,3,0,0,3,2,4,3,2,0,1,4,4,1,4,1,3,1,2,3,3,3,1,3,4,2,4,1,1,1,2,2,3,4,1,4,1,4,2,3,3,1,1,2,3,2,1,2,3,4,4,1,3,4,2,3,2,2,3,3,1,1,1,3,1,2,1,3,2,2,3,4,2,3,2,2,1,3,2,0,1,4,2,1,3,1,2,3,3,2,1,3,1,3,3,1,4,3,2,3,1,1,0,0,4,2,2,0,1,3,4,3,4,2,3,3,3,2,1,2,1,3,2,2,1,1,0,3,3,3,2,4,3,2,0,1,4,4,4,2,3,3
RBF-17-0589-1_S92,3,4,2,4,4,1,1,4,3,3,4,1,4,1,2,2,3,3,4,1,2,4,2,2,1,2,3,4,4,1,3,4,2,3,2,4,4,3,3,1,1,2,0,0,0,0,3,2,2,3,4,2,2,3,2,2,2,3,0,0,1,4,2,3,3,1,2,3,3,1,3,3,4,3,3,1,4,3,2,3,2,3,0,1,4,2,2,0,3,3,4,3,4,2,3,3,3,3,1,2,1,3,3,4,1,1,3,3,3,2,3,2,4,3,2,4,1,0,0,0,1,3,3,4,2,4,4,1,1,4,3,4,1,4,1,2,2,3,3,4,1,2,4,2,1,2,3,4,4,1,3,4,2,3,2,4,4,3,3,1,1,0,0,0,0,3,2,2,3,4,2,3,2,2,2,3,0,0,1,4,2,3,3,1,2,3,3,1,3,3,4,3,3,1,4,3,2,3,2,3,0,1,4,2,2,0,3,3,4,3,4,2,3,3,3,3,1,2,1,3,3,4,1,1,3,3,3,3,2,4,3,2,4,1,0,0,0,1,3,3,3,4,2,2,4,4,1,1,4,3,3,4,1,4,1,2,2,3,3,4,1,2,4,2,2,1,2,3,4,4,1,3,4,4,2,3,2,4,4,3,3,1,3,1,2,0,0,0,0,0,3,2,2,3,4,2,2,3,2,2,2,3,0,0,1,4,1,2,3,3,1,2,3,3,1,3,3,4,2,3,2,3,1,4,3,2,3,4,2,2,3,0,3,1,4,2,2,0,3,3,4,3,4,2,3,3,3,3,3,1,2,1,3,3,4,1,1,3,3,3,3,2,3,2,4,3,2,4,1,0,0,0,0,0,0,0,0,1,3,3,1,3,4,2,4,4,1,1,4,3,3,4,1,4,1,2,2,3,3,4,1,2,4,2,1,2,3,4,4,1,3,4,2,3,2,4,4,3,3,1,1,0,0,0,0,3,2,2,3,4,2,3,2,2,2,3,0,0,1,4,2,3,3,1,2,3,3,1,3,3,4,3,3,1,4,3,2,3,2,3,0,1,4,2,2,0,3,3,4,3,4,2,3,3,3,3,1,2,1,3,3,4,1,1,3,3,3,3,2,4,3,2,4,1,0,0,0,0,1,3
RBF-17-0602-1_S93,3,4,2,4,4,1,1,4,3,3,4,1,4,1,2,2,3,3,4,1,2,4,2,2,1,2,3,4,4,1,3,4,2,3,2,4,4,3,3,1,1,2,0,0,2,1,3,2,2,3,4,2,2,3,2,2,1,3,0,0,1,4,2,3,3,1,2,3,3,1,3,3,4,3,3,1,4,3,2,3,2,3,0,1,4,2,2,0,3,3,4,3,4,2,3,3,3,3,1,2,1,3,3,4,1,1,3,3,3,2,3,2,4,3,2,4,1,4,1,0,1,3,3,4,2,4,4,1,1,4,3,4,1,4,1,2,2,3,3,4,1,2,4,2,1,2,3,4,4,1,3,4,2,3,2,4,4,3,3,1,1,0,0,2,1,3,2,2,3,4,2,3,2,2,1,3,0,0,1,4,2,3,3,1,2,3,3,1,3,3,4,3,3,1,4,3,2,3,2,3,0,1,4,2,2,0,3,3,4,3,4,2,3,3,3,3,1,2,1,3,3,4,1,1,3,3,3,3,2,4,3,2,4,1,4,1,0,1,3,3,3,4,2,2,4,4,1,1,4,3,3,4,1,4,1,2,2,3,3,4,1,2,4,2,2,1,2,3,4,4,1,3,4,4,2,3,2,4,4,3,3,1,3,1,2,0,0,3,2,1,3,2,2,3,4,2,2,3,2,2,1,3,0,0,1,4,1,2,3,3,1,2,3,3,1,3,3,4,2,3,2,3,1,4,3,2,3,4,2,2,3,0,3,1,4,2,2,0,3,3,4,3,4,2,3,3,3,3,3,1,2,1,3,3,4,1,1,3,3,3,3,2,3,2,4,3,2,4,1,4,1,1,4,0,3,0,0,1,3,3,1,3,4,2,4,4,1,1,4,3,3,4,1,4,1,2,2,3,3,4,1,2,4,2,1,2,3,4,4,1,3,4,2,3,2,4,4,3,3,1,1,0,0,2,1,3,2,2,3,4,2,3,2,2,1,3,0,0,1,4,2,3,3,1,2,3,3,1,3,3,4,3,3,1,4,3,2,3,2,3,0,1,4,2,2,0,3,3,4,3,4,2,3,3,3,3,1,2,1,3,3,4,1,1,3,3,3,3,2,4,3,2,4,1,4,1,4,0,1,3
RBF-17-0605-1_S94,3,1,1,4,1,1,1,2,4,3,4,1,4,1,2,2,3,3,1,1,2,3,1,0,1,1,3,4,4,1,3,0,1,3,2,2,3,3,0,1,1,2,0,1,2,1,3,2,2,3,4,2,0,3,2,2,1,3,2,1,1,4,1,3,1,4,2,2,3,0,0,1,1,3,3,1,1,1,2,3,2,1,1,1,4,2,1,3,3,3,4,3,2,2,3,3,3,3,1,2,1,3,2,2,1,1,3,4,3,2,3,4,4,3,1,4,1,4,4,2,0,0,3,1,1,4,1,1,1,2,4,4,1,4,1,2,2,3,3,1,1,2,3,1,1,1,3,4,4,1,3,0,1,3,2,2,3,3,0,1,1,0,1,2,1,3,2,2,3,4,2,3,2,2,1,3,2,1,1,4,1,3,1,4,2,2,3,0,0,1,1,3,3,1,1,1,2,3,2,1,1,1,4,2,1,3,3,3,4,3,2,2,3,3,3,3,1,2,1,3,2,2,1,1,3,4,3,3,4,4,3,1,4,1,4,4,2,0,0,3,3,1,1,1,4,1,1,1,2,4,3,4,1,4,1,2,2,3,3,1,1,2,3,1,0,1,1,3,4,4,1,3,4,0,1,3,2,2,3,3,0,1,3,1,2,0,1,3,2,1,3,2,2,3,4,2,0,3,2,2,1,3,2,1,1,4,1,1,3,1,4,2,2,3,0,0,1,1,2,3,2,3,1,1,1,2,3,3,2,0,1,1,3,1,4,2,1,3,3,3,4,3,2,2,3,3,3,3,3,1,2,1,3,2,2,1,1,3,4,3,3,2,3,4,4,3,1,4,1,4,4,0,4,1,3,1,2,0,0,0,1,3,1,1,4,1,1,1,2,4,3,4,1,4,1,2,2,3,3,1,1,2,3,1,1,1,3,4,4,1,3,0,1,3,2,2,3,3,0,1,1,0,1,2,1,3,2,2,3,4,2,3,2,2,1,3,2,1,1,4,1,3,1,4,2,2,3,0,0,1,1,3,3,1,1,1,2,3,2,1,1,1,4,2,1,3,3,3,4,3,2,2,3,3,3,3,1,2,1,3,2,2,1,1,3,4,3,3,4,4,3,1,4,1,4,4,4,2,0,0
RBF-17-0614-3_S95,3,4,2,4,1,1,1,2,3,3,3,1,4,1,4,2,3,3,1,1,2,3,2,2,1,2,3,4,4,1,3,4,1,1,2,2,3,3,3,1,1,0,0,1,2,1,3,2,2,3,4,2,2,3,2,2,1,3,0,0,1,4,1,1,3,1,2,3,3,2,3,3,1,3,1,1,4,1,2,3,2,1,0,0,4,2,2,3,3,3,4,3,4,2,3,3,3,3,1,2,1,3,2,4,1,1,0,3,3,0,3,4,4,3,2,0,1,0,1,2,1,3,3,4,2,4,1,1,1,2,3,3,1,4,1,4,2,3,3,1,1,2,3,2,1,2,3,4,4,1,3,4,1,1,2,2,3,3,3,1,1,0,1,2,1,3,2,2,3,4,2,3,2,2,1,3,0,0,1,4,1,1,3,1,2,3,3,2,3,3,1,3,1,1,4,1,2,3,2,1,0,0,4,2,2,3,3,3,4,3,4,2,3,3,3,3,1,2,1,3,2,4,1,1,0,3,3,3,4,4,3,2,0,1,0,1,2,1,3,3,3,4,2,1,4,1,1,1,2,3,3,3,1,4,1,4,2,3,3,1,1,2,3,2,2,1,2,3,4,4,1,3,4,4,1,1,2,2,3,3,3,1,3,1,0,0,1,3,2,1,3,2,2,3,4,2,2,3,2,2,1,3,0,0,1,4,1,1,1,3,1,2,3,3,2,3,3,1,2,3,3,1,1,4,1,2,3,4,2,2,1,0,3,0,4,2,2,3,3,3,4,3,4,2,3,3,3,3,3,1,2,1,3,2,4,1,1,0,3,3,0,0,3,4,4,3,2,0,1,0,1,1,4,1,3,0,2,1,3,3,1,3,4,2,4,1,1,1,2,3,3,3,1,4,1,4,2,3,3,1,1,2,3,2,1,2,3,4,4,1,3,4,1,1,2,2,3,3,3,1,1,0,1,2,1,3,2,2,3,4,2,3,2,2,1,3,0,0,1,4,1,1,3,1,2,3,3,2,3,3,1,3,1,1,4,1,2,3,2,1,0,0,4,2,2,3,3,3,4,3,4,2,3,3,3,3,1,2,1,3,2,4,1,1,0,3,3,3,4,4,3,2,0,1,0,1,4,2,1,3
RBF-17-0616-1_S96,0,4,1,4,4,1,1,2,4,0,4,0,4,1,2,2,3,3,1,1,2,3,2,2,1,1,0,4,4,1,3,3,0,0,2,2,4,3,1,1,3,0,3,1,2,1,4,2,2,3,4,2,2,3,2,2,1,3,2,1,1,4,1,1,0,4,2,3,3,2,1,1,1,3,3,3,1,1,0,0,2,1,1,1,4,2,2,3,3,3,4,3,2,2,0,3,3,0,1,2,1,3,2,2,0,1,3,3,3,2,3,4,4,3,1,0,1,4,4,2,3,3,0,4,1,4,4,1,1,2,4,4,0,4,1,2,2,3,3,1,1,2,3,2,1,1,0,4,4,1,3,3,0,0,2,2,4,3,1,1,3,3,1,2,1,4,2,2,3,4,2,3,2,2,1,3,2,1,1,4,1,1,0,4,2,3,3,2,1,1,1,3,3,3,1,1,0,0,2,1,1,1,4,2,2,3,3,3,4,3,2,2,0,3,3,0,1,2,1,3,2,2,0,1,3,3,3,3,4,4,3,1,0,1,4,4,2,3,3,3,0,4,1,1,4,4,1,1,2,4,0,4,0,4,1,2,2,3,3,1,1,2,3,2,2,1,1,0,4,4,1,3,1,3,0,0,2,2,4,3,1,1,3,3,0,3,1,3,2,1,4,2,2,3,4,2,2,3,2,2,1,3,2,1,1,4,0,1,1,0,4,2,3,3,2,1,1,1,2,3,2,3,3,1,1,0,0,4,2,2,1,1,3,1,4,2,2,3,3,3,4,3,2,2,0,3,3,3,0,1,2,1,3,2,2,0,1,3,3,3,3,2,3,4,4,3,1,0,1,4,4,1,4,1,3,0,2,3,3,3,1,0,4,1,4,4,1,1,2,4,0,4,0,4,1,2,2,3,3,1,1,2,3,2,1,1,0,4,4,1,3,3,0,0,2,2,4,3,1,1,3,3,1,2,1,4,2,2,3,4,2,3,2,2,1,3,2,1,1,4,1,1,0,4,2,3,3,2,1,1,1,3,3,3,1,1,0,0,2,1,1,1,4,2,2,3,3,3,4,3,2,2,0,3,3,0,1,2,1,3,2,2,0,1,3,3,3,3,4,4,3,1,0,1,4,4,4,2,3,3
RBF-17-0630-1_S59,3,1,1,4,4,1,3,2,4,3,4,3,4,1,2,2,3,3,1,1,2,3,2,2,1,1,3,4,4,1,3,3,2,3,2,2,4,3,0,1,1,2,0,1,2,1,3,2,2,3,4,2,2,3,2,2,1,3,2,1,0,4,1,1,3,4,2,3,3,2,1,1,1,3,3,1,1,1,2,3,2,1,1,1,1,2,2,3,3,3,4,3,2,2,3,3,3,3,2,2,1,3,2,2,1,1,3,3,3,2,3,4,4,3,1,4,0,4,4,0,3,3,3,1,1,4,4,1,3,2,4,4,3,4,1,2,2,3,3,1,1,2,3,2,1,1,3,4,4,1,3,3,2,3,2,2,4,3,0,1,1,0,1,2,1,3,2,2,3,4,2,3,2,2,1,3,2,1,0,4,1,1,3,4,2,3,3,2,1,1,1,3,3,1,1,1,2,3,2,1,1,1,1,2,2,3,3,3,4,3,2,2,3,3,3,3,2,2,1,3,2,2,1,1,3,3,3,3,4,4,3,1,4,0,4,4,0,3,3,2,3,1,1,2,4,4,1,3,2,4,3,4,3,4,1,2,2,3,3,1,1,2,3,2,2,1,1,3,4,4,1,3,4,3,2,3,2,2,4,3,0,1,3,1,2,0,1,3,2,1,3,2,2,3,4,2,2,3,2,2,1,3,2,1,0,4,1,1,1,3,4,2,3,3,2,1,1,1,2,3,2,3,1,1,1,2,3,4,2,2,1,1,3,1,1,2,2,3,3,3,4,3,2,2,3,3,3,3,3,2,2,1,3,2,2,1,1,3,3,3,3,2,3,4,4,3,1,4,0,4,4,1,4,1,3,1,0,3,3,3,1,3,1,1,4,4,1,3,2,4,3,4,3,4,1,2,2,3,3,1,1,2,3,2,1,1,3,4,4,1,3,3,2,3,2,2,4,3,0,1,1,0,1,2,1,3,2,2,3,4,2,3,2,2,1,3,2,1,0,4,1,1,3,4,2,3,3,2,1,1,1,3,3,1,1,1,2,3,2,1,1,1,1,2,2,3,3,3,4,3,2,2,3,3,3,3,2,2,1,3,2,2,1,1,3,3,3,3,4,4,3,1,4,0,4,4,4,0,3,3
RBF-17-0632-1_S97,3,4,2,4,1,1,1,2,3,3,4,1,4,1,4,2,3,3,4,1,2,3,1,1,1,1,3,4,4,1,3,3,1,3,2,2,4,3,1,2,0,0,0,0,2,1,3,2,2,3,4,2,2,3,2,2,2,3,0,0,1,4,1,1,3,4,2,3,3,2,3,3,4,3,1,1,4,3,2,3,2,3,1,0,4,2,2,3,3,3,4,3,4,2,3,3,3,2,1,2,1,3,3,4,1,1,0,3,3,2,3,2,4,3,2,0,4,4,1,2,1,0,3,4,2,4,1,1,1,2,3,4,1,4,1,4,2,3,3,4,1,2,3,1,1,1,3,4,4,1,3,3,1,3,2,2,4,3,1,2,0,0,0,2,1,3,2,2,3,4,2,3,2,2,2,3,0,0,1,4,1,1,3,4,2,3,3,2,3,3,4,3,1,1,4,3,2,3,2,3,1,0,4,2,2,3,3,3,4,3,4,2,3,3,3,2,1,2,1,3,3,4,1,1,0,3,3,3,2,4,3,2,0,4,4,1,2,1,0,3,3,4,2,1,4,1,1,1,2,3,3,4,1,4,1,4,2,3,3,4,1,2,3,1,1,1,1,3,4,4,1,3,4,3,1,3,2,2,4,3,1,2,3,0,0,0,0,3,2,1,3,2,2,3,4,2,2,3,2,2,2,3,0,0,1,4,1,1,1,3,4,2,3,3,2,3,3,4,2,3,2,1,1,4,3,2,3,3,2,2,3,1,3,0,4,2,2,3,3,3,4,3,4,2,3,3,3,3,2,1,2,1,3,3,4,1,1,0,3,3,3,2,3,2,4,3,2,0,4,4,1,1,4,0,3,1,2,1,0,3,1,3,4,2,4,1,1,1,2,3,3,4,1,4,1,4,2,3,3,4,1,2,3,1,1,1,3,4,4,1,3,3,1,3,2,2,4,3,1,2,0,0,0,2,1,3,2,2,3,4,2,3,2,2,2,3,0,0,1,4,1,1,3,4,2,3,3,2,3,3,4,3,1,1,4,3,2,3,2,3,1,0,4,2,2,3,3,3,4,3,4,2,3,3,3,2,1,2,1,3,3,4,1,1,0,3,3,3,2,4,3,2,0,4,4,1,4,2,1,0
RBF-17-0635-1_S98,4,1,2,4,1,1,1,2,0,0,4,1,0,1,2,2,3,3,1,0,0,3,2,0,1,1,0,4,4,0,0,3,1,3,2,2,0,3,0,1,1,2,3,1,2,1,3,2,2,3,4,2,2,3,2,2,0,3,2,1,1,4,1,0,0,0,2,2,0,2,1,1,1,3,3,1,1,1,2,3,2,1,0,1,4,2,1,3,3,3,4,3,2,2,3,3,3,3,1,2,1,3,2,2,1,0,0,3,3,0,3,4,4,3,1,0,0,4,4,2,0,0,4,1,2,4,1,1,1,2,0,4,1,0,1,2,2,3,3,1,0,0,3,2,1,1,0,4,4,0,0,3,1,3,2,2,0,3,0,1,1,3,1,2,1,3,2,2,3,4,2,3,2,2,0,3,2,1,1,4,1,0,0,0,2,2,0,2,1,1,1,3,3,1,1,1,2,3,2,1,0,1,4,2,1,3,3,3,4,3,2,2,3,3,3,3,1,2,1,3,2,2,1,0,0,3,3,3,4,4,3,1,0,0,4,4,2,0,0,3,4,1,2,1,4,1,1,1,2,0,0,4,1,0,1,2,2,3,3,1,0,0,3,2,0,1,1,0,4,4,0,0,4,3,1,3,2,2,0,3,0,1,3,1,2,3,1,3,2,1,3,2,2,3,4,2,2,3,2,2,0,3,2,1,1,4,1,1,0,0,0,2,2,0,2,1,1,1,2,3,2,3,1,1,1,2,3,3,2,2,1,0,3,1,4,2,1,3,3,3,4,3,2,2,3,3,3,3,3,1,2,1,3,2,2,1,0,0,3,3,0,0,3,4,4,3,1,0,0,4,4,1,4,0,3,0,2,0,0,3,1,4,1,2,4,1,1,1,2,0,0,4,1,0,1,2,2,3,3,1,0,0,3,2,1,1,0,4,4,0,0,3,1,3,2,2,0,3,0,1,1,3,1,2,1,3,2,2,3,4,2,3,2,2,0,3,2,1,1,4,1,0,0,0,2,2,0,2,1,1,1,3,3,1,1,1,2,3,2,1,0,1,4,2,1,3,3,3,4,3,2,2,3,3,3,3,1,2,1,3,2,2,1,0,0,3,3,3,4,4,3,1,0,0,4,4,4,2,0,0
RBF-17-0645-1_S61,4,1,2,0,1,0,0,0,0,3,0,1,4,1,0,2,3,3,1,1,2,3,0,0,1,0,3,4,4,1,3,0,0,3,2,2,3,3,1,2,0,2,3,1,2,1,3,2,2,3,4,2,2,3,2,2,1,3,2,1,1,0,0,3,0,4,2,0,0,2,0,0,1,3,3,1,0,0,2,3,2,0,1,1,0,2,2,3,0,3,0,3,2,0,0,3,3,3,1,2,0,0,0,0,0,1,3,4,3,2,3,4,4,3,1,4,1,4,4,2,3,3,4,1,2,0,1,0,0,0,0,0,1,4,1,0,2,3,3,1,1,2,3,0,1,0,3,4,4,1,3,0,0,3,2,2,3,3,1,2,0,3,1,2,1,3,2,2,3,4,2,3,2,2,1,3,2,1,1,0,0,3,0,4,2,0,0,2,0,0,1,3,3,1,0,0,2,3,2,0,1,1,0,2,2,3,0,3,0,3,2,0,0,3,3,3,1,2,0,0,0,0,0,1,3,4,3,3,4,4,3,1,4,1,4,4,2,3,3,3,4,1,2,2,0,1,0,0,0,0,3,0,1,4,1,0,2,3,3,1,1,2,3,0,0,1,0,3,4,4,1,3,4,0,0,3,2,2,3,3,1,2,3,0,2,3,1,0,2,1,3,2,2,3,4,2,2,3,2,2,1,3,2,1,1,0,1,0,3,0,4,2,0,0,2,0,0,1,2,3,2,3,1,0,0,2,3,3,2,2,0,1,3,1,0,2,2,3,0,3,0,3,2,0,0,3,3,3,3,1,2,0,0,0,0,0,1,3,4,3,3,2,3,4,4,3,1,4,1,4,4,1,4,1,3,1,2,3,3,3,1,4,1,2,0,1,0,0,0,0,3,0,1,4,1,0,2,3,3,1,1,2,3,0,1,0,3,4,4,1,3,0,0,3,2,2,3,3,1,2,0,3,1,2,1,3,2,2,3,4,2,3,2,2,1,3,2,1,1,0,0,3,0,4,2,0,0,2,0,0,1,3,3,1,0,0,2,3,2,0,1,1,0,2,2,3,0,3,0,3,2,0,0,3,3,3,1,2,0,0,0,0,0,1,3,4,3,3,4,4,3,1,4,1,4,4,4,2,3,3
RBF-17-0647-1_S99,3,4,2,4,4,1,1,4,3,3,4,1,4,1,2,2,3,3,4,1,2,4,2,2,1,2,3,4,4,1,3,4,2,3,2,4,4,3,3,2,0,0,3,1,2,1,3,2,2,3,4,2,2,3,2,2,2,3,0,0,1,4,2,3,3,1,2,3,3,1,3,3,4,3,3,1,4,3,2,3,2,3,0,1,4,2,2,0,3,3,4,3,4,2,3,3,3,3,1,2,1,3,3,4,1,1,3,3,3,2,3,2,4,3,2,4,1,4,1,0,1,3,3,4,2,4,4,1,1,4,3,4,1,4,1,2,2,3,3,4,1,2,4,2,1,2,3,4,4,1,3,4,2,3,2,4,4,3,3,2,0,3,1,2,1,3,2,2,3,4,2,3,2,2,2,3,0,0,1,4,2,3,3,1,2,3,3,1,3,3,4,3,3,1,4,3,2,3,2,3,0,1,4,2,2,0,3,3,4,3,4,2,3,3,3,3,1,2,1,3,3,4,1,1,3,3,3,3,2,4,3,2,4,1,4,1,0,1,3,3,3,4,2,2,4,4,1,1,4,3,3,4,1,4,1,2,2,3,3,4,1,2,4,2,2,1,2,3,4,4,1,3,4,4,2,3,2,4,4,3,3,2,3,0,0,3,1,3,2,1,3,2,2,3,4,2,2,3,2,2,2,3,0,0,1,4,1,2,3,3,1,2,3,3,1,3,3,4,2,3,3,3,1,4,3,2,3,4,2,2,3,0,3,1,4,2,2,0,3,3,4,3,4,2,3,3,3,3,3,1,2,1,3,3,4,1,1,3,3,3,3,2,3,2,4,3,2,4,1,4,1,1,4,0,3,0,0,1,3,3,1,3,4,2,4,4,1,1,4,3,3,4,1,4,1,2,2,3,3,4,1,2,4,2,1,2,3,4,4,1,3,4,2,3,2,4,4,3,3,2,0,3,1,2,1,3,2,2,3,4,2,3,2,2,2,3,0,0,1,4,2,3,3,1,2,3,3,1,3,3,4,3,3,1,4,3,2,3,2,3,0,1,4,2,2,0,3,3,4,3,4,2,3,3,3,3,1,2,1,3,3,4,1,1,3,3,3,3,2,4,3,2,4,1,4,1,4,0,1,3
RBF-17-0648-1_S100,3,0,0,0,0,0,1,2,0,0,4,0,4,1,0,0,0,0,0,1,2,3,2,0,0,0,0,0,0,0,0,0,0,0,0,0,3,3,0,1,3,0,3,1,2,1,3,2,2,3,4,0,2,3,2,2,1,3,2,1,0,0,0,0,0,0,0,0,0,0,0,0,0,3,0,0,0,0,2,3,0,0,0,1,0,2,0,3,0,0,0,0,0,2,3,0,0,3,0,0,1,0,0,0,0,0,0,3,0,0,4,4,4,3,1,4,4,4,1,2,0,3,3,0,0,0,0,0,1,2,0,4,0,4,1,0,0,0,0,0,1,2,3,2,0,0,0,0,0,0,0,0,0,0,0,0,3,3,0,1,3,3,1,2,1,3,2,2,3,4,0,3,2,2,1,3,2,1,0,0,0,0,0,0,0,0,0,0,0,0,0,3,0,0,0,0,2,3,0,0,0,1,0,2,0,3,0,0,0,0,0,2,3,0,0,3,0,0,1,0,0,0,0,0,0,3,0,4,4,4,3,1,4,4,4,1,2,0,3,3,3,0,0,0,0,0,0,1,2,0,0,4,0,4,1,0,0,0,0,0,1,2,3,2,0,0,0,0,0,0,0,0,4,0,0,0,0,0,3,3,0,1,3,3,0,3,1,3,2,1,3,2,2,3,4,0,2,3,2,2,1,3,2,1,0,0,0,0,0,0,0,0,0,0,0,0,0,0,2,3,0,0,0,0,0,2,3,3,0,2,0,0,0,1,0,2,0,3,0,0,0,0,0,2,3,3,0,0,3,0,0,1,0,0,0,0,0,0,3,0,0,0,4,4,4,3,1,4,4,4,1,1,4,1,3,1,2,0,3,3,1,3,0,0,0,0,0,1,2,0,0,4,0,4,1,0,0,0,0,0,1,2,3,2,0,0,0,0,0,0,0,0,0,0,0,0,3,3,0,1,3,3,1,2,1,3,2,2,3,4,0,3,2,2,1,3,2,1,0,0,0,0,0,0,0,0,0,0,0,0,0,3,0,0,0,0,2,3,0,0,0,1,0,2,0,3,0,0,0,0,0,2,3,0,0,3,0,0,1,0,0,0,0,0,0,3,0,4,4,4,3,1,4,4,4,1,4,2,0,3
RBF-17-0651-1_S62,3,1,1,0,1,1,1,2,3,0,3,1,0,1,2,2,3,3,4,1,2,3,2,2,1,1,3,4,4,1,3,3,1,3,2,2,3,3,3,2,3,0,3,1,0,0,0,0,0,0,0,0,0,0,0,0,0,0,0,1,1,4,1,3,0,4,2,2,3,1,1,1,1,3,3,1,1,1,0,0,2,1,1,1,4,0,0,3,3,3,4,3,2,2,3,3,3,2,0,2,1,3,3,2,0,1,3,4,3,2,3,4,3,3,0,0,0,4,4,2,3,3,3,1,1,0,1,1,1,2,3,3,1,0,1,2,2,3,3,4,1,2,3,2,1,1,3,4,4,1,3,3,1,3,2,2,3,3,3,2,3,3,1,0,0,0,0,0,0,0,0,0,0,0,0,0,0,1,1,4,1,3,0,4,2,2,3,1,1,1,1,3,3,1,1,1,0,0,2,1,1,1,4,0,0,3,3,3,4,3,2,2,3,3,3,2,0,2,1,3,3,2,0,1,3,4,3,3,4,3,3,0,0,0,4,4,2,3,3,3,3,1,1,0,0,1,1,1,2,3,0,3,1,0,1,2,2,3,3,4,1,2,3,2,2,1,1,3,4,4,1,3,4,3,1,3,2,2,3,3,3,2,3,3,0,3,1,0,0,0,0,0,0,0,0,0,0,0,0,0,0,0,0,1,1,4,1,1,3,0,4,2,2,3,1,1,1,1,2,3,2,3,1,1,1,0,0,3,2,2,1,1,3,1,4,0,0,3,3,3,4,3,2,2,3,3,3,3,2,0,2,1,3,3,2,0,1,3,4,3,3,2,3,4,3,3,0,0,0,4,4,1,4,1,3,1,2,3,3,3,0,3,1,1,0,1,1,1,2,3,0,3,1,0,1,2,2,3,3,4,1,2,3,2,1,1,3,4,4,1,3,3,1,3,2,2,3,3,3,2,3,3,1,0,0,0,0,0,0,0,0,0,0,0,0,0,0,1,1,4,1,3,0,4,2,2,3,1,1,1,1,3,3,1,1,1,0,0,2,1,1,1,4,0,0,3,3,3,4,3,2,2,3,3,3,2,0,2,1,3,3,2,0,1,3,4,3,3,4,3,3,0,0,0,4,4,4,2,3,3
RBF-17-0653-1_S101,3,4,2,4,1,1,1,2,3,3,3,1,4,1,2,2,3,3,4,1,2,3,2,2,1,2,3,4,4,1,3,3,1,1,2,4,3,3,3,1,1,0,3,1,2,1,3,2,2,3,4,2,2,3,2,2,1,3,0,1,1,4,1,1,3,1,2,3,3,1,3,3,4,3,1,1,4,1,2,3,2,1,0,1,4,2,2,3,3,3,4,3,4,2,3,3,3,3,1,2,1,3,3,4,1,1,0,3,3,0,3,4,4,3,2,0,1,0,1,0,1,0,3,4,2,4,1,1,1,2,3,3,1,4,1,2,2,3,3,4,1,2,3,2,1,2,3,4,4,1,3,3,1,1,2,4,3,3,3,1,1,3,1,2,1,3,2,2,3,4,2,3,2,2,1,3,0,1,1,4,1,1,3,1,2,3,3,1,3,3,4,3,1,1,4,1,2,3,2,1,0,1,4,2,2,3,3,3,4,3,4,2,3,3,3,3,1,2,1,3,3,4,1,1,0,3,3,3,4,4,3,2,0,1,0,1,0,1,0,3,3,4,2,1,4,1,1,1,2,3,3,3,1,4,1,2,2,3,3,4,1,2,3,2,2,1,2,3,4,4,1,3,1,3,1,1,2,4,3,3,3,1,3,1,0,3,1,3,2,1,3,2,2,3,4,2,2,3,2,2,1,3,0,1,1,4,4,1,1,3,1,2,3,3,1,3,3,4,2,3,2,1,1,4,1,2,3,4,2,2,1,0,3,1,4,2,2,3,3,3,4,3,4,2,3,3,3,3,3,1,2,1,3,3,4,1,1,0,3,3,0,0,3,4,4,3,2,0,1,0,1,1,4,1,3,0,0,1,0,3,1,3,4,2,4,1,1,1,2,3,3,3,1,4,1,2,2,3,3,4,1,2,3,2,1,2,3,4,4,1,3,3,1,1,2,4,3,3,3,1,1,3,1,2,1,3,2,2,3,4,2,3,2,2,1,3,0,1,1,4,1,1,3,1,2,3,3,1,3,3,4,3,1,1,4,1,2,3,2,1,0,1,4,2,2,3,3,3,4,3,4,2,3,3,3,3,1,2,1,3,3,4,1,1,0,3,3,3,4,4,3,2,0,1,0,1,4,0,1,0
RBF-17-0664-1_S63,3,1,1,4,4,1,3,2,4,3,4,3,4,1,2,2,3,3,1,1,2,3,2,2,1,1,3,4,4,1,3,3,2,3,2,2,4,3,1,1,1,2,0,1,2,1,3,2,2,3,4,2,2,3,2,2,1,3,2,1,0,4,1,1,3,4,2,3,3,2,1,1,1,0,3,1,1,1,2,3,2,1,1,1,1,2,2,3,3,3,4,3,2,2,3,3,3,3,2,2,1,3,2,2,1,1,3,3,3,2,4,4,4,3,1,4,0,0,4,0,3,0,3,1,1,4,4,1,3,2,4,4,3,4,1,2,2,3,3,1,1,2,3,2,1,1,3,4,4,1,3,3,2,3,2,2,4,3,1,1,1,0,1,2,1,3,2,2,3,4,2,3,2,2,1,3,2,1,0,4,1,1,3,4,2,3,3,2,1,1,1,0,3,1,1,1,2,3,2,1,1,1,1,2,2,3,3,3,4,3,2,2,3,3,3,3,2,2,1,3,2,2,1,1,3,3,3,4,4,4,3,1,4,0,0,4,0,3,0,2,3,1,1,2,4,4,1,3,2,4,3,4,3,4,1,2,2,3,3,1,1,2,3,2,2,1,1,3,4,4,1,3,4,3,2,3,2,2,4,3,1,1,3,1,2,0,1,3,2,1,3,2,2,3,4,2,2,3,2,2,1,3,2,1,0,4,1,1,1,3,4,2,3,3,2,1,1,1,2,0,0,3,1,1,1,2,3,4,2,2,1,1,3,1,1,2,2,3,3,3,4,3,2,2,3,3,3,3,3,2,2,1,3,2,2,1,1,3,3,3,3,2,4,4,4,3,1,4,0,0,4,1,4,0,3,1,0,3,0,3,1,3,1,1,4,4,1,3,2,4,3,4,3,4,1,2,2,3,3,1,1,2,3,2,1,1,3,4,4,1,3,3,2,3,2,2,4,3,1,1,1,0,1,2,1,3,2,2,3,4,2,3,2,2,1,3,2,1,0,4,1,1,3,4,2,3,3,2,1,1,1,0,3,1,1,1,2,3,2,1,1,1,1,2,2,3,3,3,4,3,2,2,3,3,3,3,2,2,1,3,2,2,1,1,3,3,3,4,4,4,3,1,4,0,0,4,4,0,3,0
RBF-17-067-1_S54,1,1,1,4,1,1,1,2,2,3,3,1,4,1,2,2,3,3,1,1,2,3,1,1,1,1,3,4,4,1,3,3,1,1,1,2,3,2,1,2,3,2,3,1,2,1,3,2,2,3,4,2,2,3,2,2,1,3,2,1,4,1,1,3,1,4,1,1,2,1,1,1,1,3,1,3,1,1,1,3,1,1,1,1,1,2,2,3,1,2,2,2,2,2,3,3,1,2,1,1,1,3,2,2,1,3,3,4,0,2,4,4,3,0,1,4,4,4,4,2,3,3,1,1,1,4,1,1,1,2,2,3,1,4,1,2,2,3,3,1,1,2,3,1,1,1,3,4,4,1,3,3,1,1,1,2,3,2,1,2,3,3,1,2,1,3,2,2,3,4,2,3,2,2,1,3,2,1,4,1,1,3,1,4,1,1,2,1,1,1,1,3,1,3,1,1,1,3,1,1,1,1,1,2,2,3,1,2,2,2,2,2,3,3,1,2,1,1,1,3,2,2,1,3,3,4,0,4,4,3,0,1,4,4,4,4,2,3,3,0,1,1,1,1,4,1,1,1,2,2,3,3,1,4,1,2,2,3,3,1,1,2,3,1,1,1,1,3,4,4,1,3,1,3,1,1,1,2,3,2,1,2,0,3,2,3,1,3,2,1,3,2,2,3,4,2,2,3,2,2,1,3,2,1,4,1,4,1,3,1,4,1,1,2,1,1,1,1,0,3,2,1,3,1,1,1,3,0,1,2,1,1,0,1,1,2,2,3,1,2,2,2,2,2,3,0,3,1,2,1,1,1,3,2,2,1,3,3,4,0,3,2,4,4,3,0,1,4,4,4,4,0,0,1,0,1,2,3,3,0,0,1,1,1,4,1,1,1,2,2,3,3,1,4,1,2,2,3,3,1,1,2,3,1,1,1,3,4,4,1,3,3,1,1,1,2,3,2,1,2,3,3,1,2,1,3,2,2,3,4,2,3,2,2,1,3,2,1,4,1,1,3,1,4,1,1,2,1,1,1,1,3,1,3,1,1,1,3,1,1,1,1,1,2,2,3,1,2,2,2,2,2,3,3,1,2,1,1,1,3,2,2,1,3,3,4,0,4,4,3,0,1,4,4,4,4,0,2,3,3
RBF-17-094-1_S56,1,1,1,4,1,1,1,2,2,3,3,1,4,1,2,2,3,3,1,1,2,3,1,1,1,1,3,4,4,1,3,3,1,1,1,2,3,2,1,2,3,2,3,1,2,1,3,2,2,3,4,2,2,3,2,2,1,3,2,1,4,1,1,3,1,4,1,1,2,1,1,1,1,3,1,3,1,1,1,3,1,1,1,1,1,2,2,3,1,2,2,2,2,2,3,3,1,2,1,1,1,3,2,2,1,3,3,4,0,2,4,4,3,0,1,4,4,4,4,2,3,3,1,1,1,4,1,1,1,2,2,3,1,4,1,2,2,3,3,1,1,2,3,1,1,1,3,4,4,1,3,3,1,1,1,2,3,2,1,2,3,3,1,2,1,3,2,2,3,4,2,3,2,2,1,3,2,1,4,1,1,3,1,4,1,1,2,1,1,1,1,3,1,3,1,1,1,3,1,1,1,1,1,2,2,3,1,2,2,2,2,2,3,3,1,2,1,1,1,3,2,2,1,3,3,4,0,4,4,3,0,1,4,4,4,4,2,3,3,0,1,1,1,1,4,1,1,1,2,2,3,3,1,4,1,2,2,3,3,1,1,2,3,1,1,1,1,3,4,4,1,3,1,3,1,1,1,2,3,2,1,2,0,3,2,3,1,3,2,1,3,2,2,3,4,2,2,3,2,2,1,3,2,1,4,1,4,1,3,1,4,1,1,2,1,1,1,1,0,3,2,1,3,1,1,1,3,0,1,2,1,1,0,1,1,2,2,3,1,2,2,2,2,2,3,0,3,1,2,1,1,1,3,2,2,1,3,3,4,0,3,2,4,4,3,0,1,4,4,4,4,0,0,1,0,1,2,3,3,0,0,1,1,1,4,1,1,1,2,2,3,3,1,4,1,2,2,3,3,1,1,2,3,1,1,1,3,4,4,1,3,3,1,1,1,2,3,2,1,2,3,3,1,2,1,3,2,2,3,4,2,3,2,2,1,3,2,1,4,1,1,3,1,4,1,1,2,1,1,1,1,3,1,3,1,1,1,3,1,1,1,1,1,2,2,3,1,2,2,2,2,2,3,3,1,2,1,1,1,3,2,2,1,3,3,4,0,4,4,3,0,1,4,4,4,4,0,2,3,3
RBF-17-170-1_S66,1,1,1,4,1,1,1,2,2,3,3,1,4,1,2,2,3,3,1,1,2,3,1,1,1,1,3,4,4,1,3,3,1,1,1,2,3,2,1,2,3,2,3,1,2,1,3,2,2,3,4,2,2,3,2,2,1,3,2,1,4,1,1,3,1,4,1,1,2,1,1,1,1,3,1,3,1,1,1,3,1,1,1,1,1,0,2,3,1,2,2,2,2,2,3,3,1,2,1,1,1,0,2,2,1,3,3,4,0,2,4,4,3,0,1,4,4,4,4,2,3,3,1,1,1,4,1,1,1,2,2,3,1,4,1,2,2,3,3,1,1,2,3,1,1,1,3,4,4,1,3,3,1,1,1,2,3,2,1,2,3,3,1,2,1,3,2,2,3,4,2,3,2,2,1,3,2,1,4,1,1,3,1,4,1,1,2,1,1,1,1,3,1,3,1,1,1,3,1,1,1,1,1,0,2,3,1,2,2,2,2,2,3,3,1,2,1,1,1,0,2,2,1,3,3,4,0,4,4,3,0,1,4,4,4,4,2,3,3,0,1,1,1,1,4,1,1,1,2,2,3,3,1,4,1,2,2,3,3,1,1,2,3,1,1,1,1,3,4,4,1,3,1,3,1,1,1,2,3,2,1,2,0,3,2,3,1,3,2,1,3,2,2,3,4,2,2,3,2,2,1,3,2,1,4,1,4,1,3,1,4,1,1,2,1,1,1,1,0,3,2,1,3,1,1,1,3,0,1,2,1,1,0,1,1,0,2,3,1,2,2,2,2,2,3,0,3,1,2,1,1,1,0,2,2,1,3,3,4,0,3,2,4,4,3,0,1,4,4,4,4,0,0,1,0,1,2,3,3,0,0,1,1,1,4,1,1,1,2,2,3,3,1,4,1,2,2,3,3,1,1,2,3,1,1,1,3,4,4,1,3,3,1,1,1,2,3,2,1,2,3,3,1,2,1,3,2,2,3,4,2,3,2,2,1,3,2,1,4,1,1,3,1,4,1,1,2,1,1,1,1,3,1,3,1,1,1,3,1,1,1,1,1,0,2,3,1,2,2,2,2,2,3,3,1,2,1,1,1,0,2,2,1,3,3,4,0,4,4,3,0,1,4,4,4,4,0,2,3,3
RBF-17-186-1_S69,1,1,1,4,1,1,1,2,2,3,3,1,4,1,2,2,3,3,1,1,2,3,1,1,1,1,3,4,4,1,3,3,1,1,1,2,3,2,1,2,3,2,3,1,2,1,3,2,2,3,4,2,2,3,2,2,1,3,2,1,4,1,1,3,1,4,1,1,2,1,1,1,1,3,1,3,1,1,1,3,1,1,1,1,1,2,2,3,1,2,2,2,2,2,3,3,1,2,1,1,1,3,2,2,1,3,3,4,0,2,4,4,3,0,1,4,4,4,4,2,3,3,1,1,1,4,1,1,1,2,2,3,1,4,1,2,2,3,3,1,1,2,3,1,1,1,3,4,4,1,3,3,1,1,1,2,3,2,1,2,3,3,1,2,1,3,2,2,3,4,2,3,2,2,1,3,2,1,4,1,1,3,1,4,1,1,2,1,1,1,1,3,1,3,1,1,1,3,1,1,1,1,1,2,2,3,1,2,2,2,2,2,3,3,1,2,1,1,1,3,2,2,1,3,3,4,0,4,4,3,0,1,4,4,4,4,2,3,3,0,1,1,1,1,4,1,1,1,2,2,3,3,1,4,1,2,2,3,3,1,1,2,3,1,1,1,1,3,4,4,1,3,1,3,1,1,1,2,3,2,1,2,0,3,2,3,1,3,2,1,3,2,2,3,4,2,2,3,2,2,1,3,2,1,4,1,4,1,3,1,4,1,1,2,1,1,1,1,0,3,2,1,3,1,1,1,3,0,1,2,1,1,0,1,1,2,2,3,1,2,2,2,2,2,3,0,3,1,2,1,1,1,3,2,2,1,3,3,4,0,3,2,4,4,3,0,1,4,4,4,4,0,0,1,0,1,2,3,3,0,0,1,1,1,4,1,1,1,2,2,3,3,1,4,1,2,2,3,3,1,1,2,3,1,1,1,3,4,4,1,3,3,1,1,1,2,3,2,1,2,3,3,1,2,1,3,2,2,3,4,2,3,2,2,1,3,2,1,4,1,1,3,1,4,1,1,2,1,1,1,1,3,1,3,1,1,1,3,1,1,1,1,1,2,2,3,1,2,2,2,2,2,3,3,1,2,1,1,1,3,2,2,1,3,3,4,0,4,4,3,0,1,4,4,4,4,0,2,3,3
RBF-17-266-1_S70,3,1,1,4,1,1,1,2,4,3,4,1,4,1,2,2,3,3,1,1,2,3,1,0,1,1,3,4,4,1,3,0,1,3,2,2,3,0,0,2,1,2,3,1,0,0,0,0,0,0,0,0,0,0,0,0,0,0,2,1,1,0,1,3,1,4,2,2,3,0,0,1,1,3,3,1,1,1,2,3,2,1,1,1,4,2,1,3,3,3,4,3,2,2,3,3,3,3,1,2,1,3,2,2,1,1,3,4,3,0,4,4,4,3,1,4,0,4,4,2,0,3,3,1,1,4,1,1,1,2,4,4,1,4,1,2,2,3,3,1,1,2,3,1,1,1,3,4,4,1,3,0,1,3,2,2,3,0,0,2,1,3,1,0,0,0,0,0,0,0,0,0,0,0,0,0,2,1,1,0,1,3,1,4,2,2,3,0,0,1,1,3,3,1,1,1,2,3,2,1,1,1,4,2,1,3,3,3,4,3,2,2,3,3,3,3,1,2,1,3,2,2,1,1,3,4,3,4,4,4,3,1,4,0,4,4,2,0,3,3,3,1,1,1,4,1,1,1,2,4,3,4,1,4,1,2,2,3,3,1,1,2,3,1,0,1,1,3,4,4,1,3,4,0,1,3,2,2,3,0,0,2,3,1,2,3,1,0,0,0,0,0,0,0,0,0,0,0,0,0,0,0,2,1,1,0,1,1,3,1,4,2,2,3,0,0,1,1,2,3,2,3,1,1,1,2,3,3,2,0,1,1,3,1,4,2,1,3,3,3,4,3,2,2,3,3,3,3,3,1,2,1,3,2,2,1,1,3,4,3,0,0,4,4,4,3,1,4,0,4,4,1,4,1,3,0,2,0,3,3,1,3,1,1,4,1,1,1,2,4,3,4,1,4,1,2,2,3,3,1,1,2,3,1,1,1,3,4,4,1,3,0,1,3,2,2,3,0,0,2,1,3,1,0,0,0,0,0,0,0,0,0,0,0,0,0,2,1,1,0,1,3,1,4,2,2,3,0,0,1,1,3,3,1,1,1,2,3,2,1,1,1,4,2,1,3,3,3,4,3,2,2,3,3,3,3,1,2,1,3,2,2,1,1,3,4,3,4,4,4,3,1,4,0,4,4,4,2,0,3
RBF-17-277-1_S73,3,0,1,4,4,1,1,2,4,3,4,1,4,1,2,2,3,3,1,1,2,3,2,2,1,1,0,4,4,1,3,3,1,3,2,2,4,3,1,1,1,2,0,1,2,1,3,2,2,3,4,2,2,3,2,2,1,3,2,1,1,4,1,1,3,4,2,3,3,2,1,1,1,3,3,1,1,1,2,0,2,1,1,1,1,2,2,3,3,3,4,3,2,2,3,3,3,0,1,2,1,3,2,2,0,1,3,3,3,2,3,4,4,3,1,4,0,4,4,0,3,0,3,0,1,4,4,1,1,2,4,4,1,4,1,2,2,3,3,1,1,2,3,2,1,1,0,4,4,1,3,3,1,3,2,2,4,3,1,1,1,0,1,2,1,3,2,2,3,4,2,3,2,2,1,3,2,1,1,4,1,1,3,4,2,3,3,2,1,1,1,3,3,1,1,1,2,0,2,1,1,1,1,2,2,3,3,3,4,3,2,2,3,3,3,0,1,2,1,3,2,2,0,1,3,3,3,3,4,4,3,1,4,0,4,4,0,3,0,3,3,0,1,1,4,4,1,1,2,4,3,4,1,4,1,2,2,3,3,1,1,2,3,2,2,1,1,0,4,4,1,3,4,3,1,3,2,2,4,3,1,1,3,1,2,0,1,3,2,1,3,2,2,3,4,2,2,3,2,2,1,3,2,1,1,4,0,1,1,3,4,2,3,3,2,1,1,1,2,3,3,3,1,1,1,2,0,3,2,2,1,1,3,1,1,2,2,3,3,3,4,3,2,2,3,3,3,3,0,1,2,1,3,2,2,0,1,3,3,3,3,2,3,4,4,3,1,4,0,4,4,1,4,1,3,0,0,3,0,3,1,3,0,1,4,4,1,1,2,4,3,4,1,4,1,2,2,3,3,1,1,2,3,2,1,1,0,4,4,1,3,3,1,3,2,2,4,3,1,1,1,0,1,2,1,3,2,2,3,4,2,3,2,2,1,3,2,1,1,4,1,1,3,4,2,3,3,2,1,1,1,3,3,1,1,1,2,0,2,1,1,1,1,2,2,3,3,3,4,3,2,2,3,3,3,0,1,2,1,3,2,2,0,1,3,3,3,3,4,4,3,1,4,0,4,4,4,0,3,0
RBF-17-318-1_S77,1,1,1,4,1,1,1,2,2,3,3,1,4,1,2,2,3,3,1,1,2,3,1,1,1,1,3,4,4,1,3,3,1,1,1,2,3,2,1,2,3,2,3,1,2,1,3,2,2,3,4,2,2,3,2,2,1,3,2,1,4,1,1,3,1,4,1,1,2,1,1,1,1,3,1,3,1,1,1,3,1,1,1,1,1,2,2,3,1,2,2,2,2,2,3,3,1,2,1,1,1,3,2,2,1,3,3,4,0,2,4,4,3,0,1,4,4,4,4,2,3,3,1,1,1,4,1,1,1,2,2,3,1,4,1,2,2,3,3,1,1,2,3,1,1,1,3,4,4,1,3,3,1,1,1,2,3,2,1,2,3,3,1,2,1,3,2,2,3,4,2,3,2,2,1,3,2,1,4,1,1,3,1,4,1,1,2,1,1,1,1,3,1,3,1,1,1,3,1,1,1,1,1,2,2,3,1,2,2,2,2,2,3,3,1,2,1,1,1,3,2,2,1,3,3,4,0,4,4,3,0,1,4,4,4,4,2,3,3,0,1,1,1,1,4,1,1,1,2,2,3,3,1,4,1,2,2,3,3,1,1,2,3,1,1,1,1,3,4,4,1,3,1,3,1,1,1,2,3,2,1,2,0,3,2,3,1,3,2,1,3,2,2,3,4,2,2,3,2,2,1,3,2,1,4,1,4,1,3,1,4,1,1,2,1,1,1,1,0,3,2,1,3,1,1,1,3,0,1,2,1,1,0,1,1,2,2,3,1,2,2,2,2,2,3,0,3,1,2,1,1,1,3,2,2,1,3,3,4,0,3,2,4,4,3,0,1,4,4,4,4,0,0,1,0,1,2,3,3,0,0,1,1,1,4,1,1,1,2,2,3,3,1,4,1,2,2,3,3,1,1,2,3,1,1,1,3,4,4,1,3,3,1,1,1,2,3,2,1,2,3,3,1,2,1,3,2,2,3,4,2,3,2,2,1,3,2,1,4,1,1,3,1,4,1,1,2,1,1,1,1,3,1,3,1,1,1,3,1,1,1,1,1,2,2,3,1,2,2,2,2,2,3,3,1,2,1,1,1,3,2,2,1,3,3,4,0,4,4,3,0,1,4,4,4,4,0,2,3,3
RBF-18-0013-1_S25_L001,3,4,2,4,1,1,1,2,2,3,4,1,4,1,4,2,3,3,1,1,2,3,2,2,1,2,3,4,4,1,3,4,2,3,2,2,3,3,1,1,1,2,3,1,2,1,3,2,2,3,4,2,2,3,2,2,1,3,2,0,1,4,2,1,3,1,2,3,3,2,1,3,1,3,3,1,4,3,2,3,1,1,0,0,4,2,2,0,1,3,4,3,4,2,3,3,3,2,1,2,1,3,2,2,1,1,0,3,3,0,3,2,4,3,2,0,1,4,4,2,3,3,3,4,2,4,1,1,1,2,2,4,1,4,1,4,2,3,3,1,1,2,3,2,1,2,3,4,4,1,3,4,2,3,2,2,3,3,1,1,1,3,1,2,1,3,2,2,3,4,2,3,2,2,1,3,2,0,1,4,2,1,3,1,2,3,3,2,1,3,1,3,3,1,4,3,2,3,1,1,0,0,4,2,2,0,1,3,4,3,4,2,3,3,3,2,1,2,1,3,2,2,1,1,0,3,3,3,2,4,3,2,0,1,4,4,2,3,3,3,3,4,2,2,4,1,1,1,2,2,3,4,1,4,1,4,2,3,3,1,1,2,3,2,2,1,2,3,4,4,1,3,4,4,2,3,2,2,3,3,1,1,3,1,2,3,1,3,2,1,3,2,2,3,4,2,2,3,2,2,1,3,2,0,1,4,1,2,1,3,1,2,3,3,2,1,3,1,2,3,2,3,1,4,3,2,3,3,1,2,1,0,3,0,4,2,2,0,1,3,4,3,4,2,3,3,3,3,2,1,2,1,3,2,2,1,1,0,3,3,0,0,3,2,4,3,2,0,1,4,4,1,4,1,3,1,2,3,3,3,1,3,4,2,4,1,1,1,2,2,3,4,1,4,1,4,2,3,3,1,1,2,3,2,1,2,3,4,4,1,3,4,2,3,2,2,3,3,1,1,1,3,1,2,1,3,2,2,3,4,2,3,2,2,1,3,2,0,1,4,2,1,3,1,2,3,3,2,1,3,1,3,3,1,4,3,2,3,1,1,0,0,4,2,2,0,1,3,4,3,4,2,3,3,3,2,1,2,1,3,2,2,1,1,0,3,3,3,2,4,3,2,0,1,4,4,4,2,3,3
RBF-18-0019-1_S2,1,1,1,4,1,1,1,2,2,3,3,1,4,1,2,2,3,3,1,1,2,3,1,1,1,1,3,4,4,1,3,3,1,1,1,2,3,2,1,2,3,2,3,1,2,1,3,2,2,3,4,2,2,3,2,2,1,3,2,1,4,1,1,3,1,4,1,1,2,1,1,1,1,3,1,3,1,1,1,3,1,1,1,1,1,2,2,3,1,2,2,2,2,2,3,3,1,2,1,1,1,3,2,2,1,3,3,4,0,2,4,4,3,0,1,4,4,4,4,2,3,3,1,1,1,4,1,1,1,2,2,3,1,4,1,2,2,3,3,1,1,2,3,1,1,1,3,4,4,1,3,3,1,1,1,2,3,2,1,2,3,3,1,2,1,3,2,2,3,4,2,3,2,2,1,3,2,1,4,1,1,3,1,4,1,1,2,1,1,1,1,3,1,3,1,1,1,3,1,1,1,1,1,2,2,3,1,2,2,2,2,2,3,3,1,2,1,1,1,3,2,2,1,3,3,4,0,4,4,3,0,1,4,4,4,4,2,3,3,0,1,1,1,1,4,1,1,1,2,2,3,3,1,4,1,2,2,3,3,1,1,2,3,1,1,1,1,3,4,4,1,3,1,3,1,1,1,2,3,2,1,2,0,3,2,3,1,3,2,1,3,2,2,3,4,2,2,3,2,2,1,3,2,1,4,1,4,1,3,1,4,1,1,2,1,1,1,1,0,3,2,1,3,1,1,1,3,0,1,2,1,1,0,1,1,2,2,3,1,2,2,2,2,2,3,0,3,1,2,1,1,1,3,2,2,1,3,3,4,0,3,2,4,4,3,0,1,4,4,4,4,0,0,1,0,1,2,3,3,0,0,1,1,1,4,1,1,1,2,2,3,3,1,4,1,2,2,3,3,1,1,2,3,1,1,1,3,4,4,1,3,3,1,1,1,2,3,2,1,2,3,3,1,2,1,3,2,2,3,4,2,3,2,2,1,3,2,1,4,1,1,3,1,4,1,1,2,1,1,1,1,3,1,3,1,1,1,3,1,1,1,1,1,2,2,3,1,2,2,2,2,2,3,3,1,2,1,1,1,3,2,2,1,3,3,4,0,4,4,3,0,1,4,4,4,4,0,2,3,3
RBF-18-0027-1_S5,0,0,0,0,0,0,0,0,0,0,0,0,0,0,0,0,0,0,0,0,0,0,0,0,0,0,0,0,0,0,0,0,0,0,0,0,0,0,0,2,1,0,3,1,0,0,0,0,0,0,0,0,0,0,0,0,0,0,2,1,0,0,1,3,3,4,0,2,0,0,0,0,1,0,0,0,0,0,0,0,0,0,1,1,0,0,0,3,0,0,0,0,0,0,0,0,0,0,0,0,0,0,0,0,0,1,3,4,3,2,3,4,4,3,1,4,4,4,4,2,3,3,0,0,0,0,0,0,0,0,0,0,0,0,0,0,0,0,0,0,0,0,0,0,0,0,0,0,0,0,0,0,0,0,0,0,0,0,0,2,1,3,1,0,0,0,0,0,0,0,0,0,0,0,0,0,2,1,0,0,1,3,3,4,0,2,0,0,0,0,1,0,0,0,0,0,0,0,0,0,1,1,0,0,0,3,0,0,0,0,0,0,0,0,0,0,0,0,0,0,0,0,0,1,3,4,3,3,4,4,3,1,4,4,4,4,2,3,3,3,0,0,0,0,0,0,0,0,0,0,0,0,0,0,0,0,0,0,0,0,0,0,0,0,0,0,0,0,0,0,0,0,0,0,0,0,0,0,0,0,0,2,3,1,0,3,1,0,0,0,0,0,0,0,0,0,0,0,0,0,0,0,2,1,0,0,0,1,3,3,4,0,2,0,0,0,0,1,2,0,0,0,0,0,0,0,0,3,0,0,0,1,3,1,0,0,0,3,0,0,0,0,0,0,0,3,0,0,0,0,0,0,0,0,0,0,1,3,4,3,3,2,3,4,4,3,1,4,4,4,4,1,4,1,3,1,2,3,3,3,1,0,0,0,0,0,0,0,0,0,0,0,0,0,0,0,0,0,0,0,0,0,0,0,0,0,0,0,0,0,0,0,0,0,0,0,0,0,0,2,1,3,1,0,0,0,0,0,0,0,0,0,0,0,0,0,2,1,0,0,1,3,3,4,0,2,0,0,0,0,1,0,0,0,0,0,0,0,0,0,1,1,0,0,0,3,0,0,0,0,0,0,0,0,0,0,0,0,0,0,0,0,0,1,3,4,3,3,4,4,3,1,4,4,4,4,4,2,3,3
RBF-18-0035-1_S6,3,1,1,4,1,1,1,2,4,3,3,1,4,1,4,2,3,3,4,0,0,3,2,2,1,1,3,4,4,1,3,3,2,3,2,2,4,3,3,1,1,2,3,1,2,1,3,2,2,3,4,2,2,3,2,2,1,3,2,1,1,4,1,3,1,4,2,3,3,1,1,1,1,3,3,1,1,1,0,3,2,1,0,1,4,2,2,3,3,3,4,3,2,2,3,3,3,3,0,2,1,3,3,0,0,1,3,3,3,2,3,4,4,3,1,4,1,4,4,2,0,0,3,1,1,4,1,1,1,2,4,3,1,4,1,4,2,3,3,4,0,0,3,2,1,1,3,4,4,1,3,3,2,3,2,2,4,3,3,1,1,3,1,2,1,3,2,2,3,4,2,3,2,2,1,3,2,1,1,4,1,3,1,4,2,3,3,1,1,1,1,3,3,1,1,1,0,3,2,1,0,1,4,2,2,3,3,3,4,3,2,2,3,3,3,3,0,2,1,3,3,0,0,1,3,3,3,3,4,4,3,1,4,1,4,4,2,0,0,3,3,1,1,1,4,1,1,1,2,4,3,3,1,4,1,4,2,3,3,4,0,0,3,2,2,1,1,3,4,4,1,3,4,3,2,3,2,2,4,3,3,1,3,1,2,3,1,3,2,1,3,2,2,3,4,2,2,3,2,2,1,3,2,1,1,4,1,1,3,1,4,2,3,3,1,1,1,1,2,3,2,3,1,1,1,0,3,3,2,2,1,0,3,1,4,2,2,3,3,3,4,3,2,2,3,3,3,3,3,0,2,1,3,3,0,0,1,3,3,3,3,2,3,4,4,3,1,4,1,4,4,1,4,1,3,0,2,0,0,3,0,3,1,1,4,1,1,1,2,4,3,3,1,4,1,4,2,3,3,4,0,0,3,2,1,1,3,4,4,1,3,3,2,3,2,2,4,3,3,1,1,3,1,2,1,3,2,2,3,4,2,3,2,2,1,3,2,1,1,4,1,3,1,4,2,3,3,1,1,1,1,3,3,1,1,1,0,3,2,1,0,1,4,2,2,3,3,3,4,3,2,2,3,3,3,3,0,2,1,3,3,0,0,1,3,3,3,3,4,4,3,1,4,1,4,4,4,2,0,0
RBF-18-0036-1_S7,3,2,2,4,1,1,1,2,2,3,4,1,4,1,4,2,3,3,1,1,2,3,1,2,1,1,3,4,4,1,3,3,1,1,0,4,3,3,3,2,1,0,3,1,2,1,3,2,2,3,4,2,2,3,2,2,1,3,2,0,1,4,2,0,1,4,2,3,3,1,3,3,1,3,1,1,4,1,2,3,1,3,1,0,4,2,2,0,3,3,4,3,4,2,3,3,3,2,1,2,1,3,3,4,1,1,3,3,3,0,3,2,4,3,2,0,1,0,1,0,1,3,3,2,2,4,1,1,1,2,2,4,1,4,1,4,2,3,3,1,1,2,3,1,1,1,3,4,4,1,3,3,1,1,0,4,3,3,3,2,1,3,1,2,1,3,2,2,3,4,2,3,2,2,1,3,2,0,1,4,2,0,1,4,2,3,3,1,3,3,1,3,1,1,4,1,2,3,1,3,1,0,4,2,2,0,3,3,4,3,4,2,3,3,3,2,1,2,1,3,3,4,1,1,3,3,3,3,2,4,3,2,0,1,0,1,0,1,3,3,3,2,2,1,4,1,1,1,2,2,3,4,1,4,1,4,2,3,3,1,1,2,3,1,2,1,1,3,4,4,1,3,4,3,1,1,0,4,3,3,3,2,3,1,0,3,1,3,2,1,3,2,2,3,4,2,2,3,2,2,1,3,2,0,1,4,1,2,0,1,4,2,3,3,1,3,3,1,2,3,2,1,1,4,1,2,3,3,1,2,3,1,3,0,4,2,2,0,3,3,4,3,4,2,3,3,3,3,2,1,2,1,3,3,4,1,1,3,3,3,0,0,3,2,4,3,2,0,1,0,1,1,4,1,3,0,0,1,3,3,1,3,2,2,4,1,1,1,2,2,3,4,1,4,1,4,2,3,3,1,1,2,3,1,1,1,3,4,4,1,3,3,1,1,0,4,3,3,3,2,1,3,1,2,1,3,2,2,3,4,2,3,2,2,1,3,2,0,1,4,2,0,1,4,2,3,3,1,3,3,1,3,1,1,4,1,2,3,1,3,1,0,4,2,2,0,3,3,4,3,4,2,3,3,3,2,1,2,1,3,3,4,1,1,3,3,3,3,2,4,3,2,0,1,0,1,4,0,1,3
RBF-18-0055-1_S11,3,1,1,4,4,1,3,2,4,3,4,3,4,1,2,2,3,3,1,1,2,3,2,2,1,1,3,4,4,1,3,3,2,3,2,2,4,3,1,1,1,2,3,1,2,1,4,2,2,3,4,2,2,3,2,2,1,3,2,1,0,4,1,1,3,4,2,3,3,2,1,1,1,3,3,1,1,1,2,3,2,1,1,1,1,2,2,3,3,3,4,3,2,2,3,3,3,3,2,2,1,3,2,2,1,1,3,3,3,2,3,4,4,3,1,4,0,4,4,0,3,3,3,1,1,4,4,1,3,2,4,4,3,4,1,2,2,3,3,1,1,2,3,2,1,1,3,4,4,1,3,3,2,3,2,2,4,3,1,1,1,3,1,2,1,4,2,2,3,4,2,3,2,2,1,3,2,1,0,4,1,1,3,4,2,3,3,2,1,1,1,3,3,1,1,1,2,3,2,1,1,1,1,2,2,3,3,3,4,3,2,2,3,3,3,3,2,2,1,3,2,2,1,1,3,3,3,3,4,4,3,1,4,0,4,4,0,3,3,2,3,1,1,2,4,4,1,3,2,4,3,4,3,4,1,2,2,3,3,1,1,2,3,2,2,1,1,3,4,4,1,3,4,3,2,3,2,2,4,3,1,1,3,1,2,3,1,3,2,1,4,2,2,3,4,2,2,3,2,2,1,3,2,1,0,4,1,1,1,3,4,2,3,3,2,1,1,1,2,3,2,3,1,1,1,2,3,4,2,2,1,1,3,1,1,2,2,3,3,3,4,3,2,2,3,3,3,3,3,2,2,1,3,2,2,1,1,3,3,3,3,2,3,4,4,3,1,4,0,4,4,1,4,1,3,1,0,3,3,3,1,3,1,1,4,4,1,3,2,4,3,4,3,4,1,2,2,3,3,1,1,2,3,2,1,1,3,4,4,1,3,3,2,3,2,2,4,3,1,1,1,3,1,2,1,4,2,2,3,4,2,3,2,2,1,3,2,1,0,4,1,1,3,4,2,3,3,2,1,1,1,3,3,1,1,1,2,3,2,1,1,1,1,2,2,3,3,3,4,3,2,2,3,3,3,3,2,2,1,3,2,2,1,1,3,3,3,3,4,4,3,1,4,0,4,4,4,0,3,3
RBF-18-0064-2_S14,3,4,2,4,1,1,1,2,3,3,4,1,4,1,4,2,3,3,4,1,2,3,1,1,1,1,3,4,4,1,3,3,1,3,0,2,4,3,1,2,0,0,0,0,2,1,3,2,2,3,4,2,2,3,2,2,1,3,0,0,1,4,1,0,3,4,2,3,3,2,3,3,4,3,1,1,4,3,2,3,2,3,1,0,4,2,2,3,3,3,4,3,4,2,3,3,3,2,1,2,1,3,3,4,1,0,0,3,3,2,3,2,4,3,2,0,4,4,1,2,1,0,3,4,2,4,1,1,1,2,3,4,1,4,1,4,2,3,3,4,1,2,3,1,1,1,3,4,4,1,3,3,1,3,0,2,4,3,1,2,0,0,0,2,1,3,2,2,3,4,2,3,2,2,1,3,0,0,1,4,1,0,3,4,2,3,3,2,3,3,4,3,1,1,4,3,2,3,2,3,1,0,4,2,2,3,3,3,4,3,4,2,3,3,3,2,1,2,1,3,3,4,1,0,0,3,3,3,2,4,3,2,0,4,4,1,2,1,0,3,3,4,2,1,4,1,1,1,2,3,3,4,1,4,1,4,2,3,3,4,1,2,3,1,1,1,1,3,4,4,1,3,4,3,1,3,0,2,4,3,1,2,3,0,0,0,0,3,2,1,3,2,2,3,4,2,2,3,2,2,1,3,0,0,1,4,1,1,0,3,4,2,3,3,2,3,3,4,2,3,2,1,1,4,3,2,3,3,2,2,3,1,3,0,4,2,2,3,3,3,4,3,4,2,3,3,3,3,2,1,2,1,3,3,4,1,0,0,3,3,3,2,3,2,4,3,2,0,4,4,1,1,4,0,3,1,2,1,0,3,1,3,4,2,4,1,1,1,2,3,3,4,1,4,1,4,2,3,3,4,1,2,3,1,1,1,3,4,4,1,3,3,1,3,0,2,4,3,1,2,0,0,0,2,1,3,2,2,3,4,2,3,2,2,1,3,0,0,1,4,1,0,3,4,2,3,3,2,3,3,4,3,1,1,4,3,2,3,2,3,1,0,4,2,2,3,3,3,4,3,4,2,3,3,3,2,1,2,1,3,3,4,1,0,0,3,3,3,2,4,3,2,0,4,4,1,4,2,1,0
RBF-18-0066-1_S15,0,0,0,0,0,0,0,0,0,0,0,0,0,0,0,0,0,0,0,0,0,0,0,0,0,0,0,0,0,0,0,0,0,0,0,0,0,0,1,2,1,0,3,1,2,1,3,2,2,3,4,2,2,3,2,2,1,3,2,1,0,0,0,0,0,0,0,0,0,0,0,0,0,0,0,0,0,0,0,0,0,0,1,1,0,0,0,3,0,0,0,0,0,0,0,0,0,0,0,0,0,0,0,0,0,1,3,4,3,2,3,4,4,3,1,4,0,4,4,2,3,3,0,0,0,0,0,0,0,0,0,0,0,0,0,0,0,0,0,0,0,0,0,0,0,0,0,0,0,0,0,0,0,0,0,0,0,0,1,2,1,3,1,2,1,3,2,2,3,4,2,3,2,2,1,3,2,1,0,0,0,0,0,0,0,0,0,0,0,0,0,0,0,0,0,0,0,0,0,0,1,1,0,0,0,3,0,0,0,0,0,0,0,0,0,0,0,0,0,0,0,0,0,1,3,4,3,3,4,4,3,1,4,0,4,4,2,3,3,3,0,0,0,0,0,0,0,0,0,0,0,0,0,0,0,0,0,0,0,0,0,0,0,0,0,0,0,0,0,0,0,0,0,0,0,0,0,0,0,0,1,2,3,1,0,3,1,3,2,1,3,2,2,3,4,2,2,3,2,2,1,3,2,1,0,0,0,0,0,0,0,0,0,0,0,0,0,0,2,0,0,0,0,0,0,0,0,3,0,0,0,1,3,1,0,0,0,3,0,0,0,0,0,0,0,3,0,0,0,0,0,0,0,0,0,0,1,3,4,3,3,2,3,4,4,3,1,4,0,4,4,0,0,1,3,1,2,3,3,3,1,0,0,0,0,0,0,0,0,0,0,0,0,0,0,0,0,0,0,0,0,0,0,0,0,0,0,0,0,0,0,0,0,0,0,0,0,0,1,2,1,3,1,2,1,3,2,2,3,4,2,3,2,2,1,3,2,1,0,0,0,0,0,0,0,0,0,0,0,0,0,0,0,0,0,0,0,0,0,0,1,1,0,0,0,3,0,0,0,0,0,0,0,0,0,0,0,0,0,0,0,0,0,1,3,4,3,3,4,4,3,1,4,0,4,4,0,2,3,3
RBF-18-0068-1_S77,1,1,1,4,1,1,1,2,2,3,3,1,4,1,2,2,3,3,1,1,2,3,1,1,1,1,3,4,4,1,3,3,1,1,1,2,3,2,1,2,3,2,3,1,2,1,3,2,2,3,4,2,2,3,2,2,1,3,2,1,4,1,1,3,1,4,1,1,2,1,1,1,1,3,1,3,1,1,1,3,1,1,1,1,1,0,2,3,1,2,2,2,2,2,3,3,1,2,1,1,1,3,2,2,1,3,3,4,0,2,4,4,3,0,1,4,4,4,4,2,3,3,1,1,1,4,1,1,1,2,2,3,1,4,1,2,2,3,3,1,1,2,3,1,1,1,3,4,4,1,3,3,1,1,1,2,3,2,1,2,3,3,1,2,1,3,2,2,3,4,2,3,2,2,1,3,2,1,4,1,1,3,1,4,1,1,2,1,1,1,1,3,1,3,1,1,1,3,1,1,1,1,1,0,2,3,1,2,2,2,2,2,3,3,1,2,1,1,1,3,2,2,1,3,3,4,0,4,4,3,0,1,4,4,4,4,2,3,3,0,1,1,1,1,4,1,1,1,2,2,3,3,1,4,1,2,2,3,3,1,1,2,3,1,1,1,1,3,4,4,1,3,1,3,1,1,1,2,3,2,1,2,0,3,2,3,1,3,2,1,3,2,2,3,4,2,2,3,2,2,1,3,2,1,4,1,4,1,3,1,4,1,1,2,1,1,1,1,0,3,2,1,3,1,1,1,3,0,1,2,1,1,0,1,1,0,2,3,1,2,2,2,2,2,3,0,3,1,2,1,1,1,3,2,2,1,3,3,4,0,3,2,4,4,3,0,1,4,4,4,4,0,0,1,0,1,2,3,3,0,0,1,1,1,4,1,1,1,2,2,3,3,1,4,1,2,2,3,3,1,1,2,3,1,1,1,3,4,4,1,3,3,1,1,1,2,3,2,1,2,3,3,1,2,1,3,2,2,3,4,2,3,2,2,1,3,2,1,4,1,1,3,1,4,1,1,2,1,1,1,1,3,1,3,1,1,1,3,1,1,1,1,1,0,2,3,1,2,2,2,2,2,3,3,1,2,1,1,1,3,2,2,1,3,3,4,0,4,4,3,0,1,4,4,4,4,0,2,3,3
RBF-18-0069-1_S78,3,1,1,4,1,1,1,2,4,3,0,1,4,1,2,2,3,3,1,1,2,3,1,0,1,1,3,4,4,1,3,0,1,3,2,2,0,3,1,1,0,2,3,1,0,0,0,0,0,0,0,0,0,0,0,0,0,0,2,1,1,0,1,3,1,4,2,2,3,0,0,1,1,0,3,1,1,1,2,3,2,1,1,1,4,2,1,3,3,3,4,3,2,2,3,3,3,3,1,2,1,3,2,2,0,1,3,4,3,2,3,4,3,3,1,4,1,4,4,2,3,3,3,1,1,4,1,1,1,2,4,0,1,4,1,2,2,3,3,1,1,2,3,1,1,1,3,4,4,1,3,0,1,3,2,2,0,3,1,1,0,3,1,0,0,0,0,0,0,0,0,0,0,0,0,0,2,1,1,0,1,3,1,4,2,2,3,0,0,1,1,0,3,1,1,1,2,3,2,1,1,1,4,2,1,3,3,3,4,3,2,2,3,3,3,3,1,2,1,3,2,2,0,1,3,4,3,3,4,3,3,1,4,1,4,4,2,3,3,3,3,1,1,1,4,1,1,1,2,4,3,0,1,4,1,2,2,3,3,1,1,2,3,1,0,1,1,3,4,4,1,3,4,0,1,3,2,2,0,3,1,1,0,0,2,3,1,0,0,0,0,0,0,0,0,0,0,0,0,0,0,0,2,1,1,0,1,1,3,1,4,2,2,3,0,0,1,1,2,0,2,3,1,1,1,2,3,3,2,0,1,1,3,1,4,2,1,3,3,3,4,3,2,2,3,3,3,3,3,1,2,1,3,2,2,0,1,3,4,3,3,2,3,4,3,3,1,4,1,4,4,1,4,1,3,1,2,3,3,3,1,3,1,1,4,1,1,1,2,4,3,0,1,4,1,2,2,3,3,1,1,2,3,1,1,1,3,4,4,1,3,0,1,3,2,2,0,3,1,1,0,3,1,0,0,0,0,0,0,0,0,0,0,0,0,0,2,1,1,0,1,3,1,4,2,2,3,0,0,1,1,0,3,1,1,1,2,3,2,1,1,1,4,2,1,3,3,3,4,3,2,2,3,3,3,3,1,2,1,3,2,2,0,1,3,4,3,3,4,3,3,1,4,1,4,4,4,2,3,3
RBF-18-0072-1_S16,3,4,2,4,1,1,1,2,2,3,4,1,4,1,4,2,3,3,1,1,2,3,2,2,1,2,3,4,4,1,3,4,2,3,0,2,3,3,1,1,1,0,0,0,2,1,3,2,2,3,4,2,2,3,2,2,1,3,2,0,1,4,2,0,3,1,2,3,3,2,1,3,1,3,3,1,4,3,2,3,1,1,0,0,4,2,2,0,1,3,4,3,4,2,3,3,3,2,1,2,1,3,2,2,1,1,0,3,3,0,3,2,4,3,2,0,1,4,1,2,1,0,3,4,2,4,1,1,1,2,2,4,1,4,1,4,2,3,3,1,1,2,3,2,1,2,3,4,4,1,3,4,2,3,0,2,3,3,1,1,1,0,0,2,1,3,2,2,3,4,2,3,2,2,1,3,2,0,1,4,2,0,3,1,2,3,3,2,1,3,1,3,3,1,4,3,2,3,1,1,0,0,4,2,2,0,1,3,4,3,4,2,3,3,3,2,1,2,1,3,2,2,1,1,0,3,3,3,2,4,3,2,0,1,4,1,2,1,0,3,3,4,2,2,4,1,1,1,2,2,3,4,1,4,1,4,2,3,3,1,1,2,3,2,2,1,2,3,4,4,1,3,4,4,2,3,0,2,3,3,1,1,3,1,0,0,0,3,2,1,3,2,2,3,4,2,2,3,2,2,1,3,2,0,1,4,1,2,0,3,1,2,3,3,2,1,3,1,2,3,2,3,1,4,3,2,3,3,1,2,1,0,3,0,4,2,2,0,1,3,4,3,4,2,3,3,3,3,2,1,2,1,3,2,2,1,1,0,3,3,0,0,3,2,4,3,2,0,1,4,1,1,4,1,3,0,2,1,0,3,1,3,4,2,4,1,1,1,2,2,3,4,1,4,1,4,2,3,3,1,1,2,3,2,1,2,3,4,4,1,3,4,2,3,0,2,3,3,1,1,1,0,0,2,1,3,2,2,3,4,2,3,2,2,1,3,2,0,1,4,2,0,3,1,2,3,3,2,1,3,1,3,3,1,4,3,2,3,1,1,0,0,4,2,2,0,1,3,4,3,4,2,3,3,3,2,1,2,1,3,2,2,1,1,0,3,3,3,2,4,3,2,0,1,4,1,4,2,1,0
RBF-18-0075-1_S79,1,1,1,4,1,1,1,2,2,3,3,1,4,1,2,2,3,3,1,1,2,3,1,1,1,1,3,4,4,1,3,3,1,1,1,2,3,2,1,2,3,2,3,1,2,1,3,2,2,3,4,2,2,3,2,2,1,3,2,1,4,1,1,3,1,4,1,1,2,1,1,1,1,3,1,3,1,1,1,3,1,1,1,1,1,0,2,3,1,2,2,2,2,2,3,3,1,2,1,1,1,0,2,2,1,3,3,4,0,2,4,4,3,0,1,4,4,4,4,2,3,3,1,1,1,4,1,1,1,2,2,3,1,4,1,2,2,3,3,1,1,2,3,1,1,1,3,4,4,1,3,3,1,1,1,2,3,2,1,2,3,3,1,2,1,3,2,2,3,4,2,3,2,2,1,3,2,1,4,1,1,3,1,4,1,1,2,1,1,1,1,3,1,3,1,1,1,3,1,1,1,1,1,0,2,3,1,2,2,2,2,2,3,3,1,2,1,1,1,0,2,2,1,3,3,4,0,4,4,3,0,1,4,4,4,4,2,3,3,0,1,1,1,1,4,1,1,1,2,2,3,3,1,4,1,2,2,3,3,1,1,2,3,1,1,1,1,3,4,4,1,3,1,3,1,1,1,2,3,2,1,2,0,3,2,3,1,3,2,1,3,2,2,3,4,2,2,3,2,2,1,3,2,1,4,1,4,1,3,1,4,1,1,2,1,1,1,1,0,3,2,1,3,1,1,1,3,0,1,2,1,1,0,1,1,0,2,3,1,2,2,2,2,2,3,0,3,1,2,1,1,1,0,2,2,1,3,3,4,0,3,2,4,4,3,0,1,4,4,4,4,0,0,1,0,1,2,3,3,0,0,1,1,1,4,1,1,1,2,2,3,3,1,4,1,2,2,3,3,1,1,2,3,1,1,1,3,4,4,1,3,3,1,1,1,2,3,2,1,2,3,3,1,2,1,3,2,2,3,4,2,3,2,2,1,3,2,1,4,1,1,3,1,4,1,1,2,1,1,1,1,3,1,3,1,1,1,3,1,1,1,1,1,0,2,3,1,2,2,2,2,2,3,3,1,2,1,1,1,0,2,2,1,3,3,4,0,4,4,3,0,1,4,4,4,4,0,2,3,3
RBF-18-0085-1_S21,3,4,2,4,4,1,1,4,3,3,4,1,4,1,2,2,3,3,4,1,2,4,2,2,1,2,3,4,4,1,3,4,2,3,2,4,4,3,3,1,1,2,3,1,2,1,3,2,2,3,4,2,2,3,2,2,1,3,0,0,1,4,2,3,3,1,2,3,3,1,3,3,4,3,3,1,4,3,2,3,2,3,0,1,4,2,2,0,3,3,4,3,4,2,3,3,3,3,1,2,1,3,3,4,1,1,3,3,3,2,3,2,4,3,2,4,1,4,1,0,1,3,3,4,2,4,4,1,1,4,3,4,1,4,1,2,2,3,3,4,1,2,4,2,1,2,3,4,4,1,3,4,2,3,2,4,4,3,3,1,1,3,1,2,1,3,2,2,3,4,2,3,2,2,1,3,0,0,1,4,2,3,3,1,2,3,3,1,3,3,4,3,3,1,4,3,2,3,2,3,0,1,4,2,2,0,3,3,4,3,4,2,3,3,3,3,1,2,1,3,3,4,1,1,3,3,3,3,2,4,3,2,4,1,4,1,0,1,3,3,3,4,2,2,4,4,1,1,4,3,3,4,1,4,1,2,2,3,3,4,1,2,4,2,2,1,2,3,4,4,1,3,4,4,2,3,2,4,4,3,3,1,3,1,2,3,1,3,2,1,3,2,2,3,4,2,2,3,2,2,1,3,0,0,1,4,1,2,3,3,1,2,3,3,1,3,3,4,2,3,2,3,1,4,3,2,3,4,2,2,3,0,3,1,4,2,2,0,3,3,4,3,4,2,3,3,3,3,3,1,2,1,3,3,4,1,1,3,3,3,3,2,3,2,4,3,2,4,1,4,1,1,4,0,3,0,0,1,3,3,1,3,4,2,4,4,1,1,4,3,3,4,1,4,1,2,2,3,3,4,1,2,4,2,1,2,3,4,4,1,3,4,2,3,2,4,4,3,3,1,1,3,1,2,1,3,2,2,3,4,2,3,2,2,1,3,0,0,1,4,2,3,3,1,2,3,3,1,3,3,4,3,3,1,4,3,2,3,2,3,0,1,4,2,2,0,3,3,4,3,4,2,3,3,3,3,1,2,1,3,3,4,1,1,3,3,3,3,2,4,3,2,4,1,4,1,4,0,1,3
RBF-18-0086-1_S22,3,4,2,4,4,1,1,4,3,3,4,1,4,1,2,2,3,3,4,1,2,4,2,2,1,2,3,4,4,1,3,4,2,3,2,4,4,3,3,1,1,2,3,1,2,1,3,2,2,3,4,2,2,3,2,2,1,3,0,0,1,4,2,3,3,1,2,3,3,1,3,3,4,3,3,1,4,3,2,3,2,3,0,1,4,2,2,0,3,3,4,3,4,2,3,3,3,3,1,2,1,3,3,4,1,1,3,3,3,2,3,2,4,3,2,4,1,4,1,0,1,3,3,4,2,4,4,1,1,4,3,4,1,4,1,2,2,3,3,4,1,2,4,2,1,2,3,4,4,1,3,4,2,3,2,4,4,3,3,1,1,3,1,2,1,3,2,2,3,4,2,3,2,2,1,3,0,0,1,4,2,3,3,1,2,3,3,1,3,3,4,3,3,1,4,3,2,3,2,3,0,1,4,2,2,0,3,3,4,3,4,2,3,3,3,3,1,2,1,3,3,4,1,1,3,3,3,3,2,4,3,2,4,1,4,1,0,1,3,3,3,4,2,2,4,4,1,1,4,3,3,4,1,4,1,2,2,3,3,4,1,2,4,2,2,1,2,3,4,4,1,3,4,4,2,3,2,4,4,3,3,1,3,1,2,3,1,3,2,1,3,2,2,3,4,2,2,3,2,2,1,3,0,0,1,4,1,2,3,3,1,2,3,3,1,3,3,4,2,3,2,3,1,4,3,2,3,4,2,2,3,0,3,1,4,2,2,0,3,3,4,3,4,2,3,3,3,3,3,1,2,1,3,3,4,1,1,3,3,3,3,2,3,2,4,3,2,4,1,4,1,1,4,0,3,0,0,1,3,3,1,3,4,2,4,4,1,1,4,3,3,4,1,4,1,2,2,3,3,4,1,2,4,2,1,2,3,4,4,1,3,4,2,3,2,4,4,3,3,1,1,3,1,2,1,3,2,2,3,4,2,3,2,2,1,3,0,0,1,4,2,3,3,1,2,3,3,1,3,3,4,3,3,1,4,3,2,3,2,3,0,1,4,2,2,0,3,3,4,3,4,2,3,3,3,3,1,2,1,3,3,4,1,1,3,3,3,3,2,4,3,2,4,1,4,1,4,0,1,3
RBF-18-0087-1_S23,3,1,1,4,4,1,3,2,4,3,4,3,4,1,2,2,3,3,1,1,0,3,2,2,1,1,3,4,4,1,3,3,2,3,0,2,4,3,1,1,1,2,3,1,2,1,4,2,2,3,4,2,2,3,2,2,1,3,2,1,0,4,1,1,3,4,2,3,3,2,1,1,1,3,3,1,1,1,2,3,2,1,1,1,1,2,2,3,3,3,4,3,2,2,3,3,3,3,2,2,1,3,2,2,1,1,3,3,3,2,4,4,4,3,1,4,0,0,4,0,3,0,3,1,1,4,4,1,3,2,4,4,3,4,1,2,2,3,3,1,1,0,3,2,1,1,3,4,4,1,3,3,2,3,0,2,4,3,1,1,1,3,1,2,1,4,2,2,3,4,2,3,2,2,1,3,2,1,0,4,1,1,3,4,2,3,3,2,1,1,1,3,3,1,1,1,2,3,2,1,1,1,1,2,2,3,3,3,4,3,2,2,3,3,3,3,2,2,1,3,2,2,1,1,3,3,3,4,4,4,3,1,4,0,0,4,0,3,0,2,3,1,1,2,4,4,1,3,2,4,3,4,3,4,1,2,2,3,3,1,1,0,3,2,2,1,1,3,4,4,1,3,4,3,2,3,0,2,4,3,1,1,3,1,2,3,1,3,2,1,4,2,2,3,4,2,2,3,2,2,1,3,2,1,0,4,1,1,1,3,4,2,3,3,2,1,1,1,2,3,2,3,1,1,1,2,3,4,2,2,1,1,3,1,1,2,2,3,3,3,4,3,2,2,3,3,3,3,3,2,2,1,3,2,2,1,1,3,3,3,3,2,4,4,4,3,1,4,0,0,4,1,4,0,3,1,0,3,0,3,1,3,1,1,4,4,1,3,2,4,3,4,3,4,1,2,2,3,3,1,1,0,3,2,1,1,3,4,4,1,3,3,2,3,0,2,4,3,1,1,1,3,1,2,1,4,2,2,3,4,2,3,2,2,1,3,2,1,0,4,1,1,3,4,2,3,3,2,1,1,1,3,3,1,1,1,2,3,2,1,1,1,1,2,2,3,3,3,4,3,2,2,3,3,3,3,2,2,1,3,2,2,1,1,3,3,3,4,4,4,3,1,4,0,0,4,4,0,3,0
RBF-18-0088-1_S24,3,1,1,4,1,1,1,2,4,3,4,1,4,1,2,2,3,3,1,1,2,3,1,0,1,1,3,4,4,1,3,0,1,0,2,2,3,3,0,2,3,2,3,1,0,0,0,0,0,0,0,0,0,0,0,0,0,0,2,1,1,0,1,3,1,4,2,2,3,0,0,1,1,3,3,1,1,1,2,3,2,1,1,1,4,2,1,3,3,3,4,3,2,2,3,3,3,3,1,2,1,3,2,2,1,1,3,4,3,0,4,4,4,3,1,4,1,4,4,2,3,3,3,1,1,4,1,1,1,2,4,4,1,4,1,2,2,3,3,1,1,2,3,1,1,1,3,4,4,1,3,0,1,0,2,2,3,3,0,2,3,3,1,0,0,0,0,0,0,0,0,0,0,0,0,0,2,1,1,0,1,3,1,4,2,2,3,0,0,1,1,3,3,1,1,1,2,3,2,1,1,1,4,2,1,3,3,3,4,3,2,2,3,3,3,3,1,2,1,3,2,2,1,1,3,4,3,4,4,4,3,1,4,1,4,4,2,3,3,3,3,1,1,2,4,1,1,1,2,4,3,4,1,4,1,2,2,3,3,1,1,2,3,1,0,1,1,3,4,4,1,3,4,0,1,0,2,2,3,3,0,2,3,3,2,3,1,0,0,0,0,0,0,0,0,0,0,0,0,0,0,0,2,1,1,0,1,1,3,1,4,2,2,3,0,0,1,1,2,3,2,3,1,1,1,2,3,3,2,0,1,1,3,1,4,2,1,3,3,3,4,3,2,2,3,3,3,3,3,1,2,1,3,2,2,1,1,3,4,3,0,0,4,4,4,3,1,4,1,4,4,1,4,1,3,1,2,3,3,3,1,3,1,1,4,1,1,1,2,4,3,4,1,4,1,2,2,3,3,1,1,2,3,1,1,1,3,4,4,1,3,0,1,0,2,2,3,3,0,2,3,3,1,0,0,0,0,0,0,0,0,0,0,0,0,0,2,1,1,0,1,3,1,4,2,2,3,0,0,1,1,3,3,1,1,1,2,3,2,1,1,1,4,2,1,3,3,3,4,3,2,2,3,3,3,3,1,2,1,3,2,2,1,1,3,4,3,4,4,4,3,1,4,1,4,4,4,2,3,3
RBF-18-0093-1_S80,0,0,0,0,0,0,0,0,0,0,0,0,0,0,0,0,0,0,0,0,0,0,0,0,0,0,0,0,0,0,0,0,0,0,0,0,0,0,0,2,1,2,3,1,0,0,0,0,0,0,0,0,0,0,0,0,0,0,2,1,0,0,1,3,3,4,0,2,0,0,0,0,1,0,0,0,0,0,0,0,0,0,1,1,0,0,0,3,0,0,0,0,0,0,0,0,0,0,0,0,0,0,0,0,0,1,3,4,3,2,3,4,4,3,1,4,4,4,4,2,3,3,0,0,0,0,0,0,0,0,0,0,0,0,0,0,0,0,0,0,0,0,0,0,0,0,0,0,0,0,0,0,0,0,0,0,0,0,0,2,1,3,1,0,0,0,0,0,0,0,0,0,0,0,0,0,2,1,0,0,1,3,3,4,0,2,0,0,0,0,1,0,0,0,0,0,0,0,0,0,1,1,0,0,0,3,0,0,0,0,0,0,0,0,0,0,0,0,0,0,0,0,0,1,3,4,3,3,4,4,3,1,4,4,4,4,2,3,3,3,0,0,0,0,0,0,0,0,0,0,0,0,0,0,0,0,0,0,0,0,0,0,0,0,0,0,0,0,0,0,0,0,0,0,0,0,0,0,0,0,0,2,3,1,2,3,1,0,0,0,0,0,0,0,0,0,0,0,0,0,0,0,2,1,0,0,0,1,3,3,4,0,2,0,0,0,0,1,2,0,0,0,0,0,0,0,0,3,0,0,0,1,3,1,0,0,0,3,0,0,0,0,0,0,0,3,0,0,0,0,0,0,0,0,0,0,1,3,4,3,3,2,3,4,4,3,1,4,4,4,4,1,4,1,3,1,2,3,3,3,1,0,0,0,0,0,0,0,0,0,0,0,0,0,0,0,0,0,0,0,0,0,0,0,0,0,0,0,0,0,0,0,0,0,0,0,0,0,0,2,1,3,1,0,0,0,0,0,0,0,0,0,0,0,0,0,2,1,0,0,1,3,3,4,0,2,0,0,0,0,1,0,0,0,0,0,0,0,0,0,1,1,0,0,0,3,0,0,0,0,0,0,0,0,0,0,0,0,0,0,0,0,0,1,3,4,3,3,4,4,3,1,4,4,4,4,4,2,3,3
RBF-18-0099-1_S26,3,4,2,4,1,1,1,2,3,3,4,1,4,1,4,2,3,3,4,1,2,3,1,1,1,1,3,4,4,1,3,3,1,3,2,2,4,3,1,2,0,0,0,0,2,1,3,2,2,3,4,2,2,3,2,2,1,3,0,0,1,4,1,1,3,4,2,3,3,2,3,3,4,3,1,1,4,3,2,3,2,3,1,0,4,2,2,3,3,3,4,3,4,2,3,3,3,2,1,2,1,3,3,4,1,1,0,3,3,2,3,2,4,3,2,0,4,4,1,2,1,0,3,4,2,4,1,1,1,2,3,4,1,4,1,4,2,3,3,4,1,2,3,1,1,1,3,4,4,1,3,3,1,3,2,2,4,3,1,2,0,0,0,2,1,3,2,2,3,4,2,3,2,2,1,3,0,0,1,4,1,1,3,4,2,3,3,2,3,3,4,3,1,1,4,3,2,3,2,3,1,0,4,2,2,3,3,3,4,3,4,2,3,3,3,2,1,2,1,3,3,4,1,1,0,3,3,3,2,4,3,2,0,4,4,1,2,1,0,3,3,4,2,1,4,1,1,1,2,3,3,4,1,4,1,4,2,3,3,4,1,2,3,1,1,1,1,3,4,4,1,3,4,3,1,3,2,2,4,3,1,2,3,0,0,0,0,3,2,1,3,2,2,3,4,2,2,3,2,2,1,3,0,0,1,4,1,1,1,3,4,2,3,3,2,3,3,4,2,3,2,1,1,4,3,2,3,3,2,2,3,1,3,0,4,2,2,3,3,3,4,3,4,2,3,3,3,3,2,1,2,1,3,3,4,1,1,0,3,3,3,2,3,2,4,3,2,0,4,4,1,1,4,0,3,1,2,1,0,3,1,3,4,2,4,1,1,1,2,3,3,4,1,4,1,4,2,3,3,4,1,2,3,1,1,1,3,4,4,1,3,3,1,3,2,2,4,3,1,2,0,0,0,2,1,3,2,2,3,4,2,3,2,2,1,3,0,0,1,4,1,1,3,4,2,3,3,2,3,3,4,3,1,1,4,3,2,3,2,3,1,0,4,2,2,3,3,3,4,3,4,2,3,3,3,2,1,2,1,3,3,4,1,1,0,3,3,3,2,4,3,2,0,4,4,1,4,2,1,0
RBF-18-0121-1_S28,3,1,0,4,1,1,1,2,0,3,4,1,0,0,2,0,0,0,1,0,0,3,2,2,1,1,0,0,0,0,0,0,1,0,2,2,3,0,1,1,1,2,3,1,0,1,3,2,2,3,4,2,2,3,2,2,1,3,2,1,1,0,0,3,1,4,2,2,3,1,1,0,1,3,0,1,1,1,2,3,2,1,1,1,4,2,1,3,3,3,4,3,2,0,0,0,0,3,1,2,0,3,2,2,1,1,3,4,3,2,4,4,4,3,1,4,1,4,4,2,3,3,3,1,0,4,1,1,1,2,0,4,1,0,0,2,0,0,0,1,0,0,3,2,1,1,0,0,0,0,0,0,1,0,2,2,3,0,1,1,1,3,1,0,1,3,2,2,3,4,2,3,2,2,1,3,2,1,1,0,0,3,1,4,2,2,3,1,1,0,1,3,0,1,1,1,2,3,2,1,1,1,4,2,1,3,3,3,4,3,2,0,0,0,0,3,1,2,0,3,2,2,1,1,3,4,3,4,4,4,3,1,4,1,4,4,2,3,3,3,3,1,0,0,4,1,1,1,2,0,3,4,1,0,0,2,0,0,0,1,0,0,3,2,2,1,1,0,0,0,0,0,0,0,1,0,2,2,3,0,1,1,3,1,2,3,1,0,0,1,3,2,2,3,4,2,2,3,2,2,1,3,2,1,1,0,1,0,3,1,4,2,2,3,1,1,0,1,2,3,0,0,1,1,1,2,3,3,2,0,1,1,3,1,4,2,1,3,3,3,4,3,2,0,0,3,0,0,3,1,2,0,3,2,2,1,1,3,4,3,3,2,4,4,4,3,1,4,1,4,4,1,4,1,3,1,2,3,3,0,1,3,1,0,4,1,1,1,2,0,3,4,1,0,0,2,0,0,0,1,0,0,3,2,1,1,0,0,0,0,0,0,1,0,2,2,3,0,1,1,1,3,1,0,1,3,2,2,3,4,2,3,2,2,1,3,2,1,1,0,0,3,1,4,2,2,3,1,1,0,1,3,0,1,1,1,2,3,2,1,1,1,4,2,1,3,3,3,4,3,2,0,0,0,0,3,1,2,0,3,2,2,1,1,3,4,3,4,4,4,3,1,4,1,4,4,4,2,3,3
RBF-18-0123-1_S25_L001,0,1,2,4,0,1,1,2,4,0,4,1,4,1,0,2,3,3,1,1,2,3,2,0,1,1,3,4,4,1,3,3,0,0,0,2,0,3,0,2,3,2,3,1,2,1,3,2,2,3,4,2,2,3,2,2,1,3,2,1,1,4,0,0,3,0,0,2,0,2,0,0,1,3,0,0,0,1,2,3,2,3,1,0,4,2,2,3,3,3,4,3,2,2,3,3,0,0,0,0,1,3,0,2,1,1,3,4,3,2,3,4,4,3,1,4,4,4,4,2,3,3,0,1,2,4,0,1,1,2,4,4,1,4,1,0,2,3,3,1,1,2,3,2,1,1,3,4,4,1,3,3,0,0,0,2,0,3,0,2,3,3,1,2,1,3,2,2,3,4,2,3,2,2,1,3,2,1,1,4,0,0,3,0,0,2,0,2,0,0,1,3,0,0,0,1,2,3,2,3,1,0,4,2,2,3,3,3,4,3,2,2,3,3,0,0,0,0,1,3,0,2,1,1,3,4,3,3,4,4,3,1,4,4,4,4,2,3,3,3,0,1,2,2,4,0,1,1,2,4,0,4,1,4,1,0,2,3,3,1,1,2,3,2,0,1,1,3,4,4,1,3,0,3,0,0,0,2,0,3,0,2,3,3,2,3,1,3,2,1,3,2,2,3,4,2,2,3,2,2,1,3,2,1,1,4,0,0,0,3,0,0,2,0,2,0,0,1,0,3,2,0,0,0,1,2,3,3,2,2,3,1,3,0,4,2,2,3,3,3,4,3,2,2,3,3,3,0,0,0,0,1,3,0,2,1,1,3,4,3,3,2,3,4,4,3,1,4,4,4,4,0,4,1,3,1,2,3,3,3,1,0,1,2,4,0,1,1,2,4,0,4,1,4,1,0,2,3,3,1,1,2,3,2,1,1,3,4,4,1,3,3,0,0,0,2,0,3,0,2,3,3,1,2,1,3,2,2,3,4,2,3,2,2,1,3,2,1,1,4,0,0,3,0,0,2,0,2,0,0,1,3,0,0,0,1,2,3,2,3,1,0,4,2,2,3,3,3,4,3,2,2,3,3,0,0,0,0,1,3,0,2,1,1,3,4,3,3,4,4,3,1,4,4,4,4,4,2,3,3
RBF-18-0125-1_S30,3,1,1,4,1,1,1,2,4,3,4,1,4,1,2,2,3,3,1,1,2,3,1,2,1,1,3,4,4,1,3,3,0,3,2,2,3,3,1,2,3,2,3,1,0,0,0,2,0,0,0,2,0,0,0,0,0,0,2,1,1,4,0,3,1,4,2,2,3,2,0,1,1,3,0,1,1,1,2,3,2,1,1,1,4,2,1,3,3,3,4,3,2,2,3,3,3,3,1,2,1,3,2,2,1,0,3,3,3,0,4,4,4,3,1,4,1,4,4,2,3,3,3,1,1,4,1,1,1,2,4,4,1,4,1,2,2,3,3,1,1,2,3,1,1,1,3,4,4,1,3,3,0,3,2,2,3,3,1,2,3,3,1,0,0,0,2,0,0,0,2,0,0,0,0,0,2,1,1,4,0,3,1,4,2,2,3,2,0,1,1,3,0,1,1,1,2,3,2,1,1,1,4,2,1,3,3,3,4,3,2,2,3,3,3,3,1,2,1,3,2,2,1,0,3,3,3,4,4,4,3,1,4,1,4,4,2,3,3,3,3,1,1,0,4,1,1,1,2,4,3,4,1,4,1,2,2,3,3,1,1,2,3,1,2,1,1,3,4,4,1,3,0,3,0,3,2,2,3,3,1,2,3,3,2,3,1,0,0,0,0,2,0,0,0,2,0,0,0,0,0,0,2,1,1,4,1,0,3,1,4,2,2,3,2,0,1,1,2,3,2,0,1,1,1,2,3,3,2,2,1,1,3,1,4,2,1,3,3,3,4,3,2,2,3,3,3,3,3,1,2,1,3,2,2,1,0,3,3,3,0,0,4,4,4,3,1,4,1,4,4,1,4,1,3,1,2,3,3,3,1,3,1,1,4,1,1,1,2,4,3,4,1,4,1,2,2,3,3,1,1,2,3,1,1,1,3,4,4,1,3,3,0,3,2,2,3,3,1,2,3,3,1,0,0,0,2,0,0,0,2,0,0,0,0,0,2,1,1,4,0,3,1,4,2,2,3,2,0,1,1,3,0,1,1,1,2,3,2,1,1,1,4,2,1,3,3,3,4,3,2,2,3,3,3,3,1,2,1,3,2,2,1,0,3,3,3,4,4,4,3,1,4,1,4,4,4,2,3,3
RBF-18-0126-1_S31,3,1,1,4,4,1,3,2,4,3,4,3,4,1,2,2,3,3,1,1,2,3,2,2,1,1,3,4,4,1,3,3,2,3,2,2,4,3,1,1,1,2,0,1,2,1,3,2,2,3,4,2,2,3,2,2,1,3,2,1,0,4,1,1,3,4,2,3,3,2,1,1,1,3,3,1,1,1,2,3,2,1,1,1,1,2,2,3,3,3,4,3,2,2,3,3,3,3,2,2,1,3,2,2,1,1,3,3,3,2,3,4,4,3,1,4,0,4,4,0,3,3,3,1,1,4,4,1,3,2,4,4,3,4,1,2,2,3,3,1,1,2,3,2,1,1,3,4,4,1,3,3,2,3,2,2,4,3,1,1,1,0,1,2,1,3,2,2,3,4,2,3,2,2,1,3,2,1,0,4,1,1,3,4,2,3,3,2,1,1,1,3,3,1,1,1,2,3,2,1,1,1,1,2,2,3,3,3,4,3,2,2,3,3,3,3,2,2,1,3,2,2,1,1,3,3,3,3,4,4,3,1,4,0,4,4,0,3,3,2,3,1,1,2,4,4,1,3,2,4,3,4,3,4,1,2,2,3,3,1,1,2,3,2,2,1,1,3,4,4,1,3,4,3,2,3,2,2,4,3,1,1,3,1,2,0,1,3,2,1,3,2,2,3,4,2,2,3,2,2,1,3,2,1,0,4,1,1,1,3,4,2,3,3,2,1,1,1,2,3,2,3,1,1,1,2,3,4,2,2,1,1,3,1,1,2,2,3,3,3,4,3,2,2,3,3,3,3,3,2,2,1,3,2,2,1,1,3,3,3,3,2,3,4,4,3,1,4,0,4,4,1,4,1,3,1,0,3,3,3,1,3,1,1,4,4,1,3,2,4,3,4,3,4,1,2,2,3,3,1,1,2,3,2,1,1,3,4,4,1,3,3,2,3,2,2,4,3,1,1,1,0,1,2,1,3,2,2,3,4,2,3,2,2,1,3,2,1,0,4,1,1,3,4,2,3,3,2,1,1,1,3,3,1,1,1,2,3,2,1,1,1,1,2,2,3,3,3,4,3,2,2,3,3,3,3,2,2,1,3,2,2,1,1,3,3,3,3,4,4,3,1,4,0,4,4,4,0,3,3
RBF-18-0127-1_S32,3,4,2,4,4,1,1,4,3,3,4,1,4,1,2,2,3,3,4,1,2,4,2,2,1,2,3,4,4,1,3,4,2,3,0,4,4,3,3,1,1,2,0,0,2,1,3,2,2,3,4,2,2,3,2,2,2,3,0,0,1,4,2,3,3,1,2,3,3,1,3,3,4,3,3,1,4,3,2,3,2,3,0,1,4,2,2,0,3,3,4,3,4,2,3,3,3,3,1,2,1,3,3,4,1,1,3,3,3,2,3,2,4,3,0,4,1,4,4,2,3,3,3,4,2,4,4,1,1,4,3,4,1,4,1,2,2,3,3,4,1,2,4,2,1,2,3,4,4,1,3,4,2,3,0,4,4,3,3,1,1,0,0,2,1,3,2,2,3,4,2,3,2,2,2,3,0,0,1,4,2,3,3,1,2,3,3,1,3,3,4,3,3,1,4,3,2,3,2,3,0,1,4,2,2,0,3,3,4,3,4,2,3,3,3,3,1,2,1,3,3,4,1,1,3,3,3,3,2,4,3,0,4,1,4,4,2,3,3,3,3,4,2,2,4,4,1,1,4,3,3,4,1,4,1,2,2,3,3,4,1,2,4,2,2,1,2,3,4,4,1,3,4,4,2,3,0,4,4,3,3,1,3,1,2,0,0,3,2,1,3,2,2,3,4,2,2,3,2,2,2,3,0,0,1,4,1,2,3,3,1,2,3,3,1,3,3,4,2,3,2,3,1,4,3,2,3,4,2,2,3,0,3,1,4,2,2,0,3,3,4,3,4,2,3,3,3,3,3,1,2,1,3,3,4,1,1,3,3,3,3,2,3,2,4,3,0,4,1,4,4,1,4,1,3,1,2,3,3,3,1,3,4,2,4,4,1,1,4,3,3,4,1,4,1,2,2,3,3,4,1,2,4,2,1,2,3,4,4,1,3,4,2,3,0,4,4,3,3,1,1,0,0,2,1,3,2,2,3,4,2,3,2,2,2,3,0,0,1,4,2,3,3,1,2,3,3,1,3,3,4,3,3,1,4,3,2,3,2,3,0,1,4,2,2,0,3,3,4,3,4,2,3,3,3,3,1,2,1,3,3,4,1,1,3,3,3,3,2,4,3,0,4,1,4,4,4,2,3,3
RBF-18-0132-1_S26,3,2,1,4,1,1,1,2,2,3,4,1,4,1,0,2,3,3,1,1,2,3,1,1,1,1,3,4,4,1,3,3,1,3,1,2,3,2,1,2,3,0,3,1,2,1,3,2,2,3,4,2,2,3,2,2,1,3,2,1,4,4,1,1,1,4,2,1,3,1,1,1,1,3,1,1,1,1,1,3,2,1,1,0,4,2,2,3,1,3,2,3,4,2,3,3,1,2,1,2,1,3,2,2,1,3,3,3,3,0,3,2,4,3,2,0,1,0,1,2,3,3,3,2,1,4,1,1,1,2,2,4,1,4,1,0,2,3,3,1,1,2,3,1,1,1,3,4,4,1,3,3,1,3,1,2,3,2,1,2,3,3,1,2,1,3,2,2,3,4,2,3,2,2,1,3,2,1,4,4,1,1,1,4,2,1,3,1,1,1,1,3,1,1,1,1,1,3,2,1,1,0,4,2,2,3,1,3,2,3,4,2,3,3,1,2,1,2,1,3,2,2,1,3,3,3,3,3,2,4,3,2,0,1,0,1,2,3,3,3,3,2,1,1,4,1,1,1,2,2,3,4,1,4,1,0,2,3,3,1,1,2,3,1,1,1,1,3,4,4,1,3,4,3,1,3,1,2,3,2,1,2,3,3,0,3,1,3,2,1,3,2,2,3,4,2,2,3,2,2,1,3,2,1,4,4,1,1,1,1,4,2,1,3,1,1,1,1,2,3,2,1,1,1,1,1,3,0,2,2,1,1,0,0,4,2,2,3,1,3,2,3,4,2,3,3,3,1,2,1,2,1,3,2,2,1,3,3,3,3,0,0,3,2,4,3,2,0,1,0,1,1,4,1,0,1,2,3,3,3,1,3,2,1,4,1,1,1,2,2,3,4,1,4,1,0,2,3,3,1,1,2,3,1,1,1,3,4,4,1,3,3,1,3,1,2,3,2,1,2,3,3,1,2,1,3,2,2,3,4,2,3,2,2,1,3,2,1,4,4,1,1,1,4,2,1,3,1,1,1,1,3,1,1,1,1,1,3,2,1,1,0,4,2,2,3,1,3,2,3,4,2,3,3,1,2,1,2,1,3,2,2,1,3,3,3,3,3,2,4,3,2,0,1,0,1,4,2,3,3
RBF-18-0135-1_S34,3,1,1,4,1,1,1,2,4,3,4,1,4,1,2,2,3,3,1,1,2,3,1,0,1,1,3,4,4,1,3,0,1,0,2,2,3,3,0,2,3,2,3,1,0,0,0,0,0,0,0,0,0,0,0,0,0,0,2,1,1,0,1,3,1,4,2,2,3,0,0,1,1,3,3,1,1,1,2,3,2,1,1,1,4,2,1,3,3,3,4,3,2,2,3,3,3,3,1,2,1,3,2,2,1,1,3,4,3,0,4,4,4,3,1,4,1,4,4,2,3,3,3,1,1,4,1,1,1,2,4,4,1,4,1,2,2,3,3,1,1,2,3,1,1,1,3,4,4,1,3,0,1,0,2,2,3,3,0,2,3,3,1,0,0,0,0,0,0,0,0,0,0,0,0,0,2,1,1,0,1,3,1,4,2,2,3,0,0,1,1,3,3,1,1,1,2,3,2,1,1,1,4,2,1,3,3,3,4,3,2,2,3,3,3,3,1,2,1,3,2,2,1,1,3,4,3,4,4,4,3,1,4,1,4,4,2,3,3,3,3,1,1,2,4,1,1,1,2,4,3,4,1,4,1,2,2,3,3,1,1,2,3,1,0,1,1,3,4,4,1,3,4,0,1,0,2,2,3,3,0,2,3,3,2,3,1,0,0,0,0,0,0,0,0,0,0,0,0,0,0,0,2,1,1,0,1,1,3,1,4,2,2,3,0,0,1,1,2,3,2,3,1,1,1,2,3,3,2,0,1,1,3,1,4,2,1,3,3,3,4,3,2,2,3,3,3,3,3,1,2,1,3,2,2,1,1,3,4,3,0,0,4,4,4,3,1,4,1,4,4,1,4,1,3,1,2,3,3,3,1,3,1,1,4,1,1,1,2,4,3,4,1,4,1,2,2,3,3,1,1,2,3,1,1,1,3,4,4,1,3,0,1,0,2,2,3,3,0,2,3,3,1,0,0,0,0,0,0,0,0,0,0,0,0,0,2,1,1,0,1,3,1,4,2,2,3,0,0,1,1,3,3,1,1,1,2,3,2,1,1,1,4,2,1,3,3,3,4,3,2,2,3,3,3,3,1,2,1,3,2,2,1,1,3,4,3,4,4,4,3,1,4,1,4,4,4,2,3,3
RBF-18-0139-1_S35,3,0,1,4,4,1,3,2,4,3,4,1,4,1,2,2,3,3,1,0,0,3,2,2,1,1,3,4,4,1,3,3,2,3,2,2,4,3,4,1,3,2,3,1,2,1,3,2,2,3,4,2,2,3,2,2,1,3,2,1,0,4,1,0,3,4,2,3,2,2,1,1,1,3,3,1,1,1,2,0,2,1,1,1,4,2,2,3,3,3,4,3,2,2,3,3,3,3,1,2,1,3,2,2,1,1,3,3,3,2,3,4,4,3,0,4,1,0,4,0,3,3,3,0,1,4,4,1,3,2,4,4,1,4,1,2,2,3,3,1,0,0,3,2,1,1,3,4,4,1,3,3,2,3,2,2,4,3,4,1,3,3,1,2,1,3,2,2,3,4,2,3,2,2,1,3,2,1,0,4,1,0,3,4,2,3,2,2,1,1,1,3,3,1,1,1,2,0,2,1,1,1,4,2,2,3,3,3,4,3,2,2,3,3,3,3,1,2,1,3,2,2,1,1,3,3,3,3,4,4,3,0,4,1,0,4,0,3,3,0,3,0,1,1,4,4,1,3,2,4,3,4,1,4,1,2,2,3,3,1,0,0,3,2,2,1,1,3,4,4,1,3,4,3,2,3,2,2,4,3,4,1,3,3,2,3,1,3,2,1,3,2,2,3,4,2,2,3,2,2,1,3,2,1,0,4,0,1,0,3,4,2,3,2,2,1,1,1,2,3,2,3,1,1,1,2,0,3,2,2,1,1,3,1,4,2,2,3,3,3,4,3,2,2,3,3,3,3,3,1,2,1,3,2,2,1,1,3,3,3,3,2,3,4,4,3,0,4,1,0,4,0,4,1,3,0,0,3,3,3,1,3,0,1,4,4,1,3,2,4,3,4,1,4,1,2,2,3,3,1,0,0,3,2,1,1,3,4,4,1,3,3,2,3,2,2,4,3,4,1,3,3,1,2,1,3,2,2,3,4,2,3,2,2,1,3,2,1,0,4,1,0,3,4,2,3,2,2,1,1,1,3,3,1,1,1,2,0,2,1,1,1,4,2,2,3,3,3,4,3,2,2,3,3,3,3,1,2,1,3,2,2,1,1,3,3,3,3,4,4,3,0,4,1,0,4,4,0,3,3
RBF-18-0147-1_S36,3,1,1,4,1,1,1,2,4,3,4,1,4,1,2,2,3,3,1,1,2,3,1,0,1,1,3,4,4,1,3,0,1,3,2,2,3,3,1,2,1,2,3,1,2,1,3,2,2,3,4,2,2,3,2,2,1,3,2,1,1,0,1,3,1,4,2,2,3,0,0,1,1,3,3,1,1,1,2,3,2,1,1,1,4,2,1,3,3,3,4,3,2,2,3,3,3,3,1,2,1,3,2,2,1,0,0,3,3,2,4,4,4,3,1,4,1,4,4,2,3,3,3,1,1,4,1,1,1,2,4,4,1,4,1,2,2,3,3,1,1,2,3,1,1,1,3,4,4,1,3,0,1,3,2,2,3,3,1,2,1,3,1,2,1,3,2,2,3,4,2,3,2,2,1,3,2,1,1,0,1,3,1,4,2,2,3,0,0,1,1,3,3,1,1,1,2,3,2,1,1,1,4,2,1,3,3,3,4,3,2,2,3,3,3,3,1,2,1,3,2,2,1,0,0,3,3,4,4,4,3,1,4,1,4,4,2,3,3,3,3,1,1,1,4,1,1,1,2,4,3,4,1,4,1,2,2,3,3,1,1,2,3,1,0,1,1,3,4,4,1,3,4,0,1,3,2,2,3,3,1,2,3,1,2,3,1,3,2,1,3,2,2,3,4,2,2,3,2,2,1,3,2,1,1,0,1,1,3,1,4,2,2,3,0,0,1,1,2,3,2,3,1,1,1,2,3,3,2,0,1,1,3,1,4,2,1,3,3,3,4,3,2,2,3,3,3,3,3,1,2,1,3,2,2,1,0,0,3,3,3,2,4,4,4,3,1,4,1,4,4,1,4,1,3,1,2,3,3,3,1,3,1,1,4,1,1,1,2,4,3,4,1,4,1,2,2,3,3,1,1,2,3,1,1,1,3,4,4,1,3,0,1,3,2,2,3,3,1,2,1,3,1,2,1,3,2,2,3,4,2,3,2,2,1,3,2,1,1,0,1,3,1,4,2,2,3,0,0,1,1,3,3,1,1,1,2,3,2,1,1,1,4,2,1,3,3,3,4,3,2,2,3,3,3,3,1,2,1,3,2,2,1,0,0,3,3,4,4,4,3,1,4,1,4,4,4,2,3,3
RBF-18-0151-1_S83,3,1,1,4,4,1,3,2,4,3,4,3,4,1,2,2,3,3,1,1,2,3,2,2,1,1,3,4,4,1,3,3,2,3,2,2,4,3,1,1,1,2,3,1,2,1,4,2,2,3,4,2,2,3,2,2,1,3,2,1,0,4,1,1,3,4,2,3,3,2,1,1,1,3,3,1,1,1,2,3,2,1,1,1,1,2,2,3,3,3,4,3,2,2,3,3,3,3,2,2,1,3,2,2,1,1,3,3,3,2,4,4,4,3,1,4,0,0,4,0,3,0,3,1,1,4,4,1,3,2,4,4,3,4,1,2,2,3,3,1,1,2,3,2,1,1,3,4,4,1,3,3,2,3,2,2,4,3,1,1,1,3,1,2,1,4,2,2,3,4,2,3,2,2,1,3,2,1,0,4,1,1,3,4,2,3,3,2,1,1,1,3,3,1,1,1,2,3,2,1,1,1,1,2,2,3,3,3,4,3,2,2,3,3,3,3,2,2,1,3,2,2,1,1,3,3,3,4,4,4,3,1,4,0,0,4,0,3,0,2,3,1,1,2,4,4,1,3,2,4,3,4,3,4,1,2,2,3,3,1,1,2,3,2,2,1,1,3,4,4,1,3,4,3,2,3,2,2,4,3,1,1,3,1,2,3,1,3,2,1,4,2,2,3,4,2,2,3,2,2,1,3,2,1,0,4,1,1,1,3,4,2,3,3,2,1,1,1,2,3,2,3,1,1,1,2,3,4,2,2,1,1,3,1,1,2,2,3,3,3,4,3,2,2,3,3,3,3,3,2,2,1,3,2,2,1,1,3,3,3,3,2,4,4,4,3,1,4,0,0,4,1,4,0,3,1,0,3,0,3,1,3,1,1,4,4,1,3,2,4,3,4,3,4,1,2,2,3,3,1,1,2,3,2,1,1,3,4,4,1,3,3,2,3,2,2,4,3,1,1,1,3,1,2,1,4,2,2,3,4,2,3,2,2,1,3,2,1,0,4,1,1,3,4,2,3,3,2,1,1,1,3,3,1,1,1,2,3,2,1,1,1,1,2,2,3,3,3,4,3,2,2,3,3,3,3,2,2,1,3,2,2,1,1,3,3,3,4,4,4,3,1,4,0,0,4,4,0,3,0
RBF-18-0160-1_S37,3,1,1,4,1,1,1,2,3,0,3,1,0,1,2,2,3,3,4,1,2,3,2,2,1,1,3,4,4,1,3,3,1,3,2,2,3,3,3,1,3,2,3,1,2,1,3,2,2,3,4,2,2,3,2,2,1,3,2,1,1,4,1,3,0,4,2,2,3,1,1,1,1,3,3,1,1,1,0,0,2,1,1,1,4,0,0,3,3,3,4,3,2,2,3,3,3,2,0,2,1,3,3,2,0,1,3,3,3,2,3,2,4,3,1,0,1,4,4,0,3,3,3,1,1,4,1,1,1,2,3,3,1,0,1,2,2,3,3,4,1,2,3,2,1,1,3,4,4,1,3,3,1,3,2,2,3,3,3,1,3,3,1,2,1,3,2,2,3,4,2,3,2,2,1,3,2,1,1,4,1,3,0,4,2,2,3,1,1,1,1,3,3,1,1,1,0,0,2,1,1,1,4,0,0,3,3,3,4,3,2,2,3,3,3,2,0,2,1,3,3,2,0,1,3,3,3,3,2,4,3,1,0,1,4,4,0,3,3,3,3,1,1,1,4,1,1,1,2,3,0,3,1,0,1,2,2,3,3,4,1,2,3,2,2,1,1,3,4,4,1,3,4,3,1,3,2,2,3,3,3,1,3,3,2,3,1,3,2,1,3,2,2,3,4,2,2,3,2,2,1,3,2,1,1,4,1,1,3,0,4,2,2,3,1,1,1,1,2,3,2,3,1,1,1,0,0,3,2,2,1,1,3,1,4,0,0,3,3,3,4,3,2,2,3,3,3,3,2,0,2,1,3,3,2,0,1,3,3,3,3,2,3,2,4,3,1,0,1,4,4,1,4,1,3,0,0,3,3,3,0,3,1,1,4,1,1,1,2,3,0,3,1,0,1,2,2,3,3,4,1,2,3,2,1,1,3,4,4,1,3,3,1,3,2,2,3,3,3,1,3,3,1,2,1,3,2,2,3,4,2,3,2,2,1,3,2,1,1,4,1,3,0,4,2,2,3,1,1,1,1,3,3,1,1,1,0,0,2,1,1,1,4,0,0,3,3,3,4,3,2,2,3,3,3,2,0,2,1,3,3,2,0,1,3,3,3,3,2,4,3,1,0,1,4,4,4,0,3,3
RBF-18-0163-2_S39,3,0,1,4,4,1,1,2,4,3,4,0,4,1,2,2,3,3,1,1,2,3,1,2,1,1,3,4,4,1,3,3,2,3,2,2,4,3,1,2,3,2,3,1,2,1,3,2,2,3,4,2,2,3,2,2,1,3,2,1,1,4,1,1,3,4,2,3,3,2,1,1,1,3,3,1,1,1,2,0,2,0,1,1,1,2,2,3,3,3,4,3,2,2,3,3,3,3,1,2,1,3,2,2,0,1,3,3,3,2,3,4,4,3,1,0,1,0,4,2,3,3,3,0,1,4,4,1,1,2,4,4,0,4,1,2,2,3,3,1,1,2,3,1,1,1,3,4,4,1,3,3,2,3,2,2,4,3,1,2,3,3,1,2,1,3,2,2,3,4,2,3,2,2,1,3,2,1,1,4,1,1,3,4,2,3,3,2,1,1,1,3,3,1,1,1,2,0,2,0,1,1,1,2,2,3,3,3,4,3,2,2,3,3,3,3,1,2,1,3,2,2,0,1,3,3,3,3,4,4,3,1,0,1,0,4,2,3,3,3,3,0,1,1,4,4,1,1,2,4,3,4,0,4,1,2,2,3,3,1,1,2,3,1,2,1,1,3,4,4,1,3,4,3,2,3,2,2,4,3,1,2,3,3,2,3,1,3,2,1,3,2,2,3,4,2,2,3,2,2,1,3,2,1,1,4,0,1,1,3,4,2,3,3,2,1,1,1,2,3,2,3,1,1,1,2,0,3,2,2,0,1,3,1,1,2,2,3,3,3,4,3,2,2,3,3,3,3,3,1,2,1,3,2,2,0,1,3,3,3,3,2,3,4,4,3,1,0,1,0,4,1,4,1,3,0,2,3,3,3,1,3,0,1,4,4,1,1,2,4,3,4,0,4,1,2,2,3,3,1,1,2,3,1,1,1,3,4,4,1,3,3,2,3,2,2,4,3,1,2,3,3,1,2,1,3,2,2,3,4,2,3,2,2,1,3,2,1,1,4,1,1,3,4,2,3,3,2,1,1,1,3,3,1,1,1,2,0,2,0,1,1,1,2,2,3,3,3,4,3,2,2,3,3,3,3,1,2,1,3,2,2,0,1,3,3,3,3,4,4,3,1,0,1,0,4,4,2,3,3
RBF-18-0172-1_S40,3,1,0,4,1,1,1,2,0,3,4,1,0,0,2,0,0,0,1,0,0,3,2,2,1,1,0,0,0,0,0,0,1,0,2,2,3,0,1,1,1,2,3,1,0,1,3,2,2,3,4,2,2,3,2,2,1,3,2,1,1,0,0,3,1,4,2,2,3,1,1,0,1,3,0,1,1,1,2,3,2,1,1,1,4,2,1,3,3,3,4,3,2,0,0,0,0,3,1,2,0,3,2,2,1,1,3,4,3,2,4,4,4,3,1,4,1,4,4,2,3,3,3,1,0,4,1,1,1,2,0,4,1,0,0,2,0,0,0,1,0,0,3,2,1,1,0,0,0,0,0,0,1,0,2,2,3,0,1,1,1,3,1,0,1,3,2,2,3,4,2,3,2,2,1,3,2,1,1,0,0,3,1,4,2,2,3,1,1,0,1,3,0,1,1,1,2,3,2,1,1,1,4,2,1,3,3,3,4,3,2,0,0,0,0,3,1,2,0,3,2,2,1,1,3,4,3,4,4,4,3,1,4,1,4,4,2,3,3,3,3,1,0,0,4,1,1,1,2,0,3,4,1,0,0,2,0,0,0,1,0,0,3,2,2,1,1,0,0,0,0,0,0,0,1,0,2,2,3,0,1,1,3,1,2,3,1,0,0,1,3,2,2,3,4,2,2,3,2,2,1,3,2,1,1,0,1,0,3,1,4,2,2,3,1,1,0,1,2,3,0,0,1,1,1,2,3,3,2,0,1,1,3,1,4,2,1,3,3,3,4,3,2,0,0,3,0,0,3,1,2,0,3,2,2,1,1,3,4,3,3,2,4,4,4,3,1,4,1,4,4,1,4,1,3,1,2,3,3,0,1,3,1,0,4,1,1,1,2,0,3,4,1,0,0,2,0,0,0,1,0,0,3,2,1,1,0,0,0,0,0,0,1,0,2,2,3,0,1,1,1,3,1,0,1,3,2,2,3,4,2,3,2,2,1,3,2,1,1,0,0,3,1,4,2,2,3,1,1,0,1,3,0,1,1,1,2,3,2,1,1,1,4,2,1,3,3,3,4,3,2,0,0,0,0,3,1,2,0,3,2,2,1,1,3,4,3,4,4,4,3,1,4,1,4,4,4,2,3,3
RBF-18-0173-1_S27,1,1,1,4,1,1,1,2,2,3,3,1,4,1,2,2,3,3,1,1,2,3,1,1,1,1,3,4,4,1,3,3,1,1,1,2,3,2,1,2,3,2,3,1,2,1,3,2,2,3,4,2,2,3,2,2,1,3,2,1,4,1,1,3,1,4,1,1,2,1,1,1,1,3,1,3,1,1,1,3,1,1,1,1,1,2,2,3,1,2,2,2,2,2,3,3,1,2,1,1,1,3,2,2,1,3,3,3,3,0,3,2,4,3,2,0,1,0,1,2,3,3,1,1,1,4,1,1,1,2,2,3,1,4,1,2,2,3,3,1,1,2,3,1,1,1,3,4,4,1,3,3,1,1,1,2,3,2,1,2,3,3,1,2,1,3,2,2,3,4,2,3,2,2,1,3,2,1,4,1,1,3,1,4,1,1,2,1,1,1,1,3,1,3,1,1,1,3,1,1,1,1,1,2,2,3,1,2,2,2,2,2,3,3,1,2,1,1,1,3,2,2,1,3,3,3,3,3,2,4,3,2,0,1,0,1,2,3,3,0,1,1,1,1,4,1,1,1,2,2,3,3,1,4,1,2,2,3,3,1,1,2,3,1,1,1,1,3,4,4,1,3,1,3,1,1,1,2,3,2,1,2,0,3,2,3,1,3,2,1,3,2,2,3,4,2,2,3,2,2,1,3,2,1,4,1,4,1,3,1,4,1,1,2,1,1,1,1,0,3,2,1,3,1,1,1,3,0,1,2,1,1,0,1,1,2,2,3,1,2,2,2,2,2,3,0,3,1,2,1,1,1,3,2,2,1,3,3,3,3,0,0,3,2,4,3,2,0,1,0,1,1,4,1,0,1,2,3,3,0,0,1,1,1,4,1,1,1,2,2,3,3,1,4,1,2,2,3,3,1,1,2,3,1,1,1,3,4,4,1,3,3,1,1,1,2,3,2,1,2,3,3,1,2,1,3,2,2,3,4,2,3,2,2,1,3,2,1,4,1,1,3,1,4,1,1,2,1,1,1,1,3,1,3,1,1,1,3,1,1,1,1,1,2,2,3,1,2,2,2,2,2,3,3,1,2,1,1,1,3,2,2,1,3,3,3,3,3,2,4,3,2,0,1,0,1,4,2,3,3
RBF-18-0174-1_S28,1,1,1,4,1,1,1,2,2,3,3,1,4,1,2,2,3,3,1,1,2,3,1,1,1,1,3,4,4,1,3,3,1,1,1,2,3,2,1,2,3,2,3,1,2,1,3,2,2,3,4,2,2,3,2,2,1,3,2,1,4,1,1,3,1,4,1,1,2,1,1,1,1,3,1,3,1,1,1,3,1,1,1,1,1,2,2,3,1,2,2,2,2,2,3,3,1,2,1,1,1,3,2,2,1,3,3,4,0,2,4,4,3,0,1,4,4,4,4,2,3,3,1,1,1,4,1,1,1,2,2,3,1,4,1,2,2,3,3,1,1,2,3,1,1,1,3,4,4,1,3,3,1,1,1,2,3,2,1,2,3,3,1,2,1,3,2,2,3,4,2,3,2,2,1,3,2,1,4,1,1,3,1,4,1,1,2,1,1,1,1,3,1,3,1,1,1,3,1,1,1,1,1,2,2,3,1,2,2,2,2,2,3,3,1,2,1,1,1,3,2,2,1,3,3,4,0,4,4,3,0,1,4,4,4,4,2,3,3,0,1,1,1,1,4,1,1,1,2,2,3,3,1,4,1,2,2,3,3,1,1,2,3,1,1,1,1,3,4,4,1,3,1,3,1,1,1,2,3,2,1,2,0,3,2,3,1,3,2,1,3,2,2,3,4,2,2,3,2,2,1,3,2,1,4,1,4,1,3,1,4,1,1,2,1,1,1,1,0,3,2,1,3,1,1,1,3,0,1,2,1,1,0,1,1,2,2,3,1,2,2,2,2,2,3,0,3,1,2,1,1,1,3,2,2,1,3,3,4,0,3,2,4,4,3,0,1,4,4,4,4,0,0,1,0,1,2,3,3,0,0,1,1,1,4,1,1,1,2,2,3,3,1,4,1,2,2,3,3,1,1,2,3,1,1,1,3,4,4,1,3,3,1,1,1,2,3,2,1,2,3,3,1,2,1,3,2,2,3,4,2,3,2,2,1,3,2,1,4,1,1,3,1,4,1,1,2,1,1,1,1,3,1,3,1,1,1,3,1,1,1,1,1,2,2,3,1,2,2,2,2,2,3,3,1,2,1,1,1,3,2,2,1,3,3,4,0,4,4,3,0,1,4,4,4,4,0,2,3,3
RBF-18-0179-1_S29,0,1,0,4,0,0,1,2,0,3,0,1,4,1,2,2,3,3,1,1,2,3,1,2,0,1,3,4,4,1,3,3,1,0,2,2,3,0,1,2,1,2,3,1,2,1,3,2,2,3,4,2,2,3,2,2,1,3,2,1,1,4,0,3,3,4,2,2,3,1,0,1,1,3,3,1,1,1,2,3,2,1,1,1,4,2,1,3,3,3,4,3,2,2,3,0,3,3,1,2,0,3,2,2,1,0,3,3,0,2,4,4,4,3,1,4,0,4,4,2,0,3,0,1,0,4,0,0,1,2,0,0,1,4,1,2,2,3,3,1,1,2,3,1,0,1,3,4,4,1,3,3,1,0,2,2,3,0,1,2,1,3,1,2,1,3,2,2,3,4,2,3,2,2,1,3,2,1,1,4,0,3,3,4,2,2,3,1,0,1,1,3,3,1,1,1,2,3,2,1,1,1,4,2,1,3,3,3,4,3,2,2,3,0,3,3,1,2,0,3,2,2,1,0,3,3,0,4,4,4,3,1,4,0,4,4,2,0,3,3,0,1,0,1,4,0,0,1,2,0,3,0,1,4,1,2,2,3,3,1,1,2,3,1,2,0,1,3,4,4,1,3,0,3,1,0,2,2,3,0,1,2,3,1,2,3,1,0,2,1,3,2,2,3,4,2,2,3,2,2,1,3,2,1,1,4,1,0,3,3,4,2,2,3,1,0,1,1,2,3,2,3,1,1,1,2,3,3,2,2,1,1,3,1,4,2,1,3,3,3,4,3,2,2,3,3,0,3,3,1,2,0,3,2,2,1,0,3,3,0,3,2,4,4,4,3,1,4,0,4,4,0,4,1,3,1,2,0,3,3,1,0,1,0,4,0,0,1,2,0,3,0,1,4,1,2,2,3,3,1,1,2,3,1,0,1,3,4,4,1,3,3,1,0,2,2,3,0,1,2,1,3,1,2,1,3,2,2,3,4,2,3,2,2,1,3,2,1,1,4,0,3,3,4,2,2,3,1,0,1,1,3,3,1,1,1,2,3,2,1,1,1,4,2,1,3,3,3,4,3,2,2,3,0,3,3,1,2,0,3,2,2,1,0,3,3,0,4,4,4,3,1,4,0,4,4,4,2,0,3
RBF-18-0184-1_S30,0,0,0,0,0,0,0,0,0,0,0,0,0,0,0,0,0,0,0,0,0,0,0,0,0,0,0,0,0,0,0,0,0,0,0,0,0,0,0,2,0,2,3,1,0,0,0,0,0,0,0,0,0,0,0,0,0,0,2,1,0,0,0,1,0,4,2,3,3,2,1,0,1,0,3,1,0,0,0,0,0,0,1,1,0,0,0,3,0,0,0,0,0,0,0,0,0,0,0,0,0,0,0,2,0,0,3,3,3,2,3,4,4,3,1,4,1,4,4,2,3,3,0,0,0,0,0,0,0,0,0,0,0,0,0,0,0,0,0,0,0,0,0,0,0,0,0,0,0,0,0,0,0,0,0,0,0,0,0,2,0,3,1,0,0,0,0,0,0,0,0,0,0,0,0,0,2,1,0,0,0,1,0,4,2,3,3,2,1,0,1,0,3,1,0,0,0,0,0,0,1,1,0,0,0,3,0,0,0,0,0,0,0,0,0,0,0,0,0,0,0,2,0,0,3,3,3,3,4,4,3,1,4,1,4,4,2,3,3,3,0,0,0,0,0,0,0,0,0,0,0,0,0,0,0,0,0,0,0,0,0,0,0,0,0,0,0,0,0,0,0,0,0,0,0,0,0,0,0,0,0,2,0,0,2,3,1,0,0,0,0,0,0,0,0,0,0,0,0,0,0,0,2,1,0,0,0,0,1,0,4,2,3,3,2,1,0,1,2,0,0,3,1,0,0,0,0,3,0,0,0,1,3,1,0,0,0,3,0,0,0,0,0,0,0,3,0,0,0,0,0,0,0,0,2,0,0,3,3,3,3,2,3,4,4,3,1,4,1,4,4,1,4,1,3,1,2,3,3,3,1,0,0,0,0,0,0,0,0,0,0,0,0,0,0,0,0,0,0,0,0,0,0,0,0,0,0,0,0,0,0,0,0,0,0,0,0,0,0,2,0,3,1,0,0,0,0,0,0,0,0,0,0,0,0,0,2,1,0,0,0,1,0,4,2,3,3,2,1,0,1,0,3,1,0,0,0,0,0,0,1,1,0,0,0,3,0,0,0,0,0,0,0,0,0,0,0,0,0,0,0,2,0,0,3,3,3,3,4,4,3,1,4,1,4,4,4,2,3,3
RBF-18-0187-1_S31,1,1,1,4,1,1,1,2,2,3,3,1,4,1,2,2,3,3,1,1,2,3,1,1,1,1,3,4,4,1,3,3,1,1,1,2,3,2,1,2,3,2,3,1,2,1,3,2,2,3,4,2,2,3,2,2,1,3,2,1,4,1,1,3,1,4,1,1,2,1,1,1,1,3,1,3,1,1,1,3,1,1,1,1,1,2,2,3,1,2,2,2,2,2,3,3,1,2,1,1,1,3,2,2,1,3,3,4,0,2,4,4,3,0,1,4,4,4,4,2,3,3,1,1,1,4,1,1,1,2,2,3,1,4,1,2,2,3,3,1,1,2,3,1,1,1,3,4,4,1,3,3,1,1,1,2,3,2,1,2,3,3,1,2,1,3,2,2,3,4,2,3,2,2,1,3,2,1,4,1,1,3,1,4,1,1,2,1,1,1,1,3,1,3,1,1,1,3,1,1,1,1,1,2,2,3,1,2,2,2,2,2,3,3,1,2,1,1,1,3,2,2,1,3,3,4,0,4,4,3,0,1,4,4,4,4,2,3,3,0,1,1,1,1,4,1,1,1,2,2,3,3,1,4,1,2,2,3,3,1,1,2,3,1,1,1,1,3,4,4,1,3,1,3,1,1,1,2,3,2,1,2,0,3,2,3,1,3,2,1,3,2,2,3,4,2,2,3,2,2,1,3,2,1,4,1,4,1,3,1,4,1,1,2,1,1,1,1,0,3,2,1,3,1,1,1,3,0,1,2,1,1,0,1,1,2,2,3,1,2,2,2,2,2,3,0,3,1,2,1,1,1,3,2,2,1,3,3,4,0,3,2,4,4,3,0,1,4,4,4,4,0,0,1,0,1,2,3,3,0,0,1,1,1,4,1,1,1,2,2,3,3,1,4,1,2,2,3,3,1,1,2,3,1,1,1,3,4,4,1,3,3,1,1,1,2,3,2,1,2,3,3,1,2,1,3,2,2,3,4,2,3,2,2,1,3,2,1,4,1,1,3,1,4,1,1,2,1,1,1,1,3,1,3,1,1,1,3,1,1,1,1,1,2,2,3,1,2,2,2,2,2,3,3,1,2,1,1,1,3,2,2,1,3,3,4,0,4,4,3,0,1,4,4,4,4,0,2,3,3
RBF-18-0192-1_S44,3,1,1,4,1,1,1,2,4,3,4,1,4,1,2,2,3,3,1,1,2,3,1,2,1,1,3,4,4,1,3,3,0,3,2,2,3,0,0,1,1,2,3,1,2,1,0,2,2,3,4,2,2,3,2,2,0,3,2,1,1,4,0,3,1,4,2,2,3,2,0,1,1,3,0,1,1,1,2,3,2,1,1,1,4,2,1,3,3,3,4,3,2,2,3,3,3,3,1,2,1,3,2,2,1,0,3,3,3,0,4,4,4,3,1,4,1,0,4,0,3,3,3,1,1,4,1,1,1,2,4,4,1,4,1,2,2,3,3,1,1,2,3,1,1,1,3,4,4,1,3,3,0,3,2,2,3,0,0,1,1,3,1,2,1,0,2,2,3,4,2,3,2,2,0,3,2,1,1,4,0,3,1,4,2,2,3,2,0,1,1,3,0,1,1,1,2,3,2,1,1,1,4,2,1,3,3,3,4,3,2,2,3,3,3,3,1,2,1,3,2,2,1,0,3,3,3,4,4,4,3,1,4,1,0,4,0,3,3,3,3,1,1,0,4,1,1,1,2,4,3,4,1,4,1,2,2,3,3,1,1,2,3,1,2,1,1,3,4,4,1,3,0,3,0,3,2,2,3,0,0,1,3,1,2,3,1,3,2,1,0,2,2,3,4,2,2,3,2,2,0,3,2,1,1,4,1,0,3,1,4,2,2,3,2,0,1,1,2,3,2,0,1,1,1,2,3,3,2,2,1,1,3,1,4,2,1,3,3,3,4,3,2,2,3,3,3,3,3,1,2,1,3,2,2,1,0,3,3,3,0,0,4,4,4,3,1,4,1,0,4,1,4,0,3,0,0,3,3,3,1,3,1,1,4,1,1,1,2,4,3,4,1,4,1,2,2,3,3,1,1,2,3,1,1,1,3,4,4,1,3,3,0,3,2,2,3,0,0,1,1,3,1,2,1,0,2,2,3,4,2,3,2,2,0,3,2,1,1,4,0,3,1,4,2,2,3,2,0,1,1,3,0,1,1,1,2,3,2,1,1,1,4,2,1,3,3,3,4,3,2,2,3,3,3,3,1,2,1,3,2,2,1,0,3,3,3,4,4,4,3,1,4,1,0,4,4,0,3,3
RBF-18-0194-1_S86,1,1,1,4,1,1,1,2,2,3,3,1,4,1,2,2,3,3,1,1,2,3,1,1,1,1,3,4,4,1,3,3,1,1,0,2,3,2,1,2,3,2,3,1,2,1,3,2,2,3,4,2,2,3,2,2,1,3,2,1,4,1,1,3,1,4,1,1,2,1,1,1,1,3,1,3,1,1,1,3,1,1,1,1,1,0,2,3,1,2,2,2,2,2,3,3,1,2,1,1,1,0,2,2,1,3,3,4,0,2,4,4,3,0,1,4,4,4,4,2,3,3,1,1,1,4,1,1,1,2,2,3,1,4,1,2,2,3,3,1,1,2,3,1,1,1,3,4,4,1,3,3,1,1,0,2,3,2,1,2,3,3,1,2,1,3,2,2,3,4,2,3,2,2,1,3,2,1,4,1,1,3,1,4,1,1,2,1,1,1,1,3,1,3,1,1,1,3,1,1,1,1,1,0,2,3,1,2,2,2,2,2,3,3,1,2,1,1,1,0,2,2,1,3,3,4,0,4,4,3,0,1,4,4,4,4,2,3,3,0,1,1,1,1,4,1,1,1,2,2,3,3,1,4,1,2,2,3,3,1,1,2,3,1,1,1,1,3,4,4,1,3,1,3,1,1,0,2,3,2,1,2,0,3,2,3,1,3,2,1,3,2,2,3,4,2,2,3,2,2,1,3,2,1,4,1,4,1,3,1,4,1,1,2,1,1,1,1,0,3,2,1,3,1,1,1,3,0,1,2,1,1,0,1,1,0,2,3,1,2,2,2,2,2,3,0,3,1,2,1,1,1,0,2,2,1,3,3,4,0,3,2,4,4,3,0,1,4,4,4,4,0,0,1,0,1,2,3,3,0,0,1,1,1,4,1,1,1,2,2,3,3,1,4,1,2,2,3,3,1,1,2,3,1,1,1,3,4,4,1,3,3,1,1,0,2,3,2,1,2,3,3,1,2,1,3,2,2,3,4,2,3,2,2,1,3,2,1,4,1,1,3,1,4,1,1,2,1,1,1,1,3,1,3,1,1,1,3,1,1,1,1,1,0,2,3,1,2,2,2,2,2,3,3,1,2,1,1,1,0,2,2,1,3,3,4,0,4,4,3,0,1,4,4,4,4,0,2,3,3
RBF-18-0196-1_S46,1,1,1,4,1,1,1,2,2,3,3,1,4,1,2,2,3,3,1,1,2,3,1,1,1,1,3,4,4,1,3,3,1,1,0,2,3,2,1,2,3,2,3,1,2,1,3,2,2,3,4,2,2,3,2,2,1,3,2,1,4,1,1,3,1,4,1,1,2,1,1,1,1,3,1,3,1,1,1,3,1,1,1,1,1,2,2,3,1,2,2,2,2,2,3,3,1,2,1,1,1,0,2,2,1,3,3,4,0,2,4,4,3,0,1,4,4,4,4,2,3,3,1,1,1,4,1,1,1,2,2,3,1,4,1,2,2,3,3,1,1,2,3,1,1,1,3,4,4,1,3,3,1,1,0,2,3,2,1,2,3,3,1,2,1,3,2,2,3,4,2,3,2,2,1,3,2,1,4,1,1,3,1,4,1,1,2,1,1,1,1,3,1,3,1,1,1,3,1,1,1,1,1,2,2,3,1,2,2,2,2,2,3,3,1,2,1,1,1,0,2,2,1,3,3,4,0,4,4,3,0,1,4,4,4,4,2,3,3,0,1,1,1,1,4,1,1,1,2,2,3,3,1,4,1,2,2,3,3,1,1,2,3,1,1,1,1,3,4,4,1,3,1,3,1,1,0,2,3,2,1,2,0,3,2,3,1,3,2,1,3,2,2,3,4,2,2,3,2,2,1,3,2,1,4,1,4,1,3,1,4,1,1,2,1,1,1,1,0,3,2,1,3,1,1,1,3,0,1,2,1,1,0,1,1,2,2,3,1,2,2,2,2,2,3,0,3,1,2,1,1,1,0,2,2,1,3,3,4,0,3,2,4,4,3,0,1,4,4,4,4,0,0,1,0,1,2,3,3,0,0,1,1,1,4,1,1,1,2,2,3,3,1,4,1,2,2,3,3,1,1,2,3,1,1,1,3,4,4,1,3,3,1,1,0,2,3,2,1,2,3,3,1,2,1,3,2,2,3,4,2,3,2,2,1,3,2,1,4,1,1,3,1,4,1,1,2,1,1,1,1,3,1,3,1,1,1,3,1,1,1,1,1,2,2,3,1,2,2,2,2,2,3,3,1,2,1,1,1,0,2,2,1,3,3,4,0,4,4,3,0,1,4,4,4,4,0,2,3,3
RBF-18-0199-1_S47,1,1,1,4,1,1,1,2,2,3,3,1,4,1,2,2,3,3,1,1,2,3,1,1,1,1,3,4,4,1,3,3,1,1,1,2,3,2,1,2,3,2,3,1,2,1,3,2,2,3,4,2,2,3,2,2,1,3,2,1,4,1,1,3,1,4,1,1,2,1,1,1,1,3,1,3,1,1,1,3,1,1,1,1,1,2,2,3,1,2,2,2,2,2,3,3,1,2,1,1,1,3,2,2,1,3,3,4,0,2,4,4,3,0,1,4,4,4,4,2,3,3,1,1,1,4,1,1,1,2,2,3,1,4,1,2,2,3,3,1,1,2,3,1,1,1,3,4,4,1,3,3,1,1,1,2,3,2,1,2,3,3,1,2,1,3,2,2,3,4,2,3,2,2,1,3,2,1,4,1,1,3,1,4,1,1,2,1,1,1,1,3,1,3,1,1,1,3,1,1,1,1,1,2,2,3,1,2,2,2,2,2,3,3,1,2,1,1,1,3,2,2,1,3,3,4,0,4,4,3,0,1,4,4,4,4,2,3,3,0,1,1,1,1,4,1,1,1,2,2,3,3,1,4,1,2,2,3,3,1,1,2,3,1,1,1,1,3,4,4,1,3,1,3,1,1,1,2,3,2,1,2,0,3,2,3,1,3,2,1,3,2,2,3,4,2,2,3,2,2,1,3,2,1,4,1,4,1,3,1,4,1,1,2,1,1,1,1,0,3,2,1,3,1,1,1,3,0,1,2,1,1,0,1,1,2,2,3,1,2,2,2,2,2,3,0,3,1,2,1,1,1,3,2,2,1,3,3,4,0,3,2,4,4,3,0,1,4,4,4,4,0,0,1,0,1,2,3,3,0,0,1,1,1,4,1,1,1,2,2,3,3,1,4,1,2,2,3,3,1,1,2,3,1,1,1,3,4,4,1,3,3,1,1,1,2,3,2,1,2,3,3,1,2,1,3,2,2,3,4,2,3,2,2,1,3,2,1,4,1,1,3,1,4,1,1,2,1,1,1,1,3,1,3,1,1,1,3,1,1,1,1,1,2,2,3,1,2,2,2,2,2,3,3,1,2,1,1,1,3,2,2,1,3,3,4,0,4,4,3,0,1,4,4,4,4,0,2,3,3
RBF-18-0200-1_S48,3,4,2,4,1,1,1,2,3,3,4,1,4,1,2,2,3,3,1,1,2,3,1,2,1,2,3,4,4,1,3,4,1,3,2,2,3,3,3,1,1,2,3,1,2,1,3,2,2,3,4,2,2,3,2,2,1,3,0,0,1,4,1,1,1,1,2,1,3,1,3,3,1,3,1,1,4,1,2,3,2,3,0,1,4,2,2,0,1,3,4,3,4,2,3,3,3,2,1,2,1,3,2,4,1,0,0,4,3,2,3,4,4,3,1,4,1,4,1,2,1,0,3,4,2,4,1,1,1,2,3,4,1,4,1,2,2,3,3,1,1,2,3,1,1,2,3,4,4,1,3,4,1,3,2,2,3,3,3,1,1,3,1,2,1,3,2,2,3,4,2,3,2,2,1,3,0,0,1,4,1,1,1,1,2,1,3,1,3,3,1,3,1,1,4,1,2,3,2,3,0,1,4,2,2,0,1,3,4,3,4,2,3,3,3,2,1,2,1,3,2,4,1,0,0,4,3,3,4,4,3,1,4,1,4,1,2,1,0,3,3,4,2,2,4,1,1,1,2,3,3,4,1,4,1,2,2,3,3,1,1,2,3,1,2,1,2,3,4,4,1,3,4,4,1,3,2,2,3,3,3,1,3,1,2,3,1,3,2,1,3,2,2,3,4,2,2,3,2,2,1,3,0,0,1,4,1,1,1,1,1,2,1,3,1,3,3,1,2,3,2,1,1,4,1,2,3,3,2,2,3,0,3,1,4,2,2,0,1,3,4,3,4,2,3,3,3,3,2,1,2,1,3,2,4,1,0,0,4,3,3,2,3,4,4,3,1,4,1,4,1,1,4,0,3,1,2,1,0,3,1,3,4,2,4,1,1,1,2,3,3,4,1,4,1,2,2,3,3,1,1,2,3,1,1,2,3,4,4,1,3,4,1,3,2,2,3,3,3,1,1,3,1,2,1,3,2,2,3,4,2,3,2,2,1,3,0,0,1,4,1,1,1,1,2,1,3,1,3,3,1,3,1,1,4,1,2,3,2,3,0,1,4,2,2,0,1,3,4,3,4,2,3,3,3,2,1,2,1,3,2,4,1,0,0,4,3,3,4,4,3,1,4,1,4,1,4,2,1,0
RBF-18-0201-1_S49,3,1,1,4,4,1,3,2,4,3,4,3,4,1,2,2,3,3,1,1,2,3,2,2,1,1,3,4,4,1,3,3,2,3,2,2,4,3,1,1,1,2,0,1,2,1,3,2,2,3,4,2,2,3,2,2,1,3,2,1,0,4,1,1,3,4,2,3,3,2,1,1,1,0,3,1,1,1,2,3,2,1,1,1,1,2,2,3,3,3,4,3,2,2,3,3,3,3,2,2,1,3,2,2,1,1,3,3,3,2,4,4,4,3,1,4,0,0,4,0,3,0,3,1,1,4,4,1,3,2,4,4,3,4,1,2,2,3,3,1,1,2,3,2,1,1,3,4,4,1,3,3,2,3,2,2,4,3,1,1,1,0,1,2,1,3,2,2,3,4,2,3,2,2,1,3,2,1,0,4,1,1,3,4,2,3,3,2,1,1,1,0,3,1,1,1,2,3,2,1,1,1,1,2,2,3,3,3,4,3,2,2,3,3,3,3,2,2,1,3,2,2,1,1,3,3,3,4,4,4,3,1,4,0,0,4,0,3,0,2,3,1,1,2,4,4,1,3,2,4,3,4,3,4,1,2,2,3,3,1,1,2,3,2,2,1,1,3,4,4,1,3,4,3,2,3,2,2,4,3,1,1,3,1,2,0,1,3,2,1,3,2,2,3,4,2,2,3,2,2,1,3,2,1,0,4,1,1,1,3,4,2,3,3,2,1,1,1,2,0,0,3,1,1,1,2,3,4,2,2,1,1,3,1,1,2,2,3,3,3,4,3,2,2,3,3,3,3,3,2,2,1,3,2,2,1,1,3,3,3,3,2,4,4,4,3,1,4,0,0,4,1,4,0,3,1,0,3,0,3,1,3,1,1,4,4,1,3,2,4,3,4,3,4,1,2,2,3,3,1,1,2,3,2,1,1,3,4,4,1,3,3,2,3,2,2,4,3,1,1,1,0,1,2,1,3,2,2,3,4,2,3,2,2,1,3,2,1,0,4,1,1,3,4,2,3,3,2,1,1,1,0,3,1,1,1,2,3,2,1,1,1,1,2,2,3,3,3,4,3,2,2,3,3,3,3,2,2,1,3,2,2,1,1,3,3,3,4,4,4,3,1,4,0,0,4,4,0,3,0
RBF-18-0208-2_S11_L001,3,1,2,4,1,1,1,2,2,3,3,1,4,1,4,2,3,3,4,1,2,3,2,2,1,2,3,4,4,1,3,3,1,1,2,4,3,3,1,1,1,0,0,0,2,1,3,2,2,3,4,2,2,3,2,2,1,3,0,1,1,4,2,1,3,1,2,3,3,2,3,3,1,0,3,1,4,3,2,3,1,1,1,0,4,2,2,0,3,3,4,3,4,2,3,3,3,2,1,2,1,3,3,2,1,1,0,3,3,0,3,2,4,3,2,0,1,0,1,2,1,0,3,1,2,4,1,1,1,2,2,3,1,4,1,4,2,3,3,4,1,2,3,2,1,2,3,4,4,1,3,3,1,1,2,4,3,3,1,1,1,0,0,2,1,3,2,2,3,4,2,3,2,2,1,3,0,1,1,4,2,1,3,1,2,3,3,2,3,3,1,0,3,1,4,3,2,3,1,1,1,0,4,2,2,0,3,3,4,3,4,2,3,3,3,2,1,2,1,3,3,2,1,1,0,3,3,3,2,4,3,2,0,1,0,1,2,1,0,3,3,1,2,2,4,1,1,1,2,2,3,3,1,4,1,4,2,3,3,4,1,2,3,2,2,1,2,3,4,4,1,3,4,3,1,1,2,4,3,3,1,1,3,1,0,0,0,3,2,1,3,2,2,3,4,2,2,3,2,2,1,3,0,1,1,4,1,2,1,3,1,2,3,3,2,3,3,1,2,0,0,3,1,4,3,2,3,3,1,2,1,1,3,0,4,2,2,0,3,3,4,3,4,2,3,3,3,3,2,1,2,1,3,3,2,1,1,0,3,3,0,0,3,2,4,3,2,0,1,0,1,1,4,1,3,1,2,1,0,3,1,3,1,2,4,1,1,1,2,2,3,3,1,4,1,4,2,3,3,4,1,2,3,2,1,2,3,4,4,1,3,3,1,1,2,4,3,3,1,1,1,0,0,2,1,3,2,2,3,4,2,3,2,2,1,3,0,1,1,4,2,1,3,1,2,3,3,2,3,3,1,0,3,1,4,3,2,3,1,1,1,0,4,2,2,0,3,3,4,3,4,2,3,3,3,2,1,2,1,3,3,2,1,1,0,3,3,3,2,4,3,2,0,1,0,1,4,2,1,0
RBF-18-0214-1_S51,3,4,2,4,4,1,1,4,3,3,4,1,4,1,2,2,3,3,4,1,2,4,2,2,1,2,3,4,4,1,3,4,2,3,2,4,4,3,3,1,1,2,0,0,2,1,3,2,2,3,4,2,2,3,2,2,2,3,0,0,1,4,2,3,3,1,2,3,3,1,3,3,4,3,3,1,4,3,2,3,2,3,0,1,4,2,2,0,3,3,4,3,4,2,3,3,3,3,1,2,1,3,3,4,1,1,3,3,3,2,3,2,4,3,2,4,1,4,4,2,3,3,3,4,2,4,4,1,1,4,3,4,1,4,1,2,2,3,3,4,1,2,4,2,1,2,3,4,4,1,3,4,2,3,2,4,4,3,3,1,1,0,0,2,1,3,2,2,3,4,2,3,2,2,2,3,0,0,1,4,2,3,3,1,2,3,3,1,3,3,4,3,3,1,4,3,2,3,2,3,0,1,4,2,2,0,3,3,4,3,4,2,3,3,3,3,1,2,1,3,3,4,1,1,3,3,3,3,2,4,3,2,4,1,4,4,2,3,3,3,3,4,2,2,4,4,1,1,4,3,3,4,1,4,1,2,2,3,3,4,1,2,4,2,2,1,2,3,4,4,1,3,4,4,2,3,2,4,4,3,3,1,3,1,2,0,0,3,2,1,3,2,2,3,4,2,2,3,2,2,2,3,0,0,1,4,1,2,3,3,1,2,3,3,1,3,3,4,2,3,2,3,1,4,3,2,3,4,2,2,3,0,3,1,4,2,2,0,3,3,4,3,4,2,3,3,3,3,3,1,2,1,3,3,4,1,1,3,3,3,3,2,3,2,4,3,2,4,1,4,4,1,4,1,3,1,2,3,3,3,1,3,4,2,4,4,1,1,4,3,3,4,1,4,1,2,2,3,3,4,1,2,4,2,1,2,3,4,4,1,3,4,2,3,2,4,4,3,3,1,1,0,0,2,1,3,2,2,3,4,2,3,2,2,2,3,0,0,1,4,2,3,3,1,2,3,3,1,3,3,4,3,3,1,4,3,2,3,2,3,0,1,4,2,2,0,3,3,4,3,4,2,3,3,3,3,1,2,1,3,3,4,1,1,3,3,3,3,2,4,3,2,4,1,4,4,4,2,3,3
RBF-18-0217-1_S54,3,4,2,4,4,1,1,4,3,3,4,1,4,1,2,2,3,3,4,1,2,4,2,2,1,2,3,4,4,1,3,4,2,3,2,4,4,3,3,1,1,2,0,0,2,1,3,2,2,3,4,2,2,3,2,2,2,3,0,0,1,4,2,3,3,1,2,3,3,1,3,3,4,3,3,1,4,3,2,3,2,3,0,1,4,2,2,0,3,3,4,3,4,2,3,3,3,3,1,2,1,3,3,4,1,1,3,3,3,2,3,2,4,3,2,4,1,0,0,0,1,3,3,4,2,4,4,1,1,4,3,4,1,4,1,2,2,3,3,4,1,2,4,2,1,2,3,4,4,1,3,4,2,3,2,4,4,3,3,1,1,0,0,2,1,3,2,2,3,4,2,3,2,2,2,3,0,0,1,4,2,3,3,1,2,3,3,1,3,3,4,3,3,1,4,3,2,3,2,3,0,1,4,2,2,0,3,3,4,3,4,2,3,3,3,3,1,2,1,3,3,4,1,1,3,3,3,3,2,4,3,2,4,1,0,0,0,1,3,3,3,4,2,2,4,4,1,1,4,3,3,4,1,4,1,2,2,3,3,4,1,2,4,2,2,1,2,3,4,4,1,3,4,4,2,3,2,4,4,3,3,1,3,1,2,0,0,3,2,1,3,2,2,3,4,2,2,3,2,2,2,3,0,0,1,4,1,2,3,3,1,2,3,3,1,3,3,4,2,3,2,3,1,4,3,2,3,4,2,2,3,0,3,1,4,2,2,0,3,3,4,3,4,2,3,3,3,3,3,1,2,1,3,3,4,1,1,3,3,3,3,2,3,2,4,3,2,4,1,0,0,0,0,0,0,0,0,1,3,3,1,3,4,2,4,4,1,1,4,3,3,4,1,4,1,2,2,3,3,4,1,2,4,2,1,2,3,4,4,1,3,4,2,3,2,4,4,3,3,1,1,0,0,2,1,3,2,2,3,4,2,3,2,2,2,3,0,0,1,4,2,3,3,1,2,3,3,1,3,3,4,3,3,1,4,3,2,3,2,3,0,1,4,2,2,0,3,3,4,3,4,2,3,3,3,3,1,2,1,3,3,4,1,1,3,3,3,3,2,4,3,2,4,1,0,0,0,0,1,3
RBF-18-0227-1_S53,1,4,1,4,1,1,1,2,2,3,3,1,4,1,2,2,3,3,1,1,2,3,1,1,1,1,3,4,4,1,3,3,1,1,1,2,3,2,1,2,1,0,3,0,2,1,3,2,2,3,4,2,2,3,2,2,1,3,2,1,4,1,1,3,1,4,1,1,3,1,1,1,1,3,1,3,1,1,2,3,1,1,1,1,1,2,2,3,3,3,2,2,2,2,3,3,1,2,1,2,1,0,2,2,1,3,3,3,3,0,3,2,4,3,2,4,1,4,4,2,1,3,1,4,1,4,1,1,1,2,2,3,1,4,1,2,2,3,3,1,1,2,3,1,1,1,3,4,4,1,3,3,1,1,1,2,3,2,1,2,1,3,0,2,1,3,2,2,3,4,2,3,2,2,1,3,2,1,4,1,1,3,1,4,1,1,3,1,1,1,1,3,1,3,1,1,2,3,1,1,1,1,1,2,2,3,3,3,2,2,2,2,3,3,1,2,1,2,1,0,2,2,1,3,3,3,3,3,2,4,3,2,4,1,4,4,2,1,3,3,1,4,1,1,4,1,1,1,2,2,3,3,1,4,1,2,2,3,3,1,1,2,3,1,1,1,1,3,4,4,1,3,1,3,1,1,1,2,3,2,1,2,3,1,0,3,0,3,2,1,3,2,2,3,4,2,2,3,2,2,1,3,2,1,4,1,4,1,3,1,4,1,1,3,1,1,1,1,0,3,2,1,3,1,1,2,3,0,1,2,1,1,0,1,1,2,2,3,3,3,2,2,2,2,3,0,3,1,2,1,2,1,0,2,2,1,3,3,3,3,0,0,3,2,4,3,2,4,1,4,4,1,4,1,3,1,2,1,3,3,1,1,4,1,4,1,1,1,2,2,3,3,1,4,1,2,2,3,3,1,1,2,3,1,1,1,3,4,4,1,3,3,1,1,1,2,3,2,1,2,1,3,0,2,1,3,2,2,3,4,2,3,2,2,1,3,2,1,4,1,1,3,1,4,1,1,3,1,1,1,1,3,1,3,1,1,2,3,1,1,1,1,1,2,2,3,3,3,2,2,2,2,3,3,1,2,1,2,1,0,2,2,1,3,3,3,3,3,2,4,3,2,4,1,4,4,4,2,1,3
RBF-18-0251-1_S55,3,0,1,4,4,1,1,2,4,3,4,1,4,1,2,2,3,3,1,1,2,3,2,2,1,1,3,4,4,1,3,3,2,3,2,2,4,3,1,1,3,2,3,1,2,1,3,2,2,3,4,2,2,3,2,2,1,3,2,1,1,4,1,1,3,4,2,3,3,2,1,1,1,3,3,1,1,1,0,3,2,3,1,1,0,2,2,3,3,3,4,3,2,2,3,3,3,3,1,2,1,3,2,2,1,1,3,3,3,2,3,4,4,3,1,0,1,0,4,2,3,3,3,0,1,4,4,1,1,2,4,4,1,4,1,2,2,3,3,1,1,2,3,2,1,1,3,4,4,1,3,3,2,3,2,2,4,3,1,1,3,3,1,2,1,3,2,2,3,4,2,3,2,2,1,3,2,1,1,4,1,1,3,4,2,3,3,2,1,1,1,3,3,1,1,1,0,3,2,3,1,1,0,2,2,3,3,3,4,3,2,2,3,3,3,3,1,2,1,3,2,2,1,1,3,3,3,3,4,4,3,1,0,1,0,4,2,3,3,2,3,0,1,1,4,4,1,1,2,4,3,4,1,4,1,2,2,3,3,1,1,2,3,2,2,1,1,3,4,4,1,3,1,3,2,3,2,2,4,3,1,1,3,3,2,3,1,3,2,1,3,2,2,3,4,2,2,3,2,2,1,3,2,1,1,4,0,1,1,3,4,2,3,3,2,1,1,1,2,3,2,3,1,1,1,0,3,4,2,2,3,1,3,1,0,2,2,3,3,3,4,3,2,2,3,3,3,3,3,1,2,1,3,2,2,1,1,3,3,3,3,2,3,4,4,3,1,0,1,0,4,1,4,0,3,0,2,3,3,3,1,3,0,1,4,4,1,1,2,4,3,4,1,4,1,2,2,3,3,1,1,2,3,2,1,1,3,4,4,1,3,3,2,3,2,2,4,3,1,1,3,3,1,2,1,3,2,2,3,4,2,3,2,2,1,3,2,1,1,4,1,1,3,4,2,3,3,2,1,1,1,3,3,1,1,1,0,3,2,3,1,1,0,2,2,3,3,3,4,3,2,2,3,3,3,3,1,2,1,3,2,2,1,1,3,3,3,3,4,4,3,1,0,1,0,4,4,2,3,3
RBF-18-0252-1_S56,0,0,0,0,0,0,0,0,0,0,0,0,0,0,0,0,0,0,0,0,0,0,0,0,0,0,0,0,0,0,0,0,0,0,0,0,0,0,1,2,1,0,3,1,2,1,3,2,2,3,4,2,2,3,2,2,1,3,2,1,0,0,0,0,0,0,0,0,0,0,0,0,0,3,0,0,0,0,0,0,0,0,1,1,0,0,0,3,0,0,0,0,0,0,0,0,0,0,0,0,0,0,0,0,0,1,3,4,3,2,3,4,4,3,1,4,0,4,4,2,3,3,0,0,0,0,0,0,0,0,0,0,0,0,0,0,0,0,0,0,0,0,0,0,0,0,0,0,0,0,0,0,0,0,0,0,0,0,1,2,1,3,1,2,1,3,2,2,3,4,2,3,2,2,1,3,2,1,0,0,0,0,0,0,0,0,0,0,0,0,0,3,0,0,0,0,0,0,0,0,1,1,0,0,0,3,0,0,0,0,0,0,0,0,0,0,0,0,0,0,0,0,0,1,3,4,3,3,4,4,3,1,4,0,4,4,2,3,3,3,0,0,0,0,0,0,0,0,0,0,0,0,0,0,0,0,0,0,0,0,0,0,0,0,0,0,0,0,0,0,0,0,0,0,0,0,0,0,0,0,1,2,3,1,0,3,1,3,2,1,3,2,2,3,4,2,2,3,2,2,1,3,2,1,0,0,0,0,0,0,0,0,0,0,0,0,0,0,2,3,2,0,0,0,0,0,0,3,0,0,0,1,3,1,0,0,0,3,0,0,0,0,0,0,0,3,0,0,0,0,0,0,0,0,0,0,1,3,4,3,3,2,3,4,4,3,1,4,0,4,4,0,0,1,3,1,2,3,3,3,1,0,0,0,0,0,0,0,0,0,0,0,0,0,0,0,0,0,0,0,0,0,0,0,0,0,0,0,0,0,0,0,0,0,0,0,0,0,1,2,1,3,1,2,1,3,2,2,3,4,2,3,2,2,1,3,2,1,0,0,0,0,0,0,0,0,0,0,0,0,0,3,0,0,0,0,0,0,0,0,1,1,0,0,0,3,0,0,0,0,0,0,0,0,0,0,0,0,0,0,0,0,0,1,3,4,3,3,4,4,3,1,4,0,4,4,0,2,3,3
RBF-18-0253-1_S13_L001,3,1,1,4,1,1,1,2,4,3,4,1,4,1,2,2,3,3,1,1,2,3,1,0,1,1,3,4,4,1,3,0,1,3,2,2,3,0,0,2,1,2,3,1,0,0,0,0,0,0,0,0,0,0,0,0,0,0,2,1,1,0,1,3,1,4,2,2,3,0,0,1,1,3,3,1,1,1,2,3,2,1,1,1,4,2,1,3,3,3,4,3,2,2,3,3,3,3,1,2,1,3,2,2,1,1,3,4,3,0,4,4,4,3,1,4,0,4,4,2,0,0,3,1,1,4,1,1,1,2,4,4,1,4,1,2,2,3,3,1,1,2,3,1,1,1,3,4,4,1,3,0,1,3,2,2,3,0,0,2,1,3,1,0,0,0,0,0,0,0,0,0,0,0,0,0,2,1,1,0,1,3,1,4,2,2,3,0,0,1,1,3,3,1,1,1,2,3,2,1,1,1,4,2,1,3,3,3,4,3,2,2,3,3,3,3,1,2,1,3,2,2,1,1,3,4,3,4,4,4,3,1,4,0,4,4,2,0,0,3,3,1,1,1,4,1,1,1,2,4,3,4,1,4,1,2,2,3,3,1,1,2,3,1,0,1,1,3,4,4,1,3,4,0,1,3,2,2,3,0,0,2,3,1,2,3,1,0,0,0,0,0,0,0,0,0,0,0,0,0,0,0,2,1,1,0,1,1,3,1,4,2,2,3,0,0,1,1,2,3,2,3,1,1,1,2,3,3,2,0,1,1,3,1,4,2,1,3,3,3,4,3,2,2,3,3,3,3,3,1,2,1,3,2,2,1,1,3,4,3,0,0,4,4,4,3,1,4,0,4,4,0,4,1,3,1,2,0,0,0,1,3,1,1,4,1,1,1,2,4,3,4,1,4,1,2,2,3,3,1,1,2,3,1,1,1,3,4,4,1,3,0,1,3,2,2,3,0,0,2,1,3,1,0,0,0,0,0,0,0,0,0,0,0,0,0,2,1,1,0,1,3,1,4,2,2,3,0,0,1,1,3,3,1,1,1,2,3,2,1,1,1,4,2,1,3,3,3,4,3,2,2,3,3,3,3,1,2,1,3,2,2,1,1,3,4,3,4,4,4,3,1,4,0,4,4,4,2,0,0
RBF-18-0259-1_S33,3,4,2,4,1,1,1,2,3,3,4,1,4,1,2,2,3,3,1,1,2,3,1,2,1,2,3,4,4,1,3,4,1,3,2,2,3,3,3,1,1,2,3,1,2,1,3,2,2,3,4,2,2,3,2,2,1,3,0,0,1,4,1,1,1,1,2,1,3,1,3,3,1,3,1,1,4,1,2,3,2,3,0,1,4,2,2,0,1,3,4,3,4,2,3,3,3,2,1,2,1,3,2,4,1,0,0,4,3,2,3,4,4,3,1,4,1,4,1,2,1,0,3,4,2,4,1,1,1,2,3,4,1,4,1,2,2,3,3,1,1,2,3,1,1,2,3,4,4,1,3,4,1,3,2,2,3,3,3,1,1,3,1,2,1,3,2,2,3,4,2,3,2,2,1,3,0,0,1,4,1,1,1,1,2,1,3,1,3,3,1,3,1,1,4,1,2,3,2,3,0,1,4,2,2,0,1,3,4,3,4,2,3,3,3,2,1,2,1,3,2,4,1,0,0,4,3,3,4,4,3,1,4,1,4,1,2,1,0,3,3,4,2,2,4,1,1,1,2,3,3,4,1,4,1,2,2,3,3,1,1,2,3,1,2,1,2,3,4,4,1,3,4,4,1,3,2,2,3,3,3,1,3,1,2,3,1,3,2,1,3,2,2,3,4,2,2,3,2,2,1,3,0,0,1,4,1,1,1,1,1,2,1,3,1,3,3,1,2,3,2,1,1,4,1,2,3,3,2,2,3,0,3,1,4,2,2,0,1,3,4,3,4,2,3,3,3,3,2,1,2,1,3,2,4,1,0,0,4,3,3,2,3,4,4,3,1,4,1,4,1,1,4,0,3,1,2,1,0,3,1,3,4,2,4,1,1,1,2,3,3,4,1,4,1,2,2,3,3,1,1,2,3,1,1,2,3,4,4,1,3,4,1,3,2,2,3,3,3,1,1,3,1,2,1,3,2,2,3,4,2,3,2,2,1,3,0,0,1,4,1,1,1,1,2,1,3,1,3,3,1,3,1,1,4,1,2,3,2,3,0,1,4,2,2,0,1,3,4,3,4,2,3,3,3,2,1,2,1,3,2,4,1,0,0,4,3,3,4,4,3,1,4,1,4,1,4,2,1,0
RBF-18-0277-1_S61,1,1,1,4,1,1,1,2,2,3,3,1,4,1,2,2,3,3,1,1,2,3,1,1,1,1,3,4,4,1,3,3,1,1,1,2,3,2,1,2,3,2,3,1,2,1,3,2,2,3,4,2,2,3,2,2,1,3,2,1,4,1,1,3,1,4,1,1,2,1,1,1,1,3,1,3,1,1,1,3,1,1,1,1,1,2,2,3,1,2,2,2,2,2,3,3,1,2,1,1,1,3,2,2,1,3,3,4,0,2,4,4,3,0,1,4,4,4,4,2,3,3,1,1,1,4,1,1,1,2,2,3,1,4,1,2,2,3,3,1,1,2,3,1,1,1,3,4,4,1,3,3,1,1,1,2,3,2,1,2,3,3,1,2,1,3,2,2,3,4,2,3,2,2,1,3,2,1,4,1,1,3,1,4,1,1,2,1,1,1,1,3,1,3,1,1,1,3,1,1,1,1,1,2,2,3,1,2,2,2,2,2,3,3,1,2,1,1,1,3,2,2,1,3,3,4,0,4,4,3,0,1,4,4,4,4,2,3,3,0,1,1,1,1,4,1,1,1,2,2,3,3,1,4,1,2,2,3,3,1,1,2,3,1,1,1,1,3,4,4,1,3,1,3,1,1,1,2,3,2,1,2,0,3,2,3,1,3,2,1,3,2,2,3,4,2,2,3,2,2,1,3,2,1,4,1,4,1,3,1,4,1,1,2,1,1,1,1,0,3,2,1,3,1,1,1,3,0,1,2,1,1,0,1,1,2,2,3,1,2,2,2,2,2,3,0,3,1,2,1,1,1,3,2,2,1,3,3,4,0,3,2,4,4,3,0,1,4,4,4,4,0,0,1,0,1,2,3,3,0,0,1,1,1,4,1,1,1,2,2,3,3,1,4,1,2,2,3,3,1,1,2,3,1,1,1,3,4,4,1,3,3,1,1,1,2,3,2,1,2,3,3,1,2,1,3,2,2,3,4,2,3,2,2,1,3,2,1,4,1,1,3,1,4,1,1,2,1,1,1,1,3,1,3,1,1,1,3,1,1,1,1,1,2,2,3,1,2,2,2,2,2,3,3,1,2,1,1,1,3,2,2,1,3,3,4,0,4,4,3,0,1,4,4,4,4,0,2,3,3
RBF-18-0280-1_S62,3,1,1,4,1,1,1,2,4,3,4,1,4,1,2,2,3,3,1,1,2,3,1,0,1,1,3,4,4,1,3,0,1,3,2,2,3,3,0,1,1,2,3,1,2,1,3,0,2,3,4,2,0,3,2,2,1,3,2,1,1,4,1,3,1,4,2,2,3,0,0,1,1,3,3,1,1,1,2,3,2,1,1,1,4,2,1,3,3,3,4,3,2,2,3,3,3,3,1,2,1,3,2,2,1,1,3,4,3,2,3,4,4,3,1,4,1,4,4,2,0,0,3,1,1,4,1,1,1,2,4,4,1,4,1,2,2,3,3,1,1,2,3,1,1,1,3,4,4,1,3,0,1,3,2,2,3,3,0,1,1,3,1,2,1,3,0,2,3,4,2,3,2,2,1,3,2,1,1,4,1,3,1,4,2,2,3,0,0,1,1,3,3,1,1,1,2,3,2,1,1,1,4,2,1,3,3,3,4,3,2,2,3,3,3,3,1,2,1,3,2,2,1,1,3,4,3,3,4,4,3,1,4,1,4,4,2,0,0,3,3,1,1,1,4,1,1,1,2,4,3,4,1,4,1,2,2,3,3,1,1,2,3,1,0,1,1,3,4,4,1,3,4,0,1,3,2,2,3,3,0,1,3,1,2,3,1,3,2,1,3,0,2,3,4,2,0,3,2,2,1,3,2,1,1,4,1,1,3,1,4,2,2,3,0,0,1,1,2,3,2,3,1,1,1,2,3,3,2,0,1,1,3,1,4,2,1,3,3,3,4,3,2,2,3,3,3,3,3,1,2,1,3,2,2,1,1,3,4,3,3,2,3,4,4,3,1,4,1,4,4,0,4,1,3,1,2,0,0,0,1,3,1,1,4,1,1,1,2,4,3,4,1,4,1,2,2,3,3,1,1,2,3,1,1,1,3,4,4,1,3,0,1,3,2,2,3,3,0,1,1,3,1,2,1,3,0,2,3,4,2,3,2,2,1,3,2,1,1,4,1,3,1,4,2,2,3,0,0,1,1,3,3,1,1,1,2,3,2,1,1,1,4,2,1,3,3,3,4,3,2,2,3,3,3,3,1,2,1,3,2,2,1,1,3,4,3,3,4,4,3,1,4,1,4,4,4,2,0,0
RBF-18-0282-1_S63,0,1,0,0,1,1,1,0,4,3,4,1,0,1,2,2,3,3,1,1,2,3,2,0,1,0,3,4,4,0,0,0,1,3,0,2,0,3,0,1,1,2,3,1,2,1,3,2,2,3,4,2,2,3,2,2,0,0,2,1,0,0,1,3,0,0,2,0,3,0,0,0,1,3,3,0,1,1,2,3,2,0,1,1,0,2,0,3,3,3,4,3,2,2,3,3,3,3,1,2,1,3,2,2,1,0,0,4,3,2,4,4,3,3,1,4,1,4,4,2,3,3,0,1,0,0,1,1,1,0,4,4,1,0,1,2,2,3,3,1,1,2,3,2,1,0,3,4,4,0,0,0,1,3,0,2,0,3,0,1,1,3,1,2,1,3,2,2,3,4,2,3,2,2,0,0,2,1,0,0,1,3,0,0,2,0,3,0,0,0,1,3,3,0,1,1,2,3,2,0,1,1,0,2,0,3,3,3,4,3,2,2,3,3,3,3,1,2,1,3,2,2,1,0,0,4,3,4,4,3,3,1,4,1,4,4,2,3,3,3,0,1,0,0,0,1,1,1,0,4,3,4,1,0,1,2,2,3,3,1,1,2,3,2,0,1,0,3,4,4,0,0,0,0,1,3,0,2,0,3,0,1,3,1,2,3,1,3,2,1,3,2,2,3,4,2,2,3,2,2,0,0,2,1,0,0,0,1,3,0,0,2,0,3,0,0,0,1,2,3,2,3,0,1,1,2,3,3,2,2,0,1,3,1,0,2,0,3,3,3,4,3,2,2,3,3,3,3,3,1,2,1,3,2,2,1,0,0,4,3,3,2,4,4,3,3,1,4,1,4,4,1,4,1,3,1,2,3,3,3,1,0,1,0,0,1,1,1,0,4,3,4,1,0,1,2,2,3,3,1,1,2,3,2,1,0,3,4,4,0,0,0,1,3,0,2,0,3,0,1,1,3,1,2,1,3,2,2,3,4,2,3,2,2,0,0,2,1,0,0,1,3,0,0,2,0,3,0,0,0,1,3,3,0,1,1,2,3,2,0,1,1,0,2,0,3,3,3,4,3,2,2,3,3,3,3,1,2,1,3,2,2,1,0,0,4,3,4,4,3,3,1,4,1,4,4,4,2,3,3
RBF-18-0294-1_S64,3,4,2,4,1,1,1,2,2,3,4,1,4,1,4,2,3,3,1,1,2,3,2,2,1,2,3,4,4,1,3,4,2,3,2,2,3,3,1,1,1,2,3,1,2,1,3,2,2,3,4,2,2,3,2,2,1,3,2,0,1,4,2,0,3,1,2,3,3,2,1,3,1,3,3,1,4,3,2,3,1,1,0,0,4,2,2,0,1,3,4,3,4,2,3,3,3,2,1,2,1,3,2,2,1,1,0,3,3,0,3,2,4,3,2,0,1,4,4,2,3,3,3,4,2,4,1,1,1,2,2,4,1,4,1,4,2,3,3,1,1,2,3,2,1,2,3,4,4,1,3,4,2,3,2,2,3,3,1,1,1,3,1,2,1,3,2,2,3,4,2,3,2,2,1,3,2,0,1,4,2,0,3,1,2,3,3,2,1,3,1,3,3,1,4,3,2,3,1,1,0,0,4,2,2,0,1,3,4,3,4,2,3,3,3,2,1,2,1,3,2,2,1,1,0,3,3,3,2,4,3,2,0,1,4,4,2,3,3,3,3,4,2,2,4,1,1,1,2,2,3,4,1,4,1,4,2,3,3,1,1,2,3,2,2,1,2,3,4,4,1,3,4,4,2,3,2,2,3,3,1,1,3,1,2,3,1,3,2,1,3,2,2,3,4,2,2,3,2,2,1,3,2,0,1,4,1,2,0,3,1,2,3,3,2,1,3,1,2,3,2,3,1,4,3,2,3,3,1,2,1,0,3,0,4,2,2,0,1,3,4,3,4,2,3,3,3,3,2,1,2,1,3,2,2,1,1,0,3,3,0,0,3,2,4,3,2,0,1,4,4,1,4,1,3,1,2,3,3,3,1,3,4,2,4,1,1,1,2,2,3,4,1,4,1,4,2,3,3,1,1,2,3,2,1,2,3,4,4,1,3,4,2,3,2,2,3,3,1,1,1,3,1,2,1,3,2,2,3,4,2,3,2,2,1,3,2,0,1,4,2,0,3,1,2,3,3,2,1,3,1,3,3,1,4,3,2,3,1,1,0,0,4,2,2,0,1,3,4,3,4,2,3,3,3,2,1,2,1,3,2,2,1,1,0,3,3,3,2,4,3,2,0,1,4,4,4,2,3,3
RBF-18-0296-1_S17,3,4,2,4,1,1,1,2,2,3,4,1,4,1,4,2,3,3,1,1,2,3,2,2,1,2,3,4,4,1,3,4,2,3,2,2,3,3,1,1,1,0,3,1,2,1,3,2,2,3,4,2,2,3,2,2,1,3,2,0,1,4,2,1,3,1,2,3,3,2,1,3,1,3,3,1,4,3,2,3,1,1,0,0,4,2,2,0,1,3,4,3,4,2,3,3,3,2,1,2,1,3,2,2,1,1,0,3,3,2,3,4,3,0,1,4,4,4,4,2,1,0,3,4,2,4,1,1,1,2,2,4,1,4,1,4,2,3,3,1,1,2,3,2,1,2,3,4,4,1,3,4,2,3,2,2,3,3,1,1,1,3,1,2,1,3,2,2,3,4,2,3,2,2,1,3,2,0,1,4,2,1,3,1,2,3,3,2,1,3,1,3,3,1,4,3,2,3,1,1,0,0,4,2,2,0,1,3,4,3,4,2,3,3,3,2,1,2,1,3,2,2,1,1,0,3,3,3,4,3,0,1,4,4,4,4,2,1,0,3,3,4,2,2,4,1,1,1,2,2,3,4,1,4,1,4,2,3,3,1,1,2,3,2,2,1,2,3,4,4,1,3,4,4,2,3,2,2,3,3,1,1,3,1,0,3,1,3,2,1,3,2,2,3,4,2,2,3,2,2,1,3,2,0,1,4,1,2,1,3,1,2,3,3,2,1,3,1,2,3,2,3,1,4,3,2,3,3,1,2,1,0,3,0,4,2,2,0,1,3,4,3,4,2,3,3,3,3,2,1,2,1,3,2,2,1,1,0,3,3,3,2,3,4,3,0,1,4,4,4,4,1,4,1,3,0,2,1,0,3,1,3,4,2,4,1,1,1,2,2,3,4,1,4,1,4,2,3,3,1,1,2,3,2,1,2,3,4,4,1,3,4,2,3,2,2,3,3,1,1,1,3,1,2,1,3,2,2,3,4,2,3,2,2,1,3,2,0,1,4,2,1,3,1,2,3,3,2,1,3,1,3,3,1,4,3,2,3,1,1,0,0,4,2,2,0,1,3,4,3,4,2,3,3,3,2,1,2,1,3,2,2,1,1,0,3,3,3,4,3,0,1,4,4,4,4,4,2,1,0
RBF-18-0310-1_S36,3,1,1,4,4,1,3,2,4,3,4,3,4,1,2,2,3,3,1,1,2,3,2,2,1,1,3,4,4,1,3,3,2,3,2,2,4,3,1,1,1,2,3,1,2,1,4,2,2,3,4,2,2,3,2,2,1,3,2,1,0,4,1,1,3,4,2,3,3,2,1,1,1,0,0,1,1,1,2,3,2,1,1,1,1,2,2,3,3,3,4,3,2,2,3,3,3,3,2,2,1,3,2,2,1,1,3,3,3,2,4,4,4,3,1,4,0,0,4,0,3,0,3,1,1,4,4,1,3,2,4,4,3,4,1,2,2,3,3,1,1,2,3,2,1,1,3,4,4,1,3,3,2,3,2,2,4,3,1,1,1,3,1,2,1,4,2,2,3,4,2,3,2,2,1,3,2,1,0,4,1,1,3,4,2,3,3,2,1,1,1,0,0,1,1,1,2,3,2,1,1,1,1,2,2,3,3,3,4,3,2,2,3,3,3,3,2,2,1,3,2,2,1,1,3,3,3,4,4,4,3,1,4,0,0,4,0,3,0,2,3,1,1,2,4,4,1,3,2,4,3,4,3,4,1,2,2,3,3,1,1,2,3,2,2,1,1,3,4,4,1,3,4,3,2,3,2,2,4,3,1,1,3,1,2,3,1,3,2,1,4,2,2,3,4,2,2,3,2,2,1,3,2,1,0,4,1,1,1,3,4,2,3,3,2,1,1,1,2,0,0,0,1,1,1,2,3,4,2,2,1,1,3,1,1,2,2,3,3,3,4,3,2,2,3,3,3,3,3,2,2,1,3,2,2,1,1,3,3,3,3,2,4,4,4,3,1,4,0,0,4,1,4,0,3,1,0,3,0,3,1,3,1,1,4,4,1,3,2,4,3,4,3,4,1,2,2,3,3,1,1,2,3,2,1,1,3,4,4,1,3,3,2,3,2,2,4,3,1,1,1,3,1,2,1,4,2,2,3,4,2,3,2,2,1,3,2,1,0,4,1,1,3,4,2,3,3,2,1,1,1,0,0,1,1,1,2,3,2,1,1,1,1,2,2,3,3,3,4,3,2,2,3,3,3,3,2,2,1,3,2,2,1,1,3,3,3,4,4,4,3,1,4,0,0,4,4,0,3,0
RBF-18-0321-1_S69,3,0,0,0,0,0,1,2,0,0,4,0,4,1,0,0,0,0,0,1,2,3,2,0,0,0,0,0,0,0,0,0,0,0,0,0,3,3,0,2,1,0,3,1,2,1,3,0,2,3,4,2,2,3,2,2,1,3,2,1,0,0,0,0,0,0,0,0,0,0,0,0,0,3,0,0,0,0,2,3,0,0,0,1,0,2,0,3,0,0,0,0,0,2,3,0,0,3,0,0,1,0,0,0,1,1,3,4,3,2,3,4,3,3,1,4,1,0,0,0,0,0,3,0,0,0,0,0,1,2,0,4,0,4,1,0,0,0,0,0,1,2,3,2,0,0,0,0,0,0,0,0,0,0,0,0,3,3,0,2,1,3,1,2,1,3,0,2,3,4,2,3,2,2,1,3,2,1,0,0,0,0,0,0,0,0,0,0,0,0,0,3,0,0,0,0,2,3,0,0,0,1,0,2,0,3,0,0,0,0,0,2,3,0,0,3,0,0,1,0,0,0,1,1,3,4,3,3,4,3,3,1,4,1,0,0,0,0,0,3,3,0,0,0,0,0,0,1,2,0,0,4,0,4,1,0,0,0,0,0,1,2,3,2,0,0,0,0,0,0,0,0,4,0,0,0,0,0,3,3,0,2,3,1,0,3,1,3,2,1,3,0,2,3,4,2,2,3,2,2,1,3,2,1,0,0,0,0,0,0,0,0,0,0,0,0,0,0,2,3,0,0,0,0,0,2,3,3,0,2,0,0,0,1,0,2,0,3,0,0,0,0,0,2,3,3,0,0,3,0,0,1,0,0,0,1,1,3,4,3,3,2,3,4,3,3,1,4,1,0,0,0,0,0,0,0,0,0,0,3,1,3,0,0,0,0,0,1,2,0,0,4,0,4,1,0,0,0,0,0,1,2,3,2,0,0,0,0,0,0,0,0,0,0,0,0,3,3,0,2,1,3,1,2,1,3,0,2,3,4,2,3,2,2,1,3,2,1,0,0,0,0,0,0,0,0,0,0,0,0,0,3,0,0,0,0,2,3,0,0,0,1,0,2,0,3,0,0,0,0,0,2,3,0,0,3,0,0,1,0,0,0,1,1,3,4,3,3,4,3,3,1,4,1,0,0,0,0,0,0
RBF-18-0333-1_S70,3,4,1,4,1,1,1,2,2,3,4,1,4,1,2,2,3,3,1,1,2,3,1,1,1,1,3,4,4,1,3,3,1,1,0,2,3,2,1,2,1,0,3,1,2,1,3,2,2,3,4,2,2,3,2,2,1,3,2,0,4,4,1,0,1,4,2,3,3,1,1,1,1,3,1,1,1,1,2,3,2,1,1,0,1,2,2,3,1,2,2,3,4,2,3,3,1,3,1,1,1,0,2,2,1,3,3,3,3,0,3,2,4,3,2,0,1,0,1,2,1,3,3,4,1,4,1,1,1,2,2,4,1,4,1,2,2,3,3,1,1,2,3,1,1,1,3,4,4,1,3,3,1,1,0,2,3,2,1,2,1,3,1,2,1,3,2,2,3,4,2,3,2,2,1,3,2,0,4,4,1,0,1,4,2,3,3,1,1,1,1,3,1,1,1,1,2,3,2,1,1,0,1,2,2,3,1,2,2,3,4,2,3,3,1,3,1,1,1,0,2,2,1,3,3,3,3,3,2,4,3,2,0,1,0,1,2,1,3,3,3,4,1,1,4,1,1,1,2,2,3,4,1,4,1,2,2,3,3,1,1,2,3,1,1,1,1,3,4,4,1,3,1,3,1,1,0,2,3,2,1,2,3,1,0,3,1,3,2,1,3,2,2,3,4,2,2,3,2,2,1,3,2,0,4,4,1,1,0,1,4,2,3,3,1,1,1,1,0,3,2,1,1,1,1,2,3,3,2,2,1,1,0,0,1,2,2,3,1,2,2,3,4,2,3,0,3,1,3,1,1,1,0,2,2,1,3,3,3,3,0,0,3,2,4,3,2,0,1,0,1,1,4,1,3,1,2,1,3,3,1,3,4,1,4,1,1,1,2,2,3,4,1,4,1,2,2,3,3,1,1,2,3,1,1,1,3,4,4,1,3,3,1,1,0,2,3,2,1,2,1,3,1,2,1,3,2,2,3,4,2,3,2,2,1,3,2,0,4,4,1,0,1,4,2,3,3,1,1,1,1,3,1,1,1,1,2,3,2,1,1,0,1,2,2,3,1,2,2,3,4,2,3,3,1,3,1,1,1,0,2,2,1,3,3,3,3,3,2,4,3,2,0,1,0,1,4,2,1,3
RBF-18-0338-1_S72,3,4,2,4,1,1,1,2,2,3,4,1,4,1,4,2,3,3,4,1,2,3,2,2,1,1,3,4,4,1,3,3,1,1,0,4,3,3,1,2,1,0,3,1,2,1,3,2,2,3,4,2,2,3,2,2,1,3,2,1,1,4,1,1,1,4,2,3,3,1,3,3,1,3,1,1,4,1,2,3,1,3,1,0,4,2,2,0,3,3,4,3,4,2,3,3,3,2,1,2,1,3,2,4,1,1,3,3,3,0,3,2,4,3,2,0,1,0,1,0,1,3,3,4,2,4,1,1,1,2,2,4,1,4,1,4,2,3,3,4,1,2,3,2,1,1,3,4,4,1,3,3,1,1,0,4,3,3,1,2,1,3,1,2,1,3,2,2,3,4,2,3,2,2,1,3,2,1,1,4,1,1,1,4,2,3,3,1,3,3,1,3,1,1,4,1,2,3,1,3,1,0,4,2,2,0,3,3,4,3,4,2,3,3,3,2,1,2,1,3,2,4,1,1,3,3,3,3,2,4,3,2,0,1,0,1,0,1,3,3,3,4,2,1,4,1,1,1,2,2,3,4,1,4,1,4,2,3,3,4,1,2,3,2,2,1,1,3,4,4,1,3,4,3,1,1,0,4,3,3,1,2,3,1,0,3,1,3,2,1,3,2,2,3,4,2,2,3,2,2,1,3,2,1,1,4,1,1,1,1,4,2,3,3,1,3,3,1,2,3,3,1,1,4,1,2,3,3,1,2,3,1,3,0,4,2,2,0,3,3,4,3,4,2,3,3,3,3,2,1,2,1,3,2,4,1,1,3,3,3,0,0,3,2,4,3,2,0,1,0,1,1,4,1,3,0,0,1,3,3,1,3,4,2,4,1,1,1,2,2,3,4,1,4,1,4,2,3,3,4,1,2,3,2,1,1,3,4,4,1,3,3,1,1,0,4,3,3,1,2,1,3,1,2,1,3,2,2,3,4,2,3,2,2,1,3,2,1,1,4,1,1,1,4,2,3,3,1,3,3,1,3,1,1,4,1,2,3,1,3,1,0,4,2,2,0,3,3,4,3,4,2,3,3,3,2,1,2,1,3,2,4,1,1,3,3,3,3,2,4,3,2,0,1,0,1,4,0,1,3
RBF-18-0339-1_S37,0,1,1,4,1,1,1,2,0,3,4,1,0,1,2,2,3,4,1,1,2,3,0,2,1,1,0,4,4,1,3,3,1,3,2,2,3,3,1,1,1,2,3,1,2,1,3,0,2,3,4,2,2,3,2,2,0,3,2,1,1,4,1,3,1,4,2,2,3,1,1,1,1,3,3,1,1,1,2,3,2,1,1,1,4,2,1,3,3,3,4,3,2,2,3,3,3,3,1,2,1,3,2,2,1,1,0,4,3,2,3,4,4,3,1,4,0,4,4,2,3,3,0,1,1,4,1,1,1,2,0,4,1,0,1,2,2,3,4,1,1,2,3,0,1,1,0,4,4,1,3,3,1,3,2,2,3,3,1,1,1,3,1,2,1,3,0,2,3,4,2,3,2,2,0,3,2,1,1,4,1,3,1,4,2,2,3,1,1,1,1,3,3,1,1,1,2,3,2,1,1,1,4,2,1,3,3,3,4,3,2,2,3,3,3,3,1,2,1,3,2,2,1,1,0,4,3,3,4,4,3,1,4,0,4,4,2,3,3,3,0,1,1,0,4,1,1,1,2,0,3,4,1,0,1,2,2,3,4,1,1,2,3,0,2,1,1,0,4,4,1,3,0,3,1,3,2,2,3,3,1,1,3,1,2,3,1,0,2,1,3,0,2,3,4,2,2,3,2,2,0,3,2,1,1,4,1,1,3,1,4,2,2,3,1,1,1,1,2,3,2,3,1,1,1,2,3,3,2,2,1,1,3,1,4,2,1,3,3,3,4,3,2,2,3,3,3,3,3,1,2,1,3,2,2,1,1,0,4,3,3,2,3,4,4,3,1,4,0,4,4,1,4,1,3,1,2,3,3,3,1,0,1,1,4,1,1,1,2,0,3,4,1,0,1,2,2,3,4,1,1,2,3,0,1,1,0,4,4,1,3,3,1,3,2,2,3,3,1,1,1,3,1,2,1,3,0,2,3,4,2,3,2,2,0,3,2,1,1,4,1,3,1,4,2,2,3,1,1,1,1,3,3,1,1,1,2,3,2,1,1,1,4,2,1,3,3,3,4,3,2,2,3,3,3,3,1,2,1,3,2,2,1,1,0,4,3,3,4,4,3,1,4,0,4,4,4,2,3,3
RBF-18-0405-1_S81_2,4,1,2,0,0,0,0,0,0,3,4,1,0,0,0,0,0,3,1,1,2,3,2,0,1,1,0,0,0,0,0,3,0,3,0,2,0,3,0,1,0,2,3,1,0,0,0,0,0,0,0,0,0,0,0,0,0,0,2,1,0,0,0,3,1,4,2,0,0,0,0,0,1,0,3,0,0,1,2,3,0,3,1,0,4,2,0,3,0,0,0,3,2,0,0,0,3,0,1,2,0,3,0,0,0,0,0,4,3,2,4,4,4,3,1,4,1,4,4,2,3,3,4,1,2,0,0,0,0,0,0,4,1,0,0,0,0,0,3,1,1,2,3,2,1,1,0,0,0,0,0,3,0,3,0,2,0,3,0,1,0,3,1,0,0,0,0,0,0,0,0,0,0,0,0,0,2,1,0,0,0,3,1,4,2,0,0,0,0,0,1,0,3,0,0,1,2,3,0,3,1,0,4,2,0,3,0,0,0,3,2,0,0,0,3,0,1,2,0,3,0,0,0,0,0,4,3,4,4,4,3,1,4,1,4,4,2,3,3,0,4,1,2,0,0,0,0,0,0,0,3,4,1,0,0,0,0,0,3,1,1,2,3,2,0,1,1,0,0,0,0,0,0,3,0,3,0,2,0,3,0,1,0,0,2,3,1,0,0,0,0,0,0,0,0,0,0,0,0,0,0,0,2,1,0,0,0,0,3,1,4,2,0,0,0,0,0,1,2,0,0,3,0,0,1,2,3,3,0,0,3,1,3,0,4,2,0,3,0,0,0,3,2,0,0,3,0,3,0,1,2,0,3,0,0,0,0,0,4,3,3,2,4,4,4,3,1,4,1,4,4,1,4,1,3,1,2,3,3,3,1,4,1,2,0,0,0,0,0,0,3,4,1,0,0,0,0,0,3,1,1,2,3,2,1,1,0,0,0,0,0,3,0,3,0,2,0,3,0,1,0,3,1,0,0,0,0,0,0,0,0,0,0,0,0,0,2,1,0,0,0,3,1,4,2,0,0,0,0,0,1,0,3,0,0,1,2,3,0,3,1,0,4,2,0,3,0,0,0,3,2,0,0,0,3,0,1,2,0,3,0,0,0,0,0,4,3,4,4,4,3,1,4,1,4,4,4,2,3,3
RBF-18-0585-1_S48,1,1,1,4,1,1,1,2,2,3,3,1,4,1,2,2,3,3,1,1,2,3,1,1,1,1,3,4,4,1,3,3,1,1,1,2,3,2,1,2,3,2,3,1,2,1,3,2,2,3,4,2,2,3,2,2,1,3,2,1,4,1,1,3,1,4,1,1,2,1,1,1,1,3,1,3,1,1,1,3,1,1,1,1,1,0,2,3,1,2,2,2,2,2,3,3,1,2,1,1,1,0,2,2,1,3,3,4,0,2,4,4,3,0,1,4,4,4,4,2,3,3,1,1,1,4,1,1,1,2,2,3,1,4,1,2,2,3,3,1,1,2,3,1,1,1,3,4,4,1,3,3,1,1,1,2,3,2,1,2,3,3,1,2,1,3,2,2,3,4,2,3,2,2,1,3,2,1,4,1,1,3,1,4,1,1,2,1,1,1,1,3,1,3,1,1,1,3,1,1,1,1,1,0,2,3,1,2,2,2,2,2,3,3,1,2,1,1,1,0,2,2,1,3,3,4,0,4,4,3,0,1,4,4,4,4,2,3,3,0,1,1,1,1,4,1,1,1,2,2,3,3,1,4,1,2,2,3,3,1,1,2,3,1,1,1,1,3,4,4,1,3,1,3,1,1,1,2,3,2,1,2,0,3,2,3,1,3,2,1,3,2,2,3,4,2,2,3,2,2,1,3,2,1,4,1,4,1,3,1,4,1,1,2,1,1,1,1,0,3,2,1,3,1,1,1,3,0,1,2,1,1,0,1,1,0,2,3,1,2,2,2,2,2,3,0,3,1,2,1,1,1,0,2,2,1,3,3,4,0,3,2,4,4,3,0,1,4,4,4,4,0,0,1,0,1,2,3,3,0,0,1,1,1,4,1,1,1,2,2,3,3,1,4,1,2,2,3,3,1,1,2,3,1,1,1,3,4,4,1,3,3,1,1,1,2,3,2,1,2,3,3,1,2,1,3,2,2,3,4,2,3,2,2,1,3,2,1,4,1,1,3,1,4,1,1,2,1,1,1,1,3,1,3,1,1,1,3,1,1,1,1,1,0,2,3,1,2,2,2,2,2,3,3,1,2,1,1,1,0,2,2,1,3,3,4,0,4,4,3,0,1,4,4,4,4,0,2,3,3
RBF-18-0634-1_S183,3,1,1,0,1,0,1,2,0,0,0,1,4,1,0,0,0,0,1,1,2,3,1,2,1,1,3,4,4,0,0,3,1,3,2,2,3,3,1,2,1,0,3,1,0,0,0,0,0,0,0,0,0,0,0,0,0,0,2,1,1,4,1,3,1,4,2,2,3,1,1,1,1,3,3,1,1,1,2,3,2,1,1,1,4,2,0,3,3,3,4,3,2,2,3,0,3,3,1,2,0,3,2,2,1,1,3,3,3,2,4,4,4,3,1,4,1,4,4,2,3,3,3,1,1,0,1,0,1,2,0,0,1,4,1,0,0,0,0,1,1,2,3,1,1,1,3,4,4,0,0,3,1,3,2,2,3,3,1,2,1,3,1,0,0,0,0,0,0,0,0,0,0,0,0,0,2,1,1,4,1,3,1,4,2,2,3,1,1,1,1,3,3,1,1,1,2,3,2,1,1,1,4,2,0,3,3,3,4,3,2,2,3,0,3,3,1,2,0,3,2,2,1,1,3,3,3,4,4,4,3,1,4,1,4,4,2,3,3,3,3,1,1,1,0,1,0,1,2,0,0,0,1,4,1,0,0,0,0,1,1,2,3,1,2,1,1,3,4,4,0,0,0,3,1,3,2,2,3,3,1,2,3,1,0,3,1,0,0,0,0,0,0,0,0,0,0,0,0,0,0,0,2,1,1,4,1,1,3,1,4,2,2,3,1,1,1,1,2,3,0,3,1,1,1,2,3,3,2,0,1,1,3,1,4,2,0,3,3,3,4,3,2,2,3,3,0,3,3,1,2,0,3,2,2,1,1,3,3,3,3,2,4,4,4,3,1,4,1,4,4,1,4,1,3,1,2,3,3,3,1,3,1,1,0,1,0,1,2,0,0,0,1,4,1,0,0,0,0,1,1,2,3,1,1,1,3,4,4,0,0,3,1,3,2,2,3,3,1,2,1,3,1,0,0,0,0,0,0,0,0,0,0,0,0,0,2,1,1,4,1,3,1,4,2,2,3,1,1,1,1,3,3,1,1,1,2,3,2,1,1,1,4,2,0,3,3,3,4,3,2,2,3,0,3,3,1,2,0,3,2,2,1,1,3,3,3,4,4,4,3,1,4,1,4,4,4,2,3,3
RBF-18-0664-1_S190,3,0,1,4,4,1,1,2,4,3,4,1,4,1,2,2,3,3,1,1,2,3,2,2,1,1,3,4,4,1,3,3,2,3,2,2,4,3,1,1,3,2,3,1,2,1,3,2,2,3,4,2,2,3,2,2,1,3,2,1,1,4,1,1,3,4,2,3,3,2,1,1,1,3,3,1,1,1,0,3,2,3,1,1,0,2,2,3,3,3,4,3,2,2,3,3,3,3,1,2,1,3,2,2,1,1,3,3,3,2,3,4,4,3,1,0,1,0,4,2,3,3,3,0,1,4,4,1,1,2,4,4,1,4,1,2,2,3,3,1,1,2,3,2,1,1,3,4,4,1,3,3,2,3,2,2,4,3,1,1,3,3,1,2,1,3,2,2,3,4,2,3,2,2,1,3,2,1,1,4,1,1,3,4,2,3,3,2,1,1,1,3,3,1,1,1,0,3,2,3,1,1,0,2,2,3,3,3,4,3,2,2,3,3,3,3,1,2,1,3,2,2,1,1,3,3,3,3,4,4,3,1,0,1,0,4,2,3,3,2,3,0,1,1,4,4,1,1,2,4,3,4,1,4,1,2,2,3,3,1,1,2,3,2,2,1,1,3,4,4,1,3,1,3,2,3,2,2,4,3,1,1,3,3,2,3,1,3,2,1,3,2,2,3,4,2,2,3,2,2,1,3,2,1,1,4,0,1,1,3,4,2,3,3,2,1,1,1,2,3,2,3,1,1,1,0,3,4,2,2,3,1,3,1,0,2,2,3,3,3,4,3,2,2,3,3,3,3,3,1,2,1,3,2,2,1,1,3,3,3,3,2,3,4,4,3,1,0,1,0,4,1,4,0,3,0,2,3,3,3,1,3,0,1,4,4,1,1,2,4,3,4,1,4,1,2,2,3,3,1,1,2,3,2,1,1,3,4,4,1,3,3,2,3,2,2,4,3,1,1,3,3,1,2,1,3,2,2,3,4,2,3,2,2,1,3,2,1,1,4,1,1,3,4,2,3,3,2,1,1,1,3,3,1,1,1,0,3,2,3,1,1,0,2,2,3,3,3,4,3,2,2,3,3,3,3,1,2,1,3,2,2,1,1,3,3,3,3,4,4,3,1,0,1,0,4,4,2,3,3
RBF-18-0714-2_S204_2,1,1,1,4,1,1,1,2,2,3,3,1,4,1,2,2,3,3,1,1,2,3,1,1,1,1,3,4,4,1,3,3,1,1,0,2,3,2,1,2,3,2,3,1,2,1,3,2,2,3,4,2,2,3,2,2,1,3,2,1,4,1,1,3,1,4,1,1,2,1,1,1,1,3,1,3,1,1,1,3,1,1,1,1,1,2,2,3,1,2,2,2,2,2,3,3,1,2,1,1,1,0,2,2,1,3,3,4,0,2,4,4,3,0,1,4,4,4,4,2,3,3,1,1,1,4,1,1,1,2,2,3,1,4,1,2,2,3,3,1,1,2,3,1,1,1,3,4,4,1,3,3,1,1,0,2,3,2,1,2,3,3,1,2,1,3,2,2,3,4,2,3,2,2,1,3,2,1,4,1,1,3,1,4,1,1,2,1,1,1,1,3,1,3,1,1,1,3,1,1,1,1,1,2,2,3,1,2,2,2,2,2,3,3,1,2,1,1,1,0,2,2,1,3,3,4,0,4,4,3,0,1,4,4,4,4,2,3,3,0,1,1,1,1,4,1,1,1,2,2,3,3,1,4,1,2,2,3,3,1,1,2,3,1,1,1,1,3,4,4,1,3,1,3,1,1,0,2,3,2,1,2,0,3,2,3,1,3,2,1,3,2,2,3,4,2,2,3,2,2,1,3,2,1,4,1,4,1,3,1,4,1,1,2,1,1,1,1,0,3,2,1,3,1,1,1,3,0,1,2,1,1,0,1,1,2,2,3,1,2,2,2,2,2,3,0,3,1,2,1,1,1,0,2,2,1,3,3,4,0,3,2,4,4,3,0,1,4,4,4,4,0,0,1,0,1,2,3,3,0,0,1,1,1,4,1,1,1,2,2,3,3,1,4,1,2,2,3,3,1,1,2,3,1,1,1,3,4,4,1,3,3,1,1,0,2,3,2,1,2,3,3,1,2,1,3,2,2,3,4,2,3,2,2,1,3,2,1,4,1,1,3,1,4,1,1,2,1,1,1,1,3,1,3,1,1,1,3,1,1,1,1,1,2,2,3,1,2,2,2,2,2,3,3,1,2,1,1,1,0,2,2,1,3,3,4,0,4,4,3,0,1,4,4,4,4,0,2,3,3
RBG-17-013-1_S16,3,4,1,4,1,1,1,2,3,3,4,0,0,1,4,2,3,3,1,0,0,3,1,2,1,1,3,4,4,1,3,3,1,3,0,2,4,3,1,2,1,2,3,1,2,1,3,2,2,3,4,2,2,3,2,2,1,3,2,1,1,4,1,3,0,4,2,3,3,1,1,1,1,3,3,1,1,1,0,0,2,0,1,1,4,0,2,3,3,2,4,3,2,2,3,0,3,3,0,2,1,3,0,0,0,1,3,3,3,2,3,2,4,3,1,0,0,4,4,2,3,3,3,4,1,4,1,1,1,2,3,4,0,0,1,4,2,3,3,1,0,0,3,1,1,1,3,4,4,1,3,3,1,3,0,2,4,3,1,2,1,3,1,2,1,3,2,2,3,4,2,3,2,2,1,3,2,1,1,4,1,3,0,4,2,3,3,1,1,1,1,3,3,1,1,1,0,0,2,0,1,1,4,0,2,3,3,2,4,3,2,2,3,0,3,3,0,2,1,3,0,0,0,1,3,3,3,3,2,4,3,1,0,0,4,4,2,3,3,3,3,4,1,1,4,1,1,1,2,3,3,4,0,0,1,4,2,3,3,1,0,0,3,1,2,1,1,3,4,4,1,3,4,3,1,3,0,2,4,3,1,2,3,1,2,3,1,0,2,1,3,2,2,3,4,2,2,3,2,2,1,3,2,1,1,4,1,1,3,0,4,2,3,3,1,1,1,1,2,3,2,3,1,1,1,0,0,3,2,2,0,1,3,1,4,0,2,3,3,2,4,3,2,2,3,3,0,3,3,0,2,1,3,0,0,0,1,3,3,3,3,2,3,2,4,3,1,0,0,4,4,1,4,1,3,1,2,3,3,3,1,3,4,1,4,1,1,1,2,3,3,4,0,0,1,4,2,3,3,1,0,0,3,1,1,1,3,4,4,1,3,3,1,3,0,2,4,3,1,2,1,3,1,2,1,3,2,2,3,4,2,3,2,2,1,3,2,1,1,4,1,3,0,4,2,3,3,1,1,1,1,3,3,1,1,1,0,0,2,0,1,1,4,0,2,3,3,2,4,3,2,2,3,0,3,3,0,2,1,3,0,0,0,1,3,3,3,3,2,4,3,1,0,0,4,4,4,2,3,3
RBG-17-0269-1_S41,0,0,1,4,4,1,1,2,4,3,4,0,4,1,2,2,3,3,1,1,2,3,2,2,1,1,3,4,4,1,3,3,1,3,2,2,4,3,1,1,1,2,3,1,2,1,3,2,2,3,4,2,2,3,2,2,1,3,2,1,1,4,1,1,3,4,2,3,3,2,1,1,1,3,3,1,1,1,2,0,2,1,1,1,1,2,2,3,3,3,4,3,2,2,3,3,3,3,1,2,1,3,2,2,0,1,3,3,3,2,3,2,4,3,0,4,4,4,4,0,0,3,0,0,1,4,4,1,1,2,4,4,0,4,1,2,2,3,3,1,1,2,3,2,1,1,3,4,4,1,3,3,1,3,2,2,4,3,1,1,1,3,1,2,1,3,2,2,3,4,2,3,2,2,1,3,2,1,1,4,1,1,3,4,2,3,3,2,1,1,1,3,3,1,1,1,2,0,2,1,1,1,1,2,2,3,3,3,4,3,2,2,3,3,3,3,1,2,1,3,2,2,0,1,3,3,3,3,2,4,3,0,4,4,4,4,0,0,3,3,0,0,1,1,4,4,1,1,2,4,3,4,0,4,1,2,2,3,3,1,1,2,3,2,2,1,1,3,4,4,1,3,4,3,1,3,2,2,4,3,1,1,3,1,2,3,1,3,2,1,3,2,2,3,4,2,2,3,2,2,1,3,2,1,1,4,1,1,1,3,4,2,3,3,2,1,1,1,2,3,2,3,1,1,1,2,0,4,2,2,1,1,3,1,1,2,2,3,3,3,4,3,2,2,3,3,3,3,3,1,2,1,3,2,2,0,1,3,3,3,3,2,3,2,4,3,0,4,4,4,4,1,4,0,3,1,0,0,3,3,1,0,0,1,4,4,1,1,2,4,3,4,0,4,1,2,2,3,3,1,1,2,3,2,1,1,3,4,4,1,3,3,1,3,2,2,4,3,1,1,1,3,1,2,1,3,2,2,3,4,2,3,2,2,1,3,2,1,1,4,1,1,3,4,2,3,3,2,1,1,1,3,3,1,1,1,2,0,2,1,1,1,1,2,2,3,3,3,4,3,2,2,3,3,3,3,1,2,1,3,2,2,0,1,3,3,3,3,2,4,3,0,4,4,4,4,4,0,0,3
RBG-17-0284-1_S59,0,1,0,0,0,1,1,2,0,3,4,1,4,1,2,2,3,0,1,1,2,3,1,2,1,1,0,4,4,1,3,3,1,3,2,2,3,3,1,2,1,2,3,1,2,1,3,2,2,3,4,2,2,3,2,2,0,0,2,1,1,4,1,3,1,4,2,2,3,1,1,0,1,3,0,1,1,1,2,3,2,3,1,1,4,2,1,3,3,3,4,3,2,2,3,3,3,3,1,2,1,3,2,2,1,1,3,4,3,2,4,4,3,3,1,4,1,4,4,2,3,3,0,1,0,0,0,1,1,2,0,4,1,4,1,2,2,3,0,1,1,2,3,1,1,1,0,4,4,1,3,3,1,3,2,2,3,3,1,2,1,3,1,2,1,3,2,2,3,4,2,3,2,2,0,0,2,1,1,4,1,3,1,4,2,2,3,1,1,0,1,3,0,1,1,1,2,3,2,3,1,1,4,2,1,3,3,3,4,3,2,2,3,3,3,3,1,2,1,3,2,2,1,1,3,4,3,4,4,3,3,1,4,1,4,4,2,3,3,3,0,1,0,0,0,0,1,1,2,0,3,4,1,4,1,2,2,3,0,1,1,2,3,1,2,1,1,0,4,4,1,3,4,3,1,3,2,2,3,3,1,2,3,1,2,3,1,0,2,1,3,2,2,3,4,2,2,3,2,2,0,0,2,1,1,4,1,1,3,1,4,2,2,3,1,1,0,1,2,3,0,0,1,1,1,2,3,3,2,2,3,1,3,1,4,2,1,3,3,3,4,3,2,2,3,3,3,3,3,1,2,1,3,2,2,1,1,3,4,3,3,2,4,4,3,3,1,4,1,4,4,1,4,1,3,1,2,3,3,3,1,0,1,0,0,0,1,1,2,0,3,4,1,4,1,2,2,3,0,1,1,2,3,1,1,1,0,4,4,1,3,3,1,3,2,2,3,3,1,2,1,3,1,2,1,3,2,2,3,4,2,3,2,2,0,0,2,1,1,4,1,3,1,4,2,2,3,1,1,0,1,3,0,1,1,1,2,3,2,3,1,1,4,2,1,3,3,3,4,3,2,2,3,3,3,3,1,2,1,3,2,2,1,1,3,4,3,4,4,3,3,1,4,1,4,4,4,2,3,3
RBG-17-0351-1_S20_L001,1,1,1,4,1,1,1,2,2,3,3,1,4,1,2,2,3,3,1,1,2,3,1,1,1,1,3,4,4,1,3,3,1,1,0,2,3,2,1,2,3,2,3,1,2,1,3,2,2,3,4,2,2,3,2,2,1,3,2,1,4,1,1,3,1,4,1,1,2,1,1,1,1,3,1,3,1,1,1,3,1,1,1,1,1,0,2,3,1,2,2,2,2,2,3,3,1,2,1,1,1,0,2,2,1,3,3,4,0,2,4,4,3,0,1,4,4,4,4,2,3,3,1,1,1,4,1,1,1,2,2,3,1,4,1,2,2,3,3,1,1,2,3,1,1,1,3,4,4,1,3,3,1,1,0,2,3,2,1,2,3,3,1,2,1,3,2,2,3,4,2,3,2,2,1,3,2,1,4,1,1,3,1,4,1,1,2,1,1,1,1,3,1,3,1,1,1,3,1,1,1,1,1,0,2,3,1,2,2,2,2,2,3,3,1,2,1,1,1,0,2,2,1,3,3,4,0,4,4,3,0,1,4,4,4,4,2,3,3,0,1,1,1,1,4,1,1,1,2,2,3,3,1,4,1,2,2,3,3,1,1,2,3,1,1,1,1,3,4,4,1,3,1,3,1,1,0,2,3,2,1,2,0,3,2,3,1,3,2,1,3,2,2,3,4,2,2,3,2,2,1,3,2,1,4,1,4,1,3,1,4,1,1,2,1,1,1,1,0,3,2,1,3,1,1,1,3,0,1,2,1,1,0,1,1,0,2,3,1,2,2,2,2,2,3,0,3,1,2,1,1,1,0,2,2,1,3,3,4,0,3,2,4,4,3,0,1,4,4,4,4,0,0,1,0,1,2,3,3,0,0,1,1,1,4,1,1,1,2,2,3,3,1,4,1,2,2,3,3,1,1,2,3,1,1,1,3,4,4,1,3,3,1,1,0,2,3,2,1,2,3,3,1,2,1,3,2,2,3,4,2,3,2,2,1,3,2,1,4,1,1,3,1,4,1,1,2,1,1,1,1,3,1,3,1,1,1,3,1,1,1,1,1,0,2,3,1,2,2,2,2,2,3,3,1,2,1,1,1,0,2,2,1,3,3,4,0,4,4,3,0,1,4,4,4,4,0,2,3,3
RBG-17-0383-1_S44,1,4,1,4,1,1,1,2,2,3,3,1,4,1,2,2,3,3,1,1,2,3,1,1,1,1,3,4,4,1,3,3,1,1,1,2,3,2,1,2,3,2,3,1,2,1,3,2,2,3,4,2,2,3,2,2,1,3,2,1,4,1,1,3,1,4,1,1,2,1,1,1,1,3,1,3,1,1,2,3,1,1,1,1,1,2,2,3,3,3,2,2,2,2,3,3,1,2,1,2,1,0,2,2,1,3,3,3,3,0,3,2,4,3,2,4,1,4,4,2,1,3,1,4,1,4,1,1,1,2,2,3,1,4,1,2,2,3,3,1,1,2,3,1,1,1,3,4,4,1,3,3,1,1,1,2,3,2,1,2,3,3,1,2,1,3,2,2,3,4,2,3,2,2,1,3,2,1,4,1,1,3,1,4,1,1,2,1,1,1,1,3,1,3,1,1,2,3,1,1,1,1,1,2,2,3,3,3,2,2,2,2,3,3,1,2,1,2,1,0,2,2,1,3,3,3,3,3,2,4,3,2,4,1,4,4,2,1,3,3,1,4,1,1,4,1,1,1,2,2,3,3,1,4,1,2,2,3,3,1,1,2,3,1,1,1,1,3,4,4,1,3,1,3,1,1,1,2,3,2,1,2,0,3,2,3,1,3,2,1,3,2,2,3,4,2,2,3,2,2,1,3,2,1,4,1,4,1,3,1,4,1,1,2,1,1,1,1,0,3,2,1,3,1,1,2,3,0,1,2,1,1,0,1,1,2,2,3,3,3,2,2,2,2,3,0,3,1,2,1,2,1,0,2,2,1,3,3,3,3,0,0,3,2,4,3,2,4,1,4,4,1,4,1,3,1,2,1,3,3,1,1,4,1,4,1,1,1,2,2,3,3,1,4,1,2,2,3,3,1,1,2,3,1,1,1,3,4,4,1,3,3,1,1,1,2,3,2,1,2,3,3,1,2,1,3,2,2,3,4,2,3,2,2,1,3,2,1,4,1,1,3,1,4,1,1,2,1,1,1,1,3,1,3,1,1,2,3,1,1,1,1,1,2,2,3,3,3,2,2,2,2,3,3,1,2,1,2,1,0,2,2,1,3,3,3,3,3,2,4,3,2,4,1,4,4,4,2,1,3
RBg-17-123-2_S12,0,0,2,4,0,1,1,2,4,0,4,1,0,1,0,2,3,3,1,1,2,3,0,1,1,1,3,4,4,1,3,0,0,3,0,2,0,3,0,1,0,2,3,1,2,1,3,2,2,3,4,2,2,3,2,2,0,0,2,1,0,0,1,3,1,4,2,0,0,0,0,0,1,3,0,0,0,0,0,3,0,0,1,0,0,2,0,3,3,0,0,3,0,2,3,0,0,3,1,2,0,3,0,2,1,1,3,4,3,2,3,4,3,3,1,4,1,4,4,2,3,3,0,0,2,4,0,1,1,2,4,4,1,0,1,0,2,3,3,1,1,2,3,0,1,1,3,4,4,1,3,0,0,3,0,2,0,3,0,1,0,3,1,2,1,3,2,2,3,4,2,3,2,2,0,0,2,1,0,0,1,3,1,4,2,0,0,0,0,0,1,3,0,0,0,0,0,3,0,0,1,0,0,2,0,3,3,0,0,3,0,2,3,0,0,3,1,2,0,3,0,2,1,1,3,4,3,3,4,3,3,1,4,1,4,4,2,3,3,3,0,0,2,0,4,0,1,1,2,4,0,4,1,0,1,0,2,3,3,1,1,2,3,0,1,1,1,3,4,4,1,3,0,0,0,3,0,2,0,3,0,1,0,0,2,3,1,3,2,1,3,2,2,3,4,2,2,3,2,2,0,0,2,1,0,0,0,1,3,1,4,2,0,0,0,0,0,1,2,3,0,0,0,0,0,0,3,3,0,2,0,1,3,0,0,2,0,3,3,0,0,3,0,2,3,3,0,0,3,1,2,0,3,0,2,1,1,3,4,3,3,2,3,4,3,3,1,4,1,4,4,1,4,1,3,1,2,3,3,3,1,0,0,2,4,0,1,1,2,4,0,4,1,0,1,0,2,3,3,1,1,2,3,0,1,1,3,4,4,1,3,0,0,3,0,2,0,3,0,1,0,3,1,2,1,3,2,2,3,4,2,3,2,2,0,0,2,1,0,0,1,3,1,4,2,0,0,0,0,0,1,3,0,0,0,0,0,3,0,0,1,0,0,2,0,3,3,0,0,3,0,2,3,0,0,3,1,2,0,3,0,2,1,1,3,4,3,3,4,3,3,1,4,1,4,4,4,2,3,3
RBG-18-0004-1_S1,1,1,1,4,1,1,1,2,2,3,3,1,4,1,2,2,3,3,1,1,2,3,1,1,1,1,3,4,4,1,3,3,1,1,1,2,3,2,1,2,3,2,3,1,2,1,3,2,2,3,4,2,2,3,2,2,1,3,2,1,4,1,1,3,1,4,1,1,2,1,1,1,1,3,1,3,1,1,1,3,1,1,1,1,1,2,2,3,1,2,2,2,2,2,3,3,1,2,1,1,1,3,2,2,1,3,3,4,0,2,4,4,3,0,1,4,4,4,4,2,3,3,1,1,1,4,1,1,1,2,2,3,1,4,1,2,2,3,3,1,1,2,3,1,1,1,3,4,4,1,3,3,1,1,1,2,3,2,1,2,3,3,1,2,1,3,2,2,3,4,2,3,2,2,1,3,2,1,4,1,1,3,1,4,1,1,2,1,1,1,1,3,1,3,1,1,1,3,1,1,1,1,1,2,2,3,1,2,2,2,2,2,3,3,1,2,1,1,1,3,2,2,1,3,3,4,0,4,4,3,0,1,4,4,4,4,2,3,3,0,1,1,1,1,4,1,1,1,2,2,3,3,1,4,1,2,2,3,3,1,1,2,3,1,1,1,1,3,4,4,1,3,1,3,1,1,1,2,3,2,1,2,0,3,2,3,1,3,2,1,3,2,2,3,4,2,2,3,2,2,1,3,2,1,4,1,4,1,3,1,4,1,1,2,1,1,1,1,0,3,2,1,3,1,1,1,3,0,1,2,1,1,0,1,1,2,2,3,1,2,2,2,2,2,3,0,3,1,2,1,1,1,3,2,2,1,3,3,4,0,3,2,4,4,3,0,1,4,4,4,4,0,0,1,0,1,2,3,3,0,0,1,1,1,4,1,1,1,2,2,3,3,1,4,1,2,2,3,3,1,1,2,3,1,1,1,3,4,4,1,3,3,1,1,1,2,3,2,1,2,3,3,1,2,1,3,2,2,3,4,2,3,2,2,1,3,2,1,4,1,1,3,1,4,1,1,2,1,1,1,1,3,1,3,1,1,1,3,1,1,1,1,1,2,2,3,1,2,2,2,2,2,3,3,1,2,1,1,1,3,2,2,1,3,3,4,0,4,4,3,0,1,4,4,4,4,0,2,3,3
RBG-18-0012-1_S3,0,1,0,0,0,1,1,2,0,3,0,1,0,1,2,2,3,0,1,1,2,3,1,2,0,1,0,4,4,1,3,3,1,3,2,2,3,3,1,1,1,2,3,1,2,1,3,0,2,3,4,2,0,3,2,2,1,3,2,1,1,4,1,3,1,4,2,2,3,1,1,0,1,3,0,1,1,1,2,3,2,3,1,1,4,2,1,3,3,3,4,3,2,2,3,3,3,3,1,2,1,3,2,2,1,1,3,4,3,2,3,4,3,3,1,4,1,4,4,2,3,3,0,1,0,0,0,1,1,2,0,0,1,0,1,2,2,3,0,1,1,2,3,1,0,1,0,4,4,1,3,3,1,3,2,2,3,3,1,1,1,3,1,2,1,3,0,2,3,4,2,3,2,2,1,3,2,1,1,4,1,3,1,4,2,2,3,1,1,0,1,3,0,1,1,1,2,3,2,3,1,1,4,2,1,3,3,3,4,3,2,2,3,3,3,3,1,2,1,3,2,2,1,1,3,4,3,3,4,3,3,1,4,1,4,4,2,3,3,3,0,1,0,0,0,0,1,1,2,0,3,0,1,0,1,2,2,3,0,1,1,2,3,1,2,0,1,0,4,4,1,3,4,3,1,3,2,2,3,3,1,1,3,1,2,3,1,0,2,1,3,0,2,3,4,2,0,3,2,2,1,3,2,1,1,4,1,1,3,1,4,2,2,3,1,1,0,1,2,3,0,0,1,1,1,2,3,3,2,2,3,1,3,1,4,2,1,3,3,3,4,3,2,2,3,3,3,3,3,1,2,1,3,2,2,1,1,3,4,3,3,2,3,4,3,3,1,4,1,4,4,1,4,1,3,1,2,3,3,3,1,0,1,0,0,0,1,1,2,0,3,0,1,0,1,2,2,3,0,1,1,2,3,1,0,1,0,4,4,1,3,3,1,3,2,2,3,3,1,1,1,3,1,2,1,3,0,2,3,4,2,3,2,2,1,3,2,1,1,4,1,3,1,4,2,2,3,1,1,0,1,3,0,1,1,1,2,3,2,3,1,1,4,2,1,3,3,3,4,3,2,2,3,3,3,3,1,2,1,3,2,2,1,1,3,4,3,3,4,3,3,1,4,1,4,4,4,2,3,3
RBG-18-0017-1_S5,3,4,2,4,1,1,1,2,3,3,4,1,4,1,2,2,3,3,1,1,2,3,1,2,1,2,3,4,4,1,3,4,1,3,2,2,3,3,3,1,1,0,3,1,0,0,3,2,2,3,4,2,2,3,2,2,1,3,0,0,1,4,1,1,1,1,2,1,3,1,3,3,1,0,0,0,4,1,2,3,2,3,0,1,4,2,2,0,1,3,4,3,4,2,3,3,3,2,1,2,1,3,2,4,1,0,0,4,3,2,3,4,4,3,1,4,1,4,1,2,1,0,3,4,2,4,1,1,1,2,3,4,1,4,1,2,2,3,3,1,1,2,3,1,1,2,3,4,4,1,3,4,1,3,2,2,3,3,3,1,1,3,1,0,0,3,2,2,3,4,2,3,2,2,1,3,0,0,1,4,1,1,1,1,2,1,3,1,3,3,1,0,0,0,4,1,2,3,2,3,0,1,4,2,2,0,1,3,4,3,4,2,3,3,3,2,1,2,1,3,2,4,1,0,0,4,3,3,4,4,3,1,4,1,4,1,2,1,0,3,3,4,2,2,4,1,1,1,2,3,3,4,1,4,1,2,2,3,3,1,1,2,3,1,2,1,2,3,4,4,1,3,4,4,1,3,2,2,3,3,3,1,3,1,0,3,1,0,0,0,3,2,2,3,4,2,2,3,2,2,1,3,0,0,1,4,1,1,1,1,1,2,1,3,1,3,3,1,2,0,0,0,0,4,1,2,3,3,2,2,3,0,3,1,4,2,2,0,1,3,4,3,4,2,3,3,3,3,2,1,2,1,3,2,4,1,0,0,4,3,3,2,3,4,4,3,1,4,1,4,1,1,4,0,3,1,2,1,0,3,1,3,4,2,4,1,1,1,2,3,3,4,1,4,1,2,2,3,3,1,1,2,3,1,1,2,3,4,4,1,3,4,1,3,2,2,3,3,3,1,1,3,1,0,0,3,2,2,3,4,2,3,2,2,1,3,0,0,1,4,1,1,1,1,2,1,3,1,3,3,1,0,0,0,4,1,2,3,2,3,0,1,4,2,2,0,1,3,4,3,4,2,3,3,3,2,1,2,1,3,2,4,1,0,0,4,3,3,4,4,3,1,4,1,4,1,4,2,1,0
RBG-18-0023-1_S2,3,1,1,4,4,1,3,2,4,3,4,3,4,1,2,2,3,3,1,1,2,3,2,2,1,1,3,4,4,1,3,3,2,3,2,2,4,3,1,1,1,2,3,1,2,1,4,2,2,3,4,2,2,3,2,2,1,3,2,1,0,4,1,1,3,4,2,3,3,2,1,1,1,3,3,1,1,1,2,3,2,1,1,1,1,2,2,3,3,3,4,3,2,2,3,3,3,3,2,2,1,3,2,2,1,1,3,3,3,2,4,4,4,3,1,4,0,0,4,0,3,0,3,1,1,4,4,1,3,2,4,4,3,4,1,2,2,3,3,1,1,2,3,2,1,1,3,4,4,1,3,3,2,3,2,2,4,3,1,1,1,3,1,2,1,4,2,2,3,4,2,3,2,2,1,3,2,1,0,4,1,1,3,4,2,3,3,2,1,1,1,3,3,1,1,1,2,3,2,1,1,1,1,2,2,3,3,3,4,3,2,2,3,3,3,3,2,2,1,3,2,2,1,1,3,3,3,4,4,4,3,1,4,0,0,4,0,3,0,2,3,1,1,2,4,4,1,3,2,4,3,4,3,4,1,2,2,3,3,1,1,2,3,2,2,1,1,3,4,4,1,3,4,3,2,3,2,2,4,3,1,1,3,1,2,3,1,3,2,1,4,2,2,3,4,2,2,3,2,2,1,3,2,1,0,4,1,1,1,3,4,2,3,3,2,1,1,1,2,3,2,3,1,1,1,2,3,4,2,2,1,1,3,1,1,2,2,3,3,3,4,3,2,2,3,3,3,3,3,2,2,1,3,2,2,1,1,3,3,3,3,2,4,4,4,3,1,4,0,0,4,1,4,0,3,1,0,3,0,3,1,3,1,1,4,4,1,3,2,4,3,4,3,4,1,2,2,3,3,1,1,2,3,2,1,1,3,4,4,1,3,3,2,3,2,2,4,3,1,1,1,3,1,2,1,4,2,2,3,4,2,3,2,2,1,3,2,1,0,4,1,1,3,4,2,3,3,2,1,1,1,3,3,1,1,1,2,3,2,1,1,1,1,2,2,3,3,3,4,3,2,2,3,3,3,3,2,2,1,3,2,2,1,1,3,3,3,4,4,4,3,1,4,0,0,4,4,0,3,0
RBG-18-0025-1_S9_L001,3,4,2,4,4,1,1,4,3,3,4,1,4,1,2,2,3,3,4,1,2,4,2,2,1,2,3,4,4,1,3,4,2,3,2,4,4,3,3,1,1,2,0,0,2,1,3,2,2,3,4,2,2,3,2,2,2,3,0,0,1,4,2,3,3,1,2,3,3,1,3,3,4,3,3,1,4,3,2,3,2,3,0,1,4,2,2,0,3,3,4,3,4,2,3,3,3,3,1,2,1,3,3,4,1,1,3,3,3,2,3,2,4,3,2,4,1,4,1,0,1,3,3,4,2,4,4,1,1,4,3,4,1,4,1,2,2,3,3,4,1,2,4,2,1,2,3,4,4,1,3,4,2,3,2,4,4,3,3,1,1,0,0,2,1,3,2,2,3,4,2,3,2,2,2,3,0,0,1,4,2,3,3,1,2,3,3,1,3,3,4,3,3,1,4,3,2,3,2,3,0,1,4,2,2,0,3,3,4,3,4,2,3,3,3,3,1,2,1,3,3,4,1,1,3,3,3,3,2,4,3,2,4,1,4,1,0,1,3,3,3,4,2,2,4,4,1,1,4,3,3,4,1,4,1,2,2,3,3,4,1,2,4,2,2,1,2,3,4,4,1,3,4,4,2,3,2,4,4,3,3,1,3,1,2,0,0,3,2,1,3,2,2,3,4,2,2,3,2,2,2,3,0,0,1,4,1,2,3,3,1,2,3,3,1,3,3,4,2,3,2,3,1,4,3,2,3,4,2,2,3,0,3,1,4,2,2,0,3,3,4,3,4,2,3,3,3,3,3,1,2,1,3,3,4,1,1,3,3,3,3,2,3,2,4,3,2,4,1,4,1,1,4,0,3,0,0,1,3,3,1,3,4,2,4,4,1,1,4,3,3,4,1,4,1,2,2,3,3,4,1,2,4,2,1,2,3,4,4,1,3,4,2,3,2,4,4,3,3,1,1,0,0,2,1,3,2,2,3,4,2,3,2,2,2,3,0,0,1,4,2,3,3,1,2,3,3,1,3,3,4,3,3,1,4,3,2,3,2,3,0,1,4,2,2,0,3,3,4,3,4,2,3,3,3,3,1,2,1,3,3,4,1,1,3,3,3,3,2,4,3,2,4,1,4,1,4,0,1,3
RBG-18-0029-1_S40,3,4,2,4,4,1,1,4,3,3,4,1,4,1,2,2,3,3,4,1,2,4,2,2,1,2,3,4,4,1,3,4,2,3,2,4,4,3,3,1,1,2,0,0,2,1,3,2,2,3,4,2,2,3,2,2,2,3,0,0,1,4,2,3,3,1,2,3,3,1,3,3,4,3,3,1,4,3,2,3,2,3,0,1,4,2,2,0,3,3,4,3,4,2,3,3,3,3,1,2,1,3,3,4,1,1,3,3,3,2,3,2,4,3,2,4,1,4,1,0,1,3,3,4,2,4,4,1,1,4,3,4,1,4,1,2,2,3,3,4,1,2,4,2,1,2,3,4,4,1,3,4,2,3,2,4,4,3,3,1,1,0,0,2,1,3,2,2,3,4,2,3,2,2,2,3,0,0,1,4,2,3,3,1,2,3,3,1,3,3,4,3,3,1,4,3,2,3,2,3,0,1,4,2,2,0,3,3,4,3,4,2,3,3,3,3,1,2,1,3,3,4,1,1,3,3,3,3,2,4,3,2,4,1,4,1,0,1,3,3,3,4,2,2,4,4,1,1,4,3,3,4,1,4,1,2,2,3,3,4,1,2,4,2,2,1,2,3,4,4,1,3,4,4,2,3,2,4,4,3,3,1,3,1,2,0,0,3,2,1,3,2,2,3,4,2,2,3,2,2,2,3,0,0,1,4,1,2,3,3,1,2,3,3,1,3,3,4,2,3,2,3,1,4,3,2,3,4,2,2,3,0,3,1,4,2,2,0,3,3,4,3,4,2,3,3,3,3,3,1,2,1,3,3,4,1,1,3,3,3,3,2,3,2,4,3,2,4,1,4,1,1,4,0,3,0,0,1,3,3,1,3,4,2,4,4,1,1,4,3,3,4,1,4,1,2,2,3,3,4,1,2,4,2,1,2,3,4,4,1,3,4,2,3,2,4,4,3,3,1,1,0,0,2,1,3,2,2,3,4,2,3,2,2,2,3,0,0,1,4,2,3,3,1,2,3,3,1,3,3,4,3,3,1,4,3,2,3,2,3,0,1,4,2,2,0,3,3,4,3,4,2,3,3,3,3,1,2,1,3,3,4,1,1,3,3,3,3,2,4,3,2,4,1,4,1,4,0,1,3
RBG-18-0041-1_S6,3,1,1,4,1,1,1,2,4,3,0,1,4,1,2,2,3,3,1,1,2,3,1,0,1,1,3,4,4,1,3,0,1,3,2,2,3,3,1,1,1,2,3,1,0,0,0,0,0,0,0,0,0,0,0,0,0,0,2,1,1,0,1,3,1,4,2,2,3,0,0,1,1,3,3,1,1,1,2,3,2,1,1,1,4,2,1,3,3,3,4,3,2,2,3,3,3,3,1,2,1,3,2,2,1,1,3,4,3,0,4,4,3,3,1,4,0,4,4,2,3,3,3,1,1,4,1,1,1,2,4,0,1,4,1,2,2,3,3,1,1,2,3,1,1,1,3,4,4,1,3,0,1,3,2,2,3,3,1,1,1,3,1,0,0,0,0,0,0,0,0,0,0,0,0,0,2,1,1,0,1,3,1,4,2,2,3,0,0,1,1,3,3,1,1,1,2,3,2,1,1,1,4,2,1,3,3,3,4,3,2,2,3,3,3,3,1,2,1,3,2,2,1,1,3,4,3,4,4,3,3,1,4,0,4,4,2,3,3,3,3,1,1,1,4,1,1,1,2,4,3,0,1,4,1,2,2,3,3,1,1,2,3,1,0,1,1,3,4,4,1,3,4,0,1,3,2,2,3,3,1,1,3,1,2,3,1,0,0,0,0,0,0,0,0,0,0,0,0,0,0,0,2,1,1,0,1,1,3,1,4,2,2,3,0,0,1,1,2,3,2,3,1,1,1,2,3,3,2,0,1,1,3,1,4,2,1,3,3,3,4,3,2,2,3,3,3,3,3,1,2,1,3,2,2,1,1,3,4,3,0,0,4,4,3,3,1,4,0,4,4,1,4,1,3,1,2,3,3,3,1,3,1,1,4,1,1,1,2,4,3,0,1,4,1,2,2,3,3,1,1,2,3,1,1,1,3,4,4,1,3,0,1,3,2,2,3,3,1,1,1,3,1,0,0,0,0,0,0,0,0,0,0,0,0,0,2,1,1,0,1,3,1,4,2,2,3,0,0,1,1,3,3,1,1,1,2,3,2,1,1,1,4,2,1,3,3,3,4,3,2,2,3,3,3,3,1,2,1,3,2,2,1,1,3,4,3,4,4,3,3,1,4,0,4,4,4,2,3,3
RBG-18-0054-1_S42,3,1,1,4,1,1,1,2,4,3,4,1,4,1,2,2,3,3,1,1,2,3,1,2,1,1,3,4,4,1,3,3,0,3,2,2,3,3,1,1,1,2,3,1,0,0,0,0,0,0,0,0,0,0,0,0,0,0,2,1,1,4,0,3,1,4,2,2,3,2,0,1,1,3,0,1,1,1,2,3,2,1,1,1,4,2,1,3,3,3,4,3,2,2,3,3,3,3,1,2,1,3,2,2,1,0,3,3,3,0,4,4,4,3,1,4,1,4,4,2,3,3,3,1,1,4,1,1,1,2,4,4,1,4,1,2,2,3,3,1,1,2,3,1,1,1,3,4,4,1,3,3,0,3,2,2,3,3,1,1,1,3,1,0,0,0,0,0,0,0,0,0,0,0,0,0,2,1,1,4,0,3,1,4,2,2,3,2,0,1,1,3,0,1,1,1,2,3,2,1,1,1,4,2,1,3,3,3,4,3,2,2,3,3,3,3,1,2,1,3,2,2,1,0,3,3,3,4,4,4,3,1,4,1,4,4,2,3,3,3,3,1,1,0,4,1,1,1,2,4,3,4,1,4,1,2,2,3,3,1,1,2,3,1,2,1,1,3,4,4,1,3,0,3,0,3,2,2,3,3,1,1,3,1,2,3,1,0,0,0,0,0,0,0,0,0,0,0,0,0,0,0,2,1,1,4,1,0,3,1,4,2,2,3,2,0,1,1,2,3,2,0,1,1,1,2,3,3,2,2,1,1,3,1,4,2,1,3,3,3,4,3,2,2,3,3,3,3,3,1,2,1,3,2,2,1,0,3,3,3,0,0,4,4,4,3,1,4,1,4,4,1,4,1,3,1,2,3,3,3,1,3,1,1,4,1,1,1,2,4,3,4,1,4,1,2,2,3,3,1,1,2,3,1,1,1,3,4,4,1,3,3,0,3,2,2,3,3,1,1,1,3,1,0,0,0,0,0,0,0,0,0,0,0,0,0,2,1,1,4,0,3,1,4,2,2,3,2,0,1,1,3,0,1,1,1,2,3,2,1,1,1,4,2,1,3,3,3,4,3,2,2,3,3,3,3,1,2,1,3,2,2,1,0,3,3,3,4,4,4,3,1,4,1,4,4,4,2,3,3
RBG-18-0055-1_S43,3,1,1,0,1,0,1,2,0,0,0,1,4,1,0,0,0,0,1,1,2,3,1,2,1,1,3,4,4,0,0,3,1,3,2,2,3,3,1,2,1,2,3,1,0,0,0,0,0,0,0,0,0,0,0,0,0,0,2,1,1,4,1,3,1,4,2,2,3,1,1,1,1,3,0,1,1,1,0,0,2,1,1,1,4,2,0,3,3,3,4,3,2,2,3,0,3,3,1,2,0,3,2,2,1,1,3,3,3,2,4,4,4,3,1,4,1,4,4,2,3,3,3,1,1,0,1,0,1,2,0,0,1,4,1,0,0,0,0,1,1,2,3,1,1,1,3,4,4,0,0,3,1,3,2,2,3,3,1,2,1,3,1,0,0,0,0,0,0,0,0,0,0,0,0,0,2,1,1,4,1,3,1,4,2,2,3,1,1,1,1,3,0,1,1,1,0,0,2,1,1,1,4,2,0,3,3,3,4,3,2,2,3,0,3,3,1,2,0,3,2,2,1,1,3,3,3,4,4,4,3,1,4,1,4,4,2,3,3,3,3,1,1,0,0,1,0,1,2,0,0,0,1,4,1,0,0,0,0,1,1,2,3,1,2,1,1,3,4,4,0,0,0,3,1,3,2,2,3,3,1,2,3,1,2,3,1,0,0,0,0,0,0,0,0,0,0,0,0,0,0,0,2,1,1,4,1,1,3,1,4,2,2,3,1,1,1,1,2,3,0,0,1,1,1,0,0,3,2,0,1,1,3,1,4,2,0,3,3,3,4,3,2,2,3,3,0,3,3,1,2,0,3,2,2,1,1,3,3,3,3,2,4,4,4,3,1,4,1,4,4,1,4,1,3,1,2,3,3,3,1,3,1,1,0,1,0,1,2,0,0,0,1,4,1,0,0,0,0,1,1,2,3,1,1,1,3,4,4,0,0,3,1,3,2,2,3,3,1,2,1,3,1,0,0,0,0,0,0,0,0,0,0,0,0,0,2,1,1,4,1,3,1,4,2,2,3,1,1,1,1,3,0,1,1,1,0,0,2,1,1,1,4,2,0,3,3,3,4,3,2,2,3,0,3,3,1,2,0,3,2,2,1,1,3,3,3,4,4,4,3,1,4,1,4,4,4,2,3,3
RBG-18-0071-1_S44,3,1,1,4,1,1,1,2,4,3,0,1,4,1,2,2,3,3,1,1,2,3,1,0,1,1,3,4,4,1,3,0,1,3,2,2,3,3,1,1,1,2,3,1,0,0,0,0,0,0,0,0,0,0,0,0,0,0,2,1,1,0,1,3,1,4,2,2,3,0,0,1,1,3,3,1,1,1,2,3,2,1,1,1,4,2,1,3,3,3,4,3,2,2,3,3,3,3,1,2,1,3,2,2,1,1,3,4,3,0,4,4,3,3,1,4,0,4,4,2,3,3,3,1,1,4,1,1,1,2,4,0,1,4,1,2,2,3,3,1,1,2,3,1,1,1,3,4,4,1,3,0,1,3,2,2,3,3,1,1,1,3,1,0,0,0,0,0,0,0,0,0,0,0,0,0,2,1,1,0,1,3,1,4,2,2,3,0,0,1,1,3,3,1,1,1,2,3,2,1,1,1,4,2,1,3,3,3,4,3,2,2,3,3,3,3,1,2,1,3,2,2,1,1,3,4,3,4,4,3,3,1,4,0,4,4,2,3,3,3,3,1,1,1,4,1,1,1,2,4,3,0,1,4,1,2,2,3,3,1,1,2,3,1,0,1,1,3,4,4,1,3,4,0,1,3,2,2,3,3,1,1,3,1,2,3,1,0,0,0,0,0,0,0,0,0,0,0,0,0,0,0,2,1,1,0,1,1,3,1,4,2,2,3,0,0,1,1,2,3,2,3,1,1,1,2,3,3,2,0,1,1,3,1,4,2,1,3,3,3,4,3,2,2,3,3,3,3,3,1,2,1,3,2,2,1,1,3,4,3,0,0,4,4,3,3,1,4,0,4,4,1,4,1,3,1,2,3,3,3,1,3,1,1,4,1,1,1,2,4,3,0,1,4,1,2,2,3,3,1,1,2,3,1,1,1,3,4,4,1,3,0,1,3,2,2,3,3,1,1,1,3,1,0,0,0,0,0,0,0,0,0,0,0,0,0,2,1,1,0,1,3,1,4,2,2,3,0,0,1,1,3,3,1,1,1,2,3,2,1,1,1,4,2,1,3,3,3,4,3,2,2,3,3,3,3,1,2,1,3,2,2,1,1,3,4,3,4,4,3,3,1,4,0,4,4,4,2,3,3
RBG-18-0072-1_S8,1,1,1,4,1,1,1,2,2,3,3,1,4,1,2,2,3,3,1,1,2,3,1,1,1,1,3,4,4,1,3,3,1,1,1,2,3,2,1,2,3,2,3,1,2,1,3,2,2,3,4,2,2,3,2,2,1,3,2,1,4,1,1,3,1,4,1,1,2,1,1,1,1,3,1,3,1,1,1,3,1,1,1,1,1,2,2,3,1,2,2,2,2,2,3,3,1,2,1,1,1,3,2,2,1,3,3,3,3,0,3,2,4,3,2,0,1,0,1,2,3,3,1,1,1,4,1,1,1,2,2,3,1,4,1,2,2,3,3,1,1,2,3,1,1,1,3,4,4,1,3,3,1,1,1,2,3,2,1,2,3,3,1,2,1,3,2,2,3,4,2,3,2,2,1,3,2,1,4,1,1,3,1,4,1,1,2,1,1,1,1,3,1,3,1,1,1,3,1,1,1,1,1,2,2,3,1,2,2,2,2,2,3,3,1,2,1,1,1,3,2,2,1,3,3,3,3,3,2,4,3,2,0,1,0,1,2,3,3,0,1,1,1,1,4,1,1,1,2,2,3,3,1,4,1,2,2,3,3,1,1,2,3,1,1,1,1,3,4,4,1,3,1,3,1,1,1,2,3,2,1,2,0,3,2,3,1,3,2,1,3,2,2,3,4,2,2,3,2,2,1,3,2,1,4,1,4,1,3,1,4,1,1,2,1,1,1,1,0,3,2,1,3,1,1,1,3,0,1,2,1,1,0,1,1,2,2,3,1,2,2,2,2,2,3,0,3,1,2,1,1,1,3,2,2,1,3,3,3,3,0,0,3,2,4,3,2,0,1,0,1,1,4,1,0,1,2,3,3,0,0,1,1,1,4,1,1,1,2,2,3,3,1,4,1,2,2,3,3,1,1,2,3,1,1,1,3,4,4,1,3,3,1,1,1,2,3,2,1,2,3,3,1,2,1,3,2,2,3,4,2,3,2,2,1,3,2,1,4,1,1,3,1,4,1,1,2,1,1,1,1,3,1,3,1,1,1,3,1,1,1,1,1,2,2,3,1,2,2,2,2,2,3,3,1,2,1,1,1,3,2,2,1,3,3,3,3,3,2,4,3,2,0,1,0,1,4,2,3,3
RBG-18-0076-1_S10,0,1,0,0,0,0,1,2,4,0,0,1,4,0,0,0,0,0,1,0,0,3,1,2,0,1,0,0,0,0,0,3,1,3,2,2,3,3,1,1,1,2,3,1,2,0,3,2,2,3,4,2,0,3,2,2,1,0,2,1,1,4,0,3,1,4,2,2,3,1,1,0,1,3,3,1,1,1,2,3,2,1,1,1,4,2,1,3,3,3,4,3,2,0,0,0,0,3,1,2,0,3,2,2,1,1,3,3,3,2,4,4,4,3,1,4,0,4,4,2,3,3,0,1,0,0,0,0,1,2,4,0,1,4,0,0,0,0,0,1,0,0,3,1,0,1,0,0,0,0,0,3,1,3,2,2,3,3,1,1,1,3,1,2,0,3,2,2,3,4,2,3,2,2,1,0,2,1,1,4,0,3,1,4,2,2,3,1,1,0,1,3,3,1,1,1,2,3,2,1,1,1,4,2,1,3,3,3,4,3,2,0,0,0,0,3,1,2,0,3,2,2,1,1,3,3,3,4,4,4,3,1,4,0,4,4,2,3,3,3,0,1,0,1,0,0,0,1,2,4,0,0,1,4,0,0,0,0,0,1,0,0,3,1,2,0,1,0,0,0,0,0,4,3,1,3,2,2,3,3,1,1,3,1,2,3,1,3,2,0,3,2,2,3,4,2,0,3,2,2,1,0,2,1,1,4,1,0,3,1,4,2,2,3,1,1,0,1,2,3,0,3,1,1,1,2,3,3,2,0,1,1,3,1,4,2,1,3,3,3,4,3,2,0,0,3,0,0,3,1,2,0,3,2,2,1,1,3,3,3,3,2,4,4,4,3,1,4,0,4,4,1,4,1,3,1,2,3,3,3,1,0,1,0,0,0,0,1,2,4,0,0,1,4,0,0,0,0,0,1,0,0,3,1,0,1,0,0,0,0,0,3,1,3,2,2,3,3,1,1,1,3,1,2,0,3,2,2,3,4,2,3,2,2,1,0,2,1,1,4,0,3,1,4,2,2,3,1,1,0,1,3,3,1,1,1,2,3,2,1,1,1,4,2,1,3,3,3,4,3,2,0,0,0,0,3,1,2,0,3,2,2,1,1,3,3,3,4,4,4,3,1,4,0,4,4,4,2,3,3
RBG-18-0077-1_S9,0,1,0,0,1,1,1,2,4,3,0,1,4,1,2,2,3,3,1,0,0,3,0,2,0,1,0,4,0,0,0,3,1,0,2,2,3,3,1,1,1,2,3,1,2,1,3,2,2,3,4,2,2,3,2,2,1,3,2,1,1,4,0,3,1,4,2,1,3,1,1,0,1,3,3,1,1,1,2,3,2,1,1,1,4,2,0,3,3,3,4,3,2,2,3,3,3,3,1,2,1,3,2,2,1,1,3,4,3,2,4,4,3,3,1,4,0,4,4,2,3,3,0,1,0,0,1,1,1,2,4,0,1,4,1,2,2,3,3,1,0,0,3,0,0,1,0,4,0,0,0,3,1,0,2,2,3,3,1,1,1,3,1,2,1,3,2,2,3,4,2,3,2,2,1,3,2,1,1,4,0,3,1,4,2,1,3,1,1,0,1,3,3,1,1,1,2,3,2,1,1,1,4,2,0,3,3,3,4,3,2,2,3,3,3,3,1,2,1,3,2,2,1,1,3,4,3,4,4,3,3,1,4,0,4,4,2,3,3,3,0,1,0,1,0,1,1,1,2,4,3,0,1,4,1,2,2,3,3,1,0,0,3,0,2,0,1,0,4,0,0,0,0,3,1,0,2,2,3,3,1,1,3,1,2,3,1,3,2,1,3,2,2,3,4,2,2,3,2,2,1,3,2,1,1,4,1,0,3,1,4,2,1,3,1,1,0,1,2,3,0,3,1,1,1,2,3,3,2,0,1,1,3,1,4,2,0,3,3,3,4,3,2,2,3,3,3,3,3,1,2,1,3,2,2,1,1,3,4,3,3,2,4,4,3,3,1,4,0,4,4,1,4,1,3,1,2,3,3,3,1,0,1,0,0,1,1,1,2,4,3,0,1,4,1,2,2,3,3,1,0,0,3,0,0,1,0,4,0,0,0,3,1,0,2,2,3,3,1,1,1,3,1,2,1,3,2,2,3,4,2,3,2,2,1,3,2,1,1,4,0,3,1,4,2,1,3,1,1,0,1,3,3,1,1,1,2,3,2,1,1,1,4,2,0,3,3,3,4,3,2,2,3,3,3,3,1,2,1,3,2,2,1,1,3,4,3,4,4,3,3,1,4,0,4,4,4,2,3,3
RBG-18-0083-1_S12,3,1,1,4,1,1,1,2,4,3,0,1,4,1,2,2,3,3,1,1,2,3,1,0,1,1,3,4,4,1,3,0,1,3,2,2,3,3,1,2,1,2,3,1,2,1,3,2,2,3,4,2,2,3,2,2,1,3,2,1,1,0,1,3,1,4,2,2,3,0,0,1,1,3,3,1,1,1,2,3,2,1,1,1,4,2,1,3,3,3,4,3,2,2,3,3,3,3,1,2,1,3,2,2,1,1,3,4,3,0,4,4,3,3,1,4,0,4,4,2,3,3,3,1,1,4,1,1,1,2,4,0,1,4,1,2,2,3,3,1,1,2,3,1,1,1,3,4,4,1,3,0,1,3,2,2,3,3,1,2,1,3,1,2,1,3,2,2,3,4,2,3,2,2,1,3,2,1,1,0,1,3,1,4,2,2,3,0,0,1,1,3,3,1,1,1,2,3,2,1,1,1,4,2,1,3,3,3,4,3,2,2,3,3,3,3,1,2,1,3,2,2,1,1,3,4,3,4,4,3,3,1,4,0,4,4,2,3,3,3,3,1,1,1,4,1,1,1,2,4,3,0,1,4,1,2,2,3,3,1,1,2,3,1,0,1,1,3,4,4,1,3,4,0,1,3,2,2,3,3,1,2,3,1,2,3,1,3,2,1,3,2,2,3,4,2,2,3,2,2,1,3,2,1,1,0,1,1,3,1,4,2,2,3,0,0,1,1,2,3,2,3,1,1,1,2,3,3,2,0,1,1,3,1,4,2,1,3,3,3,4,3,2,2,3,3,3,3,3,1,2,1,3,2,2,1,1,3,4,3,0,0,4,4,3,3,1,4,0,4,4,1,4,1,3,1,2,3,3,3,1,3,1,1,4,1,1,1,2,4,3,0,1,4,1,2,2,3,3,1,1,2,3,1,1,1,3,4,4,1,3,0,1,3,2,2,3,3,1,2,1,3,1,2,1,3,2,2,3,4,2,3,2,2,1,3,2,1,1,0,1,3,1,4,2,2,3,0,0,1,1,3,3,1,1,1,2,3,2,1,1,1,4,2,1,3,3,3,4,3,2,2,3,3,3,3,1,2,1,3,2,2,1,1,3,4,3,4,4,3,3,1,4,0,4,4,4,2,3,3
RBG-18-0085-1_S11,3,1,1,4,1,1,1,2,4,3,4,1,4,1,2,2,3,3,1,1,2,3,1,0,1,1,3,4,4,1,3,0,1,0,2,2,3,3,1,2,1,2,3,1,2,1,0,2,2,3,4,2,2,3,2,2,0,0,2,1,1,0,1,3,1,4,2,2,3,0,0,1,1,3,3,1,1,1,2,3,2,1,1,1,4,2,1,3,3,3,4,3,2,2,3,3,3,3,1,2,1,3,2,2,1,1,3,4,3,0,4,4,4,3,1,4,1,4,4,2,3,3,3,1,1,4,1,1,1,2,4,4,1,4,1,2,2,3,3,1,1,2,3,1,1,1,3,4,4,1,3,0,1,0,2,2,3,3,1,2,1,3,1,2,1,0,2,2,3,4,2,3,2,2,0,0,2,1,1,0,1,3,1,4,2,2,3,0,0,1,1,3,3,1,1,1,2,3,2,1,1,1,4,2,1,3,3,3,4,3,2,2,3,3,3,3,1,2,1,3,2,2,1,1,3,4,3,4,4,4,3,1,4,1,4,4,2,3,3,3,3,1,1,2,4,1,1,1,2,4,3,4,1,4,1,2,2,3,3,1,1,2,3,1,0,1,1,3,4,4,1,3,4,0,1,0,2,2,3,3,1,2,3,1,2,3,1,3,2,1,0,2,2,3,4,2,2,3,2,2,0,0,2,1,1,0,1,1,3,1,4,2,2,3,0,0,1,1,2,3,2,3,1,1,1,2,3,3,2,0,1,1,3,1,4,2,1,3,3,3,4,3,2,2,3,3,3,3,3,1,2,1,3,2,2,1,1,3,4,3,0,0,4,4,4,3,1,4,1,4,4,1,4,1,3,1,2,3,3,3,1,3,1,1,4,1,1,1,2,4,3,4,1,4,1,2,2,3,3,1,1,2,3,1,1,1,3,4,4,1,3,0,1,0,2,2,3,3,1,2,1,3,1,2,1,0,2,2,3,4,2,3,2,2,0,0,2,1,1,0,1,3,1,4,2,2,3,0,0,1,1,3,3,1,1,1,2,3,2,1,1,1,4,2,1,3,3,3,4,3,2,2,3,3,3,3,1,2,1,3,2,2,1,1,3,4,3,4,4,4,3,1,4,1,4,4,4,2,3,3
RBG-18-0099-1_S14,1,1,1,4,1,1,1,2,2,3,3,1,4,1,2,2,3,3,1,1,2,3,1,1,1,1,3,4,4,1,3,3,1,1,1,2,3,2,1,2,3,2,3,1,2,1,3,2,2,3,4,2,2,3,2,2,1,3,2,1,4,1,1,3,1,4,1,1,2,1,1,1,1,3,1,3,1,1,1,3,1,1,1,1,1,2,2,3,1,2,2,2,2,2,3,3,1,2,1,1,1,3,2,2,1,3,3,4,0,2,4,4,3,0,1,4,4,4,4,2,3,3,1,1,1,4,1,1,1,2,2,3,1,4,1,2,2,3,3,1,1,2,3,1,1,1,3,4,4,1,3,3,1,1,1,2,3,2,1,2,3,3,1,2,1,3,2,2,3,4,2,3,2,2,1,3,2,1,4,1,1,3,1,4,1,1,2,1,1,1,1,3,1,3,1,1,1,3,1,1,1,1,1,2,2,3,1,2,2,2,2,2,3,3,1,2,1,1,1,3,2,2,1,3,3,4,0,4,4,3,0,1,4,4,4,4,2,3,3,0,1,1,1,1,4,1,1,1,2,2,3,3,1,4,1,2,2,3,3,1,1,2,3,1,1,1,1,3,4,4,1,3,1,3,1,1,1,2,3,2,1,2,0,3,2,3,1,3,2,1,3,2,2,3,4,2,2,3,2,2,1,3,2,1,4,1,4,1,3,1,4,1,1,2,1,1,1,1,0,3,2,1,3,1,1,1,3,0,1,2,1,1,0,1,1,2,2,3,1,2,2,2,2,2,3,0,3,1,2,1,1,1,3,2,2,1,3,3,4,0,3,2,4,4,3,0,1,4,4,4,4,0,0,1,0,1,2,3,3,0,0,1,1,1,4,1,1,1,2,2,3,3,1,4,1,2,2,3,3,1,1,2,3,1,1,1,3,4,4,1,3,3,1,1,1,2,3,2,1,2,3,3,1,2,1,3,2,2,3,4,2,3,2,2,1,3,2,1,4,1,1,3,1,4,1,1,2,1,1,1,1,3,1,3,1,1,1,3,1,1,1,1,1,2,2,3,1,2,2,2,2,2,3,3,1,2,1,1,1,3,2,2,1,3,3,4,0,4,4,3,0,1,4,4,4,4,0,2,3,3
RBG-18-0108-1_S16,3,4,2,4,1,1,1,2,3,3,4,1,4,1,4,2,3,3,4,1,2,3,1,1,1,1,3,4,4,1,3,3,1,3,2,2,4,3,1,2,0,0,0,0,2,1,3,2,2,3,4,2,2,3,2,2,1,3,0,0,1,4,1,1,3,4,2,3,3,2,3,3,4,3,1,1,4,3,2,3,2,3,1,0,4,2,2,3,3,3,4,3,4,2,3,3,3,2,1,2,1,3,3,4,1,1,0,3,3,2,3,2,4,3,2,0,4,4,1,2,1,0,3,4,2,4,1,1,1,2,3,4,1,4,1,4,2,3,3,4,1,2,3,1,1,1,3,4,4,1,3,3,1,3,2,2,4,3,1,2,0,0,0,2,1,3,2,2,3,4,2,3,2,2,1,3,0,0,1,4,1,1,3,4,2,3,3,2,3,3,4,3,1,1,4,3,2,3,2,3,1,0,4,2,2,3,3,3,4,3,4,2,3,3,3,2,1,2,1,3,3,4,1,1,0,3,3,3,2,4,3,2,0,4,4,1,2,1,0,3,3,4,2,1,4,1,1,1,2,3,3,4,1,4,1,4,2,3,3,4,1,2,3,1,1,1,1,3,4,4,1,3,4,3,1,3,2,2,4,3,1,2,3,0,0,0,0,3,2,1,3,2,2,3,4,2,2,3,2,2,1,3,0,0,1,4,1,1,1,3,4,2,3,3,2,3,3,4,2,3,2,1,1,4,3,2,3,3,2,2,3,1,3,0,4,2,2,3,3,3,4,3,4,2,3,3,3,3,2,1,2,1,3,3,4,1,1,0,3,3,3,2,3,2,4,3,2,0,4,4,1,1,4,0,3,1,2,1,0,3,1,3,4,2,4,1,1,1,2,3,3,4,1,4,1,4,2,3,3,4,1,2,3,1,1,1,3,4,4,1,3,3,1,3,2,2,4,3,1,2,0,0,0,2,1,3,2,2,3,4,2,3,2,2,1,3,0,0,1,4,1,1,3,4,2,3,3,2,3,3,4,3,1,1,4,3,2,3,2,3,1,0,4,2,2,3,3,3,4,3,4,2,3,3,3,2,1,2,1,3,3,4,1,1,0,3,3,3,2,4,3,2,0,4,4,1,4,2,1,0
RBG-18-0113-1_S13_L001,3,2,1,4,1,1,1,2,2,3,3,1,4,1,0,2,3,3,1,1,2,3,1,2,1,2,3,4,4,1,3,3,1,1,1,2,3,2,1,2,1,0,3,1,2,1,3,2,2,3,4,2,2,3,2,2,1,3,2,1,4,4,1,1,1,1,2,1,3,1,1,3,1,3,1,1,1,1,2,3,1,1,1,0,1,2,2,3,1,3,2,3,4,2,3,3,1,2,1,2,1,3,2,2,1,3,3,3,3,0,3,2,4,3,2,0,1,0,1,2,3,3,3,2,1,4,1,1,1,2,2,3,1,4,1,0,2,3,3,1,1,2,3,1,1,2,3,4,4,1,3,3,1,1,1,2,3,2,1,2,1,3,1,2,1,3,2,2,3,4,2,3,2,2,1,3,2,1,4,4,1,1,1,1,2,1,3,1,1,3,1,3,1,1,1,1,2,3,1,1,1,0,1,2,2,3,1,3,2,3,4,2,3,3,1,2,1,2,1,3,2,2,1,3,3,3,3,3,2,4,3,2,0,1,0,1,2,3,3,3,3,2,1,2,4,1,1,1,2,2,3,3,1,4,1,0,2,3,3,1,1,2,3,1,2,1,2,3,4,4,1,3,1,3,1,1,1,2,3,2,1,2,3,1,0,3,1,3,2,1,3,2,2,3,4,2,2,3,2,2,1,3,2,1,4,4,1,1,1,1,1,2,1,3,1,1,3,1,0,3,2,1,1,1,1,2,3,0,1,2,1,1,0,0,1,2,2,3,1,3,2,3,4,2,3,3,3,1,2,1,2,1,3,2,2,1,3,3,3,3,0,0,3,2,4,3,2,0,1,0,1,1,4,1,3,1,2,3,3,3,1,3,2,1,4,1,1,1,2,2,3,3,1,4,1,0,2,3,3,1,1,2,3,1,1,2,3,4,4,1,3,3,1,1,1,2,3,2,1,2,1,3,1,2,1,3,2,2,3,4,2,3,2,2,1,3,2,1,4,4,1,1,1,1,2,1,3,1,1,3,1,3,1,1,1,1,2,3,1,1,1,0,1,2,2,3,1,3,2,3,4,2,3,3,1,2,1,2,1,3,2,2,1,3,3,3,3,3,2,4,3,2,0,1,0,1,4,2,3,3
RBG-18-0129-1_S15_L001,1,1,1,4,1,1,1,2,2,3,3,1,4,1,2,2,3,3,1,1,2,3,1,1,1,1,3,4,4,1,3,3,1,1,1,2,3,2,1,2,3,2,3,1,2,1,3,2,2,3,4,2,2,3,2,2,1,3,2,1,4,1,1,3,1,4,1,1,2,1,1,1,1,3,1,3,1,1,1,3,1,1,1,1,1,0,2,3,1,2,2,2,2,2,3,3,1,2,1,1,1,3,2,2,1,3,3,4,0,2,4,4,3,0,1,4,4,4,4,2,3,3,1,1,1,4,1,1,1,2,2,3,1,4,1,2,2,3,3,1,1,2,3,1,1,1,3,4,4,1,3,3,1,1,1,2,3,2,1,2,3,3,1,2,1,3,2,2,3,4,2,3,2,2,1,3,2,1,4,1,1,3,1,4,1,1,2,1,1,1,1,3,1,3,1,1,1,3,1,1,1,1,1,0,2,3,1,2,2,2,2,2,3,3,1,2,1,1,1,3,2,2,1,3,3,4,0,4,4,3,0,1,4,4,4,4,2,3,3,0,1,1,1,1,4,1,1,1,2,2,3,3,1,4,1,2,2,3,3,1,1,2,3,1,1,1,1,3,4,4,1,3,1,3,1,1,1,2,3,2,1,2,0,3,2,3,1,3,2,1,3,2,2,3,4,2,2,3,2,2,1,3,2,1,4,1,4,1,3,1,4,1,1,2,1,1,1,1,0,3,2,1,3,1,1,1,3,0,1,2,1,1,0,1,1,0,2,3,1,2,2,2,2,2,3,0,3,1,2,1,1,1,3,2,2,1,3,3,4,0,3,2,4,4,3,0,1,4,4,4,4,0,0,1,0,1,2,3,3,0,0,1,1,1,4,1,1,1,2,2,3,3,1,4,1,2,2,3,3,1,1,2,3,1,1,1,3,4,4,1,3,3,1,1,1,2,3,2,1,2,3,3,1,2,1,3,2,2,3,4,2,3,2,2,1,3,2,1,4,1,1,3,1,4,1,1,2,1,1,1,1,3,1,3,1,1,1,3,1,1,1,1,1,0,2,3,1,2,2,2,2,2,3,3,1,2,1,1,1,3,2,2,1,3,3,4,0,4,4,3,0,1,4,4,4,4,0,2,3,3
RBG-18-0140-1_S14_L001,3,1,1,4,1,1,1,2,4,3,4,1,4,1,2,2,3,3,1,1,2,3,1,0,1,1,3,4,4,1,3,0,1,3,2,2,3,3,0,1,1,2,0,1,2,1,3,2,2,3,4,2,0,3,2,2,1,3,2,1,1,4,1,3,1,4,2,2,3,0,0,1,1,3,3,1,1,1,2,3,2,1,1,1,4,2,1,3,3,3,4,3,2,2,3,3,3,3,1,2,1,3,2,2,1,1,3,4,3,2,3,4,4,3,1,4,1,4,4,2,0,0,3,1,1,4,1,1,1,2,4,4,1,4,1,2,2,3,3,1,1,2,3,1,1,1,3,4,4,1,3,0,1,3,2,2,3,3,0,1,1,0,1,2,1,3,2,2,3,4,2,3,2,2,1,3,2,1,1,4,1,3,1,4,2,2,3,0,0,1,1,3,3,1,1,1,2,3,2,1,1,1,4,2,1,3,3,3,4,3,2,2,3,3,3,3,1,2,1,3,2,2,1,1,3,4,3,3,4,4,3,1,4,1,4,4,2,0,0,3,3,1,1,1,4,1,1,1,2,4,3,4,1,4,1,2,2,3,3,1,1,2,3,1,0,1,1,3,4,4,1,3,4,0,1,3,2,2,3,3,0,1,3,1,2,0,1,3,2,1,3,2,2,3,4,2,0,3,2,2,1,3,2,1,1,4,1,1,3,1,4,2,2,3,0,0,1,1,2,3,2,3,1,1,1,2,3,3,2,0,1,1,3,1,4,2,1,3,3,3,4,3,2,2,3,3,3,3,3,1,2,1,3,2,2,1,1,3,4,3,3,2,3,4,4,3,1,4,1,4,4,0,4,1,3,1,2,0,0,0,1,3,1,1,4,1,1,1,2,4,3,4,1,4,1,2,2,3,3,1,1,2,3,1,1,1,3,4,4,1,3,0,1,3,2,2,3,3,0,1,1,0,1,2,1,3,2,2,3,4,2,3,2,2,1,3,2,1,1,4,1,3,1,4,2,2,3,0,0,1,1,3,3,1,1,1,2,3,2,1,1,1,4,2,1,3,3,3,4,3,2,2,3,3,3,3,1,2,1,3,2,2,1,1,3,4,3,3,4,4,3,1,4,1,4,4,4,2,0,0
RBG-18-0144-1_S38,3,1,1,4,4,1,1,2,4,0,4,1,4,1,2,2,3,3,1,1,2,3,2,2,1,1,3,4,4,1,3,3,1,3,2,2,3,3,3,2,1,2,3,1,2,1,3,2,2,3,4,2,2,3,2,2,1,3,2,1,0,4,1,1,3,4,2,3,2,2,3,1,1,3,3,1,1,1,2,3,2,3,1,1,4,2,2,3,3,2,4,3,2,2,3,3,3,2,1,2,1,3,3,2,0,1,0,3,3,2,3,4,4,3,1,4,1,4,2,0,3,3,3,1,1,4,4,1,1,2,4,4,1,4,1,2,2,3,3,1,1,2,3,2,1,1,3,4,4,1,3,3,1,3,2,2,3,3,3,2,1,3,1,2,1,3,2,2,3,4,2,3,2,2,1,3,2,1,0,4,1,1,3,4,2,3,2,2,3,1,1,3,3,1,1,1,2,3,2,3,1,1,4,2,2,3,3,2,4,3,2,2,3,3,3,2,1,2,1,3,3,2,0,1,0,3,3,3,4,4,3,1,4,1,4,2,0,3,3,3,3,1,1,2,4,4,1,1,2,4,0,4,1,4,1,2,2,3,3,1,1,2,3,2,2,1,1,3,4,4,1,3,4,3,1,3,2,2,3,3,3,2,3,1,2,3,1,3,2,1,3,2,2,3,4,2,2,3,2,2,1,3,2,1,0,4,1,1,1,3,4,2,3,2,2,3,1,1,2,3,2,3,1,1,1,2,3,3,2,2,3,1,3,1,4,2,2,3,3,2,4,3,2,2,3,3,3,3,2,1,2,1,3,3,2,0,1,0,3,3,3,2,3,4,4,3,1,4,1,4,2,1,4,1,3,0,0,3,3,3,1,3,1,1,4,4,1,1,2,4,0,4,1,4,1,2,2,3,3,1,1,2,3,2,1,1,3,4,4,1,3,3,1,3,2,2,3,3,3,2,1,3,1,2,1,3,2,2,3,4,2,3,2,2,1,3,2,1,0,4,1,1,3,4,2,3,2,2,3,1,1,3,3,1,1,1,2,3,2,3,1,1,4,2,2,3,3,2,4,3,2,2,3,3,3,2,1,2,1,3,3,2,0,1,0,3,3,3,4,4,3,1,4,1,4,2,4,0,3,3
RBG-18-0153-1_S14,1,1,1,4,1,1,1,2,2,3,3,1,4,1,2,2,3,3,1,1,2,3,1,1,1,1,3,4,4,1,3,3,1,1,0,2,3,2,1,2,3,2,3,1,2,1,3,2,2,3,4,2,2,3,2,2,1,3,2,1,4,1,1,3,1,4,1,1,2,1,1,1,1,3,1,3,1,1,1,3,1,1,1,1,1,2,2,3,1,2,2,2,2,2,3,3,1,2,1,1,1,0,2,2,1,3,3,4,0,2,4,4,3,0,1,4,4,4,4,2,3,3,1,1,1,4,1,1,1,2,2,3,1,4,1,2,2,3,3,1,1,2,3,1,1,1,3,4,4,1,3,3,1,1,0,2,3,2,1,2,3,3,1,2,1,3,2,2,3,4,2,3,2,2,1,3,2,1,4,1,1,3,1,4,1,1,2,1,1,1,1,3,1,3,1,1,1,3,1,1,1,1,1,2,2,3,1,2,2,2,2,2,3,3,1,2,1,1,1,0,2,2,1,3,3,4,0,4,4,3,0,1,4,4,4,4,2,3,3,0,1,1,1,1,4,1,1,1,2,2,3,3,1,4,1,2,2,3,3,1,1,2,3,1,1,1,1,3,4,4,1,3,1,3,1,1,0,2,3,2,1,2,0,3,2,3,1,3,2,1,3,2,2,3,4,2,2,3,2,2,1,3,2,1,4,1,4,1,3,1,4,1,1,2,1,1,1,1,0,3,2,1,3,1,1,1,3,0,1,2,1,1,0,1,1,2,2,3,1,2,2,2,2,2,3,0,3,1,2,1,1,1,0,2,2,1,3,3,4,0,3,2,4,4,3,0,1,4,4,4,4,0,0,1,0,1,2,3,3,0,0,1,1,1,4,1,1,1,2,2,3,3,1,4,1,2,2,3,3,1,1,2,3,1,1,1,3,4,4,1,3,3,1,1,0,2,3,2,1,2,3,3,1,2,1,3,2,2,3,4,2,3,2,2,1,3,2,1,4,1,1,3,1,4,1,1,2,1,1,1,1,3,1,3,1,1,1,3,1,1,1,1,1,2,2,3,1,2,2,2,2,2,3,3,1,2,1,1,1,0,2,2,1,3,3,4,0,4,4,3,0,1,4,4,4,4,0,2,3,3
RBG-18-0166-1_S10_L001,3,4,2,4,1,1,1,2,3,3,4,1,4,1,4,2,3,3,4,1,2,3,1,1,1,1,3,4,4,1,3,3,1,3,2,2,4,3,1,2,0,0,0,0,2,1,3,2,2,3,4,2,2,3,2,2,1,3,0,0,1,4,1,1,3,4,2,3,3,2,3,3,4,3,1,1,4,3,2,3,2,3,1,0,4,2,2,3,3,3,4,3,4,2,3,3,3,2,1,2,1,3,3,4,1,1,0,3,3,2,3,2,4,3,2,0,4,4,1,2,1,0,3,4,2,4,1,1,1,2,3,4,1,4,1,4,2,3,3,4,1,2,3,1,1,1,3,4,4,1,3,3,1,3,2,2,4,3,1,2,0,0,0,2,1,3,2,2,3,4,2,3,2,2,1,3,0,0,1,4,1,1,3,4,2,3,3,2,3,3,4,3,1,1,4,3,2,3,2,3,1,0,4,2,2,3,3,3,4,3,4,2,3,3,3,2,1,2,1,3,3,4,1,1,0,3,3,3,2,4,3,2,0,4,4,1,2,1,0,3,3,4,2,1,4,1,1,1,2,3,3,4,1,4,1,4,2,3,3,4,1,2,3,1,1,1,1,3,4,4,1,3,4,3,1,3,2,2,4,3,1,2,3,0,0,0,0,3,2,1,3,2,2,3,4,2,2,3,2,2,1,3,0,0,1,4,1,1,1,3,4,2,3,3,2,3,3,4,2,3,2,1,1,4,3,2,3,3,2,2,3,1,3,0,4,2,2,3,3,3,4,3,4,2,3,3,3,3,2,1,2,1,3,3,4,1,1,0,3,3,3,2,3,2,4,3,2,0,4,4,1,1,4,0,3,1,2,1,0,3,1,3,4,2,4,1,1,1,2,3,3,4,1,4,1,4,2,3,3,4,1,2,3,1,1,1,3,4,4,1,3,3,1,3,2,2,4,3,1,2,0,0,0,2,1,3,2,2,3,4,2,3,2,2,1,3,0,0,1,4,1,1,3,4,2,3,3,2,3,3,4,3,1,1,4,3,2,3,2,3,1,0,4,2,2,3,3,3,4,3,4,2,3,3,3,2,1,2,1,3,3,4,1,1,0,3,3,3,2,4,3,2,0,4,4,1,4,2,1,0
RBG-18-0170-1_S41,3,4,2,4,1,1,1,2,3,3,3,1,4,1,4,2,3,3,1,1,2,3,2,2,1,2,3,4,4,1,3,4,1,1,2,2,3,3,3,1,1,0,0,1,2,1,3,2,2,3,4,2,2,3,2,2,1,3,0,0,1,4,1,1,3,1,2,3,3,2,3,3,1,3,1,1,4,1,2,3,2,1,0,0,4,2,2,3,3,3,4,3,4,2,3,3,3,3,1,2,1,3,2,4,1,1,0,3,3,0,3,4,4,3,2,0,1,0,1,2,1,3,3,4,2,4,1,1,1,2,3,3,1,4,1,4,2,3,3,1,1,2,3,2,1,2,3,4,4,1,3,4,1,1,2,2,3,3,3,1,1,0,1,2,1,3,2,2,3,4,2,3,2,2,1,3,0,0,1,4,1,1,3,1,2,3,3,2,3,3,1,3,1,1,4,1,2,3,2,1,0,0,4,2,2,3,3,3,4,3,4,2,3,3,3,3,1,2,1,3,2,4,1,1,0,3,3,3,4,4,3,2,0,1,0,1,2,1,3,3,3,4,2,1,4,1,1,1,2,3,3,3,1,4,1,4,2,3,3,1,1,2,3,2,2,1,2,3,4,4,1,3,4,4,1,1,2,2,3,3,3,1,3,1,0,0,1,3,2,1,3,2,2,3,4,2,2,3,2,2,1,3,0,0,1,4,1,1,1,3,1,2,3,3,2,3,3,1,2,3,3,1,1,4,1,2,3,4,2,2,1,0,3,0,4,2,2,3,3,3,4,3,4,2,3,3,3,3,3,1,2,1,3,2,4,1,1,0,3,3,0,0,3,4,4,3,2,0,1,0,1,1,4,1,3,0,2,1,3,3,1,3,4,2,4,1,1,1,2,3,3,3,1,4,1,4,2,3,3,1,1,2,3,2,1,2,3,4,4,1,3,4,1,1,2,2,3,3,3,1,1,0,1,2,1,3,2,2,3,4,2,3,2,2,1,3,0,0,1,4,1,1,3,1,2,3,3,2,3,3,1,3,1,1,4,1,2,3,2,1,0,0,4,2,2,3,3,3,4,3,4,2,3,3,3,3,1,2,1,3,2,4,1,1,0,3,3,3,4,4,3,2,0,1,0,1,4,2,1,3
RBG-18-0177-1_S17_L001,1,1,1,4,1,1,1,2,2,3,3,1,4,1,2,2,3,3,1,1,2,3,1,1,1,1,3,4,4,1,3,3,1,1,1,2,3,2,1,2,3,2,3,1,2,1,3,2,2,3,4,2,2,3,2,2,1,3,2,1,4,1,1,3,1,4,1,1,2,1,1,1,1,3,1,3,1,1,1,3,1,1,1,1,1,0,2,3,1,2,2,2,2,2,3,3,1,2,1,1,1,3,2,2,1,3,3,4,0,2,4,4,3,0,1,4,4,4,4,2,3,3,1,1,1,4,1,1,1,2,2,3,1,4,1,2,2,3,3,1,1,2,3,1,1,1,3,4,4,1,3,3,1,1,1,2,3,2,1,2,3,3,1,2,1,3,2,2,3,4,2,3,2,2,1,3,2,1,4,1,1,3,1,4,1,1,2,1,1,1,1,3,1,3,1,1,1,3,1,1,1,1,1,0,2,3,1,2,2,2,2,2,3,3,1,2,1,1,1,3,2,2,1,3,3,4,0,4,4,3,0,1,4,4,4,4,2,3,3,0,1,1,1,1,4,1,1,1,2,2,3,3,1,4,1,2,2,3,3,1,1,2,3,1,1,1,1,3,4,4,1,3,1,3,1,1,1,2,3,2,1,2,0,3,2,3,1,3,2,1,3,2,2,3,4,2,2,3,2,2,1,3,2,1,4,1,4,1,3,1,4,1,1,2,1,1,1,1,0,3,2,1,3,1,1,1,3,0,1,2,1,1,0,1,1,0,2,3,1,2,2,2,2,2,3,0,3,1,2,1,1,1,3,2,2,1,3,3,4,0,3,2,4,4,3,0,1,4,4,4,4,0,0,1,0,1,2,3,3,0,0,1,1,1,4,1,1,1,2,2,3,3,1,4,1,2,2,3,3,1,1,2,3,1,1,1,3,4,4,1,3,3,1,1,1,2,3,2,1,2,3,3,1,2,1,3,2,2,3,4,2,3,2,2,1,3,2,1,4,1,1,3,1,4,1,1,2,1,1,1,1,3,1,3,1,1,1,3,1,1,1,1,1,0,2,3,1,2,2,2,2,2,3,3,1,2,1,1,1,3,2,2,1,3,3,4,0,4,4,3,0,1,4,4,4,4,0,2,3,3
RBG-18-0185-1_S40,3,4,2,4,4,1,1,4,3,3,4,1,4,1,2,2,3,3,4,1,2,4,2,2,1,2,3,4,4,1,3,4,2,3,2,4,4,3,3,1,1,2,0,0,2,1,3,2,2,3,4,2,2,3,2,2,2,3,0,0,1,4,2,3,3,1,2,3,3,1,3,3,4,3,3,1,4,3,2,3,2,3,0,1,4,2,2,0,3,3,4,3,4,2,3,3,3,3,1,2,1,3,3,4,1,1,3,3,3,2,3,2,4,3,2,4,1,4,4,2,3,3,3,4,2,4,4,1,1,4,3,4,1,4,1,2,2,3,3,4,1,2,4,2,1,2,3,4,4,1,3,4,2,3,2,4,4,3,3,1,1,0,0,2,1,3,2,2,3,4,2,3,2,2,2,3,0,0,1,4,2,3,3,1,2,3,3,1,3,3,4,3,3,1,4,3,2,3,2,3,0,1,4,2,2,0,3,3,4,3,4,2,3,3,3,3,1,2,1,3,3,4,1,1,3,3,3,3,2,4,3,2,4,1,4,4,2,3,3,3,3,4,2,2,4,4,1,1,4,3,3,4,1,4,1,2,2,3,3,4,1,2,4,2,2,1,2,3,4,4,1,3,4,4,2,3,2,4,4,3,3,1,3,1,2,0,0,3,2,1,3,2,2,3,4,2,2,3,2,2,2,3,0,0,1,4,1,2,3,3,1,2,3,3,1,3,3,4,2,3,2,3,1,4,3,2,3,4,2,2,3,0,3,1,4,2,2,0,3,3,4,3,4,2,3,3,3,3,3,1,2,1,3,3,4,1,1,3,3,3,3,2,3,2,4,3,2,4,1,4,4,1,4,1,3,1,2,3,3,3,1,3,4,2,4,4,1,1,4,3,3,4,1,4,1,2,2,3,3,4,1,2,4,2,1,2,3,4,4,1,3,4,2,3,2,4,4,3,3,1,1,0,0,2,1,3,2,2,3,4,2,3,2,2,2,3,0,0,1,4,2,3,3,1,2,3,3,1,3,3,4,3,3,1,4,3,2,3,2,3,0,1,4,2,2,0,3,3,4,3,4,2,3,3,3,3,1,2,1,3,3,4,1,1,3,3,3,3,2,4,3,2,4,1,4,4,4,2,3,3
RBG-18-0191-1_S11_L001,3,4,2,4,4,1,1,4,3,3,4,1,4,1,2,2,3,3,4,1,2,4,2,2,1,2,3,4,4,1,3,4,2,3,2,4,4,3,3,1,1,2,0,0,2,1,3,2,2,3,4,2,2,3,2,2,2,3,0,0,1,4,2,3,3,1,2,3,3,1,3,3,4,3,3,1,4,3,2,3,2,3,0,1,4,2,2,0,3,3,4,3,4,2,3,3,3,3,1,2,1,3,3,4,1,1,3,3,3,2,3,2,4,3,2,4,1,4,1,0,1,3,3,4,2,4,4,1,1,4,3,4,1,4,1,2,2,3,3,4,1,2,4,2,1,2,3,4,4,1,3,4,2,3,2,4,4,3,3,1,1,0,0,2,1,3,2,2,3,4,2,3,2,2,2,3,0,0,1,4,2,3,3,1,2,3,3,1,3,3,4,3,3,1,4,3,2,3,2,3,0,1,4,2,2,0,3,3,4,3,4,2,3,3,3,3,1,2,1,3,3,4,1,1,3,3,3,3,2,4,3,2,4,1,4,1,0,1,3,3,3,4,2,2,4,4,1,1,4,3,3,4,1,4,1,2,2,3,3,4,1,2,4,2,2,1,2,3,4,4,1,3,4,4,2,3,2,4,4,3,3,1,3,1,2,0,0,3,2,1,3,2,2,3,4,2,2,3,2,2,2,3,0,0,1,4,1,2,3,3,1,2,3,3,1,3,3,4,2,3,2,3,1,4,3,2,3,4,2,2,3,0,3,1,4,2,2,0,3,3,4,3,4,2,3,3,3,3,3,1,2,1,3,3,4,1,1,3,3,3,3,2,3,2,4,3,2,4,1,4,1,1,4,0,3,0,0,1,3,3,1,3,4,2,4,4,1,1,4,3,3,4,1,4,1,2,2,3,3,4,1,2,4,2,1,2,3,4,4,1,3,4,2,3,2,4,4,3,3,1,1,0,0,2,1,3,2,2,3,4,2,3,2,2,2,3,0,0,1,4,2,3,3,1,2,3,3,1,3,3,4,3,3,1,4,3,2,3,2,3,0,1,4,2,2,0,3,3,4,3,4,2,3,3,3,3,1,2,1,3,3,4,1,1,3,3,3,3,2,4,3,2,4,1,4,1,4,0,1,3
RBG-18-0193-1_S8,3,1,1,4,1,1,1,2,4,3,4,1,4,1,2,2,3,3,1,1,2,3,1,2,1,1,3,4,4,1,3,3,0,3,2,2,3,3,1,1,1,2,3,1,0,0,0,0,0,0,0,0,0,0,0,0,0,0,2,1,1,4,0,3,1,4,2,2,3,2,0,1,1,3,0,1,1,1,2,3,2,1,1,1,4,2,1,3,3,3,4,3,2,2,3,3,3,3,1,2,1,3,2,2,1,0,3,3,3,0,4,4,0,3,1,4,4,4,4,2,3,3,3,1,1,4,1,1,1,2,4,4,1,4,1,2,2,3,3,1,1,2,3,1,1,1,3,4,4,1,3,3,0,3,2,2,3,3,1,1,1,3,1,0,0,0,0,0,0,0,0,0,0,0,0,0,2,1,1,4,0,3,1,4,2,2,3,2,0,1,1,3,0,1,1,1,2,3,2,1,1,1,4,2,1,3,3,3,4,3,2,2,3,3,3,3,1,2,1,3,2,2,1,0,3,3,3,4,4,0,3,1,4,4,4,4,2,3,3,3,3,1,1,0,4,1,1,1,2,4,3,4,1,4,1,2,2,3,3,1,1,2,3,1,2,1,1,3,4,4,1,3,0,3,0,3,2,2,3,3,1,1,3,1,2,3,1,0,0,0,0,0,0,0,0,0,0,0,0,0,0,0,2,1,1,4,1,0,3,1,4,2,2,3,2,0,1,1,2,3,2,0,1,1,1,2,3,3,2,2,1,1,3,1,4,2,1,3,3,3,4,3,2,2,3,3,3,3,3,1,2,1,3,2,2,1,0,3,3,3,0,0,4,4,0,3,1,4,4,4,4,1,4,1,3,1,2,3,3,3,1,3,1,1,4,1,1,1,2,4,3,4,1,4,1,2,2,3,3,1,1,2,3,1,1,1,3,4,4,1,3,3,0,3,2,2,3,3,1,1,1,3,1,0,0,0,0,0,0,0,0,0,0,0,0,0,2,1,1,4,0,3,1,4,2,2,3,2,0,1,1,3,0,1,1,1,2,3,2,1,1,1,4,2,1,3,3,3,4,3,2,2,3,3,3,3,1,2,1,3,2,2,1,0,3,3,3,4,4,0,3,1,4,4,4,4,4,2,3,3
RBG-18-0194-1_S45,3,1,1,4,1,1,1,2,4,3,0,1,4,1,2,2,3,3,1,1,2,3,1,0,1,1,3,4,4,1,3,0,1,3,2,2,3,3,0,1,1,2,3,1,2,1,3,2,2,3,4,2,2,3,2,2,1,3,2,1,1,0,1,3,1,4,2,2,3,0,0,1,1,3,3,1,1,1,2,3,2,1,1,1,4,2,1,3,3,3,4,3,2,2,3,3,3,3,1,2,1,3,2,2,1,1,3,4,3,0,4,4,4,3,1,4,1,4,4,2,3,3,3,1,1,4,1,1,1,2,4,0,1,4,1,2,2,3,3,1,1,2,3,1,1,1,3,4,4,1,3,0,1,3,2,2,3,3,0,1,1,3,1,2,1,3,2,2,3,4,2,3,2,2,1,3,2,1,1,0,1,3,1,4,2,2,3,0,0,1,1,3,3,1,1,1,2,3,2,1,1,1,4,2,1,3,3,3,4,3,2,2,3,3,3,3,1,2,1,3,2,2,1,1,3,4,3,4,4,4,3,1,4,1,4,4,2,3,3,3,3,1,1,1,4,1,1,1,2,4,3,0,1,4,1,2,2,3,3,1,1,2,3,1,0,1,1,3,4,4,1,3,4,0,1,3,2,2,3,3,0,1,3,1,2,3,1,3,2,1,3,2,2,3,4,2,2,3,2,2,1,3,2,1,1,0,1,1,3,1,4,2,2,3,0,0,1,1,2,3,2,3,1,1,1,2,3,3,2,0,1,1,3,1,4,2,1,3,3,3,4,3,2,2,3,3,3,3,3,1,2,1,3,2,2,1,1,3,4,3,0,0,4,4,4,3,1,4,1,4,4,1,4,1,3,1,2,3,3,3,1,3,1,1,4,1,1,1,2,4,3,0,1,4,1,2,2,3,3,1,1,2,3,1,1,1,3,4,4,1,3,0,1,3,2,2,3,3,0,1,1,3,1,2,1,3,2,2,3,4,2,3,2,2,1,3,2,1,1,0,1,3,1,4,2,2,3,0,0,1,1,3,3,1,1,1,2,3,2,1,1,1,4,2,1,3,3,3,4,3,2,2,3,3,3,3,1,2,1,3,2,2,1,1,3,4,3,4,4,4,3,1,4,1,4,4,4,2,3,3
RBG-18-0200-1_S18_L001,1,1,1,4,1,1,1,2,2,3,3,1,4,1,2,2,3,3,1,1,2,3,1,1,1,1,3,4,4,1,3,3,1,1,1,2,3,2,1,2,3,2,3,1,2,1,3,2,2,3,4,2,2,3,2,2,1,3,2,1,4,1,1,3,1,4,1,1,2,1,1,1,1,3,1,3,1,1,1,3,1,1,1,1,1,2,2,3,1,2,2,2,2,2,3,3,1,2,1,1,1,3,2,2,1,3,3,4,0,2,4,4,3,0,1,4,4,4,4,2,3,3,1,1,1,4,1,1,1,2,2,3,1,4,1,2,2,3,3,1,1,2,3,1,1,1,3,4,4,1,3,3,1,1,1,2,3,2,1,2,3,3,1,2,1,3,2,2,3,4,2,3,2,2,1,3,2,1,4,1,1,3,1,4,1,1,2,1,1,1,1,3,1,3,1,1,1,3,1,1,1,1,1,2,2,3,1,2,2,2,2,2,3,3,1,2,1,1,1,3,2,2,1,3,3,4,0,4,4,3,0,1,4,4,4,4,2,3,3,0,1,1,1,1,4,1,1,1,2,2,3,3,1,4,1,2,2,3,3,1,1,2,3,1,1,1,1,3,4,4,1,3,1,3,1,1,1,2,3,2,1,2,0,3,2,3,1,3,2,1,3,2,2,3,4,2,2,3,2,2,1,3,2,1,4,1,4,1,3,1,4,1,1,2,1,1,1,1,0,3,2,1,3,1,1,1,3,0,1,2,1,1,0,1,1,2,2,3,1,2,2,2,2,2,3,0,3,1,2,1,1,1,3,2,2,1,3,3,4,0,3,2,4,4,3,0,1,4,4,4,4,0,0,1,0,1,2,3,3,0,0,1,1,1,4,1,1,1,2,2,3,3,1,4,1,2,2,3,3,1,1,2,3,1,1,1,3,4,4,1,3,3,1,1,1,2,3,2,1,2,3,3,1,2,1,3,2,2,3,4,2,3,2,2,1,3,2,1,4,1,1,3,1,4,1,1,2,1,1,1,1,3,1,3,1,1,1,3,1,1,1,1,1,2,2,3,1,2,2,2,2,2,3,3,1,2,1,1,1,3,2,2,1,3,3,4,0,4,4,3,0,1,4,4,4,4,0,2,3,3
RBG-18-0202-1_S13_L001,3,1,1,4,1,1,1,0,4,3,4,1,4,1,4,2,3,3,1,1,2,3,1,2,1,1,3,4,4,1,3,3,2,3,2,2,4,2,3,1,1,0,3,1,2,1,3,2,2,3,4,2,2,3,2,2,1,3,2,1,1,4,1,3,0,4,2,2,3,1,1,3,1,3,3,1,1,1,0,3,2,1,1,1,4,2,2,3,3,2,4,3,2,2,3,3,3,3,0,2,1,3,3,0,0,1,3,3,3,0,3,4,4,3,2,4,1,0,1,0,3,3,3,1,1,4,1,1,1,0,4,4,1,4,1,4,2,3,3,1,1,2,3,1,1,1,3,4,4,1,3,3,2,3,2,2,4,2,3,1,1,3,1,2,1,3,2,2,3,4,2,3,2,2,1,3,2,1,1,4,1,3,0,4,2,2,3,1,1,3,1,3,3,1,1,1,0,3,2,1,1,1,4,2,2,3,3,2,4,3,2,2,3,3,3,3,0,2,1,3,3,0,0,1,3,3,3,3,4,4,3,2,4,1,0,1,0,3,3,3,3,1,1,2,4,1,1,1,0,4,3,4,1,4,1,4,2,3,3,1,1,2,3,1,2,1,1,3,4,4,1,3,4,3,2,3,2,2,4,2,3,1,3,1,0,3,1,3,2,1,3,2,2,3,4,2,2,3,2,2,1,3,2,1,1,4,1,1,3,0,4,2,2,3,1,1,3,1,2,3,2,3,1,1,1,0,3,3,2,2,1,1,0,1,4,2,2,3,3,2,4,3,2,2,3,3,3,3,3,0,2,1,3,3,0,0,1,3,3,3,0,0,3,4,4,3,2,4,1,0,1,1,4,1,3,0,0,3,3,3,1,3,1,1,4,1,1,1,0,4,3,4,1,4,1,4,2,3,3,1,1,2,3,1,1,1,3,4,4,1,3,3,2,3,2,2,4,2,3,1,1,3,1,2,1,3,2,2,3,4,2,3,2,2,1,3,2,1,1,4,1,3,0,4,2,2,3,1,1,3,1,3,3,1,1,1,0,3,2,1,1,1,4,2,2,3,3,2,4,3,2,2,3,3,3,3,0,2,1,3,3,0,0,1,3,3,3,3,4,4,3,2,4,1,0,1,4,0,3,3
RBG-18-0204-1_S23_L001,3,1,1,4,4,1,3,2,4,3,4,3,4,1,2,2,3,3,1,1,2,3,2,2,1,1,3,4,4,1,3,3,2,3,2,2,4,3,1,1,1,2,3,1,2,1,4,2,2,3,4,2,2,3,2,2,1,3,2,1,0,4,1,1,3,4,2,3,3,2,1,1,1,3,3,1,1,1,2,3,2,1,1,1,1,2,2,3,3,3,4,3,2,2,3,3,3,3,2,2,1,3,2,2,1,1,3,3,3,2,3,4,4,3,1,4,0,4,4,0,3,0,3,1,1,4,4,1,3,2,4,4,3,4,1,2,2,3,3,1,1,2,3,2,1,1,3,4,4,1,3,3,2,3,2,2,4,3,1,1,1,3,1,2,1,4,2,2,3,4,2,3,2,2,1,3,2,1,0,4,1,1,3,4,2,3,3,2,1,1,1,3,3,1,1,1,2,3,2,1,1,1,1,2,2,3,3,3,4,3,2,2,3,3,3,3,2,2,1,3,2,2,1,1,3,3,3,3,4,4,3,1,4,0,4,4,0,3,0,2,3,1,1,2,4,4,1,3,2,4,3,4,3,4,1,2,2,3,3,1,1,2,3,2,2,1,1,3,4,4,1,3,4,3,2,3,2,2,4,3,1,1,3,1,2,3,1,3,2,1,4,2,2,3,4,2,2,3,2,2,1,3,2,1,0,4,1,1,1,3,4,2,3,3,2,1,1,1,2,3,2,3,1,1,1,2,3,4,2,2,1,1,3,1,1,2,2,3,3,3,4,3,2,2,3,3,3,3,3,2,2,1,3,2,2,1,1,3,3,3,3,2,3,4,4,3,1,4,0,4,4,1,4,0,3,1,0,3,0,3,1,3,1,1,4,4,1,3,2,4,3,4,3,4,1,2,2,3,3,1,1,2,3,2,1,1,3,4,4,1,3,3,2,3,2,2,4,3,1,1,1,3,1,2,1,4,2,2,3,4,2,3,2,2,1,3,2,1,0,4,1,1,3,4,2,3,3,2,1,1,1,3,3,1,1,1,2,3,2,1,1,1,1,2,2,3,3,3,4,3,2,2,3,3,3,3,2,2,1,3,2,2,1,1,3,3,3,3,4,4,3,1,4,0,4,4,4,0,3,0
RBG-18-0206-2_S46,3,1,1,4,4,1,3,2,4,3,4,3,4,1,2,2,3,3,1,1,2,3,2,2,1,1,3,4,4,1,3,3,2,3,2,2,4,3,1,1,1,2,3,1,2,1,4,2,2,3,4,2,2,3,2,2,1,3,2,1,0,4,1,1,3,4,2,3,3,2,1,1,1,3,3,1,1,1,2,3,2,1,1,1,1,2,2,3,3,3,4,3,2,2,3,3,3,3,2,2,1,3,2,2,1,1,3,3,3,2,4,4,4,3,1,4,0,0,4,0,3,0,3,1,1,4,4,1,3,2,4,4,3,4,1,2,2,3,3,1,1,2,3,2,1,1,3,4,4,1,3,3,2,3,2,2,4,3,1,1,1,3,1,2,1,4,2,2,3,4,2,3,2,2,1,3,2,1,0,4,1,1,3,4,2,3,3,2,1,1,1,3,3,1,1,1,2,3,2,1,1,1,1,2,2,3,3,3,4,3,2,2,3,3,3,3,2,2,1,3,2,2,1,1,3,3,3,4,4,4,3,1,4,0,0,4,0,3,0,2,3,1,1,2,4,4,1,3,2,4,3,4,3,4,1,2,2,3,3,1,1,2,3,2,2,1,1,3,4,4,1,3,4,3,2,3,2,2,4,3,1,1,3,1,2,3,1,3,2,1,4,2,2,3,4,2,2,3,2,2,1,3,2,1,0,4,1,1,1,3,4,2,3,3,2,1,1,1,2,3,2,3,1,1,1,2,3,4,2,2,1,1,3,1,1,2,2,3,3,3,4,3,2,2,3,3,3,3,3,2,2,1,3,2,2,1,1,3,3,3,3,2,4,4,4,3,1,4,0,0,4,1,4,0,3,1,0,3,0,3,1,3,1,1,4,4,1,3,2,4,3,4,3,4,1,2,2,3,3,1,1,2,3,2,1,1,3,4,4,1,3,3,2,3,2,2,4,3,1,1,1,3,1,2,1,4,2,2,3,4,2,3,2,2,1,3,2,1,0,4,1,1,3,4,2,3,3,2,1,1,1,3,3,1,1,1,2,3,2,1,1,1,1,2,2,3,3,3,4,3,2,2,3,3,3,3,2,2,1,3,2,2,1,1,3,3,3,4,4,4,3,1,4,0,0,4,4,0,3,0
RBG-18-0209-2_S46,3,4,2,4,1,1,1,2,3,3,3,1,4,1,4,2,3,3,4,1,2,3,1,2,1,1,3,4,4,1,3,3,1,3,2,4,3,3,3,1,1,0,3,1,2,1,3,2,2,3,4,2,2,3,2,0,1,3,0,0,1,4,1,1,3,1,2,3,3,1,1,3,4,3,1,1,4,1,2,3,2,3,1,1,4,2,2,3,3,3,4,3,4,2,3,3,3,2,1,2,1,3,3,2,1,1,0,3,3,0,3,2,4,3,2,0,1,0,1,2,1,3,3,4,2,4,1,1,1,2,3,3,1,4,1,4,2,3,3,4,1,2,3,1,1,1,3,4,4,1,3,3,1,3,2,4,3,3,3,1,1,3,1,2,1,3,2,2,3,4,2,3,2,0,1,3,0,0,1,4,1,1,3,1,2,3,3,1,1,3,4,3,1,1,4,1,2,3,2,3,1,1,4,2,2,3,3,3,4,3,4,2,3,3,3,2,1,2,1,3,3,2,1,1,0,3,3,3,2,4,3,2,0,1,0,1,2,1,3,3,3,4,2,2,4,1,1,1,2,3,3,3,1,4,1,4,2,3,3,4,1,2,3,1,2,1,1,3,4,4,1,3,4,3,1,3,2,4,3,3,3,1,3,1,0,3,1,3,2,1,3,2,2,3,4,2,2,3,2,0,1,3,0,0,1,4,1,1,1,3,1,2,3,3,1,1,3,4,2,3,2,1,1,4,1,2,3,4,2,2,3,1,3,1,4,2,2,3,3,3,4,3,4,2,3,3,3,3,2,1,2,1,3,3,2,1,1,0,3,3,0,0,3,2,4,3,2,0,1,0,1,1,4,1,3,1,2,1,3,3,1,3,4,2,4,1,1,1,2,3,3,3,1,4,1,4,2,3,3,4,1,2,3,1,1,1,3,4,4,1,3,3,1,3,2,4,3,3,3,1,1,3,1,2,1,3,2,2,3,4,2,3,2,0,1,3,0,0,1,4,1,1,3,1,2,3,3,1,1,3,4,3,1,1,4,1,2,3,2,3,1,1,4,2,2,3,3,3,4,3,4,2,3,3,3,2,1,2,1,3,3,2,1,1,0,3,3,3,2,4,3,2,0,1,0,1,4,2,1,3
RBG-18-0211-1_S35,0,1,0,4,0,1,1,2,0,0,4,1,0,1,2,2,3,0,1,1,2,3,1,0,0,1,3,0,0,0,0,3,1,0,0,2,3,3,0,1,0,2,3,1,0,0,0,0,0,0,0,0,0,0,0,0,0,0,2,1,1,4,0,3,3,4,2,0,3,0,0,0,1,3,3,1,1,1,2,3,2,1,1,1,4,2,0,3,3,3,4,3,2,2,3,0,3,3,1,2,1,3,2,2,1,0,0,4,3,2,4,4,4,3,1,4,1,4,4,2,3,3,0,1,0,4,0,1,1,2,0,4,1,0,1,2,2,3,0,1,1,2,3,1,0,1,3,0,0,0,0,3,1,0,0,2,3,3,0,1,0,3,1,0,0,0,0,0,0,0,0,0,0,0,0,0,2,1,1,4,0,3,3,4,2,0,3,0,0,0,1,3,3,1,1,1,2,3,2,1,1,1,4,2,0,3,3,3,4,3,2,2,3,0,3,3,1,2,1,3,2,2,1,0,0,4,3,4,4,4,3,1,4,1,4,4,2,3,3,3,0,1,0,0,4,0,1,1,2,0,0,4,1,0,1,2,2,3,0,1,1,2,3,1,0,0,1,3,0,0,0,0,0,3,1,0,0,2,3,3,0,1,3,0,2,3,1,0,0,0,0,0,0,0,0,0,0,0,0,0,0,0,2,1,1,4,0,0,3,3,4,2,0,3,0,0,0,1,2,3,2,3,1,1,1,2,3,3,2,0,1,1,3,1,4,2,0,3,3,3,4,3,2,2,3,3,0,3,3,1,2,1,3,2,2,1,0,0,4,3,3,2,4,4,4,3,1,4,1,4,4,1,4,1,3,1,2,3,3,3,1,0,1,0,4,0,1,1,2,0,0,4,1,0,1,2,2,3,0,1,1,2,3,1,0,1,3,0,0,0,0,3,1,0,0,2,3,3,0,1,0,3,1,0,0,0,0,0,0,0,0,0,0,0,0,0,2,1,1,4,0,3,3,4,2,0,3,0,0,0,1,3,3,1,1,1,2,3,2,1,1,1,4,2,0,3,3,3,4,3,2,2,3,0,3,3,1,2,1,3,2,2,1,0,0,4,3,4,4,4,3,1,4,1,4,4,4,2,3,3
RBG-18-0221-1_S47,3,1,1,0,0,0,1,2,4,0,4,1,0,1,2,2,3,4,1,1,2,3,1,2,1,1,3,4,4,1,3,0,1,3,2,2,3,3,1,1,1,2,3,1,2,1,3,2,2,3,4,2,0,3,2,2,1,3,2,1,1,0,0,3,1,4,2,2,3,1,1,0,1,3,3,1,1,1,2,3,2,1,1,1,4,2,1,3,3,3,4,3,2,2,3,0,3,3,1,2,0,3,2,2,1,1,3,4,0,0,4,4,4,3,1,4,1,4,4,2,3,3,3,1,1,0,0,0,1,2,4,4,1,0,1,2,2,3,4,1,1,2,3,1,1,1,3,4,4,1,3,0,1,3,2,2,3,3,1,1,1,3,1,2,1,3,2,2,3,4,2,3,2,2,1,3,2,1,1,0,0,3,1,4,2,2,3,1,1,0,1,3,3,1,1,1,2,3,2,1,1,1,4,2,1,3,3,3,4,3,2,2,3,0,3,3,1,2,0,3,2,2,1,1,3,4,0,4,4,4,3,1,4,1,4,4,2,3,3,3,3,1,1,0,0,0,0,1,2,4,0,4,1,0,1,2,2,3,4,1,1,2,3,1,2,1,1,3,4,4,1,3,0,0,1,3,2,2,3,3,1,1,3,1,2,3,1,3,2,1,3,2,2,3,4,2,0,3,2,2,1,3,2,1,1,0,1,0,3,1,4,2,2,3,1,1,0,1,2,3,2,3,1,1,1,2,3,3,2,2,1,1,3,1,4,2,1,3,3,3,4,3,2,2,3,3,0,3,3,1,2,0,3,2,2,1,1,3,4,0,0,0,4,4,4,3,1,4,1,4,4,1,4,1,3,1,2,3,3,3,1,3,1,1,0,0,0,1,2,4,0,4,1,0,1,2,2,3,4,1,1,2,3,1,1,1,3,4,4,1,3,0,1,3,2,2,3,3,1,1,1,3,1,2,1,3,2,2,3,4,2,3,2,2,1,3,2,1,1,0,0,3,1,4,2,2,3,1,1,0,1,3,3,1,1,1,2,3,2,1,1,1,4,2,1,3,3,3,4,3,2,2,3,0,3,3,1,2,0,3,2,2,1,1,3,4,0,4,4,4,3,1,4,1,4,4,4,2,3,3
RBG-18-0223-1_S2,3,4,2,4,1,1,1,2,3,3,3,1,4,1,4,2,3,3,1,1,2,3,2,2,1,2,3,4,4,1,3,4,1,1,2,2,3,3,3,1,1,0,0,1,2,1,3,2,2,3,4,2,2,3,2,2,1,3,0,0,1,4,1,1,3,1,2,3,3,2,3,3,1,3,1,1,4,1,2,3,2,1,0,0,4,2,2,3,3,3,4,3,4,2,3,3,3,3,1,2,1,3,2,4,1,1,0,3,3,0,3,4,4,3,2,0,1,0,1,2,1,3,3,4,2,4,1,1,1,2,3,3,1,4,1,4,2,3,3,1,1,2,3,2,1,2,3,4,4,1,3,4,1,1,2,2,3,3,3,1,1,0,1,2,1,3,2,2,3,4,2,3,2,2,1,3,0,0,1,4,1,1,3,1,2,3,3,2,3,3,1,3,1,1,4,1,2,3,2,1,0,0,4,2,2,3,3,3,4,3,4,2,3,3,3,3,1,2,1,3,2,4,1,1,0,3,3,3,4,4,3,2,0,1,0,1,2,1,3,3,3,4,2,1,4,1,1,1,2,3,3,3,1,4,1,4,2,3,3,1,1,2,3,2,2,1,2,3,4,4,1,3,4,4,1,1,2,2,3,3,3,1,3,1,0,0,1,3,2,1,3,2,2,3,4,2,2,3,2,2,1,3,0,0,1,4,1,1,1,3,1,2,3,3,2,3,3,1,2,3,3,1,1,4,1,2,3,4,2,2,1,0,3,0,4,2,2,3,3,3,4,3,4,2,3,3,3,3,3,1,2,1,3,2,4,1,1,0,3,3,0,0,3,4,4,3,2,0,1,0,1,1,4,1,3,0,2,1,3,3,1,3,4,2,4,1,1,1,2,3,3,3,1,4,1,4,2,3,3,1,1,2,3,2,1,2,3,4,4,1,3,4,1,1,2,2,3,3,3,1,1,0,1,2,1,3,2,2,3,4,2,3,2,2,1,3,0,0,1,4,1,1,3,1,2,3,3,2,3,3,1,3,1,1,4,1,2,3,2,1,0,0,4,2,2,3,3,3,4,3,4,2,3,3,3,3,1,2,1,3,2,4,1,1,0,3,3,3,4,4,3,2,0,1,0,1,4,2,1,3
RBG-18-0224-1_S24_L001,1,1,1,4,1,1,1,2,2,3,3,1,4,1,2,2,3,3,1,1,2,3,1,1,1,1,3,4,4,1,3,3,1,1,1,2,3,2,1,2,3,2,3,1,2,1,3,2,2,3,4,2,2,3,2,2,1,3,2,1,4,1,1,3,1,4,1,1,2,1,1,1,1,3,1,3,1,1,1,3,1,1,1,1,1,0,2,3,1,2,2,2,2,2,3,3,1,2,1,1,1,3,2,2,1,3,3,4,0,2,4,4,3,0,1,4,4,4,4,2,3,3,1,1,1,4,1,1,1,2,2,3,1,4,1,2,2,3,3,1,1,2,3,1,1,1,3,4,4,1,3,3,1,1,1,2,3,2,1,2,3,3,1,2,1,3,2,2,3,4,2,3,2,2,1,3,2,1,4,1,1,3,1,4,1,1,2,1,1,1,1,3,1,3,1,1,1,3,1,1,1,1,1,0,2,3,1,2,2,2,2,2,3,3,1,2,1,1,1,3,2,2,1,3,3,4,0,4,4,3,0,1,4,4,4,4,2,3,3,0,1,1,1,1,4,1,1,1,2,2,3,3,1,4,1,2,2,3,3,1,1,2,3,1,1,1,1,3,4,4,1,3,1,3,1,1,1,2,3,2,1,2,0,3,2,3,1,3,2,1,3,2,2,3,4,2,2,3,2,2,1,3,2,1,4,1,4,1,3,1,4,1,1,2,1,1,1,1,0,3,2,1,3,1,1,1,3,0,1,2,1,1,0,1,1,0,2,3,1,2,2,2,2,2,3,0,3,1,2,1,1,1,3,2,2,1,3,3,4,0,3,2,4,4,3,0,1,4,4,4,4,0,0,1,0,1,2,3,3,0,0,1,1,1,4,1,1,1,2,2,3,3,1,4,1,2,2,3,3,1,1,2,3,1,1,1,3,4,4,1,3,3,1,1,1,2,3,2,1,2,3,3,1,2,1,3,2,2,3,4,2,3,2,2,1,3,2,1,4,1,1,3,1,4,1,1,2,1,1,1,1,3,1,3,1,1,1,3,1,1,1,1,1,0,2,3,1,2,2,2,2,2,3,3,1,2,1,1,1,3,2,2,1,3,3,4,0,4,4,3,0,1,4,4,4,4,0,2,3,3
RBG-18-0239-1_S4,3,4,2,4,1,1,1,2,3,3,4,1,4,1,2,2,3,3,1,1,2,3,1,2,1,2,3,4,4,1,3,4,1,3,2,2,3,3,3,1,1,0,3,1,2,1,3,2,2,3,4,2,2,3,2,2,1,3,0,0,1,4,1,0,1,1,2,1,3,1,3,3,1,3,1,1,4,1,2,3,2,3,0,1,4,2,2,0,1,3,4,3,4,2,3,3,3,2,1,2,1,3,2,4,1,0,0,4,3,2,3,4,4,3,1,4,1,4,1,2,1,0,3,4,2,4,1,1,1,2,3,4,1,4,1,2,2,3,3,1,1,2,3,1,1,2,3,4,4,1,3,4,1,3,2,2,3,3,3,1,1,3,1,2,1,3,2,2,3,4,2,3,2,2,1,3,0,0,1,4,1,0,1,1,2,1,3,1,3,3,1,3,1,1,4,1,2,3,2,3,0,1,4,2,2,0,1,3,4,3,4,2,3,3,3,2,1,2,1,3,2,4,1,0,0,4,3,3,4,4,3,1,4,1,4,1,2,1,0,3,3,4,2,2,4,1,1,1,2,3,3,4,1,4,1,2,2,3,3,1,1,2,3,1,2,1,2,3,4,4,1,3,4,4,1,3,2,2,3,3,3,1,3,1,0,3,1,3,2,1,3,2,2,3,4,2,2,3,2,2,1,3,0,0,1,4,1,1,0,1,1,2,1,3,1,3,3,1,2,3,2,1,1,4,1,2,3,3,2,2,3,0,3,1,4,2,2,0,1,3,4,3,4,2,3,3,3,3,2,1,2,1,3,2,4,1,0,0,4,3,3,2,3,4,4,3,1,4,1,4,1,1,4,0,3,1,2,1,0,3,1,3,4,2,4,1,1,1,2,3,3,4,1,4,1,2,2,3,3,1,1,2,3,1,1,2,3,4,4,1,3,4,1,3,2,2,3,3,3,1,1,3,1,2,1,3,2,2,3,4,2,3,2,2,1,3,0,0,1,4,1,0,1,1,2,1,3,1,3,3,1,3,1,1,4,1,2,3,2,3,0,1,4,2,2,0,1,3,4,3,4,2,3,3,3,2,1,2,1,3,2,4,1,0,0,4,3,3,4,4,3,1,4,1,4,1,4,2,1,0
RBG-18-0256-1_S8_L001,3,4,2,4,4,1,1,4,3,3,4,1,4,1,2,2,3,3,4,1,2,4,2,2,1,2,3,4,4,1,3,4,2,3,2,4,4,3,3,1,1,2,0,0,2,1,3,2,2,3,4,2,2,3,2,2,2,3,0,0,1,4,2,3,3,1,2,3,3,1,3,3,4,3,3,1,4,3,2,3,2,3,0,1,4,2,2,0,3,3,4,3,4,2,3,3,3,3,1,2,1,3,3,4,1,1,3,3,3,2,3,2,4,3,2,4,1,4,4,2,0,3,3,4,2,4,4,1,1,4,3,4,1,4,1,2,2,3,3,4,1,2,4,2,1,2,3,4,4,1,3,4,2,3,2,4,4,3,3,1,1,0,0,2,1,3,2,2,3,4,2,3,2,2,2,3,0,0,1,4,2,3,3,1,2,3,3,1,3,3,4,3,3,1,4,3,2,3,2,3,0,1,4,2,2,0,3,3,4,3,4,2,3,3,3,3,1,2,1,3,3,4,1,1,3,3,3,3,2,4,3,2,4,1,4,4,2,0,3,3,3,4,2,2,4,4,1,1,4,3,3,4,1,4,1,2,2,3,3,4,1,2,4,2,2,1,2,3,4,4,1,3,4,4,2,3,2,4,4,3,3,1,3,1,2,0,0,3,2,1,3,2,2,3,4,2,2,3,2,2,2,3,0,0,1,4,1,2,3,3,1,2,3,3,1,3,3,4,2,3,2,3,1,4,3,2,3,4,2,2,3,0,3,1,4,2,2,0,3,3,4,3,4,2,3,3,3,3,3,1,2,1,3,3,4,1,1,3,3,3,3,2,3,2,4,3,2,4,1,4,4,1,4,1,3,0,2,0,3,3,1,3,4,2,4,4,1,1,4,3,3,4,1,4,1,2,2,3,3,4,1,2,4,2,1,2,3,4,4,1,3,4,2,3,2,4,4,3,3,1,1,0,0,2,1,3,2,2,3,4,2,3,2,2,2,3,0,0,1,4,2,3,3,1,2,3,3,1,3,3,4,3,3,1,4,3,2,3,2,3,0,1,4,2,2,0,3,3,4,3,4,2,3,3,3,3,1,2,1,3,3,4,1,1,3,3,3,3,2,4,3,2,4,1,4,4,4,2,0,3
RBG-18-0265-1_S49,3,4,2,4,4,1,1,4,3,3,4,1,4,1,2,2,3,3,4,1,2,4,2,2,1,2,3,4,4,1,3,4,2,3,2,4,4,3,3,1,1,2,0,0,2,1,3,2,2,3,4,2,2,3,2,2,2,3,0,0,1,4,2,3,3,1,2,3,3,1,3,3,4,3,3,1,4,3,2,3,2,3,0,1,4,2,2,0,3,3,4,3,4,2,3,3,3,3,1,2,1,3,3,4,1,1,3,3,3,2,3,2,4,3,2,4,1,4,4,2,0,3,3,4,2,4,4,1,1,4,3,4,1,4,1,2,2,3,3,4,1,2,4,2,1,2,3,4,4,1,3,4,2,3,2,4,4,3,3,1,1,0,0,2,1,3,2,2,3,4,2,3,2,2,2,3,0,0,1,4,2,3,3,1,2,3,3,1,3,3,4,3,3,1,4,3,2,3,2,3,0,1,4,2,2,0,3,3,4,3,4,2,3,3,3,3,1,2,1,3,3,4,1,1,3,3,3,3,2,4,3,2,4,1,4,4,2,0,3,3,3,4,2,2,4,4,1,1,4,3,3,4,1,4,1,2,2,3,3,4,1,2,4,2,2,1,2,3,4,4,1,3,4,4,2,3,2,4,4,3,3,1,3,1,2,0,0,3,2,1,3,2,2,3,4,2,2,3,2,2,2,3,0,0,1,4,1,2,3,3,1,2,3,3,1,3,3,4,2,3,2,3,1,4,3,2,3,4,2,2,3,0,3,1,4,2,2,0,3,3,4,3,4,2,3,3,3,3,3,1,2,1,3,3,4,1,1,3,3,3,3,2,3,2,4,3,2,4,1,4,4,1,4,1,3,0,2,0,3,3,1,3,4,2,4,4,1,1,4,3,3,4,1,4,1,2,2,3,3,4,1,2,4,2,1,2,3,4,4,1,3,4,2,3,2,4,4,3,3,1,1,0,0,2,1,3,2,2,3,4,2,3,2,2,2,3,0,0,1,4,2,3,3,1,2,3,3,1,3,3,4,3,3,1,4,3,2,3,2,3,0,1,4,2,2,0,3,3,4,3,4,2,3,3,3,3,1,2,1,3,3,4,1,1,3,3,3,3,2,4,3,2,4,1,4,4,4,2,0,3
RBG-18-0276-1_S50,3,1,1,4,1,1,1,2,4,3,0,1,4,1,2,2,3,3,1,1,2,3,1,0,1,1,3,4,4,1,3,0,1,3,2,2,3,3,1,2,1,2,3,1,2,1,3,2,2,3,4,2,2,3,2,2,1,3,2,1,1,0,1,3,1,4,2,2,3,0,0,1,1,0,0,1,1,1,2,3,2,1,1,1,4,2,1,3,3,3,4,3,2,2,3,3,3,3,1,2,1,3,2,2,0,1,3,4,3,2,3,4,3,3,1,4,1,4,4,2,3,3,3,1,1,4,1,1,1,2,4,0,1,4,1,2,2,3,3,1,1,2,3,1,1,1,3,4,4,1,3,0,1,3,2,2,3,3,1,2,1,3,1,2,1,3,2,2,3,4,2,3,2,2,1,3,2,1,1,0,1,3,1,4,2,2,3,0,0,1,1,0,0,1,1,1,2,3,2,1,1,1,4,2,1,3,3,3,4,3,2,2,3,3,3,3,1,2,1,3,2,2,0,1,3,4,3,3,4,3,3,1,4,1,4,4,2,3,3,3,3,1,1,1,4,1,1,1,2,4,3,0,1,4,1,2,2,3,3,1,1,2,3,1,0,1,1,3,4,4,1,3,4,0,1,3,2,2,3,3,1,2,3,1,2,3,1,3,2,1,3,2,2,3,4,2,2,3,2,2,1,3,2,1,1,0,1,1,3,1,4,2,2,3,0,0,1,1,2,0,2,0,1,1,1,2,3,3,2,0,1,1,3,1,4,2,1,3,3,3,4,3,2,2,3,3,3,3,3,1,2,1,3,2,2,0,1,3,4,3,3,2,3,4,3,3,1,4,1,4,4,1,4,1,3,1,2,3,3,3,1,3,1,1,4,1,1,1,2,4,3,0,1,4,1,2,2,3,3,1,1,2,3,1,1,1,3,4,4,1,3,0,1,3,2,2,3,3,1,2,1,3,1,2,1,3,2,2,3,4,2,3,2,2,1,3,2,1,1,0,1,3,1,4,2,2,3,0,0,1,1,0,0,1,1,1,2,3,2,1,1,1,4,2,1,3,3,3,4,3,2,2,3,3,3,3,1,2,1,3,2,2,0,1,3,4,3,3,4,3,3,1,4,1,4,4,4,2,3,3
RBG-18-0279-1_S36,1,1,1,4,1,1,1,2,2,3,3,1,4,1,2,2,3,3,1,1,2,3,1,1,1,1,3,4,4,1,3,3,1,1,1,2,3,2,1,2,3,2,3,1,2,1,3,2,2,3,4,2,2,3,2,2,1,3,2,1,4,1,1,3,1,4,1,1,2,1,1,1,1,3,1,3,1,1,1,3,1,1,1,1,1,2,2,3,1,2,2,2,2,2,3,3,1,2,1,1,1,3,2,2,1,3,3,4,0,2,4,4,3,0,1,4,4,4,4,2,3,3,1,1,1,4,1,1,1,2,2,3,1,4,1,2,2,3,3,1,1,2,3,1,1,1,3,4,4,1,3,3,1,1,1,2,3,2,1,2,3,3,1,2,1,3,2,2,3,4,2,3,2,2,1,3,2,1,4,1,1,3,1,4,1,1,2,1,1,1,1,3,1,3,1,1,1,3,1,1,1,1,1,2,2,3,1,2,2,2,2,2,3,3,1,2,1,1,1,3,2,2,1,3,3,4,0,4,4,3,0,1,4,4,4,4,2,3,3,0,1,1,1,1,4,1,1,1,2,2,3,3,1,4,1,2,2,3,3,1,1,2,3,1,1,1,1,3,4,4,1,3,1,3,1,1,1,2,3,2,1,2,0,3,2,3,1,3,2,1,3,2,2,3,4,2,2,3,2,2,1,3,2,1,4,1,4,1,3,1,4,1,1,2,1,1,1,1,0,3,2,1,3,1,1,1,3,0,1,2,1,1,0,1,1,2,2,3,1,2,2,2,2,2,3,0,3,1,2,1,1,1,3,2,2,1,3,3,4,0,3,2,4,4,3,0,1,4,4,4,4,0,0,1,0,1,2,3,3,0,0,1,1,1,4,1,1,1,2,2,3,3,1,4,1,2,2,3,3,1,1,2,3,1,1,1,3,4,4,1,3,3,1,1,1,2,3,2,1,2,3,3,1,2,1,3,2,2,3,4,2,3,2,2,1,3,2,1,4,1,1,3,1,4,1,1,2,1,1,1,1,3,1,3,1,1,1,3,1,1,1,1,1,2,2,3,1,2,2,2,2,2,3,3,1,2,1,1,1,3,2,2,1,3,3,4,0,4,4,3,0,1,4,4,4,4,0,2,3,3
RBG-18-0280-1_S51,0,1,0,4,1,1,1,2,0,0,4,1,0,1,2,2,3,0,1,1,2,3,1,0,0,1,3,0,0,0,0,3,1,0,2,2,3,3,1,0,1,2,3,1,2,0,3,2,2,3,0,0,0,3,2,2,0,3,2,1,1,4,0,3,3,4,2,0,3,0,0,0,1,3,3,1,1,1,2,3,2,1,1,1,4,2,0,3,3,3,4,3,2,2,3,0,3,3,1,2,1,3,2,2,1,1,3,4,3,2,3,4,4,3,1,4,1,4,4,2,3,3,0,1,0,4,1,1,1,2,0,4,1,0,1,2,2,3,0,1,1,2,3,1,0,1,3,0,0,0,0,3,1,0,2,2,3,3,1,0,1,3,1,2,0,3,2,2,3,0,0,3,2,2,0,3,2,1,1,4,0,3,3,4,2,0,3,0,0,0,1,3,3,1,1,1,2,3,2,1,1,1,4,2,0,3,3,3,4,3,2,2,3,0,3,3,1,2,1,3,2,2,1,1,3,4,3,3,4,4,3,1,4,1,4,4,2,3,3,3,0,1,0,0,4,1,1,1,2,0,0,4,1,0,1,2,2,3,0,1,1,2,3,1,0,0,1,3,0,0,0,0,0,3,1,0,2,2,3,3,1,0,3,1,2,3,1,3,2,0,3,2,2,3,0,0,0,3,2,2,0,3,2,1,1,4,0,0,3,3,4,2,0,3,0,0,0,1,2,3,2,3,1,1,1,2,3,3,2,0,1,1,3,1,4,2,0,3,3,3,4,3,2,2,3,3,0,3,3,1,2,1,3,2,2,1,1,3,4,3,3,2,3,4,4,3,1,4,1,4,4,1,4,1,3,1,2,3,3,3,1,0,1,0,4,1,1,1,2,0,0,4,1,0,1,2,2,3,0,1,1,2,3,1,0,1,3,0,0,0,0,3,1,0,2,2,3,3,1,0,1,3,1,2,0,3,2,2,3,0,0,3,2,2,0,3,2,1,1,4,0,3,3,4,2,0,3,0,0,0,1,3,3,1,1,1,2,3,2,1,1,1,4,2,0,3,3,3,4,3,2,2,3,0,3,3,1,2,1,3,2,2,1,1,3,4,3,3,4,4,3,1,4,1,4,4,4,2,3,3
RBG-18-0289-1_S37,1,4,1,4,1,1,1,2,2,3,3,1,4,1,2,2,3,3,1,1,2,3,1,1,1,1,3,4,4,1,3,3,1,1,1,2,3,2,1,2,1,0,3,0,2,1,3,2,2,3,4,2,2,3,2,2,1,3,2,1,4,1,1,3,1,4,1,1,3,1,1,1,1,3,1,3,1,1,2,3,1,1,1,1,1,2,2,3,3,3,2,2,2,2,3,3,1,2,1,2,1,3,2,2,1,3,3,3,3,0,3,2,4,3,2,4,1,4,4,2,1,3,1,4,1,4,1,1,1,2,2,3,1,4,1,2,2,3,3,1,1,2,3,1,1,1,3,4,4,1,3,3,1,1,1,2,3,2,1,2,1,3,0,2,1,3,2,2,3,4,2,3,2,2,1,3,2,1,4,1,1,3,1,4,1,1,3,1,1,1,1,3,1,3,1,1,2,3,1,1,1,1,1,2,2,3,3,3,2,2,2,2,3,3,1,2,1,2,1,3,2,2,1,3,3,3,3,3,2,4,3,2,4,1,4,4,2,1,3,3,1,4,1,1,4,1,1,1,2,2,3,3,1,4,1,2,2,3,3,1,1,2,3,1,1,1,1,3,4,4,1,3,1,3,1,1,1,2,3,2,1,2,3,1,0,3,0,3,2,1,3,2,2,3,4,2,2,3,2,2,1,3,2,1,4,1,4,1,3,1,4,1,1,3,1,1,1,1,0,3,2,1,3,1,1,2,3,0,1,2,1,1,0,1,1,2,2,3,3,3,2,2,2,2,3,0,3,1,2,1,2,1,3,2,2,1,3,3,3,3,0,0,3,2,4,3,2,4,1,4,4,1,4,1,3,1,2,1,3,3,1,1,4,1,4,1,1,1,2,2,3,3,1,4,1,2,2,3,3,1,1,2,3,1,1,1,3,4,4,1,3,3,1,1,1,2,3,2,1,2,1,3,0,2,1,3,2,2,3,4,2,3,2,2,1,3,2,1,4,1,1,3,1,4,1,1,3,1,1,1,1,3,1,3,1,1,2,3,1,1,1,1,1,2,2,3,3,3,2,2,2,2,3,3,1,2,1,2,1,3,2,2,1,3,3,3,3,3,2,4,3,2,4,1,4,4,4,2,1,3
RBG-18-0300-1_S52,3,4,2,4,1,1,1,2,2,3,4,1,4,1,4,2,3,3,1,1,2,3,2,2,1,2,3,4,4,1,3,4,2,3,2,2,3,3,1,1,1,2,3,1,2,1,3,2,2,3,4,2,2,3,2,2,1,3,2,0,1,4,2,1,3,1,2,3,3,2,1,3,1,3,3,1,4,3,2,3,1,1,0,0,4,2,2,0,1,3,4,3,4,2,3,3,3,2,1,2,1,3,2,2,1,1,0,3,3,0,3,2,4,3,2,0,1,4,4,2,3,3,3,4,2,4,1,1,1,2,2,4,1,4,1,4,2,3,3,1,1,2,3,2,1,2,3,4,4,1,3,4,2,3,2,2,3,3,1,1,1,3,1,2,1,3,2,2,3,4,2,3,2,2,1,3,2,0,1,4,2,1,3,1,2,3,3,2,1,3,1,3,3,1,4,3,2,3,1,1,0,0,4,2,2,0,1,3,4,3,4,2,3,3,3,2,1,2,1,3,2,2,1,1,0,3,3,3,2,4,3,2,0,1,4,4,2,3,3,3,3,4,2,2,4,1,1,1,2,2,3,4,1,4,1,4,2,3,3,1,1,2,3,2,2,1,2,3,4,4,1,3,4,4,2,3,2,2,3,3,1,1,3,1,2,3,1,3,2,1,3,2,2,3,4,2,2,3,2,2,1,3,2,0,1,4,1,2,1,3,1,2,3,3,2,1,3,1,2,3,2,3,1,4,3,2,3,3,1,2,1,0,3,0,4,2,2,0,1,3,4,3,4,2,3,3,3,3,2,1,2,1,3,2,2,1,1,0,3,3,0,0,3,2,4,3,2,0,1,4,4,1,4,1,3,1,2,3,3,3,1,3,4,2,4,1,1,1,2,2,3,4,1,4,1,4,2,3,3,1,1,2,3,2,1,2,3,4,4,1,3,4,2,3,2,2,3,3,1,1,1,3,1,2,1,3,2,2,3,4,2,3,2,2,1,3,2,0,1,4,2,1,3,1,2,3,3,2,1,3,1,3,3,1,4,3,2,3,1,1,0,0,4,2,2,0,1,3,4,3,4,2,3,3,3,2,1,2,1,3,2,2,1,1,0,3,3,3,2,4,3,2,0,1,4,4,4,2,3,3
RBG-18-0301-1_S53,3,4,2,4,4,1,1,4,3,3,4,1,4,1,2,2,3,3,4,1,2,4,2,2,1,2,3,4,4,1,3,4,2,3,2,4,4,3,3,1,1,2,0,0,2,1,3,2,2,3,4,2,2,3,2,2,2,3,0,0,1,4,2,3,3,1,2,3,3,1,3,3,4,3,3,1,4,3,2,3,2,3,0,1,4,2,2,0,3,3,4,3,4,2,3,3,3,3,1,2,1,3,3,4,1,1,3,3,3,2,3,2,4,3,2,4,1,4,1,0,1,3,3,4,2,4,4,1,1,4,3,4,1,4,1,2,2,3,3,4,1,2,4,2,1,2,3,4,4,1,3,4,2,3,2,4,4,3,3,1,1,0,0,2,1,3,2,2,3,4,2,3,2,2,2,3,0,0,1,4,2,3,3,1,2,3,3,1,3,3,4,3,3,1,4,3,2,3,2,3,0,1,4,2,2,0,3,3,4,3,4,2,3,3,3,3,1,2,1,3,3,4,1,1,3,3,3,3,2,4,3,2,4,1,4,1,0,1,3,3,3,4,2,2,4,4,1,1,4,3,3,4,1,4,1,2,2,3,3,4,1,2,4,2,2,1,2,3,4,4,1,3,4,4,2,3,2,4,4,3,3,1,3,1,2,0,0,3,2,1,3,2,2,3,4,2,2,3,2,2,2,3,0,0,1,4,1,2,3,3,1,2,3,3,1,3,3,4,2,3,2,3,1,4,3,2,3,4,2,2,3,0,3,1,4,2,2,0,3,3,4,3,4,2,3,3,3,3,3,1,2,1,3,3,4,1,1,3,3,3,3,2,3,2,4,3,2,4,1,4,1,1,4,0,3,0,0,1,3,3,1,3,4,2,4,4,1,1,4,3,3,4,1,4,1,2,2,3,3,4,1,2,4,2,1,2,3,4,4,1,3,4,2,3,2,4,4,3,3,1,1,0,0,2,1,3,2,2,3,4,2,3,2,2,2,3,0,0,1,4,2,3,3,1,2,3,3,1,3,3,4,3,3,1,4,3,2,3,2,3,0,1,4,2,2,0,3,3,4,3,4,2,3,3,3,3,1,2,1,3,3,4,1,1,3,3,3,3,2,4,3,2,4,1,4,1,4,0,1,3
RBG-18-0308-1_S54,0,1,1,4,1,1,1,2,2,3,3,1,4,1,2,2,3,3,1,1,2,3,1,1,1,1,3,4,4,1,3,3,1,1,1,2,3,2,1,2,3,2,0,1,2,1,3,2,2,3,4,2,2,3,2,2,1,3,2,1,4,1,1,3,1,4,0,1,2,1,1,1,1,3,1,3,1,1,1,3,1,1,1,1,1,0,2,3,1,2,2,2,2,2,3,3,1,2,1,1,1,0,2,2,1,3,3,4,0,0,4,4,3,0,1,4,4,4,4,2,3,3,0,1,1,4,1,1,1,2,2,3,1,4,1,2,2,3,3,1,1,2,3,1,1,1,3,4,4,1,3,3,1,1,1,2,3,2,1,2,3,0,1,2,1,3,2,2,3,4,2,3,2,2,1,3,2,1,4,1,1,3,1,4,0,1,2,1,1,1,1,3,1,3,1,1,1,3,1,1,1,1,1,0,2,3,1,2,2,2,2,2,3,3,1,2,1,1,1,0,2,2,1,3,3,4,0,4,4,3,0,1,4,4,4,4,2,3,3,0,0,1,1,1,4,1,1,1,2,2,3,3,1,4,1,2,2,3,3,1,1,2,3,1,1,1,1,3,4,4,1,3,1,3,1,1,1,2,3,2,1,2,0,3,2,0,1,3,2,1,3,2,2,3,4,2,2,3,2,2,1,3,2,1,4,1,4,1,3,1,4,0,1,2,1,1,1,1,0,3,2,1,3,1,1,1,3,0,1,2,1,1,0,1,1,0,2,3,1,2,2,2,2,2,3,3,3,1,2,1,1,1,0,2,2,1,3,3,4,0,0,0,4,4,3,0,1,4,4,4,4,0,0,1,0,1,2,3,3,0,0,0,1,1,4,1,1,1,2,2,3,3,1,4,1,2,2,3,3,1,1,2,3,1,1,1,3,4,4,1,3,3,1,1,1,2,3,2,1,2,3,0,1,2,1,3,2,2,3,4,2,3,2,2,1,3,2,1,4,1,1,3,1,4,0,1,2,1,1,1,1,3,1,3,1,1,1,3,1,1,1,1,1,0,2,3,1,2,2,2,2,2,3,3,1,2,1,1,1,0,2,2,1,3,3,4,0,4,4,3,0,1,4,4,4,4,0,2,3,3
RBG-18-0312-1_S55,0,0,0,0,0,0,0,0,0,0,0,0,0,0,0,0,0,0,0,0,0,0,0,0,0,0,0,0,0,0,0,0,0,0,0,0,0,0,0,2,1,2,3,1,0,0,0,0,0,0,0,0,0,0,0,0,0,0,2,1,0,0,1,3,3,4,0,2,0,0,0,0,1,0,0,0,0,0,0,0,0,0,1,1,0,0,0,3,0,0,0,0,0,0,0,0,0,0,0,0,0,0,0,0,0,1,3,4,3,2,3,4,4,3,1,4,4,4,4,2,3,3,0,0,0,0,0,0,0,0,0,0,0,0,0,0,0,0,0,0,0,0,0,0,0,0,0,0,0,0,0,0,0,0,0,0,0,0,0,2,1,3,1,0,0,0,0,0,0,0,0,0,0,0,0,0,2,1,0,0,1,3,3,4,0,2,0,0,0,0,1,0,0,0,0,0,0,0,0,0,1,1,0,0,0,3,0,0,0,0,0,0,0,0,0,0,0,0,0,0,0,0,0,1,3,4,3,3,4,4,3,1,4,4,4,4,2,3,3,3,0,0,0,0,0,0,0,0,0,0,0,0,0,0,0,0,0,0,0,0,0,0,0,0,0,0,0,0,0,0,0,0,0,0,0,0,0,0,0,0,0,2,3,1,2,3,1,0,0,0,0,0,0,0,0,0,0,0,0,0,0,0,2,1,0,0,0,1,3,3,4,0,2,0,0,0,0,1,2,0,0,0,0,0,0,0,0,3,0,0,0,1,3,1,0,0,0,3,0,0,0,0,0,0,0,3,0,0,0,0,0,0,0,0,0,0,1,3,4,3,3,2,3,4,4,3,1,4,4,4,4,1,4,1,3,1,2,3,3,3,1,0,0,0,0,0,0,0,0,0,0,0,0,0,0,0,0,0,0,0,0,0,0,0,0,0,0,0,0,0,0,0,0,0,0,0,0,0,0,2,1,3,1,0,0,0,0,0,0,0,0,0,0,0,0,0,2,1,0,0,1,3,3,4,0,2,0,0,0,0,1,0,0,0,0,0,0,0,0,0,1,1,0,0,0,3,0,0,0,0,0,0,0,0,0,0,0,0,0,0,0,0,0,1,3,4,3,3,4,4,3,1,4,4,4,4,4,2,3,3
RBG-18-0347-1_S22_L001,3,1,1,4,1,1,1,2,4,3,4,0,4,1,2,2,3,3,1,1,2,3,2,2,1,1,3,4,4,1,3,3,2,3,2,2,4,3,3,1,3,2,0,1,2,1,3,2,2,3,4,2,2,3,2,2,1,3,2,1,1,4,1,3,0,4,2,2,3,1,1,1,1,3,3,1,1,1,0,0,2,0,1,1,4,2,2,3,3,3,4,3,2,2,3,3,3,3,1,2,1,3,3,2,0,1,0,0,3,2,3,4,4,3,1,4,1,4,4,2,3,0,3,1,1,4,1,1,1,2,4,4,0,4,1,2,2,3,3,1,1,2,3,2,1,1,3,4,4,1,3,3,2,3,2,2,4,3,3,1,3,0,1,2,1,3,2,2,3,4,2,3,2,2,1,3,2,1,1,4,1,3,0,4,2,2,3,1,1,1,1,3,3,1,1,1,0,0,2,0,1,1,4,2,2,3,3,3,4,3,2,2,3,3,3,3,1,2,1,3,3,2,0,1,0,0,3,3,4,4,3,1,4,1,4,4,2,3,0,0,3,1,1,2,4,1,1,1,2,4,3,4,0,4,1,2,2,3,3,1,1,2,3,2,2,1,1,3,4,4,1,3,4,3,2,3,2,2,4,3,3,1,3,3,2,0,1,3,2,1,3,2,2,3,4,2,2,3,2,2,1,3,2,1,1,4,1,1,3,0,4,2,2,3,1,1,1,1,2,3,2,3,1,1,1,0,0,3,2,2,0,1,3,1,4,2,2,3,3,3,4,3,2,2,3,3,3,3,3,1,2,1,3,3,2,0,1,0,0,3,3,2,3,4,4,3,1,4,1,4,4,1,4,1,3,0,2,3,0,3,0,3,1,1,4,1,1,1,2,4,3,4,0,4,1,2,2,3,3,1,1,2,3,2,1,1,3,4,4,1,3,3,2,3,2,2,4,3,3,1,3,0,1,2,1,3,2,2,3,4,2,3,2,2,1,3,2,1,1,4,1,3,0,4,2,2,3,1,1,1,1,3,3,1,1,1,0,0,2,0,1,1,4,2,2,3,3,3,4,3,2,2,3,3,3,3,1,2,1,3,3,2,0,1,0,0,3,3,4,4,3,1,4,1,4,4,4,2,3,0
RBG-18-0352-1_S21_L001,3,1,1,4,4,1,1,2,4,0,4,1,4,1,2,2,3,3,1,1,2,3,2,2,1,1,3,4,4,1,3,3,1,3,2,2,3,3,3,2,1,2,3,1,2,1,3,2,2,3,4,2,2,3,2,2,1,3,2,1,0,4,1,1,3,4,2,3,2,2,3,1,1,3,3,1,1,1,2,3,2,3,1,1,4,2,2,3,3,2,4,3,2,2,3,3,3,2,1,2,1,3,3,2,0,1,0,3,3,2,3,4,4,3,1,4,1,4,2,0,3,3,3,1,1,4,4,1,1,2,4,4,1,4,1,2,2,3,3,1,1,2,3,2,1,1,3,4,4,1,3,3,1,3,2,2,3,3,3,2,1,3,1,2,1,3,2,2,3,4,2,3,2,2,1,3,2,1,0,4,1,1,3,4,2,3,2,2,3,1,1,3,3,1,1,1,2,3,2,3,1,1,4,2,2,3,3,2,4,3,2,2,3,3,3,2,1,2,1,3,3,2,0,1,0,3,3,3,4,4,3,1,4,1,4,2,0,3,3,3,3,1,1,2,4,4,1,1,2,4,0,4,1,4,1,2,2,3,3,1,1,2,3,2,2,1,1,3,4,4,1,3,4,3,1,3,2,2,3,3,3,2,3,1,2,3,1,0,2,1,3,2,2,3,4,2,2,3,2,2,1,3,2,1,0,4,1,1,1,3,4,2,3,2,2,3,1,1,2,3,2,3,1,1,1,2,3,3,2,2,3,1,3,1,4,2,2,3,3,2,4,3,2,2,3,3,3,3,2,1,2,1,3,3,2,0,1,0,3,3,3,2,3,4,4,3,1,4,1,4,2,1,4,1,3,0,0,3,3,3,1,3,1,1,4,4,1,1,2,4,0,4,1,4,1,2,2,3,3,1,1,2,3,2,1,1,3,4,4,1,3,3,1,3,2,2,3,3,3,2,1,3,1,2,1,3,2,2,3,4,2,3,2,2,1,3,2,1,0,4,1,1,3,4,2,3,2,2,3,1,1,3,3,1,1,1,2,3,2,3,1,1,4,2,2,3,3,2,4,3,2,2,3,3,3,2,1,2,1,3,3,2,0,1,0,3,3,3,4,4,3,1,4,1,4,2,4,0,3,3
RBG-18-0355-1_S19_L001,3,4,2,4,1,1,1,2,3,3,4,1,4,1,2,2,3,3,1,1,2,3,1,2,1,2,3,4,4,1,3,4,1,3,2,2,3,3,3,1,1,0,3,1,2,1,3,2,2,3,4,2,2,3,2,2,1,3,0,0,1,4,1,1,1,1,2,1,3,1,3,3,1,3,1,1,4,1,2,3,2,3,0,1,4,2,2,0,1,3,4,3,4,2,3,3,3,2,1,2,1,3,2,4,1,0,0,4,3,2,3,4,4,3,1,4,1,4,1,2,1,0,3,4,2,4,1,1,1,2,3,4,1,4,1,2,2,3,3,1,1,2,3,1,1,2,3,4,4,1,3,4,1,3,2,2,3,3,3,1,1,3,1,2,1,3,2,2,3,4,2,3,2,2,1,3,0,0,1,4,1,1,1,1,2,1,3,1,3,3,1,3,1,1,4,1,2,3,2,3,0,1,4,2,2,0,1,3,4,3,4,2,3,3,3,2,1,2,1,3,2,4,1,0,0,4,3,3,4,4,3,1,4,1,4,1,2,1,0,3,3,4,2,2,4,1,1,1,2,3,3,4,1,4,1,2,2,3,3,1,1,2,3,1,2,1,2,3,4,4,1,3,4,4,1,3,2,2,3,3,3,1,3,1,0,3,1,3,2,1,3,2,2,3,4,2,2,3,2,2,1,3,0,0,1,4,1,1,1,1,1,2,1,3,1,3,3,1,2,3,2,1,1,4,1,2,3,3,2,2,3,0,3,1,4,2,2,0,1,3,4,3,4,2,3,3,3,3,2,1,2,1,3,2,4,1,0,0,4,3,3,2,3,4,4,3,1,4,1,4,1,1,4,0,3,1,2,1,0,3,1,3,4,2,4,1,1,1,2,3,3,4,1,4,1,2,2,3,3,1,1,2,3,1,1,2,3,4,4,1,3,4,1,3,2,2,3,3,3,1,1,3,1,2,1,3,2,2,3,4,2,3,2,2,1,3,0,0,1,4,1,1,1,1,2,1,3,1,3,3,1,3,1,1,4,1,2,3,2,3,0,1,4,2,2,0,1,3,4,3,4,2,3,3,3,2,1,2,1,3,2,4,1,0,0,4,3,3,4,4,3,1,4,1,4,1,4,2,1,0
RBG-18-0358-1_S39,3,1,1,4,1,1,1,2,4,3,4,1,4,1,2,2,3,4,1,1,2,3,1,2,1,1,3,4,4,1,3,3,0,3,2,2,3,3,0,1,1,2,3,1,2,1,3,2,2,3,4,2,2,3,2,2,0,0,2,1,1,4,0,3,1,4,2,2,0,2,0,1,1,3,0,1,1,1,2,3,2,1,1,1,4,2,1,3,3,3,4,3,2,2,3,0,3,3,1,2,1,3,2,2,1,0,3,3,3,0,3,4,4,3,1,4,1,4,4,2,3,3,3,1,1,4,1,1,1,2,4,4,1,4,1,2,2,3,4,1,1,2,3,1,1,1,3,4,4,1,3,3,0,3,2,2,3,3,0,1,1,3,1,2,1,3,2,2,3,4,2,3,2,2,0,0,2,1,1,4,0,3,1,4,2,2,0,2,0,1,1,3,0,1,1,1,2,3,2,1,1,1,4,2,1,3,3,3,4,3,2,2,3,0,3,3,1,2,1,3,2,2,1,0,3,3,3,3,4,4,3,1,4,1,4,4,2,3,3,3,3,1,1,0,4,1,1,1,2,4,3,4,1,4,1,2,2,3,4,1,1,2,3,1,2,1,1,3,4,4,1,3,0,3,0,3,2,2,3,3,0,1,3,1,2,3,1,3,2,1,3,2,2,3,4,2,2,3,2,2,0,0,2,1,1,4,1,0,3,1,4,2,2,0,2,0,1,1,2,3,2,0,1,1,1,2,3,3,2,2,1,1,3,1,4,2,1,3,3,3,4,3,2,2,3,3,0,3,3,1,2,1,3,2,2,1,0,3,3,3,0,0,3,4,4,3,1,4,1,4,4,1,4,1,3,1,2,3,3,3,1,3,1,1,4,1,1,1,2,4,3,4,1,4,1,2,2,3,4,1,1,2,3,1,1,1,3,4,4,1,3,3,0,3,2,2,3,3,0,1,1,3,1,2,1,3,2,2,3,4,2,3,2,2,0,0,2,1,1,4,0,3,1,4,2,2,0,2,0,1,1,3,0,1,1,1,2,3,2,1,1,1,4,2,1,3,3,3,4,3,2,2,3,0,3,3,1,2,1,3,2,2,1,0,3,3,3,3,4,4,3,1,4,1,4,4,4,2,3,3
RBG-18-0367-1_S57,3,0,1,4,4,1,1,2,4,3,4,1,4,1,2,2,3,3,1,1,2,3,2,2,1,1,0,4,4,1,3,3,1,3,2,2,4,3,1,1,1,2,0,1,2,1,3,2,2,3,4,2,2,3,2,2,1,3,2,1,1,4,1,1,3,4,2,3,3,2,1,1,1,3,3,1,1,1,2,0,2,1,1,1,1,2,2,3,3,3,4,3,2,2,3,3,3,0,1,2,1,3,2,2,0,1,3,3,3,2,3,4,4,3,1,4,1,4,4,0,3,0,3,0,1,4,4,1,1,2,4,4,1,4,1,2,2,3,3,1,1,2,3,2,1,1,0,4,4,1,3,3,1,3,2,2,4,3,1,1,1,0,1,2,1,3,2,2,3,4,2,3,2,2,1,3,2,1,1,4,1,1,3,4,2,3,3,2,1,1,1,3,3,1,1,1,2,0,2,1,1,1,1,2,2,3,3,3,4,3,2,2,3,3,3,0,1,2,1,3,2,2,0,1,3,3,3,3,4,4,3,1,4,1,4,4,0,3,0,3,3,0,1,1,4,4,1,1,2,4,3,4,1,4,1,2,2,3,3,1,1,2,3,2,2,1,1,0,4,4,1,3,4,3,1,3,2,2,4,3,1,1,3,1,2,0,1,3,2,1,3,2,2,3,4,2,2,3,2,2,1,3,2,1,1,4,0,1,1,3,4,2,3,3,2,1,1,1,2,3,3,3,1,1,1,2,0,3,2,2,1,1,3,1,1,2,2,3,3,3,4,3,2,2,3,3,3,3,0,1,2,1,3,2,2,0,1,3,3,3,3,2,3,4,4,3,1,4,1,4,4,0,0,1,3,0,0,3,0,3,1,3,0,1,4,4,1,1,2,4,3,4,1,4,1,2,2,3,3,1,1,2,3,2,1,1,0,4,4,1,3,3,1,3,2,2,4,3,1,1,1,0,1,2,1,3,2,2,3,4,2,3,2,2,1,3,2,1,1,4,1,1,3,4,2,3,3,2,1,1,1,3,3,1,1,1,2,0,2,1,1,1,1,2,2,3,3,3,4,3,2,2,3,3,3,0,1,2,1,3,2,2,0,1,3,3,3,3,4,4,3,1,4,1,4,4,0,0,3,0
RBG-18-0380-1_S48,1,1,1,4,1,1,1,2,2,3,3,1,4,1,2,2,3,3,1,1,2,3,1,1,1,1,3,4,4,1,3,3,1,1,1,2,3,2,1,2,3,2,3,1,2,1,3,2,2,3,4,2,2,3,2,2,1,3,2,1,4,1,1,3,1,4,1,1,2,1,1,1,1,3,1,3,1,1,1,3,1,1,1,1,1,2,2,3,1,2,2,2,2,2,3,3,1,2,1,1,1,3,2,2,1,3,3,4,0,2,4,4,3,0,1,4,4,4,4,2,3,3,1,1,1,4,1,1,1,2,2,3,1,4,1,2,2,3,3,1,1,2,3,1,1,1,3,4,4,1,3,3,1,1,1,2,3,2,1,2,3,3,1,2,1,3,2,2,3,4,2,3,2,2,1,3,2,1,4,1,1,3,1,4,1,1,2,1,1,1,1,3,1,3,1,1,1,3,1,1,1,1,1,2,2,3,1,2,2,2,2,2,3,3,1,2,1,1,1,3,2,2,1,3,3,4,0,4,4,3,0,1,4,4,4,4,2,3,3,0,1,1,1,1,4,1,1,1,2,2,3,3,1,4,1,2,2,3,3,1,1,2,3,1,1,1,1,3,4,4,1,3,1,3,1,1,1,2,3,2,1,2,0,3,2,3,1,3,2,1,3,2,2,3,4,2,2,3,2,2,1,3,2,1,4,1,4,1,3,1,4,1,1,2,1,1,1,1,0,3,2,1,3,1,1,1,3,0,1,2,1,1,0,1,1,2,2,3,1,2,2,2,2,2,3,0,3,1,2,1,1,1,3,2,2,1,3,3,4,0,3,2,4,4,3,0,1,4,4,4,4,0,0,1,0,1,2,3,3,0,0,1,1,1,4,1,1,1,2,2,3,3,1,4,1,2,2,3,3,1,1,2,3,1,1,1,3,4,4,1,3,3,1,1,1,2,3,2,1,2,3,3,1,2,1,3,2,2,3,4,2,3,2,2,1,3,2,1,4,1,1,3,1,4,1,1,2,1,1,1,1,3,1,3,1,1,1,3,1,1,1,1,1,2,2,3,1,2,2,2,2,2,3,3,1,2,1,1,1,3,2,2,1,3,3,4,0,4,4,3,0,1,4,4,4,4,0,2,3,3
RBG-18-0381-1_S49,3,4,2,4,1,1,1,2,3,3,4,1,4,1,4,2,3,3,4,1,2,3,1,1,1,1,3,4,4,1,3,3,1,3,2,2,4,3,1,2,0,0,0,0,2,1,3,2,2,3,4,2,2,3,2,2,1,3,0,0,1,4,1,1,3,4,2,3,3,2,3,3,4,3,1,1,4,3,2,3,2,3,1,0,4,2,2,3,3,3,4,3,4,2,3,3,3,2,1,2,1,3,3,4,1,1,0,3,3,2,3,2,4,3,2,0,4,4,1,2,1,0,3,4,2,4,1,1,1,2,3,4,1,4,1,4,2,3,3,4,1,2,3,1,1,1,3,4,4,1,3,3,1,3,2,2,4,3,1,2,0,0,0,2,1,3,2,2,3,4,2,3,2,2,1,3,0,0,1,4,1,1,3,4,2,3,3,2,3,3,4,3,1,1,4,3,2,3,2,3,1,0,4,2,2,3,3,3,4,3,4,2,3,3,3,2,1,2,1,3,3,4,1,1,0,3,3,3,2,4,3,2,0,4,4,1,2,1,0,3,3,4,2,1,4,1,1,1,2,3,3,4,1,4,1,4,2,3,3,4,1,2,3,1,1,1,1,3,4,4,1,3,4,3,1,3,2,2,4,3,1,2,3,0,0,0,0,3,2,1,3,2,2,3,4,2,2,3,2,2,1,3,0,0,1,4,1,1,1,3,4,2,3,3,2,3,3,4,2,3,2,1,1,4,3,2,3,3,2,2,3,1,3,0,4,2,2,3,3,3,4,3,4,2,3,3,3,3,2,1,2,1,3,3,4,1,1,0,3,3,3,2,3,2,4,3,2,0,4,4,1,1,4,0,3,1,2,1,0,3,1,3,4,2,4,1,1,1,2,3,3,4,1,4,1,4,2,3,3,4,1,2,3,1,1,1,3,4,4,1,3,3,1,3,2,2,4,3,1,2,0,0,0,2,1,3,2,2,3,4,2,3,2,2,1,3,0,0,1,4,1,1,3,4,2,3,3,2,3,3,4,3,1,1,4,3,2,3,2,3,1,0,4,2,2,3,3,3,4,3,4,2,3,3,3,2,1,2,1,3,3,4,1,1,0,3,3,3,2,4,3,2,0,4,4,1,4,2,1,0
RBG-18-0383-1_S37,4,1,2,0,0,0,0,0,0,3,4,1,0,0,0,0,0,3,1,1,2,3,2,0,1,1,0,0,0,0,0,3,0,3,0,2,0,3,0,1,0,2,3,1,0,0,0,0,0,0,0,0,0,0,0,0,0,0,2,1,0,0,0,3,1,4,2,0,0,0,0,0,1,0,3,0,0,1,2,3,0,3,1,0,4,2,0,3,0,0,0,3,2,0,0,0,3,0,1,2,0,3,0,0,0,0,0,4,3,2,4,4,4,3,1,4,1,4,4,2,3,3,4,1,2,0,0,0,0,0,0,4,1,0,0,0,0,0,3,1,1,2,3,2,1,1,0,0,0,0,0,3,0,3,0,2,0,3,0,1,0,3,1,0,0,0,0,0,0,0,0,0,0,0,0,0,2,1,0,0,0,3,1,4,2,0,0,0,0,0,1,0,3,0,0,1,2,3,0,3,1,0,4,2,0,3,0,0,0,3,2,0,0,0,3,0,1,2,0,3,0,0,0,0,0,4,3,4,4,4,3,1,4,1,4,4,2,3,3,0,4,1,2,0,0,0,0,0,0,0,3,4,1,0,0,0,0,0,3,1,1,2,3,2,0,1,1,0,0,0,0,0,0,3,0,3,0,2,0,3,0,1,0,0,2,3,1,0,0,0,0,0,0,0,0,0,0,0,0,0,0,0,2,1,0,0,0,0,3,1,4,2,0,0,0,0,0,1,2,0,0,3,0,0,1,2,3,3,0,0,3,1,3,0,4,2,0,3,0,0,0,3,2,0,0,3,0,3,0,1,2,0,3,0,0,0,0,0,4,3,3,2,4,4,4,3,1,4,1,4,4,1,4,1,3,1,2,3,3,3,1,4,1,2,0,0,0,0,0,0,3,4,1,0,0,0,0,0,3,1,1,2,3,2,1,1,0,0,0,0,0,3,0,3,0,2,0,3,0,1,0,3,1,0,0,0,0,0,0,0,0,0,0,0,0,0,2,1,0,0,0,3,1,4,2,0,0,0,0,0,1,0,3,0,0,1,2,3,0,3,1,0,4,2,0,3,0,0,0,3,2,0,0,0,3,0,1,2,0,3,0,0,0,0,0,4,3,4,4,4,3,1,4,1,4,4,4,2,3,3
RBG-18-0388-1_S21_L001,1,1,1,4,1,1,1,2,2,3,3,1,4,1,2,2,3,3,1,1,2,3,1,1,1,1,3,4,4,1,3,3,1,1,1,2,3,2,1,2,3,2,3,1,2,1,3,2,2,3,4,2,2,3,2,2,1,3,2,1,4,1,1,3,1,4,1,1,2,1,1,1,1,3,1,3,1,1,1,3,1,1,1,1,1,2,2,3,1,2,2,2,2,2,3,3,1,2,1,1,1,3,2,2,1,3,3,4,0,2,4,4,3,0,1,4,4,4,4,2,3,3,1,1,1,4,1,1,1,2,2,3,1,4,1,2,2,3,3,1,1,2,3,1,1,1,3,4,4,1,3,3,1,1,1,2,3,2,1,2,3,3,1,2,1,3,2,2,3,4,2,3,2,2,1,3,2,1,4,1,1,3,1,4,1,1,2,1,1,1,1,3,1,3,1,1,1,3,1,1,1,1,1,2,2,3,1,2,2,2,2,2,3,3,1,2,1,1,1,3,2,2,1,3,3,4,0,4,4,3,0,1,4,4,4,4,2,3,3,0,1,1,1,1,4,1,1,1,2,2,3,3,1,4,1,2,2,3,3,1,1,2,3,1,1,1,1,3,4,4,1,3,1,3,1,1,1,2,3,2,1,2,0,3,2,3,1,3,2,1,3,2,2,3,4,2,2,3,2,2,1,3,2,1,4,1,4,1,3,1,4,1,1,2,1,1,1,1,0,3,2,1,3,1,1,1,3,0,1,2,1,1,0,1,1,2,2,3,1,2,2,2,2,2,3,0,3,1,2,1,1,1,3,2,2,1,3,3,4,0,3,2,4,4,3,0,1,4,4,4,4,0,0,1,0,1,2,3,3,0,0,1,1,1,4,1,1,1,2,2,3,3,1,4,1,2,2,3,3,1,1,2,3,1,1,1,3,4,4,1,3,3,1,1,1,2,3,2,1,2,3,3,1,2,1,3,2,2,3,4,2,3,2,2,1,3,2,1,4,1,1,3,1,4,1,1,2,1,1,1,1,3,1,3,1,1,1,3,1,1,1,1,1,2,2,3,1,2,2,2,2,2,3,3,1,2,1,1,1,3,2,2,1,3,3,4,0,4,4,3,0,1,4,4,4,4,0,2,3,3
RBG-18-0391-1_S22_L001,1,1,1,4,1,1,1,2,2,3,3,1,4,1,2,2,3,3,1,1,2,3,1,1,1,1,3,4,4,1,3,3,1,1,1,2,3,2,1,2,3,2,3,1,2,1,3,2,2,3,4,2,2,3,2,2,1,3,2,1,4,1,1,3,1,4,1,1,2,1,1,1,1,3,1,3,1,1,1,3,1,1,1,1,1,0,2,3,1,2,2,2,2,2,3,3,1,2,1,1,1,0,2,2,1,3,3,4,0,2,4,4,3,0,1,4,4,4,4,2,3,3,1,1,1,4,1,1,1,2,2,3,1,4,1,2,2,3,3,1,1,2,3,1,1,1,3,4,4,1,3,3,1,1,1,2,3,2,1,2,3,3,1,2,1,3,2,2,3,4,2,3,2,2,1,3,2,1,4,1,1,3,1,4,1,1,2,1,1,1,1,3,1,3,1,1,1,3,1,1,1,1,1,0,2,3,1,2,2,2,2,2,3,3,1,2,1,1,1,0,2,2,1,3,3,4,0,4,4,3,0,1,4,4,4,4,2,3,3,0,1,1,1,1,4,1,1,1,2,2,3,3,1,4,1,2,2,3,3,1,1,2,3,1,1,1,1,3,4,4,1,3,1,3,1,1,1,2,3,2,1,2,0,3,2,3,1,3,2,1,3,2,2,3,4,2,2,3,2,2,1,3,2,1,4,1,4,1,3,1,4,1,1,2,1,1,1,1,0,3,2,1,3,1,1,1,3,0,1,2,1,1,0,1,1,0,2,3,1,2,2,2,2,2,3,0,3,1,2,1,1,1,0,2,2,1,3,3,4,0,3,2,4,4,3,0,1,4,4,4,4,0,0,1,0,1,2,3,3,0,0,1,1,1,4,1,1,1,2,2,3,3,1,4,1,2,2,3,3,1,1,2,3,1,1,1,3,4,4,1,3,3,1,1,1,2,3,2,1,2,3,3,1,2,1,3,2,2,3,4,2,3,2,2,1,3,2,1,4,1,1,3,1,4,1,1,2,1,1,1,1,3,1,3,1,1,1,3,1,1,1,1,1,0,2,3,1,2,2,2,2,2,3,3,1,2,1,1,1,0,2,2,1,3,3,4,0,4,4,3,0,1,4,4,4,4,0,2,3,3
RBG-18-0394-1_S23_L001,3,4,2,4,4,1,1,4,3,3,4,1,4,1,2,2,3,3,4,1,2,4,2,2,1,2,3,4,4,1,3,4,2,3,2,4,4,3,3,1,1,2,3,1,2,1,3,2,2,3,4,2,2,3,2,2,2,3,0,0,1,4,2,3,3,1,2,3,3,1,3,3,4,3,3,1,4,3,2,3,2,3,0,1,4,2,2,0,3,3,4,3,4,2,3,3,3,3,1,2,1,3,3,4,1,1,3,3,3,2,3,2,4,3,2,4,1,4,1,0,1,3,3,4,2,4,4,1,1,4,3,4,1,4,1,2,2,3,3,4,1,2,4,2,1,2,3,4,4,1,3,4,2,3,2,4,4,3,3,1,1,3,1,2,1,3,2,2,3,4,2,3,2,2,2,3,0,0,1,4,2,3,3,1,2,3,3,1,3,3,4,3,3,1,4,3,2,3,2,3,0,1,4,2,2,0,3,3,4,3,4,2,3,3,3,3,1,2,1,3,3,4,1,1,3,3,3,3,2,4,3,2,4,1,4,1,0,1,3,3,3,4,2,2,4,4,1,1,4,3,3,4,1,4,1,2,2,3,3,4,1,2,4,2,2,1,2,3,4,4,1,3,4,4,2,3,2,4,4,3,3,1,3,1,2,3,1,3,2,1,3,2,2,3,4,2,2,3,2,2,2,3,0,0,1,4,1,2,3,3,1,2,3,3,1,3,3,4,2,3,2,3,1,4,3,2,3,4,2,2,3,0,3,1,4,2,2,0,3,3,4,3,4,2,3,3,3,3,3,1,2,1,3,3,4,1,1,3,3,3,3,2,3,2,4,3,2,4,1,4,1,1,4,0,3,0,0,1,3,3,1,3,4,2,4,4,1,1,4,3,3,4,1,4,1,2,2,3,3,4,1,2,4,2,1,2,3,4,4,1,3,4,2,3,2,4,4,3,3,1,1,3,1,2,1,3,2,2,3,4,2,3,2,2,2,3,0,0,1,4,2,3,3,1,2,3,3,1,3,3,4,3,3,1,4,3,2,3,2,3,0,1,4,2,2,0,3,3,4,3,4,2,3,3,3,3,1,2,1,3,3,4,1,1,3,3,3,3,2,4,3,2,4,1,4,1,4,0,1,3
RBG-18-0402-1_S50,3,1,1,4,1,1,1,2,4,3,0,1,4,1,2,2,3,3,1,1,2,3,1,0,1,1,3,4,4,1,3,0,1,3,2,2,3,3,1,2,1,2,3,1,2,1,0,0,2,3,4,2,2,3,2,2,1,3,2,1,1,0,1,3,1,4,2,2,3,0,0,1,1,0,3,1,1,1,2,3,2,1,1,1,4,2,1,3,3,3,4,3,2,2,3,3,3,3,1,2,1,3,2,2,0,1,3,4,3,2,3,4,3,3,1,4,1,4,4,2,3,3,3,1,1,4,1,1,1,2,4,0,1,4,1,2,2,3,3,1,1,2,3,1,1,1,3,4,4,1,3,0,1,3,2,2,3,3,1,2,1,3,1,2,1,0,0,2,3,4,2,3,2,2,1,3,2,1,1,0,1,3,1,4,2,2,3,0,0,1,1,0,3,1,1,1,2,3,2,1,1,1,4,2,1,3,3,3,4,3,2,2,3,3,3,3,1,2,1,3,2,2,0,1,3,4,3,3,4,3,3,1,4,1,4,4,2,3,3,3,3,1,1,1,4,1,1,1,2,4,3,0,1,4,1,2,2,3,3,1,1,2,3,1,0,1,1,3,4,4,1,3,4,0,1,3,2,2,3,3,1,2,3,1,2,3,1,3,2,1,0,0,2,3,4,2,2,3,2,2,1,3,2,1,1,0,1,1,3,1,4,2,2,3,0,0,1,1,2,0,2,3,1,1,1,2,3,3,2,0,1,1,3,1,4,2,1,3,3,3,4,3,2,2,3,3,3,3,3,1,2,1,3,2,2,0,1,3,4,3,3,2,3,4,3,3,1,4,1,4,4,1,4,1,3,1,2,3,3,3,1,3,1,1,4,1,1,1,2,4,3,0,1,4,1,2,2,3,3,1,1,2,3,1,1,1,3,4,4,1,3,0,1,3,2,2,3,3,1,2,1,3,1,2,1,0,0,2,3,4,2,3,2,2,1,3,2,1,1,0,1,3,1,4,2,2,3,0,0,1,1,0,3,1,1,1,2,3,2,1,1,1,4,2,1,3,3,3,4,3,2,2,3,3,3,3,1,2,1,3,2,2,0,1,3,4,3,3,4,3,3,1,4,1,4,4,4,2,3,3
RBG-18-0410-1_S12,1,1,1,4,1,1,1,2,2,3,3,1,4,1,2,2,3,3,1,1,2,3,1,1,1,1,3,4,4,1,3,3,1,1,1,2,3,2,1,2,3,2,3,1,2,1,3,2,2,3,4,2,2,3,2,2,1,3,2,1,4,1,1,3,1,4,1,1,2,1,1,1,1,3,1,3,1,1,1,3,1,1,1,1,1,2,2,3,1,2,2,2,2,2,3,3,1,2,1,1,1,3,2,2,1,3,3,4,0,2,4,4,3,0,1,4,4,4,4,2,3,3,1,1,1,4,1,1,1,2,2,3,1,4,1,2,2,3,3,1,1,2,3,1,1,1,3,4,4,1,3,3,1,1,1,2,3,2,1,2,3,3,1,2,1,3,2,2,3,4,2,3,2,2,1,3,2,1,4,1,1,3,1,4,1,1,2,1,1,1,1,3,1,3,1,1,1,3,1,1,1,1,1,2,2,3,1,2,2,2,2,2,3,3,1,2,1,1,1,3,2,2,1,3,3,4,0,4,4,3,0,1,4,4,4,4,2,3,3,0,1,1,1,1,4,1,1,1,2,2,3,3,1,4,1,2,2,3,3,1,1,2,3,1,1,1,1,3,4,4,1,3,1,3,1,1,1,2,3,2,1,2,0,3,2,3,1,3,2,1,3,2,2,3,4,2,2,3,2,2,1,3,2,1,4,1,4,1,3,1,4,1,1,2,1,1,1,1,0,3,2,1,3,1,1,1,3,0,1,2,1,1,0,1,1,2,2,3,1,2,2,2,2,2,3,0,3,1,2,1,1,1,3,2,2,1,3,3,4,0,3,2,4,4,3,0,1,4,4,4,4,0,0,1,0,1,2,3,3,0,0,1,1,1,4,1,1,1,2,2,3,3,1,4,1,2,2,3,3,1,1,2,3,1,1,1,3,4,4,1,3,3,1,1,1,2,3,2,1,2,3,3,1,2,1,3,2,2,3,4,2,3,2,2,1,3,2,1,4,1,1,3,1,4,1,1,2,1,1,1,1,3,1,3,1,1,1,3,1,1,1,1,1,2,2,3,1,2,2,2,2,2,3,3,1,2,1,1,1,3,2,2,1,3,3,4,0,4,4,3,0,1,4,4,4,4,0,2,3,3
RBG-18-0417-1_S52,0,1,1,4,1,1,1,2,0,3,4,1,0,1,2,2,3,4,1,1,2,3,0,2,1,1,0,4,4,1,3,3,1,3,2,2,3,3,1,1,1,2,3,1,2,1,3,0,2,3,4,2,2,3,2,2,0,3,2,1,1,4,1,3,1,4,2,2,3,1,1,1,1,3,3,1,1,1,2,3,2,1,1,1,4,2,1,3,3,3,4,3,2,2,3,3,3,3,1,2,1,3,2,2,1,1,0,4,3,2,3,4,4,3,1,4,0,4,4,2,3,3,0,1,1,4,1,1,1,2,0,4,1,0,1,2,2,3,4,1,1,2,3,0,1,1,0,4,4,1,3,3,1,3,2,2,3,3,1,1,1,3,1,2,1,3,0,2,3,4,2,3,2,2,0,3,2,1,1,4,1,3,1,4,2,2,3,1,1,1,1,3,3,1,1,1,2,3,2,1,1,1,4,2,1,3,3,3,4,3,2,2,3,3,3,3,1,2,1,3,2,2,1,1,0,4,3,3,4,4,3,1,4,0,4,4,2,3,3,3,0,1,1,0,4,1,1,1,2,0,3,4,1,0,1,2,2,3,4,1,1,2,3,0,2,1,1,0,4,4,1,3,0,3,1,3,2,2,3,3,1,1,3,1,2,3,1,0,2,1,3,0,2,3,4,2,2,3,2,2,0,3,2,1,1,4,1,1,3,1,4,2,2,3,1,1,1,1,2,3,2,3,1,1,1,2,3,3,2,2,1,1,3,1,4,2,1,3,3,3,4,3,2,2,3,3,3,3,3,1,2,1,3,2,2,1,1,0,4,3,3,2,3,4,4,3,1,4,0,4,4,1,4,1,3,1,2,3,3,3,1,0,1,1,4,1,1,1,2,0,3,4,1,0,1,2,2,3,4,1,1,2,3,0,1,1,0,4,4,1,3,3,1,3,2,2,3,3,1,1,1,3,1,2,1,3,0,2,3,4,2,3,2,2,0,3,2,1,1,4,1,3,1,4,2,2,3,1,1,1,1,3,3,1,1,1,2,3,2,1,1,1,4,2,1,3,3,3,4,3,2,2,3,3,3,3,1,2,1,3,2,2,1,1,0,4,3,3,4,4,3,1,4,0,4,4,4,2,3,3
RBG-18-0421-1_S53,1,1,1,4,1,1,1,2,2,3,3,1,4,1,2,2,3,3,1,1,2,3,1,1,1,1,3,4,4,1,3,3,1,1,1,2,3,2,1,2,3,2,3,1,2,1,3,2,2,3,4,2,2,3,2,2,1,3,2,1,4,1,1,3,1,4,1,1,2,1,1,1,1,3,1,3,1,1,1,3,1,1,1,1,1,2,2,3,1,2,2,2,2,2,3,3,1,2,1,1,1,3,2,2,1,3,3,4,0,2,4,4,3,0,1,4,4,4,4,2,3,3,1,1,1,4,1,1,1,2,2,3,1,4,1,2,2,3,3,1,1,2,3,1,1,1,3,4,4,1,3,3,1,1,1,2,3,2,1,2,3,3,1,2,1,3,2,2,3,4,2,3,2,2,1,3,2,1,4,1,1,3,1,4,1,1,2,1,1,1,1,3,1,3,1,1,1,3,1,1,1,1,1,2,2,3,1,2,2,2,2,2,3,3,1,2,1,1,1,3,2,2,1,3,3,4,0,4,4,3,0,1,4,4,4,4,2,3,3,0,1,1,1,1,4,1,1,1,2,2,3,3,1,4,1,2,2,3,3,1,1,2,3,1,1,1,1,3,4,4,1,3,1,3,1,1,1,2,3,2,1,2,0,3,2,3,1,3,2,1,3,2,2,3,4,2,2,3,2,2,1,3,2,1,4,1,4,1,3,1,4,1,1,2,1,1,1,1,0,3,2,1,3,1,1,1,3,0,1,2,1,1,0,1,1,2,2,3,1,2,2,2,2,2,3,0,3,1,2,1,1,1,3,2,2,1,3,3,4,0,3,2,4,4,3,0,1,4,4,4,4,0,0,1,0,1,2,3,3,0,0,1,1,1,4,1,1,1,2,2,3,3,1,4,1,2,2,3,3,1,1,2,3,1,1,1,3,4,4,1,3,3,1,1,1,2,3,2,1,2,3,3,1,2,1,3,2,2,3,4,2,3,2,2,1,3,2,1,4,1,1,3,1,4,1,1,2,1,1,1,1,3,1,3,1,1,1,3,1,1,1,1,1,2,2,3,1,2,2,2,2,2,3,3,1,2,1,1,1,3,2,2,1,3,3,4,0,4,4,3,0,1,4,4,4,4,0,2,3,3
RBG-18-0437-1_S54,0,1,1,4,1,1,1,2,2,3,3,1,4,1,2,2,3,3,1,1,2,3,1,1,1,1,3,4,4,1,3,3,1,1,1,2,3,2,1,2,3,2,3,1,2,1,3,2,2,3,4,2,2,3,2,2,1,3,2,1,4,1,1,3,1,4,1,1,2,1,1,1,1,3,1,3,1,1,1,3,1,1,1,1,1,2,2,3,1,2,2,2,2,2,3,3,1,2,1,1,1,0,2,2,1,0,3,4,0,2,4,4,3,0,1,4,4,4,4,2,3,3,0,1,1,4,1,1,1,2,2,3,1,4,1,2,2,3,3,1,1,2,3,1,1,1,3,4,4,1,3,3,1,1,1,2,3,2,1,2,3,3,1,2,1,3,2,2,3,4,2,3,2,2,1,3,2,1,4,1,1,3,1,4,1,1,2,1,1,1,1,3,1,3,1,1,1,3,1,1,1,1,1,2,2,3,1,2,2,2,2,2,3,3,1,2,1,1,1,0,2,2,1,0,3,4,0,4,4,3,0,1,4,4,4,4,2,3,3,0,0,1,1,1,4,1,1,1,2,2,3,3,1,4,1,2,2,3,3,1,1,2,3,1,1,1,1,3,4,4,1,3,1,3,1,1,1,2,3,2,1,2,0,3,2,3,1,3,2,1,3,2,2,3,4,2,2,3,2,2,1,3,2,1,4,1,4,1,3,1,4,1,1,2,1,1,1,1,0,3,2,1,3,1,1,1,3,0,1,2,1,1,0,1,1,2,2,3,1,2,2,2,2,2,3,0,3,1,2,1,1,1,0,2,2,1,0,3,4,0,3,2,4,4,3,0,1,4,4,4,4,0,0,1,0,1,2,3,3,0,0,0,1,1,4,1,1,1,2,2,3,3,1,4,1,2,2,3,3,1,1,2,3,1,1,1,3,4,4,1,3,3,1,1,1,2,3,2,1,2,3,3,1,2,1,3,2,2,3,4,2,3,2,2,1,3,2,1,4,1,1,3,1,4,1,1,2,1,1,1,1,3,1,3,1,1,1,3,1,1,1,1,1,2,2,3,1,2,2,2,2,2,3,3,1,2,1,1,1,0,2,2,1,0,3,4,0,4,4,3,0,1,4,4,4,4,0,2,3,3
RBK-16-007-1_S13,3,4,2,4,1,1,1,2,3,3,4,1,4,1,2,2,3,3,1,1,2,3,1,2,1,2,3,4,4,1,3,4,1,3,2,2,3,3,3,1,1,0,3,1,2,1,3,2,2,3,4,2,2,3,2,2,1,3,0,0,1,4,1,1,1,1,2,1,3,1,3,3,1,0,0,0,4,1,2,3,2,3,0,1,4,2,2,0,1,3,4,3,4,2,3,3,3,2,1,2,1,3,2,4,1,0,0,4,3,2,3,4,4,3,1,4,1,4,1,2,1,0,3,4,2,4,1,1,1,2,3,4,1,4,1,2,2,3,3,1,1,2,3,1,1,2,3,4,4,1,3,4,1,3,2,2,3,3,3,1,1,3,1,2,1,3,2,2,3,4,2,3,2,2,1,3,0,0,1,4,1,1,1,1,2,1,3,1,3,3,1,0,0,0,4,1,2,3,2,3,0,1,4,2,2,0,1,3,4,3,4,2,3,3,3,2,1,2,1,3,2,4,1,0,0,4,3,3,4,4,3,1,4,1,4,1,2,1,0,3,3,4,2,2,4,1,1,1,2,3,3,4,1,4,1,2,2,3,3,1,1,2,3,1,2,1,2,3,4,4,1,3,4,4,1,3,2,2,3,3,3,1,3,1,0,3,1,3,2,1,3,2,2,3,4,2,2,3,2,2,1,3,0,0,1,4,1,1,1,1,1,2,1,3,1,3,3,1,2,0,0,0,0,4,1,2,3,3,2,2,3,0,3,1,4,2,2,0,1,3,4,3,4,2,3,3,3,3,2,1,2,1,3,2,4,1,0,0,4,3,3,2,3,4,4,3,1,4,1,4,1,1,4,0,3,1,2,1,0,3,1,3,4,2,4,1,1,1,2,3,3,4,1,4,1,2,2,3,3,1,1,2,3,1,1,2,3,4,4,1,3,4,1,3,2,2,3,3,3,1,1,3,1,2,1,3,2,2,3,4,2,3,2,2,1,3,0,0,1,4,1,1,1,1,2,1,3,1,3,3,1,0,0,0,4,1,2,3,2,3,0,1,4,2,2,0,1,3,4,3,4,2,3,3,3,2,1,2,1,3,2,4,1,0,0,4,3,3,4,4,3,1,4,1,4,1,4,2,1,0
RBK-16-073-1_S14,3,0,1,4,4,1,1,2,4,3,4,1,4,1,2,2,3,3,1,1,2,3,2,2,1,1,3,4,4,1,3,3,2,3,2,2,4,3,1,1,3,2,3,1,2,1,3,2,2,3,4,2,2,3,2,2,1,3,2,1,1,4,1,1,3,4,2,3,3,2,1,1,1,3,3,1,1,1,0,3,2,3,1,1,0,2,2,3,3,3,4,3,2,2,3,3,3,3,1,2,1,3,2,2,1,1,3,3,3,2,3,4,4,3,1,0,1,0,4,2,3,3,3,0,1,4,4,1,1,2,4,4,1,4,1,2,2,3,3,1,1,2,3,2,1,1,3,4,4,1,3,3,2,3,2,2,4,3,1,1,3,3,1,2,1,3,2,2,3,4,2,3,2,2,1,3,2,1,1,4,1,1,3,4,2,3,3,2,1,1,1,3,3,1,1,1,0,3,2,3,1,1,0,2,2,3,3,3,4,3,2,2,3,3,3,3,1,2,1,3,2,2,1,1,3,3,3,3,4,4,3,1,0,1,0,4,2,3,3,2,3,0,1,1,4,4,1,1,2,4,3,4,1,4,1,2,2,3,3,1,1,2,3,2,2,1,1,3,4,4,1,3,1,3,2,3,2,2,4,3,1,1,3,3,2,3,1,3,2,1,3,2,2,3,4,2,2,3,2,2,1,3,2,1,1,4,0,1,1,3,4,2,3,3,2,1,1,1,2,3,2,3,1,1,1,0,3,4,2,2,3,1,3,1,0,2,2,3,3,3,4,3,2,2,3,3,3,3,3,1,2,1,3,2,2,1,1,3,3,3,3,2,3,4,4,3,1,0,1,0,4,1,4,0,3,0,2,3,3,3,1,3,0,1,4,4,1,1,2,4,3,4,1,4,1,2,2,3,3,1,1,2,3,2,1,1,3,4,4,1,3,3,2,3,2,2,4,3,1,1,3,3,1,2,1,3,2,2,3,4,2,3,2,2,1,3,2,1,1,4,1,1,3,4,2,3,3,2,1,1,1,3,3,1,1,1,0,3,2,3,1,1,0,2,2,3,3,3,4,3,2,2,3,3,3,3,1,2,1,3,2,2,1,1,3,3,3,3,4,4,3,1,0,1,0,4,4,2,3,3
RBK-16-079-1_S15,3,1,1,4,4,1,3,2,4,3,4,3,4,1,2,2,3,3,1,1,2,3,2,2,1,1,3,4,4,1,3,3,2,3,2,2,4,3,1,1,1,2,0,1,2,1,3,2,2,3,4,2,2,3,2,2,1,3,2,1,0,4,1,1,3,4,2,3,3,2,1,1,1,3,3,1,1,1,2,3,2,1,1,1,1,2,2,3,3,3,4,3,2,2,3,3,3,3,2,2,1,3,2,2,1,1,3,3,3,2,3,4,4,3,1,4,0,4,4,0,3,3,3,1,1,4,4,1,3,2,4,4,3,4,1,2,2,3,3,1,1,2,3,2,1,1,3,4,4,1,3,3,2,3,2,2,4,3,1,1,1,0,1,2,1,3,2,2,3,4,2,3,2,2,1,3,2,1,0,4,1,1,3,4,2,3,3,2,1,1,1,3,3,1,1,1,2,3,2,1,1,1,1,2,2,3,3,3,4,3,2,2,3,3,3,3,2,2,1,3,2,2,1,1,3,3,3,3,4,4,3,1,4,0,4,4,0,3,3,2,3,1,1,2,4,4,1,3,2,4,3,4,3,4,1,2,2,3,3,1,1,2,3,2,2,1,1,3,4,4,1,3,4,3,2,3,2,2,4,3,1,1,3,1,2,0,1,3,2,1,3,2,2,3,4,2,2,3,2,2,1,3,2,1,0,4,1,1,1,3,4,2,3,3,2,1,1,1,2,3,2,3,1,1,1,2,3,4,2,2,1,1,3,1,1,2,2,3,3,3,4,3,2,2,3,3,3,3,3,2,2,1,3,2,2,1,1,3,3,3,3,2,3,4,4,3,1,4,0,4,4,1,4,1,3,1,0,3,3,3,1,3,1,1,4,4,1,3,2,4,3,4,3,4,1,2,2,3,3,1,1,2,3,2,1,1,3,4,4,1,3,3,2,3,2,2,4,3,1,1,1,0,1,2,1,3,2,2,3,4,2,3,2,2,1,3,2,1,0,4,1,1,3,4,2,3,3,2,1,1,1,3,3,1,1,1,2,3,2,1,1,1,1,2,2,3,3,3,4,3,2,2,3,3,3,3,2,2,1,3,2,2,1,1,3,3,3,3,4,4,3,1,4,0,4,4,4,0,3,3
RBK-16-124-1_S16,3,1,1,4,4,1,3,2,4,3,4,3,4,1,2,2,3,3,1,1,2,3,2,2,1,1,3,4,4,1,3,3,2,3,2,2,0,0,0,1,1,2,3,1,2,1,4,2,2,3,4,2,2,3,2,2,1,3,2,1,0,4,1,1,3,4,2,3,3,2,1,1,1,3,3,1,1,1,2,3,2,1,1,1,1,2,2,3,3,3,4,3,2,2,3,3,3,3,2,2,1,3,2,2,1,1,3,3,3,2,4,4,4,3,1,4,0,0,4,0,3,0,3,1,1,4,4,1,3,2,4,4,3,4,1,2,2,3,3,1,1,2,3,2,1,1,3,4,4,1,3,3,2,3,2,2,0,0,0,1,1,3,1,2,1,4,2,2,3,4,2,3,2,2,1,3,2,1,0,4,1,1,3,4,2,3,3,2,1,1,1,3,3,1,1,1,2,3,2,1,1,1,1,2,2,3,3,3,4,3,2,2,3,3,3,3,2,2,1,3,2,2,1,1,3,3,3,4,4,4,3,1,4,0,0,4,0,3,0,2,3,1,1,2,4,4,1,3,2,4,3,4,3,4,1,2,2,3,3,1,1,2,3,2,2,1,1,3,4,4,1,3,4,3,2,3,2,2,0,0,0,1,3,1,2,3,1,3,2,1,4,2,2,3,4,2,2,3,2,2,1,3,2,1,0,4,1,1,1,3,4,2,3,3,2,1,1,1,2,3,2,3,1,1,1,2,3,4,2,2,1,1,3,1,1,2,2,3,3,3,4,3,2,2,3,3,3,3,3,2,2,1,3,2,2,1,1,3,3,3,3,2,4,4,4,3,1,4,0,0,4,1,4,0,3,1,0,3,0,3,1,3,1,1,4,4,1,3,2,4,3,4,3,4,1,2,2,3,3,1,1,2,3,2,1,1,3,4,4,1,3,3,2,3,2,2,0,0,0,1,1,3,1,2,1,4,2,2,3,4,2,3,2,2,1,3,2,1,0,4,1,1,3,4,2,3,3,2,1,1,1,3,3,1,1,1,2,3,2,1,1,1,1,2,2,3,3,3,4,3,2,2,3,3,3,3,2,2,1,3,2,2,1,1,3,3,3,4,4,4,3,1,4,0,0,4,4,0,3,0
RBK-17-0457-1_S6,1,1,1,4,1,1,1,2,2,3,3,1,4,1,2,2,3,3,1,1,2,3,1,1,1,1,3,4,4,1,3,3,1,1,1,2,3,2,1,2,3,2,3,1,2,1,3,2,2,3,4,2,2,3,2,2,1,3,2,1,4,1,1,3,1,4,1,1,2,1,1,1,1,3,1,3,1,1,1,3,1,1,1,1,1,2,2,3,1,2,2,2,2,2,3,3,1,2,1,1,1,0,2,2,1,3,3,4,0,2,4,4,3,0,1,4,4,4,4,2,3,3,1,1,1,4,1,1,1,2,2,3,1,4,1,2,2,3,3,1,1,2,3,1,1,1,3,4,4,1,3,3,1,1,1,2,3,2,1,2,3,3,1,2,1,3,2,2,3,4,2,3,2,2,1,3,2,1,4,1,1,3,1,4,1,1,2,1,1,1,1,3,1,3,1,1,1,3,1,1,1,1,1,2,2,3,1,2,2,2,2,2,3,3,1,2,1,1,1,0,2,2,1,3,3,4,0,4,4,3,0,1,4,4,4,4,2,3,3,0,1,1,1,1,4,1,1,1,2,2,3,3,1,4,1,2,2,3,3,1,1,2,3,1,1,1,1,3,4,4,1,3,1,3,1,1,1,2,3,2,1,2,0,3,2,3,1,3,2,1,3,2,2,3,4,2,2,3,2,2,1,3,2,1,4,1,4,1,3,1,4,1,1,2,1,1,1,1,0,3,2,1,3,1,1,1,3,0,1,2,1,1,0,1,1,2,2,3,1,2,2,2,2,2,3,0,3,1,2,1,1,1,0,2,2,1,3,3,4,0,3,2,4,4,3,0,1,4,4,4,4,0,0,1,0,1,2,3,3,0,0,1,1,1,4,1,1,1,2,2,3,3,1,4,1,2,2,3,3,1,1,2,3,1,1,1,3,4,4,1,3,3,1,1,1,2,3,2,1,2,3,3,1,2,1,3,2,2,3,4,2,3,2,2,1,3,2,1,4,1,1,3,1,4,1,1,2,1,1,1,1,3,1,3,1,1,1,3,1,1,1,1,1,2,2,3,1,2,2,2,2,2,3,3,1,2,1,1,1,0,2,2,1,3,3,4,0,4,4,3,0,1,4,4,4,4,0,2,3,3
RBK-17-049-1_S62,3,0,1,0,4,1,1,2,4,0,4,0,4,1,2,2,3,0,1,1,2,3,2,2,1,1,0,4,4,1,3,3,1,3,2,2,4,3,1,2,3,2,3,1,0,1,0,0,2,3,4,2,2,3,2,2,1,3,2,1,1,4,1,1,0,4,2,3,3,2,1,0,1,0,3,1,1,1,0,0,2,1,1,1,1,2,2,3,3,3,4,3,2,2,0,3,3,3,1,2,0,3,2,2,0,1,3,3,3,2,3,2,4,3,1,4,0,4,4,2,3,3,3,0,1,0,4,1,1,2,4,4,0,4,1,2,2,3,0,1,1,2,3,2,1,1,0,4,4,1,3,3,1,3,2,2,4,3,1,2,3,3,1,0,1,0,0,2,3,4,2,3,2,2,1,3,2,1,1,4,1,1,0,4,2,3,3,2,1,0,1,0,3,1,1,1,0,0,2,1,1,1,1,2,2,3,3,3,4,3,2,2,0,3,3,3,1,2,0,3,2,2,0,1,3,3,3,3,2,4,3,1,4,0,4,4,2,3,3,3,3,0,1,1,0,4,1,1,2,4,0,4,0,4,1,2,2,3,0,1,1,2,3,2,2,1,1,0,4,4,1,3,4,3,1,3,2,2,4,3,1,2,3,3,2,3,1,0,0,1,0,0,2,3,4,2,2,3,2,2,1,3,2,1,1,4,0,1,1,0,4,2,3,3,2,1,0,1,2,0,0,3,1,1,1,0,0,4,2,2,1,1,3,1,1,2,2,3,3,3,4,3,2,2,0,3,3,3,3,1,2,0,3,2,2,0,1,3,3,3,3,2,3,2,4,3,1,4,0,4,4,1,4,1,3,0,2,3,3,3,1,3,0,1,0,4,1,1,2,4,0,4,0,4,1,2,2,3,0,1,1,2,3,2,1,1,0,4,4,1,3,3,1,3,2,2,4,3,1,2,3,3,1,0,1,0,0,2,3,4,2,3,2,2,1,3,2,1,1,4,1,1,0,4,2,3,3,2,1,0,1,0,3,1,1,1,0,0,2,1,1,1,1,2,2,3,3,3,4,3,2,2,0,3,3,3,1,2,0,3,2,2,0,1,3,3,3,3,2,4,3,1,4,0,4,4,4,2,3,3
RBK-17-0492-1_S8,0,1,1,4,1,1,1,2,2,3,3,1,4,1,2,2,3,3,1,1,2,3,1,1,1,1,3,4,4,1,3,3,1,1,1,2,3,2,1,2,3,2,3,1,2,1,3,2,2,3,4,2,2,3,2,2,1,3,2,1,4,1,1,3,1,4,1,1,2,1,1,1,1,3,1,3,1,1,1,3,1,1,1,1,1,2,2,3,1,2,2,2,2,2,3,3,1,2,1,1,1,0,2,2,1,3,3,4,0,2,4,4,3,0,1,4,4,4,4,2,3,3,0,1,1,4,1,1,1,2,2,3,1,4,1,2,2,3,3,1,1,2,3,1,1,1,3,4,4,1,3,3,1,1,1,2,3,2,1,2,3,3,1,2,1,3,2,2,3,4,2,3,2,2,1,3,2,1,4,1,1,3,1,4,1,1,2,1,1,1,1,3,1,3,1,1,1,3,1,1,1,1,1,2,2,3,1,2,2,2,2,2,3,3,1,2,1,1,1,0,2,2,1,3,3,4,0,4,4,3,0,1,4,4,4,4,2,3,3,0,0,1,1,1,4,1,1,1,2,2,3,3,1,4,1,2,2,3,3,1,1,2,3,1,1,1,1,3,4,4,1,3,1,3,1,1,1,2,3,2,1,2,0,3,2,3,1,3,2,1,3,2,2,3,4,2,2,3,2,2,1,3,2,1,4,1,4,1,3,1,4,1,1,2,1,1,1,1,0,3,2,1,3,1,1,1,3,0,1,2,1,1,0,1,1,2,2,3,1,2,2,2,2,2,3,0,3,1,2,1,1,1,0,2,2,1,3,3,4,0,3,2,4,4,3,0,1,4,4,4,4,0,0,1,0,1,2,3,3,0,0,0,1,1,4,1,1,1,2,2,3,3,1,4,1,2,2,3,3,1,1,2,3,1,1,1,3,4,4,1,3,3,1,1,1,2,3,2,1,2,3,3,1,2,1,3,2,2,3,4,2,3,2,2,1,3,2,1,4,1,1,3,1,4,1,1,2,1,1,1,1,3,1,3,1,1,1,3,1,1,1,1,1,2,2,3,1,2,2,2,2,2,3,3,1,2,1,1,1,0,2,2,1,3,3,4,0,4,4,3,0,1,4,4,4,4,0,2,3,3
RBK-17-0588-1_S24,1,1,1,4,1,1,1,2,2,3,3,1,4,1,2,2,3,3,1,1,2,3,1,1,1,1,3,4,4,1,3,3,1,1,1,2,3,2,1,2,3,2,3,1,2,1,3,2,2,3,4,2,2,3,2,2,1,3,2,1,4,1,1,3,1,4,1,1,2,1,1,1,1,3,1,3,1,1,1,3,1,1,1,1,1,2,2,3,1,2,2,2,2,2,3,3,1,2,1,1,1,0,2,2,1,3,3,4,0,2,4,4,3,0,1,4,4,4,4,2,3,3,1,1,1,4,1,1,1,2,2,3,1,4,1,2,2,3,3,1,1,2,3,1,1,1,3,4,4,1,3,3,1,1,1,2,3,2,1,2,3,3,1,2,1,3,2,2,3,4,2,3,2,2,1,3,2,1,4,1,1,3,1,4,1,1,2,1,1,1,1,3,1,3,1,1,1,3,1,1,1,1,1,2,2,3,1,2,2,2,2,2,3,3,1,2,1,1,1,0,2,2,1,3,3,4,0,4,4,3,0,1,4,4,4,4,2,3,3,0,1,1,1,1,4,1,1,1,2,2,3,3,1,4,1,2,2,3,3,1,1,2,3,1,1,1,1,3,4,4,1,3,1,3,1,1,1,2,3,2,1,2,0,3,2,3,1,3,2,1,3,2,2,3,4,2,2,3,2,2,1,3,2,1,4,1,4,1,3,1,4,1,1,2,1,1,1,1,0,3,2,1,3,1,1,1,3,0,1,2,1,1,0,1,1,2,2,3,1,2,2,2,2,2,3,0,3,1,2,1,1,1,0,2,2,1,3,3,4,0,3,2,4,4,3,0,1,4,4,4,4,0,0,1,0,1,2,3,3,0,0,1,1,1,4,1,1,1,2,2,3,3,1,4,1,2,2,3,3,1,1,2,3,1,1,1,3,4,4,1,3,3,1,1,1,2,3,2,1,2,3,3,1,2,1,3,2,2,3,4,2,3,2,2,1,3,2,1,4,1,1,3,1,4,1,1,2,1,1,1,1,3,1,3,1,1,1,3,1,1,1,1,1,2,2,3,1,2,2,2,2,2,3,3,1,2,1,1,1,0,2,2,1,3,3,4,0,4,4,3,0,1,4,4,4,4,0,2,3,3
RBK-17-0595-1_S187,3,0,1,4,4,1,1,2,4,3,4,1,4,1,2,2,3,3,1,1,2,3,2,2,1,1,3,4,4,1,3,3,2,3,2,2,4,3,1,1,3,2,3,1,2,1,3,2,2,3,4,2,2,3,2,2,1,3,2,1,1,4,1,1,3,4,2,3,3,2,1,1,1,3,3,1,1,1,0,3,2,3,1,1,0,2,2,3,3,3,4,3,2,2,3,3,3,3,1,2,1,3,2,2,1,1,3,3,3,2,3,4,4,3,1,0,1,0,4,2,3,3,3,0,1,4,4,1,1,2,4,4,1,4,1,2,2,3,3,1,1,2,3,2,1,1,3,4,4,1,3,3,2,3,2,2,4,3,1,1,3,3,1,2,1,3,2,2,3,4,2,3,2,2,1,3,2,1,1,4,1,1,3,4,2,3,3,2,1,1,1,3,3,1,1,1,0,3,2,3,1,1,0,2,2,3,3,3,4,3,2,2,3,3,3,3,1,2,1,3,2,2,1,1,3,3,3,3,4,4,3,1,0,1,0,4,2,3,3,2,3,0,1,1,4,4,1,1,2,4,3,4,1,4,1,2,2,3,3,1,1,2,3,2,2,1,1,3,4,4,1,3,1,3,2,3,2,2,4,3,1,1,3,3,2,3,1,3,2,1,3,2,2,3,4,2,2,3,2,2,1,3,2,1,1,4,0,1,1,3,4,2,3,3,2,1,1,1,2,3,2,3,1,1,1,0,3,4,2,2,3,1,3,1,0,2,2,3,3,3,4,3,2,2,3,3,3,3,3,1,2,1,3,2,2,1,1,3,3,3,3,2,3,4,4,3,1,0,1,0,4,1,4,0,3,0,2,3,3,3,1,3,0,1,4,4,1,1,2,4,3,4,1,4,1,2,2,3,3,1,1,2,3,2,1,1,3,4,4,1,3,3,2,3,2,2,4,3,1,1,3,3,1,2,1,3,2,2,3,4,2,3,2,2,1,3,2,1,1,4,1,1,3,4,2,3,3,2,1,1,1,3,3,1,1,1,0,3,2,3,1,1,0,2,2,3,3,3,4,3,2,2,3,3,3,3,1,2,1,3,2,2,1,1,3,3,3,3,4,4,3,1,0,1,0,4,4,2,3,3
RBK-17-0601-1_S25,1,1,1,4,1,1,1,2,2,3,3,1,4,1,2,2,3,3,1,1,2,3,1,1,1,1,3,4,4,1,3,3,1,1,1,2,3,2,1,2,3,2,3,1,2,1,3,2,2,3,4,2,2,3,2,2,1,3,2,1,4,1,1,3,1,4,1,1,2,1,1,1,1,3,1,3,1,1,1,3,1,1,1,1,1,2,2,3,1,2,2,2,2,2,3,3,1,2,1,1,1,3,2,2,1,3,3,4,0,2,4,4,3,0,1,4,4,4,4,2,3,3,1,1,1,4,1,1,1,2,2,3,1,4,1,2,2,3,3,1,1,2,3,1,1,1,3,4,4,1,3,3,1,1,1,2,3,2,1,2,3,3,1,2,1,3,2,2,3,4,2,3,2,2,1,3,2,1,4,1,1,3,1,4,1,1,2,1,1,1,1,3,1,3,1,1,1,3,1,1,1,1,1,2,2,3,1,2,2,2,2,2,3,3,1,2,1,1,1,3,2,2,1,3,3,4,0,4,4,3,0,1,4,4,4,4,2,3,3,0,1,1,1,1,4,1,1,1,2,2,3,3,1,4,1,2,2,3,3,1,1,2,3,1,1,1,1,3,4,4,1,3,1,3,1,1,1,2,3,2,1,2,0,3,2,3,1,3,2,1,3,2,2,3,4,2,2,3,2,2,1,3,2,1,4,1,4,1,3,1,4,1,1,2,1,1,1,1,0,3,2,1,3,1,1,1,3,0,1,2,1,1,0,1,1,2,2,3,1,2,2,2,2,2,3,0,3,1,2,1,1,1,3,2,2,1,3,3,4,0,3,2,4,4,3,0,1,4,4,4,4,0,0,1,0,1,2,3,3,0,0,1,1,1,4,1,1,1,2,2,3,3,1,4,1,2,2,3,3,1,1,2,3,1,1,1,3,4,4,1,3,3,1,1,1,2,3,2,1,2,3,3,1,2,1,3,2,2,3,4,2,3,2,2,1,3,2,1,4,1,1,3,1,4,1,1,2,1,1,1,1,3,1,3,1,1,1,3,1,1,1,1,1,2,2,3,1,2,2,2,2,2,3,3,1,2,1,1,1,3,2,2,1,3,3,4,0,4,4,3,0,1,4,4,4,4,0,2,3,3
RBK-17-0612-1_S27,1,1,1,4,1,1,1,2,2,3,3,1,4,1,2,2,3,3,1,1,2,3,1,1,1,1,3,4,4,1,3,3,1,1,1,2,3,2,1,2,3,2,3,1,2,1,3,2,2,3,4,2,2,3,2,2,1,3,2,1,4,1,1,3,1,4,1,1,2,1,1,1,1,3,1,3,1,1,1,3,1,1,1,1,1,2,2,3,1,2,2,2,2,2,3,3,1,2,1,1,1,3,2,2,1,3,3,4,0,2,4,4,3,0,1,4,4,4,4,2,3,3,1,1,1,4,1,1,1,2,2,3,1,4,1,2,2,3,3,1,1,2,3,1,1,1,3,4,4,1,3,3,1,1,1,2,3,2,1,2,3,3,1,2,1,3,2,2,3,4,2,3,2,2,1,3,2,1,4,1,1,3,1,4,1,1,2,1,1,1,1,3,1,3,1,1,1,3,1,1,1,1,1,2,2,3,1,2,2,2,2,2,3,3,1,2,1,1,1,3,2,2,1,3,3,4,0,4,4,3,0,1,4,4,4,4,2,3,3,0,1,1,1,1,4,1,1,1,2,2,3,3,1,4,1,2,2,3,3,1,1,2,3,1,1,1,1,3,4,4,1,3,1,3,1,1,1,2,3,2,1,2,0,3,2,3,1,3,2,1,3,2,2,3,4,2,2,3,2,2,1,3,2,1,4,1,4,1,3,1,4,1,1,2,1,1,1,1,0,3,2,1,3,1,1,1,3,0,1,2,1,1,0,1,1,2,2,3,1,2,2,2,2,2,3,0,3,1,2,1,1,1,3,2,2,1,3,3,4,0,3,2,4,4,3,0,1,4,4,4,4,0,0,1,0,1,2,3,3,0,0,1,1,1,4,1,1,1,2,2,3,3,1,4,1,2,2,3,3,1,1,2,3,1,1,1,3,4,4,1,3,3,1,1,1,2,3,2,1,2,3,3,1,2,1,3,2,2,3,4,2,3,2,2,1,3,2,1,4,1,1,3,1,4,1,1,2,1,1,1,1,3,1,3,1,1,1,3,1,1,1,1,1,2,2,3,1,2,2,2,2,2,3,3,1,2,1,1,1,3,2,2,1,3,3,4,0,4,4,3,0,1,4,4,4,4,0,2,3,3
RBK-17-0655-5_S182,1,1,1,4,1,1,1,2,2,3,3,1,4,1,2,2,3,3,1,1,2,3,1,1,1,1,3,4,4,1,3,3,1,1,1,2,3,2,1,2,3,2,3,1,2,1,3,2,2,3,4,2,2,3,2,2,1,3,2,1,4,1,1,3,1,4,1,1,2,1,1,1,1,3,1,3,1,1,1,3,1,1,1,1,1,2,2,3,1,2,2,2,2,2,3,3,1,2,1,1,1,3,2,2,1,3,3,4,0,2,4,4,3,0,1,4,4,4,4,2,3,3,1,1,1,4,1,1,1,2,2,3,1,4,1,2,2,3,3,1,1,2,3,1,1,1,3,4,4,1,3,3,1,1,1,2,3,2,1,2,3,3,1,2,1,3,2,2,3,4,2,3,2,2,1,3,2,1,4,1,1,3,1,4,1,1,2,1,1,1,1,3,1,3,1,1,1,3,1,1,1,1,1,2,2,3,1,2,2,2,2,2,3,3,1,2,1,1,1,3,2,2,1,3,3,4,0,4,4,3,0,1,4,4,4,4,2,3,3,0,1,1,1,1,4,1,1,1,2,2,3,3,1,4,1,2,2,3,3,1,1,2,3,1,1,1,1,3,4,4,1,3,1,3,1,1,1,2,3,2,1,2,0,3,2,3,1,3,2,1,3,2,2,3,4,2,2,3,2,2,1,3,2,1,4,1,4,1,3,1,4,1,1,2,1,1,1,1,0,3,2,1,3,1,1,1,3,0,1,2,1,1,0,1,1,2,2,3,1,2,2,2,2,2,3,0,3,1,2,1,1,1,3,2,2,1,3,3,4,0,3,2,4,4,3,0,1,4,4,4,4,0,0,1,0,1,2,3,3,0,0,1,1,1,4,1,1,1,2,2,3,3,1,4,1,2,2,3,3,1,1,2,3,1,1,1,3,4,4,1,3,3,1,1,1,2,3,2,1,2,3,3,1,2,1,3,2,2,3,4,2,3,2,2,1,3,2,1,4,1,1,3,1,4,1,1,2,1,1,1,1,3,1,3,1,1,1,3,1,1,1,1,1,2,2,3,1,2,2,2,2,2,3,3,1,2,1,1,1,3,2,2,1,3,3,4,0,4,4,3,0,1,4,4,4,4,0,2,3,3
RBK-18-0002-1_S38,3,4,2,4,1,1,1,2,2,3,4,1,4,1,4,2,3,3,1,1,2,3,2,2,1,2,3,4,4,1,3,4,2,3,2,2,3,3,1,1,1,0,3,1,2,1,3,2,2,3,4,2,2,3,2,2,1,3,2,0,1,4,2,1,3,1,2,3,3,2,1,3,1,3,3,1,4,3,2,3,1,1,0,0,4,2,2,0,1,3,4,3,4,2,3,3,3,2,1,2,1,3,2,2,1,1,0,3,3,2,3,4,3,0,1,4,4,4,4,2,1,0,3,4,2,4,1,1,1,2,2,4,1,4,1,4,2,3,3,1,1,2,3,2,1,2,3,4,4,1,3,4,2,3,2,2,3,3,1,1,1,3,1,2,1,3,2,2,3,4,2,3,2,2,1,3,2,0,1,4,2,1,3,1,2,3,3,2,1,3,1,3,3,1,4,3,2,3,1,1,0,0,4,2,2,0,1,3,4,3,4,2,3,3,3,2,1,2,1,3,2,2,1,1,0,3,3,3,4,3,0,1,4,4,4,4,2,1,0,3,3,4,2,2,4,1,1,1,2,2,3,4,1,4,1,4,2,3,3,1,1,2,3,2,2,1,2,3,4,4,1,3,4,4,2,3,2,2,3,3,1,1,3,1,0,3,1,3,2,1,3,2,2,3,4,2,2,3,2,2,1,3,2,0,1,4,1,2,1,3,1,2,3,3,2,1,3,1,2,3,2,3,1,4,3,2,3,3,1,2,1,0,3,0,4,2,2,0,1,3,4,3,4,2,3,3,3,3,2,1,2,1,3,2,2,1,1,0,3,3,3,2,3,4,3,0,1,4,4,4,4,1,4,1,3,0,2,1,0,3,1,3,4,2,4,1,1,1,2,2,3,4,1,4,1,4,2,3,3,1,1,2,3,2,1,2,3,4,4,1,3,4,2,3,2,2,3,3,1,1,1,3,1,2,1,3,2,2,3,4,2,3,2,2,1,3,2,0,1,4,2,1,3,1,2,3,3,2,1,3,1,3,3,1,4,3,2,3,1,1,0,0,4,2,2,0,1,3,4,3,4,2,3,3,3,2,1,2,1,3,2,2,1,1,0,3,3,3,4,3,0,1,4,4,4,4,4,2,1,0
RBK-18-0005-1_S18,3,1,1,4,4,1,1,2,4,0,4,1,4,1,2,2,3,3,1,1,2,3,2,2,1,1,3,4,4,1,3,3,1,3,2,2,3,3,3,2,1,2,3,1,2,1,3,2,2,3,4,2,2,3,2,2,1,3,2,1,0,4,1,1,3,4,2,3,2,2,3,1,1,3,3,1,1,1,2,3,2,3,1,1,4,2,2,3,3,2,4,3,2,2,3,3,3,2,1,2,1,3,3,2,0,1,0,3,3,2,3,4,4,3,1,4,1,4,2,0,3,3,3,1,1,4,4,1,1,2,4,4,1,4,1,2,2,3,3,1,1,2,3,2,1,1,3,4,4,1,3,3,1,3,2,2,3,3,3,2,1,3,1,2,1,3,2,2,3,4,2,3,2,2,1,3,2,1,0,4,1,1,3,4,2,3,2,2,3,1,1,3,3,1,1,1,2,3,2,3,1,1,4,2,2,3,3,2,4,3,2,2,3,3,3,2,1,2,1,3,3,2,0,1,0,3,3,3,4,4,3,1,4,1,4,2,0,3,3,3,3,1,1,2,4,4,1,1,2,4,0,4,1,4,1,2,2,3,3,1,1,2,3,2,2,1,1,3,4,4,1,3,4,3,1,3,2,2,3,3,3,2,3,1,2,3,1,3,2,1,3,2,2,3,4,2,2,3,2,2,1,3,2,1,0,4,1,1,1,3,4,2,3,2,2,3,1,1,2,3,2,3,1,1,1,2,3,3,2,2,3,1,3,1,4,2,2,3,3,2,4,3,2,2,3,3,3,3,2,1,2,1,3,3,2,0,1,0,3,3,3,2,3,4,4,3,1,4,1,4,2,1,4,1,3,0,0,3,3,3,1,3,1,1,4,4,1,1,2,4,0,4,1,4,1,2,2,3,3,1,1,2,3,2,1,1,3,4,4,1,3,3,1,3,2,2,3,3,3,2,1,3,1,2,1,3,2,2,3,4,2,3,2,2,1,3,2,1,0,4,1,1,3,4,2,3,2,2,3,1,1,3,3,1,1,1,2,3,2,3,1,1,4,2,2,3,3,2,4,3,2,2,3,3,3,2,1,2,1,3,3,2,0,1,0,3,3,3,4,4,3,1,4,1,4,2,4,0,3,3
RBK-18-0019-1_S195,3,4,2,4,4,1,1,4,3,3,4,1,4,1,2,2,3,3,4,1,2,4,2,2,1,2,3,4,4,1,3,4,2,3,2,4,4,3,3,1,1,2,0,0,2,1,3,2,2,3,4,2,2,3,2,2,2,3,0,0,1,4,2,3,3,1,2,3,3,1,3,3,4,3,3,1,4,3,2,3,2,3,0,1,4,2,2,0,3,3,4,3,4,2,3,3,3,3,1,2,1,3,3,4,1,1,3,3,3,2,3,2,4,3,2,4,1,4,1,0,1,3,3,4,2,4,4,1,1,4,3,4,1,4,1,2,2,3,3,4,1,2,4,2,1,2,3,4,4,1,3,4,2,3,2,4,4,3,3,1,1,0,0,2,1,3,2,2,3,4,2,3,2,2,2,3,0,0,1,4,2,3,3,1,2,3,3,1,3,3,4,3,3,1,4,3,2,3,2,3,0,1,4,2,2,0,3,3,4,3,4,2,3,3,3,3,1,2,1,3,3,4,1,1,3,3,3,3,2,4,3,2,4,1,4,1,0,1,3,3,3,4,2,2,4,4,1,1,4,3,3,4,1,4,1,2,2,3,3,4,1,2,4,2,2,1,2,3,4,4,1,3,4,4,2,3,2,4,4,3,3,1,3,1,2,0,0,3,2,1,3,2,2,3,4,2,2,3,2,2,2,3,0,0,1,4,1,2,3,3,1,2,3,3,1,3,3,4,2,3,2,3,1,4,3,2,3,4,2,2,3,0,3,1,4,2,2,0,3,3,4,3,4,2,3,3,3,3,3,1,2,1,3,3,4,1,1,3,3,3,3,2,3,2,4,3,2,4,1,4,1,1,4,0,3,0,0,1,3,3,1,3,4,2,4,4,1,1,4,3,3,4,1,4,1,2,2,3,3,4,1,2,4,2,1,2,3,4,4,1,3,4,2,3,2,4,4,3,3,1,1,0,0,2,1,3,2,2,3,4,2,3,2,2,2,3,0,0,1,4,2,3,3,1,2,3,3,1,3,3,4,3,3,1,4,3,2,3,2,3,0,1,4,2,2,0,3,3,4,3,4,2,3,3,3,3,1,2,1,3,3,4,1,1,3,3,3,3,2,4,3,2,4,1,4,1,4,0,1,3
RBK-18-0020-1_S19,3,1,1,4,1,1,1,2,4,3,4,1,4,1,2,2,3,3,1,1,2,3,1,2,1,1,3,4,4,1,3,3,0,3,2,2,3,3,1,1,1,2,3,1,0,0,0,0,0,0,0,0,0,0,0,0,0,0,2,1,1,4,0,3,1,4,2,2,3,2,0,1,1,3,0,1,1,1,2,3,2,1,1,1,4,2,1,3,3,3,4,3,2,2,3,3,3,3,1,2,1,3,2,2,1,0,3,3,3,0,4,4,4,3,1,4,1,4,4,2,3,3,3,1,1,4,1,1,1,2,4,4,1,4,1,2,2,3,3,1,1,2,3,1,1,1,3,4,4,1,3,3,0,3,2,2,3,3,1,1,1,3,1,0,0,0,0,0,0,0,0,0,0,0,0,0,2,1,1,4,0,3,1,4,2,2,3,2,0,1,1,3,0,1,1,1,2,3,2,1,1,1,4,2,1,3,3,3,4,3,2,2,3,3,3,3,1,2,1,3,2,2,1,0,3,3,3,4,4,4,3,1,4,1,4,4,2,3,3,3,3,1,1,0,4,1,1,1,2,4,3,4,1,4,1,2,2,3,3,1,1,2,3,1,2,1,1,3,4,4,1,3,0,3,0,3,2,2,3,3,1,1,3,1,2,3,1,0,0,0,0,0,0,0,0,0,0,0,0,0,0,0,2,1,1,4,1,0,3,1,4,2,2,3,2,0,1,1,2,3,2,0,1,1,1,2,3,3,2,2,1,1,3,1,4,2,1,3,3,3,4,3,2,2,3,3,3,3,3,1,2,1,3,2,2,1,0,3,3,3,0,0,4,4,4,3,1,4,1,4,4,1,4,1,3,1,2,3,3,3,1,3,1,1,4,1,1,1,2,4,3,4,1,4,1,2,2,3,3,1,1,2,3,1,1,1,3,4,4,1,3,3,0,3,2,2,3,3,1,1,1,3,1,0,0,0,0,0,0,0,0,0,0,0,0,0,2,1,1,4,0,3,1,4,2,2,3,2,0,1,1,3,0,1,1,1,2,3,2,1,1,1,4,2,1,3,3,3,4,3,2,2,3,3,3,3,1,2,1,3,2,2,1,0,3,3,3,4,4,4,3,1,4,1,4,4,4,2,3,3
RBK-18-0022-1_S197,0,0,0,0,0,0,0,0,0,0,0,1,4,0,0,0,0,0,0,0,0,0,0,0,0,0,0,0,0,0,0,0,0,0,0,0,0,0,0,1,1,2,3,1,2,1,3,2,2,3,4,2,0,3,2,2,1,0,2,1,0,0,0,0,0,0,0,0,0,0,0,0,0,0,0,0,0,0,0,0,0,0,1,1,0,0,0,3,0,0,0,0,0,0,0,0,0,0,0,0,0,0,0,0,0,1,3,4,3,2,3,4,4,3,0,0,4,0,0,0,0,3,0,0,0,0,0,0,0,0,0,0,1,4,0,0,0,0,0,0,0,0,0,0,0,0,0,0,0,0,0,0,0,0,0,0,0,0,0,1,1,3,1,2,1,3,2,2,3,4,2,3,2,2,1,0,2,1,0,0,0,0,0,0,0,0,0,0,0,0,0,0,0,0,0,0,0,0,0,0,1,1,0,0,0,3,0,0,0,0,0,0,0,0,0,0,0,0,0,0,0,0,0,1,3,4,3,3,4,4,3,0,0,4,0,0,0,0,3,3,0,0,0,0,0,0,0,0,0,0,0,0,1,4,0,0,0,0,0,0,0,0,0,0,0,0,0,0,0,0,0,0,0,0,0,0,0,0,0,0,0,1,3,1,2,3,1,1,2,1,3,2,2,3,4,2,0,3,2,2,1,0,2,1,0,0,0,0,0,0,0,0,0,0,0,0,0,0,2,0,0,0,0,0,0,0,0,3,0,0,0,1,3,1,0,0,0,3,0,0,0,0,0,0,0,3,0,0,0,0,0,0,0,0,0,0,1,3,4,3,3,2,3,4,4,3,0,0,4,0,0,0,0,0,0,0,0,0,3,3,1,0,0,0,0,0,0,0,0,0,0,0,1,4,0,0,0,0,0,0,0,0,0,0,0,0,0,0,0,0,0,0,0,0,0,0,0,0,0,1,1,3,1,2,1,3,2,2,3,4,2,3,2,2,1,0,2,1,0,0,0,0,0,0,0,0,0,0,0,0,0,0,0,0,0,0,0,0,0,0,1,1,0,0,0,3,0,0,0,0,0,0,0,0,0,0,0,0,0,0,0,0,0,1,3,4,3,3,4,4,3,0,0,4,0,0,0,0,0,3
RBK-18-0037-1_S199,0,1,0,4,1,1,1,2,0,0,4,1,0,1,2,2,3,0,1,1,2,3,1,0,0,1,3,0,0,0,0,3,1,0,0,2,3,3,1,1,1,2,3,1,2,0,3,2,2,3,4,2,2,3,2,2,1,3,2,1,1,4,0,3,3,4,2,0,3,0,0,0,1,3,3,1,1,1,2,3,2,1,1,1,4,2,0,3,3,3,4,3,2,2,3,0,3,3,1,2,1,3,2,2,1,0,3,4,3,2,4,4,4,3,1,4,1,4,4,2,0,3,0,1,0,4,1,1,1,2,0,4,1,0,1,2,2,3,0,1,1,2,3,1,0,1,3,0,0,0,0,3,1,0,0,2,3,3,1,1,1,3,1,2,0,3,2,2,3,4,2,3,2,2,1,3,2,1,1,4,0,3,3,4,2,0,3,0,0,0,1,3,3,1,1,1,2,3,2,1,1,1,4,2,0,3,3,3,4,3,2,2,3,0,3,3,1,2,1,3,2,2,1,0,3,4,3,4,4,4,3,1,4,1,4,4,2,0,3,3,0,1,0,0,4,1,1,1,2,0,0,4,1,0,1,2,2,3,0,1,1,2,3,1,0,0,1,3,0,0,0,0,0,3,1,0,0,2,3,3,1,1,3,1,2,3,1,3,2,0,3,2,2,3,4,2,2,3,2,2,1,3,2,1,1,4,0,0,3,3,4,2,0,3,0,0,0,1,2,3,2,3,1,1,1,2,3,3,2,0,1,1,3,1,4,2,0,3,3,3,4,3,2,2,3,3,0,3,3,1,2,1,3,2,2,1,0,3,4,3,3,2,4,4,4,3,1,4,1,4,4,1,0,1,3,1,2,0,3,3,0,0,1,0,4,1,1,1,2,0,0,4,1,0,1,2,2,3,0,1,1,2,3,1,0,1,3,0,0,0,0,3,1,0,0,2,3,3,1,1,1,3,1,2,0,3,2,2,3,4,2,3,2,2,1,3,2,1,1,4,0,3,3,4,2,0,3,0,0,0,1,3,3,1,1,1,2,3,2,1,1,1,4,2,0,3,3,3,4,3,2,2,3,0,3,3,1,2,1,3,2,2,1,0,3,4,3,4,4,4,3,1,4,1,4,4,0,2,0,3
RBK-18-0038-1_S200,3,4,2,4,4,1,1,4,3,3,4,1,4,1,2,2,3,3,4,1,2,4,2,2,1,2,3,4,4,1,3,4,2,3,2,4,4,3,3,1,1,2,3,1,2,1,3,2,2,3,4,2,2,3,2,2,1,3,2,0,1,4,2,3,3,1,2,3,3,1,3,3,4,3,3,1,4,3,2,3,2,3,0,1,4,2,2,0,3,3,4,3,4,2,3,3,3,3,1,2,1,3,3,4,1,1,3,3,3,2,3,2,4,3,2,4,1,4,1,0,1,3,3,4,2,4,4,1,1,4,3,4,1,4,1,2,2,3,3,4,1,2,4,2,1,2,3,4,4,1,3,4,2,3,2,4,4,3,3,1,1,3,1,2,1,3,2,2,3,4,2,3,2,2,1,3,2,0,1,4,2,3,3,1,2,3,3,1,3,3,4,3,3,1,4,3,2,3,2,3,0,1,4,2,2,0,3,3,4,3,4,2,3,3,3,3,1,2,1,3,3,4,1,1,3,3,3,3,2,4,3,2,4,1,4,1,0,1,3,3,3,4,2,2,4,4,1,1,4,3,3,4,1,4,1,2,2,3,3,4,1,2,4,2,2,1,2,3,4,4,1,3,4,4,2,3,2,4,4,3,3,1,3,1,2,3,1,3,2,1,3,2,2,3,4,2,2,3,2,2,1,3,2,0,1,4,1,2,3,3,1,2,3,3,1,3,3,4,2,3,2,3,1,4,3,2,3,4,2,2,3,0,3,1,4,2,2,0,3,3,4,3,4,2,3,3,3,3,3,1,2,1,3,3,4,1,1,3,3,3,3,2,3,2,4,3,2,4,1,4,1,1,4,0,3,0,0,1,3,3,1,3,4,2,4,4,1,1,4,3,3,4,1,4,1,2,2,3,3,4,1,2,4,2,1,2,3,4,4,1,3,4,2,3,2,4,4,3,3,1,1,3,1,2,1,3,2,2,3,4,2,3,2,2,1,3,2,0,1,4,2,3,3,1,2,3,3,1,3,3,4,3,3,1,4,3,2,3,2,3,0,1,4,2,2,0,3,3,4,3,4,2,3,3,3,3,1,2,1,3,3,4,1,1,3,3,3,3,2,4,3,2,4,1,4,1,4,0,1,3
RBK-18-0047-1_S20,3,1,1,4,1,1,1,2,4,3,4,1,4,1,2,2,3,3,1,1,2,3,1,0,1,1,3,4,4,1,3,0,1,3,2,2,3,3,0,1,1,2,0,1,2,1,3,2,2,3,4,2,0,3,2,2,1,3,2,1,1,4,1,3,1,4,2,2,3,0,0,1,1,3,3,1,1,1,2,3,2,1,1,1,4,2,1,3,3,3,4,3,2,2,3,3,3,3,1,2,1,3,2,2,1,1,3,4,3,2,3,4,4,3,1,4,1,4,4,2,0,0,3,1,1,4,1,1,1,2,4,4,1,4,1,2,2,3,3,1,1,2,3,1,1,1,3,4,4,1,3,0,1,3,2,2,3,3,0,1,1,0,1,2,1,3,2,2,3,4,2,3,2,2,1,3,2,1,1,4,1,3,1,4,2,2,3,0,0,1,1,3,3,1,1,1,2,3,2,1,1,1,4,2,1,3,3,3,4,3,2,2,3,3,3,3,1,2,1,3,2,2,1,1,3,4,3,3,4,4,3,1,4,1,4,4,2,0,0,3,3,1,1,1,4,1,1,1,2,4,3,4,1,4,1,2,2,3,3,1,1,2,3,1,0,1,1,3,4,4,1,3,4,0,1,3,2,2,3,3,0,1,3,1,2,0,1,3,2,1,3,2,2,3,4,2,0,3,2,2,1,3,2,1,1,4,1,1,3,1,4,2,2,3,0,0,1,1,2,3,2,3,1,1,1,2,3,3,2,0,1,1,3,1,4,2,1,3,3,3,4,3,2,2,3,3,3,3,3,1,2,1,3,2,2,1,1,3,4,3,3,2,3,4,4,3,1,4,1,4,4,0,4,1,3,1,2,0,0,0,1,3,1,1,4,1,1,1,2,4,3,4,1,4,1,2,2,3,3,1,1,2,3,1,1,1,3,4,4,1,3,0,1,3,2,2,3,3,0,1,1,0,1,2,1,3,2,2,3,4,2,3,2,2,1,3,2,1,1,4,1,3,1,4,2,2,3,0,0,1,1,3,3,1,1,1,2,3,2,1,1,1,4,2,1,3,3,3,4,3,2,2,3,3,3,3,1,2,1,3,2,2,1,1,3,4,3,3,4,4,3,1,4,1,4,4,4,2,0,0
RBK-18-0060-1_S22,0,1,0,0,1,1,1,0,4,3,4,1,0,1,2,2,3,3,1,1,2,3,2,0,1,0,3,4,4,0,0,0,1,3,2,2,0,3,0,1,1,2,3,1,2,1,3,2,2,3,4,2,2,3,2,2,0,0,2,1,0,0,1,3,0,0,2,0,3,0,0,0,1,3,3,0,1,1,2,3,2,0,1,1,0,2,0,3,3,3,4,3,2,2,3,3,3,3,1,2,1,3,2,2,1,0,0,4,3,2,4,4,3,3,1,4,1,4,4,2,3,3,0,1,0,0,1,1,1,0,4,4,1,0,1,2,2,3,3,1,1,2,3,2,1,0,3,4,4,0,0,0,1,3,2,2,0,3,0,1,1,3,1,2,1,3,2,2,3,4,2,3,2,2,0,0,2,1,0,0,1,3,0,0,2,0,3,0,0,0,1,3,3,0,1,1,2,3,2,0,1,1,0,2,0,3,3,3,4,3,2,2,3,3,3,3,1,2,1,3,2,2,1,0,0,4,3,4,4,3,3,1,4,1,4,4,2,3,3,3,0,1,0,0,0,1,1,1,0,4,3,4,1,0,1,2,2,3,3,1,1,2,3,2,0,1,0,3,4,4,0,0,0,0,1,3,2,2,0,3,0,1,3,1,2,3,1,3,2,1,3,2,2,3,4,2,2,3,2,2,0,0,2,1,0,0,0,1,3,0,0,2,0,3,0,0,0,1,2,3,2,3,0,1,1,2,3,3,2,2,0,1,3,1,0,2,0,3,3,3,4,3,2,2,3,3,3,3,3,1,2,1,3,2,2,1,0,0,4,3,3,2,4,4,3,3,1,4,1,4,4,1,4,1,3,1,2,3,3,3,1,0,1,0,0,1,1,1,0,4,3,4,1,0,1,2,2,3,3,1,1,2,3,2,1,0,3,4,4,0,0,0,1,3,2,2,0,3,0,1,1,3,1,2,1,3,2,2,3,4,2,3,2,2,0,0,2,1,0,0,1,3,0,0,2,0,3,0,0,0,1,3,3,0,1,1,2,3,2,0,1,1,0,2,0,3,3,3,4,3,2,2,3,3,3,3,1,2,1,3,2,2,1,0,0,4,3,4,4,3,3,1,4,1,4,4,4,2,3,3
RBK-18-0062-2_S203,4,1,2,0,1,0,0,0,0,3,0,1,4,1,0,2,3,3,1,1,2,3,0,0,1,0,3,4,4,1,3,0,0,3,2,2,3,3,1,2,0,2,3,1,2,1,3,2,2,3,4,2,2,3,2,2,0,0,2,1,1,0,0,3,0,4,2,0,0,2,0,0,1,3,3,1,0,0,2,3,2,0,1,1,0,2,2,3,0,3,0,3,2,0,0,3,3,3,1,2,0,0,0,0,0,1,3,4,3,2,3,4,4,3,1,4,1,4,4,2,3,3,4,1,2,0,1,0,0,0,0,0,1,4,1,0,2,3,3,1,1,2,3,0,1,0,3,4,4,1,3,0,0,3,2,2,3,3,1,2,0,3,1,2,1,3,2,2,3,4,2,3,2,2,0,0,2,1,1,0,0,3,0,4,2,0,0,2,0,0,1,3,3,1,0,0,2,3,2,0,1,1,0,2,2,3,0,3,0,3,2,0,0,3,3,3,1,2,0,0,0,0,0,1,3,4,3,3,4,4,3,1,4,1,4,4,2,3,3,3,4,1,2,2,0,1,0,0,0,0,3,0,1,4,1,0,2,3,3,1,1,2,3,0,0,1,0,3,4,4,1,3,4,0,0,3,2,2,3,3,1,2,3,0,2,3,1,3,2,1,3,2,2,3,4,2,2,3,2,2,0,0,2,1,1,0,1,0,3,0,4,2,0,0,2,0,0,1,2,3,2,3,1,0,0,2,3,3,2,2,0,1,3,1,0,2,2,3,0,3,0,3,2,0,0,3,3,3,3,1,2,0,0,0,0,0,1,3,4,3,3,2,3,4,4,3,1,4,1,4,4,1,4,1,3,1,2,3,3,3,1,4,1,2,0,1,0,0,0,0,3,0,1,4,1,0,2,3,3,1,1,2,3,0,1,0,3,4,4,1,3,0,0,3,2,2,3,3,1,2,0,3,1,2,1,3,2,2,3,4,2,3,2,2,0,0,2,1,1,0,0,3,0,4,2,0,0,2,0,0,1,3,3,1,0,0,2,3,2,0,1,1,0,2,2,3,0,3,0,3,2,0,0,3,3,3,1,2,0,0,0,0,0,1,3,4,3,3,4,4,3,1,4,1,4,4,4,2,3,3
RBK-18-0077-1_S212,1,1,1,4,1,1,1,2,2,3,3,1,4,1,2,2,3,3,1,1,2,3,1,1,1,1,3,4,4,1,3,3,1,1,1,2,3,2,1,2,3,2,3,1,2,1,3,2,2,3,4,2,2,3,2,2,1,3,2,1,4,1,1,3,1,4,1,1,2,1,1,1,1,3,1,3,1,1,1,3,1,1,1,1,1,2,2,3,1,2,2,2,2,2,3,3,1,2,1,1,1,3,2,2,1,3,3,4,0,2,4,4,3,0,1,4,4,4,4,2,3,3,1,1,1,4,1,1,1,2,2,3,1,4,1,2,2,3,3,1,1,2,3,1,1,1,3,4,4,1,3,3,1,1,1,2,3,2,1,2,3,3,1,2,1,3,2,2,3,4,2,3,2,2,1,3,2,1,4,1,1,3,1,4,1,1,2,1,1,1,1,3,1,3,1,1,1,3,1,1,1,1,1,2,2,3,1,2,2,2,2,2,3,3,1,2,1,1,1,3,2,2,1,3,3,4,0,4,4,3,0,1,4,4,4,4,2,3,3,0,1,1,1,1,4,1,1,1,2,2,3,3,1,4,1,2,2,3,3,1,1,2,3,1,1,1,1,3,4,4,1,3,1,3,1,1,1,2,3,2,1,2,0,3,2,3,1,3,2,1,3,2,2,3,4,2,2,3,2,2,1,3,2,1,4,1,4,1,3,1,4,1,1,2,1,1,1,1,0,3,2,1,3,1,1,1,3,0,1,2,1,1,0,1,1,2,2,3,1,2,2,2,2,2,3,0,3,1,2,1,1,1,3,2,2,1,3,3,4,0,3,2,4,4,3,0,1,4,4,4,4,0,0,1,0,1,2,3,3,0,0,1,1,1,4,1,1,1,2,2,3,3,1,4,1,2,2,3,3,1,1,2,3,1,1,1,3,4,4,1,3,3,1,1,1,2,3,2,1,2,3,3,1,2,1,3,2,2,3,4,2,3,2,2,1,3,2,1,4,1,1,3,1,4,1,1,2,1,1,1,1,3,1,3,1,1,1,3,1,1,1,1,1,2,2,3,1,2,2,2,2,2,3,3,1,2,1,1,1,3,2,2,1,3,3,4,0,4,4,3,0,1,4,4,4,4,0,2,3,3
RBK-18-0080-1_S205,3,1,1,0,1,0,1,2,0,0,0,1,4,1,0,0,0,0,1,1,2,3,1,2,1,1,3,4,4,0,0,3,1,3,0,2,3,3,3,2,1,2,3,1,2,0,3,2,2,3,4,2,2,3,2,2,0,3,2,1,1,4,1,3,1,4,2,2,3,1,1,1,1,3,0,1,1,1,0,0,2,1,1,1,4,2,0,3,3,3,4,3,2,2,3,0,3,3,1,2,0,3,2,2,1,1,3,3,3,2,4,4,4,3,1,4,1,4,4,2,3,3,3,1,1,0,1,0,1,2,0,0,1,4,1,0,0,0,0,1,1,2,3,1,1,1,3,4,4,0,0,3,1,3,0,2,3,3,3,2,1,3,1,2,0,3,2,2,3,4,2,3,2,2,0,3,2,1,1,4,1,3,1,4,2,2,3,1,1,1,1,3,0,1,1,1,0,0,2,1,1,1,4,2,0,3,3,3,4,3,2,2,3,0,3,3,1,2,0,3,2,2,1,1,3,3,3,4,4,4,3,1,4,1,4,4,2,3,3,3,3,1,1,0,0,1,0,1,2,0,0,0,1,4,1,0,0,0,0,1,1,2,3,1,2,1,1,3,4,4,0,0,0,3,1,3,0,2,3,3,3,2,3,1,2,3,1,3,2,0,3,2,2,3,4,2,2,3,2,2,0,3,2,1,1,4,1,1,3,1,4,2,2,3,1,1,1,1,2,3,0,0,1,1,1,0,0,3,2,0,1,1,3,1,4,2,0,3,3,3,4,3,2,2,3,3,0,3,3,1,2,0,3,2,2,1,1,3,3,3,3,2,4,4,4,3,1,4,1,4,4,1,4,1,3,1,2,3,3,3,1,3,1,1,0,1,0,1,2,0,0,0,1,4,1,0,0,0,0,1,1,2,3,1,1,1,3,4,4,0,0,3,1,3,0,2,3,3,3,2,1,3,1,2,0,3,2,2,3,4,2,3,2,2,0,3,2,1,1,4,1,3,1,4,2,2,3,1,1,1,1,3,0,1,1,1,0,0,2,1,1,1,4,2,0,3,3,3,4,3,2,2,3,0,3,3,1,2,0,3,2,2,1,1,3,3,3,4,4,4,3,1,4,1,4,4,4,2,3,3
RBK-18-0104-1_S206,3,1,2,4,1,1,1,2,2,3,3,1,4,1,4,2,3,3,4,1,2,3,2,2,1,2,3,4,4,1,3,3,1,1,0,4,3,3,1,1,1,2,3,1,2,1,3,2,2,3,4,2,2,3,2,2,1,3,0,1,1,4,2,0,3,1,2,3,3,2,3,3,1,3,3,1,4,3,2,3,1,1,1,0,4,2,2,0,3,3,4,3,4,2,3,3,3,2,1,2,1,3,3,2,1,1,0,3,3,0,3,2,4,3,2,0,1,0,1,2,1,0,3,1,2,4,1,1,1,2,2,3,1,4,1,4,2,3,3,4,1,2,3,2,1,2,3,4,4,1,3,3,1,1,0,4,3,3,1,1,1,3,1,2,1,3,2,2,3,4,2,3,2,2,1,3,0,1,1,4,2,0,3,1,2,3,3,2,3,3,1,3,3,1,4,3,2,3,1,1,1,0,4,2,2,0,3,3,4,3,4,2,3,3,3,2,1,2,1,3,3,2,1,1,0,3,3,3,2,4,3,2,0,1,0,1,2,1,0,3,3,1,2,2,4,1,1,1,2,2,3,3,1,4,1,4,2,3,3,4,1,2,3,2,2,1,2,3,4,4,1,3,4,3,1,1,0,4,3,3,1,1,3,1,2,3,1,3,2,1,3,2,2,3,4,2,2,3,2,2,1,3,0,1,1,4,1,2,0,3,1,2,3,3,2,3,3,1,2,3,2,3,1,4,3,2,3,3,1,2,1,1,3,0,4,2,2,0,3,3,4,3,4,2,3,3,3,3,2,1,2,1,3,3,2,1,1,0,3,3,0,0,3,2,4,3,2,0,1,0,1,1,4,1,3,1,2,1,0,3,1,3,1,2,4,1,1,1,2,2,3,3,1,4,1,4,2,3,3,4,1,2,3,2,1,2,3,4,4,1,3,3,1,1,0,4,3,3,1,1,1,3,1,2,1,3,2,2,3,4,2,3,2,2,1,3,0,1,1,4,2,0,3,1,2,3,3,2,3,3,1,3,3,1,4,3,2,3,1,1,1,0,4,2,2,0,3,3,4,3,4,2,3,3,3,2,1,2,1,3,3,2,1,1,0,3,3,3,2,4,3,2,0,1,0,1,4,2,1,0
RBk-18-0216-1_S231_2,3,1,1,4,4,1,3,2,4,3,4,3,4,1,2,2,3,3,1,1,2,3,2,2,1,1,3,4,4,1,3,3,2,3,0,2,4,3,1,2,1,2,3,1,2,1,3,2,2,3,4,2,2,3,2,2,1,3,2,1,0,4,1,1,3,4,2,3,3,2,1,1,1,3,3,1,1,1,2,3,2,1,1,1,1,2,2,3,3,3,4,3,2,2,3,3,3,3,2,2,1,3,2,2,1,1,3,3,3,2,3,4,4,3,1,4,0,4,4,0,3,3,3,1,1,4,4,1,3,2,4,4,3,4,1,2,2,3,3,1,1,2,3,2,1,1,3,4,4,1,3,3,2,3,0,2,4,3,1,2,1,3,1,2,1,3,2,2,3,4,2,3,2,2,1,3,2,1,0,4,1,1,3,4,2,3,3,2,1,1,1,3,3,1,1,1,2,3,2,1,1,1,1,2,2,3,3,3,4,3,2,2,3,3,3,3,2,2,1,3,2,2,1,1,3,3,3,3,4,4,3,1,4,0,4,4,0,3,3,2,3,1,1,2,4,4,1,3,2,4,3,4,3,4,1,2,2,3,3,1,1,2,3,2,2,1,1,3,4,4,1,3,4,3,2,3,0,2,4,3,1,2,3,1,2,3,1,3,2,1,3,2,2,3,4,2,2,3,2,2,1,3,2,1,0,4,1,1,1,3,4,2,3,3,2,1,1,1,2,3,2,3,1,1,1,2,3,4,2,2,1,1,3,1,1,2,2,3,3,3,4,3,2,2,3,3,3,3,3,2,2,1,3,2,2,1,1,3,3,3,3,2,3,4,4,3,1,4,0,4,4,1,4,1,3,1,0,3,3,3,1,3,1,1,4,4,1,3,2,4,3,4,3,4,1,2,2,3,3,1,1,2,3,2,1,1,3,4,4,1,3,3,2,3,0,2,4,3,1,2,1,3,1,2,1,3,2,2,3,4,2,3,2,2,1,3,2,1,0,4,1,1,3,4,2,3,3,2,1,1,1,3,3,1,1,1,2,3,2,1,1,1,1,2,2,3,3,3,4,3,2,2,3,3,3,3,2,2,1,3,2,2,1,1,3,3,3,3,4,4,3,1,4,0,4,4,4,0,3,3
RBK-18-0236-2_S52_2,1,4,1,4,1,1,1,2,2,3,3,1,4,1,2,2,3,3,1,1,2,3,1,1,1,1,3,4,4,1,3,3,1,1,0,2,3,2,1,2,1,0,3,0,2,1,3,2,2,3,4,2,2,3,2,2,1,3,2,1,4,1,1,3,1,4,1,1,3,1,1,1,1,3,1,3,1,1,2,3,1,1,1,1,1,2,2,3,3,3,2,2,2,2,3,3,1,2,1,2,1,3,2,2,1,3,3,3,3,0,3,2,4,3,2,4,1,4,4,2,1,3,1,4,1,4,1,1,1,2,2,3,1,4,1,2,2,3,3,1,1,2,3,1,1,1,3,4,4,1,3,3,1,1,0,2,3,2,1,2,1,3,0,2,1,3,2,2,3,4,2,3,2,2,1,3,2,1,4,1,1,3,1,4,1,1,3,1,1,1,1,3,1,3,1,1,2,3,1,1,1,1,1,2,2,3,3,3,2,2,2,2,3,3,1,2,1,2,1,3,2,2,1,3,3,3,3,3,2,4,3,2,4,1,4,4,2,1,3,3,1,4,1,1,4,1,1,1,2,2,3,3,1,4,1,2,2,3,3,1,1,2,3,1,1,1,1,3,4,4,1,3,1,3,1,1,0,2,3,2,1,2,3,1,0,3,0,3,2,1,3,2,2,3,4,2,2,3,2,2,1,3,2,1,4,1,4,1,3,1,4,1,1,3,1,1,1,1,0,3,2,1,3,1,1,2,3,0,1,2,1,1,0,1,1,2,2,3,3,3,2,2,2,2,3,0,3,1,2,1,2,1,3,2,2,1,3,3,3,3,0,0,3,2,4,3,2,4,1,4,4,1,4,1,3,1,2,1,3,3,1,1,4,1,4,1,1,1,2,2,3,3,1,4,1,2,2,3,3,1,1,2,3,1,1,1,3,4,4,1,3,3,1,1,0,2,3,2,1,2,1,3,0,2,1,3,2,2,3,4,2,3,2,2,1,3,2,1,4,1,1,3,1,4,1,1,3,1,1,1,1,3,1,3,1,1,2,3,1,1,1,1,1,2,2,3,3,3,2,2,2,2,3,3,1,2,1,2,1,3,2,2,1,3,3,3,3,3,2,4,3,2,4,1,4,4,4,2,1,3
RBK-18-0250-1_S235_2,3,1,1,0,1,0,1,2,0,0,0,1,4,1,0,0,0,0,1,1,2,3,1,2,1,1,3,4,4,0,0,3,1,3,2,2,3,3,1,2,1,2,3,1,0,0,0,0,0,0,0,0,0,0,0,0,0,0,2,1,1,4,1,3,1,4,2,2,3,1,1,1,1,3,0,1,1,1,0,0,2,1,1,1,4,2,0,3,3,3,4,3,2,2,3,0,3,3,1,2,0,3,2,2,1,1,3,3,3,2,4,4,4,3,1,4,1,4,4,2,3,3,3,1,1,0,1,0,1,2,0,0,1,4,1,0,0,0,0,1,1,2,3,1,1,1,3,4,4,0,0,3,1,3,2,2,3,3,1,2,1,3,1,0,0,0,0,0,0,0,0,0,0,0,0,0,2,1,1,4,1,3,1,4,2,2,3,1,1,1,1,3,0,1,1,1,0,0,2,1,1,1,4,2,0,3,3,3,4,3,2,2,3,0,3,3,1,2,0,3,2,2,1,1,3,3,3,4,4,4,3,1,4,1,4,4,2,3,3,3,3,1,1,0,0,1,0,1,2,0,0,0,1,4,1,0,0,0,0,1,1,2,3,1,2,1,1,3,4,4,0,0,0,3,1,3,2,2,3,3,1,2,3,1,2,3,1,0,0,0,0,0,0,0,0,0,0,0,0,0,0,0,2,1,1,4,1,1,3,1,4,2,2,3,1,1,1,1,2,3,0,0,1,1,1,0,0,3,2,0,1,1,3,1,4,2,0,3,3,3,4,3,2,2,3,3,0,3,3,1,2,0,3,2,2,1,1,3,3,3,3,2,4,4,4,3,1,4,1,4,4,1,4,1,3,1,2,3,3,3,1,3,1,1,0,1,0,1,2,0,0,0,1,4,1,0,0,0,0,1,1,2,3,1,1,1,3,4,4,0,0,3,1,3,2,2,3,3,1,2,1,3,1,0,0,0,0,0,0,0,0,0,0,0,0,0,2,1,1,4,1,3,1,4,2,2,3,1,1,1,1,3,0,1,1,1,0,0,2,1,1,1,4,2,0,3,3,3,4,3,2,2,3,0,3,3,1,2,0,3,2,2,1,1,3,3,3,4,4,4,3,1,4,1,4,4,4,2,3,3
RBK-18-0414-1_S59,0,1,0,0,1,1,0,2,4,3,0,1,4,1,0,2,3,3,1,1,2,3,2,0,1,0,3,4,4,1,3,3,1,3,0,2,3,3,1,1,1,2,3,1,2,1,3,2,2,3,4,2,2,3,2,2,1,3,2,1,1,4,1,3,0,0,2,0,3,0,1,1,1,0,3,0,1,0,2,3,0,1,1,1,0,2,2,3,3,3,0,3,2,2,3,0,3,3,0,0,1,3,2,2,1,1,3,3,3,2,3,2,4,3,1,4,0,4,4,0,3,3,0,1,0,0,1,1,0,2,4,0,1,4,1,0,2,3,3,1,1,2,3,2,1,0,3,4,4,1,3,3,1,3,0,2,3,3,1,1,1,3,1,2,1,3,2,2,3,4,2,3,2,2,1,3,2,1,1,4,1,3,0,0,2,0,3,0,1,1,1,0,3,0,1,0,2,3,0,1,1,1,0,2,2,3,3,3,0,3,2,2,3,0,3,3,0,0,1,3,2,2,1,1,3,3,3,3,2,4,3,1,4,0,4,4,0,3,3,3,0,1,0,1,0,1,1,0,2,4,3,0,1,4,1,0,2,3,3,1,1,2,3,2,0,1,0,3,4,4,1,3,0,3,1,3,0,2,3,3,1,1,3,1,2,3,1,3,2,1,3,2,2,3,4,2,2,3,2,2,1,3,2,1,1,4,1,1,3,0,0,2,0,3,0,1,1,1,2,0,2,3,0,1,0,2,3,3,0,2,1,1,3,1,0,2,2,3,3,3,0,3,2,2,3,3,0,3,3,0,0,1,3,2,2,1,1,3,3,3,3,2,3,2,4,3,1,4,0,4,4,1,4,1,3,1,0,3,3,0,1,0,1,0,0,1,1,0,2,4,3,0,1,4,1,0,2,3,3,1,1,2,3,2,1,0,3,4,4,1,3,3,1,3,0,2,3,3,1,1,1,3,1,2,1,3,2,2,3,4,2,3,2,2,1,3,2,1,1,4,1,3,0,0,2,0,3,0,1,1,1,0,3,0,1,0,2,3,0,1,1,1,0,2,2,3,3,3,0,3,2,2,3,0,3,3,0,0,1,3,2,2,1,1,3,3,3,3,2,4,3,1,4,0,4,4,4,0,3,3
RBK-18-0644-1_S180,3,1,1,4,1,1,1,2,4,3,4,1,4,1,2,2,3,4,1,1,2,3,1,2,1,1,3,4,4,1,3,3,0,3,2,2,3,3,0,1,1,2,3,1,2,1,3,2,2,3,4,2,2,3,2,2,0,0,2,1,1,4,0,3,1,4,2,2,0,2,0,1,1,3,0,1,1,1,2,3,2,1,1,1,4,2,1,3,3,3,4,3,2,2,3,0,3,3,1,2,1,3,2,2,1,0,3,3,3,0,3,4,4,3,1,4,1,4,4,2,3,3,3,1,1,4,1,1,1,2,4,4,1,4,1,2,2,3,4,1,1,2,3,1,1,1,3,4,4,1,3,3,0,3,2,2,3,3,0,1,1,3,1,2,1,3,2,2,3,4,2,3,2,2,0,0,2,1,1,4,0,3,1,4,2,2,0,2,0,1,1,3,0,1,1,1,2,3,2,1,1,1,4,2,1,3,3,3,4,3,2,2,3,0,3,3,1,2,1,3,2,2,1,0,3,3,3,3,4,4,3,1,4,1,4,4,2,3,3,3,3,1,1,0,4,1,1,1,2,4,3,4,1,4,1,2,2,3,4,1,1,2,3,1,2,1,1,3,4,4,1,3,0,3,0,3,2,2,3,3,0,1,3,1,2,3,1,3,2,1,3,2,2,3,4,2,2,3,2,2,0,0,2,1,1,4,1,0,3,1,4,2,2,0,2,0,1,1,2,3,2,0,1,1,1,2,3,3,2,2,1,1,3,1,4,2,1,3,3,3,4,3,2,2,3,3,0,3,3,1,2,1,3,2,2,1,0,3,3,3,0,0,3,4,4,3,1,4,1,4,4,1,4,1,3,1,2,3,3,3,1,3,1,1,4,1,1,1,2,4,3,4,1,4,1,2,2,3,4,1,1,2,3,1,1,1,3,4,4,1,3,3,0,3,2,2,3,3,0,1,1,3,1,2,1,3,2,2,3,4,2,3,2,2,0,0,2,1,1,4,0,3,1,4,2,2,0,2,0,1,1,3,0,1,1,1,2,3,2,1,1,1,4,2,1,3,3,3,4,3,2,2,3,0,3,3,1,2,1,3,2,2,1,0,3,3,3,3,4,4,3,1,4,1,4,4,4,2,3,3
RBKk-18-0108-1_S201,1,1,1,4,1,1,1,2,2,3,3,1,4,1,2,2,3,3,1,1,2,3,1,1,1,1,3,4,4,1,3,3,1,1,0,2,3,2,1,2,3,2,3,1,2,1,3,2,2,3,4,2,2,3,2,2,1,3,2,1,4,1,1,3,1,4,1,1,2,1,1,1,1,3,1,3,1,1,1,3,1,1,1,1,1,2,2,3,1,2,2,2,2,2,3,3,1,2,1,1,1,3,2,2,1,3,3,4,0,2,4,4,3,0,1,4,4,4,4,2,3,3,1,1,1,4,1,1,1,2,2,3,1,4,1,2,2,3,3,1,1,2,3,1,1,1,3,4,4,1,3,3,1,1,0,2,3,2,1,2,3,3,1,2,1,3,2,2,3,4,2,3,2,2,1,3,2,1,4,1,1,3,1,4,1,1,2,1,1,1,1,3,1,3,1,1,1,3,1,1,1,1,1,2,2,3,1,2,2,2,2,2,3,3,1,2,1,1,1,3,2,2,1,3,3,4,0,4,4,3,0,1,4,4,4,4,2,3,3,0,1,1,1,1,4,1,1,1,2,2,3,3,1,4,1,2,2,3,3,1,1,2,3,1,1,1,1,3,4,4,1,3,1,3,1,1,0,2,3,2,1,2,0,3,2,3,1,3,2,1,3,2,2,3,4,2,2,3,2,2,1,3,2,1,4,1,4,1,3,1,4,1,1,2,1,1,1,1,0,3,2,1,3,1,1,1,3,0,1,2,1,1,0,1,1,2,2,3,1,2,2,2,2,2,3,0,3,1,2,1,1,1,3,2,2,1,3,3,4,0,3,2,4,4,3,0,1,4,4,4,4,0,0,1,0,1,2,3,3,0,0,1,1,1,4,1,1,1,2,2,3,3,1,4,1,2,2,3,3,1,1,2,3,1,1,1,3,4,4,1,3,3,1,1,0,2,3,2,1,2,3,3,1,2,1,3,2,2,3,4,2,3,2,2,1,3,2,1,4,1,1,3,1,4,1,1,2,1,1,1,1,3,1,3,1,1,1,3,1,1,1,1,1,2,2,3,1,2,2,2,2,2,3,3,1,2,1,1,1,3,2,2,1,3,3,4,0,4,4,3,0,1,4,4,4,4,0,2,3,3
RBL-17-0076-1_S32,3,0,1,4,4,1,1,2,4,3,4,1,4,1,2,2,3,3,1,1,2,3,2,2,1,1,0,4,4,1,3,3,1,3,2,2,4,3,1,1,1,2,0,1,2,1,3,2,2,3,4,2,2,3,2,2,1,3,2,1,1,4,1,1,3,4,2,3,3,2,1,1,1,3,3,1,1,1,2,0,2,1,1,1,1,2,2,3,3,3,4,3,2,2,3,3,3,0,1,2,1,3,2,2,0,1,3,3,3,2,3,4,4,3,1,4,0,4,4,0,3,0,3,0,1,4,4,1,1,2,4,4,1,4,1,2,2,3,3,1,1,2,3,2,1,1,0,4,4,1,3,3,1,3,2,2,4,3,1,1,1,0,1,2,1,3,2,2,3,4,2,3,2,2,1,3,2,1,1,4,1,1,3,4,2,3,3,2,1,1,1,3,3,1,1,1,2,0,2,1,1,1,1,2,2,3,3,3,4,3,2,2,3,3,3,0,1,2,1,3,2,2,0,1,3,3,3,3,4,4,3,1,4,0,4,4,0,3,0,3,3,0,1,1,4,4,1,1,2,4,3,4,1,4,1,2,2,3,3,1,1,2,3,2,2,1,1,0,4,4,1,3,4,3,1,3,2,2,4,3,1,1,3,1,2,0,1,3,2,1,3,2,2,3,4,2,2,3,2,2,1,3,2,1,1,4,0,1,1,3,4,2,3,3,2,1,1,1,2,3,3,3,1,1,1,2,0,3,2,2,1,1,3,1,1,2,2,3,3,3,4,3,2,2,3,3,3,3,0,1,2,1,3,2,2,0,1,3,3,3,3,2,3,4,4,3,1,4,0,4,4,1,4,1,3,0,0,3,0,3,1,3,0,1,4,4,1,1,2,4,3,4,1,4,1,2,2,3,3,1,1,2,3,2,1,1,0,4,4,1,3,3,1,3,2,2,4,3,1,1,1,0,1,2,1,3,2,2,3,4,2,3,2,2,1,3,2,1,1,4,1,1,3,4,2,3,3,2,1,1,1,3,3,1,1,1,2,0,2,1,1,1,1,2,2,3,3,3,4,3,2,2,3,3,3,0,1,2,1,3,2,2,0,1,3,3,3,3,4,4,3,1,4,0,4,4,4,0,3,0
RBL-17-0090-1_S145,3,4,2,4,1,1,1,2,3,3,3,1,4,1,4,2,3,3,4,1,2,4,2,2,1,2,3,4,4,1,3,4,1,1,2,4,3,3,3,1,1,0,0,1,2,1,3,2,2,3,4,2,2,3,2,2,2,3,0,0,1,4,1,1,3,4,2,3,3,1,3,3,1,3,1,1,4,3,2,3,2,1,1,1,4,2,2,3,3,3,4,3,4,2,3,3,3,3,1,2,1,3,2,2,1,1,0,3,3,0,3,2,4,3,2,0,1,0,1,2,1,3,3,4,2,4,1,1,1,2,3,3,1,4,1,4,2,3,3,4,1,2,4,2,1,2,3,4,4,1,3,4,1,1,2,4,3,3,3,1,1,0,1,2,1,3,2,2,3,4,2,3,2,2,2,3,0,0,1,4,1,1,3,4,2,3,3,1,3,3,1,3,1,1,4,3,2,3,2,1,1,1,4,2,2,3,3,3,4,3,4,2,3,3,3,3,1,2,1,3,2,2,1,1,0,3,3,3,2,4,3,2,0,1,0,1,2,1,3,3,3,4,2,1,4,1,1,1,2,3,3,3,1,4,1,4,2,3,3,4,1,2,4,2,2,1,2,3,4,4,1,3,4,4,1,1,2,4,3,3,3,1,3,1,0,0,1,3,2,1,3,2,2,3,4,2,2,3,2,2,2,3,0,0,1,4,1,1,1,3,4,2,3,3,1,3,3,1,2,3,2,1,1,4,3,2,3,4,2,2,1,1,0,1,4,2,2,3,3,3,4,3,4,2,3,3,3,3,3,1,2,1,3,2,2,1,1,0,3,3,0,0,3,2,4,3,2,0,1,0,1,1,4,0,3,0,2,1,3,3,1,3,4,2,4,1,1,1,2,3,3,3,1,4,1,4,2,3,3,4,1,2,4,2,1,2,3,4,4,1,3,4,1,1,2,4,3,3,3,1,1,0,1,2,1,3,2,2,3,4,2,3,2,2,2,3,0,0,1,4,1,1,3,4,2,3,3,1,3,3,1,3,1,1,4,3,2,3,2,1,1,1,4,2,2,3,3,3,4,3,4,2,3,3,3,3,1,2,1,3,2,2,1,1,0,3,3,3,2,4,3,2,0,1,0,1,4,2,1,3
RBL-17-0093-1_S146,1,4,1,4,1,1,1,2,2,3,3,1,4,1,2,2,3,3,1,1,2,3,1,1,1,1,3,4,4,1,3,3,1,1,1,2,3,2,1,2,1,0,3,0,2,1,3,2,2,3,4,2,2,3,2,2,1,3,2,1,4,1,1,3,1,4,1,1,3,1,1,1,1,3,1,3,1,1,2,3,1,1,1,1,1,2,2,3,3,3,2,2,2,2,3,3,1,2,1,2,1,3,2,2,1,3,3,3,3,0,3,2,4,3,2,4,1,4,4,2,1,3,1,4,1,4,1,1,1,2,2,3,1,4,1,2,2,3,3,1,1,2,3,1,1,1,3,4,4,1,3,3,1,1,1,2,3,2,1,2,1,3,0,2,1,3,2,2,3,4,2,3,2,2,1,3,2,1,4,1,1,3,1,4,1,1,3,1,1,1,1,3,1,3,1,1,2,3,1,1,1,1,1,2,2,3,3,3,2,2,2,2,3,3,1,2,1,2,1,3,2,2,1,3,3,3,3,3,2,4,3,2,4,1,4,4,2,1,3,3,1,4,1,1,4,1,1,1,2,2,3,3,1,4,1,2,2,3,3,1,1,2,3,1,1,1,1,3,4,4,1,3,1,3,1,1,1,2,3,2,1,2,3,1,0,3,0,3,2,1,3,2,2,3,4,2,2,3,2,2,1,3,2,1,4,1,4,1,3,1,4,1,1,3,1,1,1,1,0,3,2,1,3,1,1,2,3,0,1,2,1,1,0,1,1,2,2,3,3,3,2,2,2,2,3,0,3,1,2,1,2,1,3,2,2,1,3,3,3,3,0,0,3,2,4,3,2,4,1,4,4,1,4,1,3,1,2,1,3,3,1,1,4,1,4,1,1,1,2,2,3,3,1,4,1,2,2,3,3,1,1,2,3,1,1,1,3,4,4,1,3,3,1,1,1,2,3,2,1,2,1,3,0,2,1,3,2,2,3,4,2,3,2,2,1,3,2,1,4,1,1,3,1,4,1,1,3,1,1,1,1,3,1,3,1,1,2,3,1,1,1,1,1,2,2,3,3,3,2,2,2,2,3,3,1,2,1,2,1,3,2,2,1,3,3,3,3,3,2,4,3,2,4,1,4,4,4,2,1,3
RBL-17-0095-1_S147,3,1,1,4,4,1,3,2,4,3,4,3,4,1,2,2,3,3,1,1,2,3,2,2,1,1,3,4,4,1,3,3,2,3,2,2,4,3,1,2,1,0,3,1,2,1,3,2,2,3,4,2,2,3,2,2,1,3,2,1,0,4,1,1,3,4,2,3,3,2,1,1,1,3,3,1,1,1,2,3,2,1,1,1,1,2,2,3,3,3,4,3,2,2,3,3,3,3,2,2,1,3,2,2,1,1,3,3,3,2,4,4,4,3,1,4,0,0,4,0,3,0,3,1,1,4,4,1,3,2,4,4,3,4,1,2,2,3,3,1,1,2,3,2,1,1,3,4,4,1,3,3,2,3,2,2,4,3,1,2,1,3,1,2,1,3,2,2,3,4,2,3,2,2,1,3,2,1,0,4,1,1,3,4,2,3,3,2,1,1,1,3,3,1,1,1,2,3,2,1,1,1,1,2,2,3,3,3,4,3,2,2,3,3,3,3,2,2,1,3,2,2,1,1,3,3,3,4,4,4,3,1,4,0,0,4,0,3,0,2,3,1,1,2,4,4,1,3,2,4,3,4,3,4,1,2,2,3,3,1,1,2,3,2,2,1,1,3,4,4,1,3,4,3,2,3,2,2,4,3,1,2,3,1,0,3,1,3,2,1,3,2,2,3,4,2,2,3,2,2,1,3,2,1,0,4,1,1,1,3,4,2,3,3,2,1,1,1,2,3,2,3,1,1,1,2,3,4,2,2,1,1,3,1,1,2,2,3,3,3,4,3,2,2,3,3,3,3,3,2,2,1,3,2,2,1,1,3,3,3,3,2,4,4,4,3,1,4,0,0,4,1,4,0,3,1,0,3,0,3,1,3,1,1,4,4,1,3,2,4,3,4,3,4,1,2,2,3,3,1,1,2,3,2,1,1,3,4,4,1,3,3,2,3,2,2,4,3,1,2,1,3,1,2,1,3,2,2,3,4,2,3,2,2,1,3,2,1,0,4,1,1,3,4,2,3,3,2,1,1,1,3,3,1,1,1,2,3,2,1,1,1,1,2,2,3,3,3,4,3,2,2,3,3,3,3,2,2,1,3,2,2,1,1,3,3,3,4,4,4,3,1,4,0,0,4,4,0,3,0
RBL-17-0101-1_S148,3,4,2,4,1,1,1,2,3,3,3,1,4,1,4,2,3,3,1,1,2,3,2,2,1,2,3,4,4,1,3,4,0,1,2,2,3,3,3,1,1,0,0,1,2,1,3,2,2,3,4,2,2,3,2,2,1,3,0,0,1,4,1,1,3,1,2,3,3,2,3,3,1,3,1,1,4,1,2,3,2,1,0,0,4,2,2,3,3,3,4,3,4,2,3,3,3,3,1,2,1,3,2,4,1,1,0,3,3,0,3,4,4,3,2,0,1,0,1,2,1,3,3,4,2,4,1,1,1,2,3,3,1,4,1,4,2,3,3,1,1,2,3,2,1,2,3,4,4,1,3,4,0,1,2,2,3,3,3,1,1,0,1,2,1,3,2,2,3,4,2,3,2,2,1,3,0,0,1,4,1,1,3,1,2,3,3,2,3,3,1,3,1,1,4,1,2,3,2,1,0,0,4,2,2,3,3,3,4,3,4,2,3,3,3,3,1,2,1,3,2,4,1,1,0,3,3,3,4,4,3,2,0,1,0,1,2,1,3,3,3,4,2,1,4,1,1,1,2,3,3,3,1,4,1,4,2,3,3,1,1,2,3,2,2,1,2,3,4,4,1,3,4,4,0,1,2,2,3,3,3,1,3,1,0,0,1,3,2,1,3,2,2,3,4,2,2,3,2,2,1,3,0,0,1,4,1,1,1,3,1,2,3,3,2,3,3,1,2,3,3,1,1,4,1,2,3,4,2,2,1,0,3,0,4,2,2,3,3,3,4,3,4,2,3,3,3,3,3,1,2,1,3,2,4,1,1,0,3,3,0,0,3,4,4,3,2,0,1,0,1,1,4,1,3,0,2,1,3,3,1,3,4,2,4,1,1,1,2,3,3,3,1,4,1,4,2,3,3,1,1,2,3,2,1,2,3,4,4,1,3,4,0,1,2,2,3,3,3,1,1,0,1,2,1,3,2,2,3,4,2,3,2,2,1,3,0,0,1,4,1,1,3,1,2,3,3,2,3,3,1,3,1,1,4,1,2,3,2,1,0,0,4,2,2,3,3,3,4,3,4,2,3,3,3,3,1,2,1,3,2,4,1,1,0,3,3,3,4,4,3,2,0,1,0,1,4,2,1,3
RBL-17-0104-1_S149,3,4,2,4,4,1,1,4,3,3,4,1,4,1,2,2,3,3,4,1,2,4,2,2,1,2,3,4,4,1,3,4,2,3,0,4,4,3,3,1,1,2,0,1,2,1,3,2,2,3,4,2,2,3,2,2,1,3,2,0,1,4,2,3,3,1,2,3,3,1,3,3,4,3,3,1,4,3,2,3,2,3,0,1,4,2,2,0,3,3,4,3,4,2,3,3,3,3,1,2,1,3,3,4,1,1,3,3,3,2,3,2,4,3,2,4,1,4,1,0,1,3,3,4,2,4,4,1,1,4,3,4,1,4,1,2,2,3,3,4,1,2,4,2,1,2,3,4,4,1,3,4,2,3,0,4,4,3,3,1,1,0,1,2,1,3,2,2,3,4,2,3,2,2,1,3,2,0,1,4,2,3,3,1,2,3,3,1,3,3,4,3,3,1,4,3,2,3,2,3,0,1,4,2,2,0,3,3,4,3,4,2,3,3,3,3,1,2,1,3,3,4,1,1,3,3,3,3,2,4,3,2,4,1,4,1,0,1,3,3,3,4,2,2,4,4,1,1,4,3,3,4,1,4,1,2,2,3,3,4,1,2,4,2,2,1,2,3,4,4,1,3,4,4,2,3,0,4,4,3,3,1,3,1,2,0,1,3,2,1,3,2,2,3,4,2,2,3,2,2,1,3,2,0,1,4,1,2,3,3,1,2,3,3,1,3,3,4,2,3,2,3,1,4,3,2,3,4,2,2,3,0,3,1,4,2,2,0,3,3,4,3,4,2,3,3,3,3,3,1,2,1,3,3,4,1,1,3,3,3,3,2,3,2,4,3,2,4,1,4,1,1,4,0,3,0,0,1,3,3,1,3,4,2,4,4,1,1,4,3,3,4,1,4,1,2,2,3,3,4,1,2,4,2,1,2,3,4,4,1,3,4,2,3,0,4,4,3,3,1,1,0,1,2,1,3,2,2,3,4,2,3,2,2,1,3,2,0,1,4,2,3,3,1,2,3,3,1,3,3,4,3,3,1,4,3,2,3,2,3,0,1,4,2,2,0,3,3,4,3,4,2,3,3,3,3,1,2,1,3,3,4,1,1,3,3,3,3,2,4,3,2,4,1,4,1,4,0,1,3
RBL-17-0107-1_S150,1,4,1,4,1,1,1,2,2,3,3,1,4,1,2,2,3,3,1,1,2,3,1,1,1,1,3,4,4,1,3,3,1,1,1,2,3,2,1,2,1,0,3,0,2,1,3,2,2,3,4,2,2,3,2,2,1,3,2,1,4,1,1,3,1,4,1,1,3,1,1,1,1,3,1,3,1,1,2,3,1,1,1,1,1,2,2,3,3,3,2,2,2,2,3,3,1,2,1,2,1,0,2,2,1,3,3,3,3,0,3,2,4,3,2,4,1,4,4,2,1,3,1,4,1,4,1,1,1,2,2,3,1,4,1,2,2,3,3,1,1,2,3,1,1,1,3,4,4,1,3,3,1,1,1,2,3,2,1,2,1,3,0,2,1,3,2,2,3,4,2,3,2,2,1,3,2,1,4,1,1,3,1,4,1,1,3,1,1,1,1,3,1,3,1,1,2,3,1,1,1,1,1,2,2,3,3,3,2,2,2,2,3,3,1,2,1,2,1,0,2,2,1,3,3,3,3,3,2,4,3,2,4,1,4,4,2,1,3,3,1,4,1,1,4,1,1,1,2,2,3,3,1,4,1,2,2,3,3,1,1,2,3,1,1,1,1,3,4,4,1,3,1,3,1,1,1,2,3,2,1,2,3,1,0,3,0,3,2,1,3,2,2,3,4,2,2,3,2,2,1,3,2,1,4,1,4,1,3,1,4,1,1,3,1,1,1,1,0,3,2,1,3,1,1,2,3,0,1,2,1,1,0,1,1,2,2,3,3,3,2,2,2,2,3,0,3,1,2,1,2,1,0,2,2,1,3,3,3,3,0,0,3,2,4,3,2,4,1,4,4,1,4,1,3,1,2,1,3,3,1,1,4,1,4,1,1,1,2,2,3,3,1,4,1,2,2,3,3,1,1,2,3,1,1,1,3,4,4,1,3,3,1,1,1,2,3,2,1,2,1,3,0,2,1,3,2,2,3,4,2,3,2,2,1,3,2,1,4,1,1,3,1,4,1,1,3,1,1,1,1,3,1,3,1,1,2,3,1,1,1,1,1,2,2,3,3,3,2,2,2,2,3,3,1,2,1,2,1,0,2,2,1,3,3,3,3,3,2,4,3,2,4,1,4,4,4,2,1,3
RBL-17-0108-1_S151,3,4,2,4,1,1,1,2,2,3,4,1,4,1,4,2,3,3,1,1,2,3,2,2,1,2,3,4,4,1,3,4,2,3,2,2,3,3,1,1,1,0,0,1,2,1,3,2,2,3,4,2,2,3,2,2,1,3,2,0,1,4,2,1,3,1,2,3,3,2,1,3,1,3,3,1,4,3,2,3,1,1,0,0,4,2,2,0,1,3,4,3,4,2,3,3,3,2,1,2,1,3,2,2,1,1,0,3,3,0,3,2,4,3,2,4,0,4,1,2,1,0,3,4,2,4,1,1,1,2,2,4,1,4,1,4,2,3,3,1,1,2,3,2,1,2,3,4,4,1,3,4,2,3,2,2,3,3,1,1,1,0,1,2,1,3,2,2,3,4,2,3,2,2,1,3,2,0,1,4,2,1,3,1,2,3,3,2,1,3,1,3,3,1,4,3,2,3,1,1,0,0,4,2,2,0,1,3,4,3,4,2,3,3,3,2,1,2,1,3,2,2,1,1,0,3,3,3,2,4,3,2,4,0,4,1,2,1,0,3,3,4,2,2,4,1,1,1,2,2,3,4,1,4,1,4,2,3,3,1,1,2,3,2,2,1,2,3,4,4,1,3,4,4,2,3,2,2,3,3,1,1,3,1,0,0,1,3,2,1,3,2,2,3,4,2,2,3,2,2,1,3,2,0,1,4,1,2,1,3,1,2,3,3,2,1,3,1,2,3,2,3,1,4,3,2,3,3,1,2,1,0,3,0,4,2,2,0,1,3,4,3,4,2,3,3,3,3,2,1,2,1,3,2,2,1,1,0,3,3,0,0,3,2,4,3,2,4,0,4,1,1,4,1,3,0,2,1,0,3,1,3,4,2,4,1,1,1,2,2,3,4,1,4,1,4,2,3,3,1,1,2,3,2,1,2,3,4,4,1,3,4,2,3,2,2,3,3,1,1,1,0,1,2,1,3,2,2,3,4,2,3,2,2,1,3,2,0,1,4,2,1,3,1,2,3,3,2,1,3,1,3,3,1,4,3,2,3,1,1,0,0,4,2,2,0,1,3,4,3,4,2,3,3,3,2,1,2,1,3,2,2,1,1,0,3,3,3,2,4,3,2,4,0,4,1,4,2,1,0
RBL-17-0113-1_S153,1,1,1,4,1,1,1,2,2,3,3,1,4,1,2,2,3,3,1,1,2,3,1,1,1,1,3,4,4,1,3,3,1,1,1,2,3,2,1,2,3,2,3,1,2,1,3,2,2,3,4,2,2,3,2,2,1,3,2,1,4,1,1,3,1,4,1,1,2,1,1,1,1,3,1,3,1,1,1,3,1,1,1,1,1,2,2,3,1,2,2,2,2,2,3,3,1,2,1,1,1,0,2,2,1,3,3,4,0,2,4,4,3,0,1,4,4,4,4,2,3,3,1,1,1,4,1,1,1,2,2,3,1,4,1,2,2,3,3,1,1,2,3,1,1,1,3,4,4,1,3,3,1,1,1,2,3,2,1,2,3,3,1,2,1,3,2,2,3,4,2,3,2,2,1,3,2,1,4,1,1,3,1,4,1,1,2,1,1,1,1,3,1,3,1,1,1,3,1,1,1,1,1,2,2,3,1,2,2,2,2,2,3,3,1,2,1,1,1,0,2,2,1,3,3,4,0,4,4,3,0,1,4,4,4,4,2,3,3,0,1,1,1,1,4,1,1,1,2,2,3,3,1,4,1,2,2,3,3,1,1,2,3,1,1,1,1,3,4,4,1,3,1,3,1,1,1,2,3,2,1,2,0,3,2,3,1,3,2,1,3,2,2,3,4,2,2,3,2,2,1,3,2,1,4,1,4,1,3,1,4,1,1,2,1,1,1,1,0,3,2,1,3,1,1,1,3,0,1,2,1,1,0,1,1,2,2,3,1,2,2,2,2,2,3,0,3,1,2,1,1,1,0,2,2,1,3,3,4,0,3,2,4,4,3,0,1,4,4,4,4,0,0,1,0,1,2,3,3,0,0,1,1,1,4,1,1,1,2,2,3,3,1,4,1,2,2,3,3,1,1,2,3,1,1,1,3,4,4,1,3,3,1,1,1,2,3,2,1,2,3,3,1,2,1,3,2,2,3,4,2,3,2,2,1,3,2,1,4,1,1,3,1,4,1,1,2,1,1,1,1,3,1,3,1,1,1,3,1,1,1,1,1,2,2,3,1,2,2,2,2,2,3,3,1,2,1,1,1,0,2,2,1,3,3,4,0,4,4,3,0,1,4,4,4,4,0,2,3,3
RBL-17-0116-1_S154,3,4,2,4,1,1,1,2,2,3,4,1,4,1,4,2,3,3,1,1,2,3,2,2,1,2,3,4,4,1,3,4,2,3,2,2,3,3,1,1,1,0,3,1,2,1,3,2,2,3,4,2,2,3,2,2,1,3,2,0,1,4,2,1,3,1,2,3,3,2,1,3,1,3,3,1,4,3,2,3,1,1,0,0,4,2,2,0,1,3,4,3,4,2,3,3,3,2,1,2,1,3,2,2,1,1,0,3,3,2,3,4,3,0,1,4,4,4,4,2,1,0,3,4,2,4,1,1,1,2,2,4,1,4,1,4,2,3,3,1,1,2,3,2,1,2,3,4,4,1,3,4,2,3,2,2,3,3,1,1,1,3,1,2,1,3,2,2,3,4,2,3,2,2,1,3,2,0,1,4,2,1,3,1,2,3,3,2,1,3,1,3,3,1,4,3,2,3,1,1,0,0,4,2,2,0,1,3,4,3,4,2,3,3,3,2,1,2,1,3,2,2,1,1,0,3,3,3,4,3,0,1,4,4,4,4,2,1,0,3,3,4,2,2,4,1,1,1,2,2,3,4,1,4,1,4,2,3,3,1,1,2,3,2,2,1,2,3,4,4,1,3,4,4,2,3,2,2,3,3,1,1,3,1,0,3,1,3,2,1,3,2,2,3,4,2,2,3,2,2,1,3,2,0,1,4,1,2,1,3,1,2,3,3,2,1,3,1,2,3,2,3,1,4,3,2,3,3,1,2,1,0,3,0,4,2,2,0,1,3,4,3,4,2,3,3,3,3,2,1,2,1,3,2,2,1,1,0,3,3,3,2,3,4,3,0,1,4,4,4,4,1,4,1,3,0,2,1,0,3,1,3,4,2,4,1,1,1,2,2,3,4,1,4,1,4,2,3,3,1,1,2,3,2,1,2,3,4,4,1,3,4,2,3,2,2,3,3,1,1,1,3,1,2,1,3,2,2,3,4,2,3,2,2,1,3,2,0,1,4,2,1,3,1,2,3,3,2,1,3,1,3,3,1,4,3,2,3,1,1,0,0,4,2,2,0,1,3,4,3,4,2,3,3,3,2,1,2,1,3,2,2,1,1,0,3,3,3,4,3,0,1,4,4,4,4,4,2,1,0
RBL-17-0117-1_S155,3,4,2,4,4,1,1,4,3,3,4,1,4,1,2,2,3,3,4,1,2,4,2,2,1,2,3,4,4,1,3,4,2,3,2,4,4,3,3,1,1,2,0,0,2,1,3,2,2,3,4,2,2,3,2,2,2,3,0,0,1,4,2,3,3,1,2,3,3,1,3,3,4,3,3,1,4,3,2,3,2,3,0,1,4,2,2,0,3,3,4,3,4,2,3,3,3,3,1,2,1,3,3,4,1,1,3,3,3,2,3,2,4,3,2,4,1,4,1,0,1,3,3,4,2,4,4,1,1,4,3,4,1,4,1,2,2,3,3,4,1,2,4,2,1,2,3,4,4,1,3,4,2,3,2,4,4,3,3,1,1,0,0,2,1,3,2,2,3,4,2,3,2,2,2,3,0,0,1,4,2,3,3,1,2,3,3,1,3,3,4,3,3,1,4,3,2,3,2,3,0,1,4,2,2,0,3,3,4,3,4,2,3,3,3,3,1,2,1,3,3,4,1,1,3,3,3,3,2,4,3,2,4,1,4,1,0,1,3,3,3,4,2,2,4,4,1,1,4,3,3,4,1,4,1,2,2,3,3,4,1,2,4,2,2,1,2,3,4,4,1,3,4,4,2,3,2,4,4,3,3,1,3,1,2,0,0,3,2,1,3,2,2,3,4,2,2,3,2,2,2,3,0,0,1,4,1,2,3,3,1,2,3,3,1,3,3,4,2,3,2,3,1,4,3,2,3,4,2,2,3,0,3,1,4,2,2,0,3,3,4,3,4,2,3,3,3,3,3,1,2,1,3,3,4,1,1,3,3,3,3,2,3,2,4,3,2,4,1,4,1,1,4,0,3,0,0,1,3,3,1,3,4,2,4,4,1,1,4,3,3,4,1,4,1,2,2,3,3,4,1,2,4,2,1,2,3,4,4,1,3,4,2,3,2,4,4,3,3,1,1,0,0,2,1,3,2,2,3,4,2,3,2,2,2,3,0,0,1,4,2,3,3,1,2,3,3,1,3,3,4,3,3,1,4,3,2,3,2,3,0,1,4,2,2,0,3,3,4,3,4,2,3,3,3,3,1,2,1,3,3,4,1,1,3,3,3,3,2,4,3,2,4,1,4,1,4,0,1,3
RBL-17-0118-1_S156,1,4,2,4,1,1,1,2,2,3,3,1,4,1,0,2,3,3,1,1,2,3,1,2,1,1,3,4,4,1,3,3,1,1,1,2,3,2,1,2,1,0,3,1,2,1,3,2,2,3,4,2,2,3,2,2,1,3,2,1,4,4,1,1,1,4,2,1,3,1,1,1,1,3,1,1,1,1,2,3,1,1,1,0,1,2,2,3,1,3,2,3,4,2,3,3,1,2,1,2,1,3,2,2,1,3,3,3,3,0,3,2,4,3,2,0,1,0,1,2,3,3,1,4,2,4,1,1,1,2,2,3,1,4,1,0,2,3,3,1,1,2,3,1,1,1,3,4,4,1,3,3,1,1,1,2,3,2,1,2,1,3,1,2,1,3,2,2,3,4,2,3,2,2,1,3,2,1,4,4,1,1,1,4,2,1,3,1,1,1,1,3,1,1,1,1,2,3,1,1,1,0,1,2,2,3,1,3,2,3,4,2,3,3,1,2,1,2,1,3,2,2,1,3,3,3,3,3,2,4,3,2,0,1,0,1,2,3,3,3,1,4,2,1,4,1,1,1,2,2,3,3,1,4,1,0,2,3,3,1,1,2,3,1,2,1,1,3,4,4,1,3,4,3,1,1,1,2,3,2,1,2,3,1,0,3,1,3,2,1,3,2,2,3,4,2,2,3,2,2,1,3,2,1,4,4,1,1,1,1,4,2,1,3,1,1,1,1,0,3,2,1,1,1,1,2,3,0,1,2,1,1,3,0,1,2,2,3,1,3,2,3,4,2,3,3,3,1,2,1,2,1,3,2,2,1,3,3,3,3,0,0,3,2,4,3,2,0,1,0,1,1,4,1,3,1,2,3,3,3,1,1,4,2,4,1,1,1,2,2,3,3,1,4,1,0,2,3,3,1,1,2,3,1,1,1,3,4,4,1,3,3,1,1,1,2,3,2,1,2,1,3,1,2,1,3,2,2,3,4,2,3,2,2,1,3,2,1,4,4,1,1,1,4,2,1,3,1,1,1,1,3,1,1,1,1,2,3,1,1,1,0,1,2,2,3,1,3,2,3,4,2,3,3,1,2,1,2,1,3,2,2,1,3,3,3,3,3,2,4,3,2,0,1,0,1,4,2,3,3
RBL-17-0123-1_S157,3,1,1,0,1,0,1,2,0,0,0,1,4,1,0,0,0,0,1,1,2,3,1,2,1,1,3,4,4,0,0,3,1,3,2,2,3,3,1,1,1,2,3,1,2,1,3,2,2,3,4,2,2,3,2,2,1,3,2,1,1,4,1,3,1,4,2,2,3,1,1,1,1,3,0,1,1,1,0,0,2,1,1,1,4,2,0,3,3,3,4,3,2,2,3,0,3,3,1,2,0,3,2,2,1,1,3,3,3,2,4,4,4,3,1,4,1,4,4,2,3,3,3,1,1,0,1,0,1,2,0,0,1,4,1,0,0,0,0,1,1,2,3,1,1,1,3,4,4,0,0,3,1,3,2,2,3,3,1,1,1,3,1,2,1,3,2,2,3,4,2,3,2,2,1,3,2,1,1,4,1,3,1,4,2,2,3,1,1,1,1,3,0,1,1,1,0,0,2,1,1,1,4,2,0,3,3,3,4,3,2,2,3,0,3,3,1,2,0,3,2,2,1,1,3,3,3,4,4,4,3,1,4,1,4,4,2,3,3,3,3,1,1,0,0,1,0,1,2,0,0,0,1,4,1,0,0,0,0,1,1,2,3,1,2,1,1,3,4,4,0,0,0,3,1,3,2,2,3,3,1,1,3,1,2,3,1,3,2,1,3,2,2,3,4,2,2,3,2,2,1,3,2,1,1,4,1,1,3,1,4,2,2,3,1,1,1,1,2,3,0,0,1,1,1,0,0,3,2,0,1,1,3,1,4,2,0,3,3,3,4,3,2,2,3,3,0,3,3,1,2,0,3,2,2,1,1,3,3,3,3,2,4,4,4,3,1,4,1,4,4,1,4,1,3,1,2,3,3,3,1,3,1,1,0,1,0,1,2,0,0,0,1,4,1,0,0,0,0,1,1,2,3,1,1,1,3,4,4,0,0,3,1,3,2,2,3,3,1,1,1,3,1,2,1,3,2,2,3,4,2,3,2,2,1,3,2,1,1,4,1,3,1,4,2,2,3,1,1,1,1,3,0,1,1,1,0,0,2,1,1,1,4,2,0,3,3,3,4,3,2,2,3,0,3,3,1,2,0,3,2,2,1,1,3,3,3,4,4,4,3,1,4,1,4,4,4,2,3,3
RBL-17-0129-1_S158,3,4,2,4,4,1,1,4,3,3,4,1,4,1,2,2,3,3,4,1,2,4,2,2,1,2,3,4,4,1,3,4,2,3,2,4,4,3,3,1,1,2,0,0,2,1,3,2,2,3,4,2,2,3,2,2,2,3,0,0,1,4,2,3,3,1,2,3,3,1,3,3,4,3,3,1,4,3,2,3,2,3,0,1,4,2,2,0,3,3,4,3,4,2,3,3,3,3,1,2,1,3,3,4,1,1,3,3,3,2,3,2,4,3,2,4,1,4,4,2,3,3,3,4,2,4,4,1,1,4,3,4,1,4,1,2,2,3,3,4,1,2,4,2,1,2,3,4,4,1,3,4,2,3,2,4,4,3,3,1,1,0,0,2,1,3,2,2,3,4,2,3,2,2,2,3,0,0,1,4,2,3,3,1,2,3,3,1,3,3,4,3,3,1,4,3,2,3,2,3,0,1,4,2,2,0,3,3,4,3,4,2,3,3,3,3,1,2,1,3,3,4,1,1,3,3,3,3,2,4,3,2,4,1,4,4,2,3,3,3,3,4,2,2,4,4,1,1,4,3,3,4,1,4,1,2,2,3,3,4,1,2,4,2,2,1,2,3,4,4,1,3,4,4,2,3,2,4,4,3,3,1,3,1,2,0,0,3,2,1,3,2,2,3,4,2,2,3,2,2,2,3,0,0,1,4,1,2,3,3,1,2,3,3,1,3,3,4,2,3,2,3,1,4,3,2,3,4,2,2,3,0,3,1,4,2,2,0,3,3,4,3,4,2,3,3,3,3,3,1,2,1,3,3,4,1,1,3,3,3,3,2,3,2,4,3,2,4,1,4,4,1,4,1,3,1,2,3,3,3,1,3,4,2,4,4,1,1,4,3,3,4,1,4,1,2,2,3,3,4,1,2,4,2,1,2,3,4,4,1,3,4,2,3,2,4,4,3,3,1,1,0,0,2,1,3,2,2,3,4,2,3,2,2,2,3,0,0,1,4,2,3,3,1,2,3,3,1,3,3,4,3,3,1,4,3,2,3,2,3,0,1,4,2,2,0,3,3,4,3,4,2,3,3,3,3,1,2,1,3,3,4,1,1,3,3,3,3,2,4,3,2,4,1,4,4,4,2,3,3
RBL-17-0133-1_S159,3,4,2,4,4,1,1,4,3,3,4,1,4,1,2,2,3,3,4,1,2,4,2,2,1,2,3,4,4,1,3,4,2,3,2,4,4,3,3,1,1,2,0,0,2,1,3,2,2,3,4,2,2,3,2,2,2,3,0,0,1,4,2,3,3,1,2,3,3,1,3,3,4,3,3,1,4,3,2,3,2,3,0,1,4,2,2,0,3,3,4,3,4,2,3,3,3,3,1,2,1,3,3,4,1,1,3,3,3,2,3,2,4,3,2,4,1,4,4,2,3,3,3,4,2,4,4,1,1,4,3,4,1,4,1,2,2,3,3,4,1,2,4,2,1,2,3,4,4,1,3,4,2,3,2,4,4,3,3,1,1,0,0,2,1,3,2,2,3,4,2,3,2,2,2,3,0,0,1,4,2,3,3,1,2,3,3,1,3,3,4,3,3,1,4,3,2,3,2,3,0,1,4,2,2,0,3,3,4,3,4,2,3,3,3,3,1,2,1,3,3,4,1,1,3,3,3,3,2,4,3,2,4,1,4,4,2,3,3,3,3,4,2,2,4,4,1,1,4,3,3,4,1,4,1,2,2,3,3,4,1,2,4,2,2,1,2,3,4,4,1,3,4,4,2,3,2,4,4,3,3,1,3,1,2,0,0,3,2,1,3,2,2,3,4,2,2,3,2,2,2,3,0,0,1,4,1,2,3,3,1,2,3,3,1,3,3,4,2,3,2,3,1,4,3,2,3,4,2,2,3,0,3,1,4,2,2,0,3,3,4,3,4,2,3,3,3,3,3,1,2,1,3,3,4,1,1,3,3,3,3,2,3,2,4,3,2,4,1,4,4,1,4,1,3,1,2,3,3,3,1,3,4,2,4,4,1,1,4,3,3,4,1,4,1,2,2,3,3,4,1,2,4,2,1,2,3,4,4,1,3,4,2,3,2,4,4,3,3,1,1,0,0,2,1,3,2,2,3,4,2,3,2,2,2,3,0,0,1,4,2,3,3,1,2,3,3,1,3,3,4,3,3,1,4,3,2,3,2,3,0,1,4,2,2,0,3,3,4,3,4,2,3,3,3,3,1,2,1,3,3,4,1,1,3,3,3,3,2,4,3,2,4,1,4,4,4,2,3,3
RBL-17-0135-1_S160,3,4,2,4,4,1,1,4,3,3,4,1,4,1,2,2,3,3,4,1,2,4,2,2,1,2,3,4,4,1,3,4,2,3,2,4,4,3,3,1,1,2,0,0,2,1,3,2,2,3,4,2,2,3,2,2,2,3,0,0,1,4,2,3,3,1,2,3,3,1,3,3,4,3,3,1,4,3,2,3,2,3,0,1,4,2,2,0,3,3,4,3,4,2,3,3,3,3,1,2,1,3,3,4,1,1,3,3,3,2,3,2,4,3,2,4,1,4,4,2,3,3,3,4,2,4,4,1,1,4,3,4,1,4,1,2,2,3,3,4,1,2,4,2,1,2,3,4,4,1,3,4,2,3,2,4,4,3,3,1,1,0,0,2,1,3,2,2,3,4,2,3,2,2,2,3,0,0,1,4,2,3,3,1,2,3,3,1,3,3,4,3,3,1,4,3,2,3,2,3,0,1,4,2,2,0,3,3,4,3,4,2,3,3,3,3,1,2,1,3,3,4,1,1,3,3,3,3,2,4,3,2,4,1,4,4,2,3,3,3,3,4,2,2,4,4,1,1,4,3,3,4,1,4,1,2,2,3,3,4,1,2,4,2,2,1,2,3,4,4,1,3,4,4,2,3,2,4,4,3,3,1,3,1,2,0,0,3,2,1,3,2,2,3,4,2,2,3,2,2,2,3,0,0,1,4,1,2,3,3,1,2,3,3,1,3,3,4,2,3,2,3,1,4,3,2,3,4,2,2,3,0,3,1,4,2,2,0,3,3,4,3,4,2,3,3,3,3,3,1,2,1,3,3,4,1,1,3,3,3,3,2,3,2,4,3,2,4,1,4,4,1,4,1,3,1,2,3,3,3,1,3,4,2,4,4,1,1,4,3,3,4,1,4,1,2,2,3,3,4,1,2,4,2,1,2,3,4,4,1,3,4,2,3,2,4,4,3,3,1,1,0,0,2,1,3,2,2,3,4,2,3,2,2,2,3,0,0,1,4,2,3,3,1,2,3,3,1,3,3,4,3,3,1,4,3,2,3,2,3,0,1,4,2,2,0,3,3,4,3,4,2,3,3,3,3,1,2,1,3,3,4,1,1,3,3,3,3,2,4,3,2,4,1,4,4,4,2,3,3
RBL-17-0136-1_S161,3,4,2,4,1,1,1,2,3,3,4,1,4,1,2,2,3,3,4,1,2,3,2,2,1,2,3,4,4,1,3,4,1,1,2,2,3,3,3,1,1,0,3,1,2,1,3,2,2,3,4,2,2,3,2,2,1,3,0,0,1,4,2,1,3,1,1,3,3,1,3,3,1,3,1,1,4,1,2,3,2,3,0,1,4,2,2,0,3,3,4,3,4,2,3,3,3,3,1,2,1,3,3,2,1,1,0,3,3,0,3,2,4,3,2,0,1,0,1,0,1,3,3,4,2,4,1,1,1,2,3,4,1,4,1,2,2,3,3,4,1,2,3,2,1,2,3,4,4,1,3,4,1,1,2,2,3,3,3,1,1,3,1,2,1,3,2,2,3,4,2,3,2,2,1,3,0,0,1,4,2,1,3,1,1,3,3,1,3,3,1,3,1,1,4,1,2,3,2,3,0,1,4,2,2,0,3,3,4,3,4,2,3,3,3,3,1,2,1,3,3,2,1,1,0,3,3,3,2,4,3,2,0,1,0,1,0,1,3,3,3,4,2,1,4,1,1,1,2,3,3,4,1,4,1,2,2,3,3,4,1,2,3,2,2,1,2,3,4,4,1,3,4,4,1,1,2,2,3,3,3,1,3,1,0,3,1,3,2,1,3,2,2,3,4,2,2,3,2,2,1,3,0,0,1,4,1,2,1,3,1,1,3,3,1,3,3,1,2,3,3,1,1,4,1,2,3,4,2,2,3,0,3,1,4,2,2,0,3,3,4,3,4,2,3,3,3,3,3,1,2,1,3,3,2,1,1,0,3,3,0,0,3,2,4,3,2,0,1,0,1,1,4,1,3,0,0,1,3,3,1,3,4,2,4,1,1,1,2,3,3,4,1,4,1,2,2,3,3,4,1,2,3,2,1,2,3,4,4,1,3,4,1,1,2,2,3,3,3,1,1,3,1,2,1,3,2,2,3,4,2,3,2,2,1,3,0,0,1,4,2,1,3,1,1,3,3,1,3,3,1,3,1,1,4,1,2,3,2,3,0,1,4,2,2,0,3,3,4,3,4,2,3,3,3,3,1,2,1,3,3,2,1,1,0,3,3,3,2,4,3,2,0,1,0,1,4,0,1,3
RBL-17-0138-1_S162,3,4,2,4,4,1,1,4,3,3,4,1,4,1,2,2,3,3,4,1,2,4,2,2,1,2,3,4,4,1,3,4,2,3,2,4,4,3,3,1,1,2,0,0,0,1,3,2,2,3,4,2,2,3,2,2,2,3,0,0,1,4,2,3,3,1,2,3,3,1,3,3,4,3,3,1,4,3,2,3,2,3,0,1,4,2,2,0,3,3,4,3,4,2,3,3,3,3,1,2,1,3,3,4,1,1,3,3,3,2,3,2,4,3,2,4,1,4,4,2,3,3,3,4,2,4,4,1,1,4,3,4,1,4,1,2,2,3,3,4,1,2,4,2,1,2,3,4,4,1,3,4,2,3,2,4,4,3,3,1,1,0,0,0,1,3,2,2,3,4,2,3,2,2,2,3,0,0,1,4,2,3,3,1,2,3,3,1,3,3,4,3,3,1,4,3,2,3,2,3,0,1,4,2,2,0,3,3,4,3,4,2,3,3,3,3,1,2,1,3,3,4,1,1,3,3,3,3,2,4,3,2,4,1,4,4,2,3,3,3,3,4,2,2,4,4,1,1,4,3,3,4,1,4,1,2,2,3,3,4,1,2,4,2,2,1,2,3,4,4,1,3,4,4,2,3,2,4,4,3,3,1,3,1,2,0,0,0,0,1,3,2,2,3,4,2,2,3,2,2,2,3,0,0,1,4,1,2,3,3,1,2,3,3,1,3,3,4,2,3,2,3,1,4,3,2,3,4,2,2,3,0,3,1,4,2,2,0,3,3,4,3,4,2,3,3,3,3,3,1,2,1,3,3,4,1,1,3,3,3,3,2,3,2,4,3,2,4,1,4,4,1,4,1,3,1,2,3,3,3,1,3,4,2,4,4,1,1,4,3,3,4,1,4,1,2,2,3,3,4,1,2,4,2,1,2,3,4,4,1,3,4,2,3,2,4,4,3,3,1,1,0,0,0,1,3,2,2,3,4,2,3,2,2,2,3,0,0,1,4,2,3,3,1,2,3,3,1,3,3,4,3,3,1,4,3,2,3,2,3,0,1,4,2,2,0,3,3,4,3,4,2,3,3,3,3,1,2,1,3,3,4,1,1,3,3,3,3,2,4,3,2,4,1,4,4,4,2,3,3
RBL-17-0144-1_S163,0,1,2,0,1,0,0,0,0,0,0,1,4,1,0,2,3,3,0,1,2,3,0,0,0,0,0,0,0,0,0,0,0,0,2,0,3,0,0,1,1,2,3,1,2,0,3,2,2,3,4,2,0,0,0,0,1,3,2,0,1,0,0,0,0,0,0,0,0,0,0,0,0,0,0,0,0,0,2,3,2,0,1,0,0,2,0,3,0,0,0,0,0,2,3,0,0,0,0,0,0,3,2,0,1,1,3,4,3,2,3,4,3,3,1,4,1,4,4,2,3,3,0,1,2,0,1,0,0,0,0,0,1,4,1,0,2,3,3,0,1,2,3,0,0,0,0,0,0,0,0,0,0,0,2,0,3,0,0,1,1,3,1,2,0,3,2,2,3,4,2,0,0,0,1,3,2,0,1,0,0,0,0,0,0,0,0,0,0,0,0,0,0,0,0,0,2,3,2,0,1,0,0,2,0,3,0,0,0,0,0,2,3,0,0,0,0,0,0,3,2,0,1,1,3,4,3,3,4,3,3,1,4,1,4,4,2,3,3,3,0,1,2,0,0,1,0,0,0,0,0,0,1,4,1,0,2,3,3,0,1,2,3,0,0,0,0,0,0,0,0,0,4,0,0,0,2,0,3,0,0,1,3,1,2,3,1,3,2,0,3,2,2,3,4,2,0,0,0,0,1,3,2,0,1,0,0,0,0,0,0,0,0,0,0,0,0,0,2,0,0,0,0,0,0,2,3,3,2,2,0,1,0,0,0,2,0,3,0,0,0,0,0,2,3,3,0,0,0,0,0,0,3,2,0,1,1,3,4,3,3,2,3,4,3,3,1,4,1,4,4,1,4,1,3,1,2,3,3,3,1,0,1,2,0,1,0,0,0,0,0,0,1,4,1,0,2,3,3,0,1,2,3,0,0,0,0,0,0,0,0,0,0,0,2,0,3,0,0,1,1,3,1,2,0,3,2,2,3,4,2,0,0,0,1,3,2,0,1,0,0,0,0,0,0,0,0,0,0,0,0,0,0,0,0,0,2,3,2,0,1,0,0,2,0,3,0,0,0,0,0,2,3,0,0,0,0,0,0,3,2,0,1,1,3,4,3,3,4,3,3,1,4,1,4,4,4,2,3,3
RBL-17-0155-1_S165,3,1,1,4,1,1,1,2,4,3,0,1,4,1,2,2,3,3,1,1,2,3,1,0,1,1,3,4,4,1,3,0,1,3,2,2,3,3,1,2,1,2,3,1,2,1,3,2,2,3,4,2,2,3,2,2,1,3,2,1,1,0,1,3,1,4,2,2,3,0,0,1,1,0,3,1,1,1,2,3,2,1,1,1,4,2,1,3,3,3,4,3,2,2,3,3,3,3,1,2,1,3,2,2,0,1,3,4,3,2,3,4,3,3,1,4,1,4,4,2,3,3,3,1,1,4,1,1,1,2,4,0,1,4,1,2,2,3,3,1,1,2,3,1,1,1,3,4,4,1,3,0,1,3,2,2,3,3,1,2,1,3,1,2,1,3,2,2,3,4,2,3,2,2,1,3,2,1,1,0,1,3,1,4,2,2,3,0,0,1,1,0,3,1,1,1,2,3,2,1,1,1,4,2,1,3,3,3,4,3,2,2,3,3,3,3,1,2,1,3,2,2,0,1,3,4,3,3,4,3,3,1,4,1,4,4,2,3,3,3,3,1,1,1,4,1,1,1,2,4,3,0,1,4,1,2,2,3,3,1,1,2,3,1,0,1,1,3,4,4,1,3,4,0,1,3,2,2,3,3,1,2,3,1,2,3,1,3,2,1,3,2,2,3,4,2,2,3,2,2,1,3,2,1,1,0,1,1,3,1,4,2,2,3,0,0,1,1,2,0,2,3,1,1,1,2,3,3,2,0,1,1,3,1,4,2,1,3,3,3,4,3,2,2,3,3,3,3,3,1,2,1,3,2,2,0,1,3,4,3,3,2,3,4,3,3,1,4,1,4,4,1,4,1,3,1,2,3,3,3,1,3,1,1,4,1,1,1,2,4,3,0,1,4,1,2,2,3,3,1,1,2,3,1,1,1,3,4,4,1,3,0,1,3,2,2,3,3,1,2,1,3,1,2,1,3,2,2,3,4,2,3,2,2,1,3,2,1,1,0,1,3,1,4,2,2,3,0,0,1,1,0,3,1,1,1,2,3,2,1,1,1,4,2,1,3,3,3,4,3,2,2,3,3,3,3,1,2,1,3,2,2,0,1,3,4,3,3,4,3,3,1,4,1,4,4,4,2,3,3
RBL-17-0159-1_S166,0,1,1,4,0,1,1,2,0,3,3,1,4,1,0,2,3,4,1,1,2,3,1,2,1,1,0,4,4,1,3,3,1,3,2,2,3,3,1,2,1,2,3,1,2,1,3,2,2,3,4,2,2,3,2,2,1,3,2,1,1,0,1,3,3,4,2,2,3,1,1,1,1,3,3,1,1,1,2,3,2,1,1,0,4,2,1,3,3,3,4,3,2,2,3,3,3,3,1,2,1,3,2,2,1,1,3,4,3,2,4,4,4,3,1,0,0,4,4,2,3,3,0,1,1,4,0,1,1,2,0,3,1,4,1,0,2,3,4,1,1,2,3,1,1,1,0,4,4,1,3,3,1,3,2,2,3,3,1,2,1,3,1,2,1,3,2,2,3,4,2,3,2,2,1,3,2,1,1,0,1,3,3,4,2,2,3,1,1,1,1,3,3,1,1,1,2,3,2,1,1,0,4,2,1,3,3,3,4,3,2,2,3,3,3,3,1,2,1,3,2,2,1,1,3,4,3,4,4,4,3,1,0,0,4,4,2,3,3,3,0,1,1,0,4,0,1,1,2,0,3,3,1,4,1,0,2,3,4,1,1,2,3,1,2,1,1,0,4,4,1,3,0,3,1,3,2,2,3,3,1,2,3,1,2,3,1,3,2,1,3,2,2,3,4,2,2,3,2,2,1,3,2,1,1,0,1,1,3,3,4,2,2,3,1,1,1,1,2,3,0,3,1,1,1,2,3,3,2,0,1,1,3,0,4,2,1,3,3,3,4,3,2,2,3,3,3,3,3,1,2,1,3,2,2,1,1,3,4,3,3,2,4,4,4,3,1,0,0,4,4,1,4,1,3,1,2,3,3,3,1,0,1,1,4,0,1,1,2,0,3,3,1,4,1,0,2,3,4,1,1,2,3,1,1,1,0,4,4,1,3,3,1,3,2,2,3,3,1,2,1,3,1,2,1,3,2,2,3,4,2,3,2,2,1,3,2,1,1,0,1,3,3,4,2,2,3,1,1,1,1,3,3,1,1,1,2,3,2,1,1,0,4,2,1,3,3,3,4,3,2,2,3,3,3,3,1,2,1,3,2,2,1,1,3,4,3,4,4,4,3,1,0,0,4,4,4,2,3,3
RBL-17-0165-1_S167,0,1,1,0,0,1,1,2,4,0,4,1,0,1,2,2,3,4,1,1,2,3,1,2,1,1,3,4,4,0,0,3,1,0,2,2,3,3,1,1,1,2,3,1,2,1,3,2,2,3,4,2,2,3,2,2,1,3,2,1,1,4,1,3,1,4,2,2,3,1,1,0,1,3,3,1,1,1,2,3,2,1,1,1,4,2,0,3,3,3,4,3,2,2,3,3,3,3,1,2,1,3,2,2,1,1,3,4,3,2,4,4,3,3,1,4,1,4,4,2,3,3,0,1,1,0,0,1,1,2,4,4,1,0,1,2,2,3,4,1,1,2,3,1,1,1,3,4,4,0,0,3,1,0,2,2,3,3,1,1,1,3,1,2,1,3,2,2,3,4,2,3,2,2,1,3,2,1,1,4,1,3,1,4,2,2,3,1,1,0,1,3,3,1,1,1,2,3,2,1,1,1,4,2,0,3,3,3,4,3,2,2,3,3,3,3,1,2,1,3,2,2,1,1,3,4,3,4,4,3,3,1,4,1,4,4,2,3,3,3,0,1,1,1,0,0,1,1,2,4,0,4,1,0,1,2,2,3,4,1,1,2,3,1,2,1,1,3,4,4,0,0,0,3,1,0,2,2,3,3,1,1,3,1,2,3,1,0,2,1,3,2,2,3,4,2,2,3,2,2,1,3,2,1,1,4,1,1,3,1,4,2,2,3,1,1,0,1,2,3,0,3,1,1,1,2,3,3,2,2,1,1,3,1,4,2,0,3,3,3,4,3,2,2,3,3,3,3,3,1,2,1,3,2,2,1,1,3,4,3,3,2,4,4,3,3,1,4,1,4,4,1,4,1,3,1,2,3,3,3,1,0,1,1,0,0,1,1,2,4,0,4,1,0,1,2,2,3,4,1,1,2,3,1,1,1,3,4,4,0,0,3,1,0,2,2,3,3,1,1,1,3,1,2,1,3,2,2,3,4,2,3,2,2,1,3,2,1,1,4,1,3,1,4,2,2,3,1,1,0,1,3,3,1,1,1,2,3,2,1,1,1,4,2,0,3,3,3,4,3,2,2,3,3,3,3,1,2,1,3,2,2,1,1,3,4,3,4,4,3,3,1,4,1,4,4,4,2,3,3
RBL-17-0172-1_S170,3,1,2,4,1,1,1,2,2,3,3,1,4,1,4,2,3,3,4,1,2,3,2,2,1,2,3,4,4,1,3,3,1,1,2,4,3,3,1,1,1,0,3,1,2,1,3,2,2,3,4,2,2,3,2,2,1,3,0,1,1,4,2,1,3,1,2,3,3,2,3,3,1,3,3,1,4,3,2,3,1,1,1,0,4,2,2,0,3,3,4,3,4,2,3,3,3,2,1,2,1,3,3,2,1,1,0,3,3,0,3,2,4,3,2,0,1,0,1,2,1,0,3,1,2,4,1,1,1,2,2,3,1,4,1,4,2,3,3,4,1,2,3,2,1,2,3,4,4,1,3,3,1,1,2,4,3,3,1,1,1,3,1,2,1,3,2,2,3,4,2,3,2,2,1,3,0,1,1,4,2,1,3,1,2,3,3,2,3,3,1,3,3,1,4,3,2,3,1,1,1,0,4,2,2,0,3,3,4,3,4,2,3,3,3,2,1,2,1,3,3,2,1,1,0,3,3,3,2,4,3,2,0,1,0,1,2,1,0,3,3,1,2,2,4,1,1,1,2,2,3,3,1,4,1,4,2,3,3,4,1,2,3,2,2,1,2,3,4,4,1,3,4,3,1,1,2,4,3,3,1,1,3,1,0,3,1,3,2,1,3,2,2,3,4,2,2,3,2,2,1,3,0,1,1,4,1,2,1,3,1,2,3,3,2,3,3,1,2,3,2,3,1,4,3,2,3,3,1,2,1,1,3,0,4,2,2,0,3,3,4,3,4,2,3,3,3,3,2,1,2,1,3,3,2,1,1,0,3,3,0,0,3,2,4,3,2,0,1,0,1,1,4,1,3,1,2,1,0,3,1,3,1,2,4,1,1,1,2,2,3,3,1,4,1,4,2,3,3,4,1,2,3,2,1,2,3,4,4,1,3,3,1,1,2,4,3,3,1,1,1,3,1,2,1,3,2,2,3,4,2,3,2,2,1,3,0,1,1,4,2,1,3,1,2,3,3,2,3,3,1,3,3,1,4,3,2,3,1,1,1,0,4,2,2,0,3,3,4,3,4,2,3,3,3,2,1,2,1,3,3,2,1,1,0,3,3,3,2,4,3,2,0,1,0,1,4,2,1,0
RBL-17-0189-1_S172,1,4,2,4,1,1,1,2,2,3,3,1,4,1,0,2,3,3,1,1,2,3,1,2,1,1,3,4,4,1,3,3,1,1,1,2,3,2,1,2,1,0,3,1,2,1,3,2,2,3,4,2,2,3,2,2,1,3,2,1,4,4,1,1,1,4,2,1,3,1,1,1,1,3,1,1,1,1,2,3,1,1,1,0,1,2,2,3,1,3,2,3,4,2,3,3,1,2,1,2,1,3,2,2,1,3,3,3,3,0,3,2,4,3,2,0,1,0,1,2,3,3,1,4,2,4,1,1,1,2,2,3,1,4,1,0,2,3,3,1,1,2,3,1,1,1,3,4,4,1,3,3,1,1,1,2,3,2,1,2,1,3,1,2,1,3,2,2,3,4,2,3,2,2,1,3,2,1,4,4,1,1,1,4,2,1,3,1,1,1,1,3,1,1,1,1,2,3,1,1,1,0,1,2,2,3,1,3,2,3,4,2,3,3,1,2,1,2,1,3,2,2,1,3,3,3,3,3,2,4,3,2,0,1,0,1,2,3,3,3,1,4,2,1,4,1,1,1,2,2,3,3,1,4,1,0,2,3,3,1,1,2,3,1,2,1,1,3,4,4,1,3,4,3,1,1,1,2,3,2,1,2,3,1,0,3,1,3,2,1,3,2,2,3,4,2,2,3,2,2,1,3,2,1,4,4,1,1,1,1,4,2,1,3,1,1,1,1,0,3,2,1,1,1,1,2,3,0,1,2,1,1,3,0,1,2,2,3,1,3,2,3,4,2,3,3,3,1,2,1,2,1,3,2,2,1,3,3,3,3,0,0,3,2,4,3,2,0,1,0,1,1,4,1,3,1,2,3,3,3,1,1,4,2,4,1,1,1,2,2,3,3,1,4,1,0,2,3,3,1,1,2,3,1,1,1,3,4,4,1,3,3,1,1,1,2,3,2,1,2,1,3,1,2,1,3,2,2,3,4,2,3,2,2,1,3,2,1,4,4,1,1,1,4,2,1,3,1,1,1,1,3,1,1,1,1,2,3,1,1,1,0,1,2,2,3,1,3,2,3,4,2,3,3,1,2,1,2,1,3,2,2,1,3,3,3,3,3,2,4,3,2,0,1,0,1,4,2,3,3
RBL-17-0197-1_S173,3,4,2,4,4,1,1,4,3,3,4,1,4,1,2,2,3,3,4,1,2,4,2,2,1,2,3,4,4,1,3,4,2,3,2,4,4,3,3,1,1,2,0,1,2,1,3,2,2,3,4,2,2,3,2,2,1,3,2,0,1,4,2,3,3,1,2,3,3,1,3,3,4,3,3,1,4,3,2,3,2,3,0,1,4,2,2,0,3,3,4,3,4,2,3,3,3,3,1,2,1,3,3,4,1,1,3,3,3,2,3,2,4,3,2,4,1,4,1,0,1,3,3,4,2,4,4,1,1,4,3,4,1,4,1,2,2,3,3,4,1,2,4,2,1,2,3,4,4,1,3,4,2,3,2,4,4,3,3,1,1,0,1,2,1,3,2,2,3,4,2,3,2,2,1,3,2,0,1,4,2,3,3,1,2,3,3,1,3,3,4,3,3,1,4,3,2,3,2,3,0,1,4,2,2,0,3,3,4,3,4,2,3,3,3,3,1,2,1,3,3,4,1,1,3,3,3,3,2,4,3,2,4,1,4,1,0,1,3,3,3,4,2,2,4,4,1,1,4,3,3,4,1,4,1,2,2,3,3,4,1,2,4,2,2,1,2,3,4,4,1,3,4,4,2,3,2,4,4,3,3,1,3,1,2,0,1,3,2,1,3,2,2,3,4,2,2,3,2,2,1,3,2,0,1,4,1,2,3,3,1,2,3,3,1,3,3,4,2,3,2,3,1,4,3,2,3,4,2,2,3,0,3,1,4,2,2,0,3,3,4,3,4,2,3,3,3,3,3,1,2,1,3,3,4,1,1,3,3,3,3,2,3,2,4,3,2,4,1,4,1,1,4,0,3,0,0,1,3,3,1,3,4,2,4,4,1,1,4,3,3,4,1,4,1,2,2,3,3,4,1,2,4,2,1,2,3,4,4,1,3,4,2,3,2,4,4,3,3,1,1,0,1,2,1,3,2,2,3,4,2,3,2,2,1,3,2,0,1,4,2,3,3,1,2,3,3,1,3,3,4,3,3,1,4,3,2,3,2,3,0,1,4,2,2,0,3,3,4,3,4,2,3,3,3,3,1,2,1,3,3,4,1,1,3,3,3,3,2,4,3,2,4,1,4,1,4,0,1,3
RBL-17-0199-1_S174,1,1,1,4,1,1,1,2,2,3,3,1,4,1,2,2,3,3,1,1,2,3,1,1,1,1,3,4,4,1,3,3,1,1,1,2,3,2,1,2,3,2,3,1,2,1,3,2,2,3,4,2,2,3,2,2,1,3,2,1,4,1,1,3,1,4,1,1,2,1,1,1,1,3,1,3,1,1,1,3,1,1,1,1,1,2,2,3,1,2,2,2,2,2,3,3,1,2,1,1,1,3,2,2,1,3,3,4,0,2,4,4,3,0,1,4,4,4,4,2,3,3,1,1,1,4,1,1,1,2,2,3,1,4,1,2,2,3,3,1,1,2,3,1,1,1,3,4,4,1,3,3,1,1,1,2,3,2,1,2,3,3,1,2,1,3,2,2,3,4,2,3,2,2,1,3,2,1,4,1,1,3,1,4,1,1,2,1,1,1,1,3,1,3,1,1,1,3,1,1,1,1,1,2,2,3,1,2,2,2,2,2,3,3,1,2,1,1,1,3,2,2,1,3,3,4,0,4,4,3,0,1,4,4,4,4,2,3,3,0,1,1,1,1,4,1,1,1,2,2,3,3,1,4,1,2,2,3,3,1,1,2,3,1,1,1,1,3,4,4,1,3,1,3,1,1,1,2,3,2,1,2,0,3,2,3,1,3,2,1,3,2,2,3,4,2,2,3,2,2,1,3,2,1,4,1,4,1,3,1,4,1,1,2,1,1,1,1,0,3,2,1,3,1,1,1,3,0,1,2,1,1,0,1,1,2,2,3,1,2,2,2,2,2,3,0,3,1,2,1,1,1,3,2,2,1,3,3,4,0,3,2,4,4,3,0,1,4,4,4,4,0,0,1,0,1,2,3,3,0,0,1,1,1,4,1,1,1,2,2,3,3,1,4,1,2,2,3,3,1,1,2,3,1,1,1,3,4,4,1,3,3,1,1,1,2,3,2,1,2,3,3,1,2,1,3,2,2,3,4,2,3,2,2,1,3,2,1,4,1,1,3,1,4,1,1,2,1,1,1,1,3,1,3,1,1,1,3,1,1,1,1,1,2,2,3,1,2,2,2,2,2,3,3,1,2,1,1,1,3,2,2,1,3,3,4,0,4,4,3,0,1,4,4,4,4,0,2,3,3
RBL-17-0205-1_S175,3,4,2,4,1,1,1,2,2,3,4,1,4,1,4,2,3,3,1,1,2,3,2,2,1,2,3,4,4,1,3,4,2,3,2,2,3,3,1,1,1,2,3,1,2,1,3,2,2,3,4,2,2,3,2,2,1,3,2,0,1,4,2,1,3,1,2,3,3,2,1,3,1,3,3,1,4,3,2,3,1,1,0,0,4,2,2,0,1,3,4,3,4,2,3,3,3,2,1,2,1,3,2,2,1,1,0,3,3,0,3,2,4,3,2,0,1,4,4,2,3,3,3,4,2,4,1,1,1,2,2,4,1,4,1,4,2,3,3,1,1,2,3,2,1,2,3,4,4,1,3,4,2,3,2,2,3,3,1,1,1,3,1,2,1,3,2,2,3,4,2,3,2,2,1,3,2,0,1,4,2,1,3,1,2,3,3,2,1,3,1,3,3,1,4,3,2,3,1,1,0,0,4,2,2,0,1,3,4,3,4,2,3,3,3,2,1,2,1,3,2,2,1,1,0,3,3,3,2,4,3,2,0,1,4,4,2,3,3,3,3,4,2,2,4,1,1,1,2,2,3,4,1,4,1,4,2,3,3,1,1,2,3,2,2,1,2,3,4,4,1,3,4,4,2,3,2,2,3,3,1,1,3,1,2,3,1,3,2,1,3,2,2,3,4,2,2,3,2,2,1,3,2,0,1,4,1,2,1,3,1,2,3,3,2,1,3,1,2,3,2,3,1,4,3,2,3,3,1,2,1,0,3,0,4,2,2,0,1,3,4,3,4,2,3,3,3,3,2,1,2,1,3,2,2,1,1,0,3,3,0,0,3,2,4,3,2,0,1,4,4,1,4,1,3,1,2,3,3,3,1,3,4,2,4,1,1,1,2,2,3,4,1,4,1,4,2,3,3,1,1,2,3,2,1,2,3,4,4,1,3,4,2,3,2,2,3,3,1,1,1,3,1,2,1,3,2,2,3,4,2,3,2,2,1,3,2,0,1,4,2,1,3,1,2,3,3,2,1,3,1,3,3,1,4,3,2,3,1,1,0,0,4,2,2,0,1,3,4,3,4,2,3,3,3,2,1,2,1,3,2,2,1,1,0,3,3,3,2,4,3,2,0,1,4,4,4,2,3,3
RBL-17-0217-1_S176,3,1,1,4,4,1,1,2,4,3,4,3,4,1,2,2,3,3,1,1,2,3,2,2,1,1,3,4,4,1,3,3,2,3,2,2,4,3,1,1,1,2,3,1,2,1,4,2,2,3,4,2,2,3,2,2,1,3,2,1,1,4,1,1,3,4,2,3,3,2,1,1,1,3,3,1,1,1,2,3,2,1,1,1,4,2,2,3,3,3,4,3,2,2,3,3,3,3,1,2,1,3,2,2,1,1,3,3,3,2,3,2,4,3,0,0,1,0,4,0,3,0,3,1,1,4,4,1,1,2,4,4,3,4,1,2,2,3,3,1,1,2,3,2,1,1,3,4,4,1,3,3,2,3,2,2,4,3,1,1,1,3,1,2,1,4,2,2,3,4,2,3,2,2,1,3,2,1,1,4,1,1,3,4,2,3,3,2,1,1,1,3,3,1,1,1,2,3,2,1,1,1,4,2,2,3,3,3,4,3,2,2,3,3,3,3,1,2,1,3,2,2,1,1,3,3,3,3,2,4,3,0,0,1,0,4,0,3,0,3,3,1,1,1,4,4,1,1,2,4,3,4,3,4,1,2,2,3,3,1,1,2,3,2,2,1,1,3,4,4,1,3,4,3,2,3,2,2,4,3,1,1,3,1,2,3,1,3,2,1,4,2,2,3,4,2,2,3,2,2,1,3,2,1,1,4,0,1,1,3,4,2,3,3,2,1,1,1,2,3,2,3,1,1,1,2,3,4,2,2,1,1,3,1,4,2,2,3,3,3,4,3,2,2,3,3,3,3,3,1,2,1,3,2,2,1,1,3,3,3,3,2,3,2,4,3,0,0,1,0,4,1,4,0,3,0,0,3,0,3,1,3,1,1,4,4,1,1,2,4,3,4,3,4,1,2,2,3,3,1,1,2,3,2,1,1,3,4,4,1,3,3,2,3,2,2,4,3,1,1,1,3,1,2,1,4,2,2,3,4,2,3,2,2,1,3,2,1,1,4,1,1,3,4,2,3,3,2,1,1,1,3,3,1,1,1,2,3,2,1,1,1,4,2,2,3,3,3,4,3,2,2,3,3,3,3,1,2,1,3,2,2,1,1,3,3,3,3,2,4,3,0,0,1,0,4,4,0,3,0
RBL-17-0226-1_S41,1,1,1,4,1,1,1,2,2,3,3,1,4,1,2,2,3,3,1,1,2,3,1,1,1,1,3,4,4,1,3,3,1,1,1,2,3,2,1,2,3,2,3,1,2,1,3,2,2,3,4,2,2,3,2,2,1,3,2,1,4,1,1,3,1,4,1,1,2,1,1,1,1,3,1,3,1,1,1,3,1,1,1,1,1,2,2,3,1,2,2,2,2,2,3,3,1,2,1,1,1,3,2,2,1,3,3,4,0,2,4,4,3,0,1,4,4,4,4,2,3,3,1,1,1,4,1,1,1,2,2,3,1,4,1,2,2,3,3,1,1,2,3,1,1,1,3,4,4,1,3,3,1,1,1,2,3,2,1,2,3,3,1,2,1,3,2,2,3,4,2,3,2,2,1,3,2,1,4,1,1,3,1,4,1,1,2,1,1,1,1,3,1,3,1,1,1,3,1,1,1,1,1,2,2,3,1,2,2,2,2,2,3,3,1,2,1,1,1,3,2,2,1,3,3,4,0,4,4,3,0,1,4,4,4,4,2,3,3,0,1,1,1,1,4,1,1,1,2,2,3,3,1,4,1,2,2,3,3,1,1,2,3,1,1,1,1,3,4,4,1,3,1,3,1,1,1,2,3,2,1,2,0,3,2,3,1,3,2,1,3,2,2,3,4,2,2,3,2,2,1,3,2,1,4,1,4,1,3,1,4,1,1,2,1,1,1,1,0,3,2,1,3,1,1,1,3,0,1,2,1,1,0,1,1,2,2,3,1,2,2,2,2,2,3,0,3,1,2,1,1,1,3,2,2,1,3,3,4,0,3,2,4,4,3,0,1,4,4,4,4,0,0,1,0,1,2,3,3,0,0,1,1,1,4,1,1,1,2,2,3,3,1,4,1,2,2,3,3,1,1,2,3,1,1,1,3,4,4,1,3,3,1,1,1,2,3,2,1,2,3,3,1,2,1,3,2,2,3,4,2,3,2,2,1,3,2,1,4,1,1,3,1,4,1,1,2,1,1,1,1,3,1,3,1,1,1,3,1,1,1,1,1,2,2,3,1,2,2,2,2,2,3,3,1,2,1,1,1,3,2,2,1,3,3,4,0,4,4,3,0,1,4,4,4,4,0,2,3,3
RBL-17-0232-1_S91,3,1,1,4,1,1,1,2,0,0,0,1,0,1,2,2,3,4,1,1,2,3,1,2,0,1,3,4,4,0,0,3,1,0,2,2,3,0,1,1,1,2,3,1,2,1,3,2,2,3,4,2,2,3,2,2,1,3,2,1,1,4,1,3,3,4,2,2,3,1,1,0,1,3,3,1,1,1,2,3,2,1,1,1,4,2,1,3,3,3,4,3,2,2,3,3,3,3,1,2,1,3,2,2,1,1,3,4,3,2,4,4,4,3,1,4,1,4,4,2,3,3,3,1,1,4,1,1,1,2,0,0,1,0,1,2,2,3,4,1,1,2,3,1,0,1,3,4,4,0,0,3,1,0,2,2,3,0,1,1,1,3,1,2,1,3,2,2,3,4,2,3,2,2,1,3,2,1,1,4,1,3,3,4,2,2,3,1,1,0,1,3,3,1,1,1,2,3,2,1,1,1,4,2,1,3,3,3,4,3,2,2,3,3,3,3,1,2,1,3,2,2,1,1,3,4,3,4,4,4,3,1,4,1,4,4,2,3,3,3,3,1,1,0,4,1,1,1,2,0,0,0,1,0,1,2,2,3,4,1,1,2,3,1,2,0,1,3,4,4,0,0,0,3,1,0,2,2,3,0,1,1,3,1,2,3,1,0,2,1,3,2,2,3,4,2,2,3,2,2,1,3,2,1,1,4,1,1,3,3,4,2,2,3,1,1,0,1,2,3,0,3,1,1,1,2,3,3,2,0,1,1,3,1,4,2,1,3,3,3,4,3,2,2,3,3,3,3,3,1,2,1,3,2,2,1,1,3,4,3,3,2,4,4,4,3,1,4,1,4,4,1,4,1,3,1,2,3,3,3,1,3,1,1,4,1,1,1,2,0,0,0,1,0,1,2,2,3,4,1,1,2,3,1,0,1,3,4,4,0,0,3,1,0,2,2,3,0,1,1,1,3,1,2,1,3,2,2,3,4,2,3,2,2,1,3,2,1,1,4,1,3,3,4,2,2,3,1,1,0,1,3,3,1,1,1,2,3,2,1,1,1,4,2,1,3,3,3,4,3,2,2,3,3,3,3,1,2,1,3,2,2,1,1,3,4,3,4,4,4,3,1,4,1,4,4,4,2,3,3
RBL-17-0235-1_S92,3,4,2,4,4,1,1,4,3,3,4,1,4,1,2,2,3,3,4,1,2,4,2,2,1,2,3,4,4,1,3,4,2,3,2,4,4,3,3,1,1,2,0,0,2,1,3,2,2,3,4,2,2,3,2,2,2,3,0,0,1,4,2,3,3,1,2,3,3,1,3,3,4,3,3,1,4,3,2,3,2,3,0,1,4,2,2,0,3,3,4,3,4,2,3,3,3,3,1,2,1,3,3,4,1,1,3,3,3,2,3,2,4,3,0,4,1,4,4,2,3,3,3,4,2,4,4,1,1,4,3,4,1,4,1,2,2,3,3,4,1,2,4,2,1,2,3,4,4,1,3,4,2,3,2,4,4,3,3,1,1,0,0,2,1,3,2,2,3,4,2,3,2,2,2,3,0,0,1,4,2,3,3,1,2,3,3,1,3,3,4,3,3,1,4,3,2,3,2,3,0,1,4,2,2,0,3,3,4,3,4,2,3,3,3,3,1,2,1,3,3,4,1,1,3,3,3,3,2,4,3,0,4,1,4,4,2,3,3,3,3,4,2,2,4,4,1,1,4,3,3,4,1,4,1,2,2,3,3,4,1,2,4,2,2,1,2,3,4,4,1,3,4,4,2,3,2,4,4,3,3,1,3,1,2,0,0,3,2,1,3,2,2,3,4,2,2,3,2,2,2,3,0,0,1,4,1,2,3,3,1,2,3,3,1,3,3,4,2,3,2,3,1,4,3,2,3,4,2,2,3,0,3,1,4,2,2,0,3,3,4,3,4,2,3,3,3,3,3,1,2,1,3,3,4,1,1,3,3,3,3,2,3,2,4,3,0,4,1,4,4,1,4,1,3,1,2,3,3,3,1,3,4,2,4,4,1,1,4,3,3,4,1,4,1,2,2,3,3,4,1,2,4,2,1,2,3,4,4,1,3,4,2,3,2,4,4,3,3,1,1,0,0,2,1,3,2,2,3,4,2,3,2,2,2,3,0,0,1,4,2,3,3,1,2,3,3,1,3,3,4,3,3,1,4,3,2,3,2,3,0,1,4,2,2,0,3,3,4,3,4,2,3,3,3,3,1,2,1,3,3,4,1,1,3,3,3,3,2,4,3,0,4,1,4,4,4,2,3,3
RBL-17-0242-1_S42,1,1,1,4,1,1,1,2,2,3,3,1,4,1,2,2,3,3,1,1,2,3,1,1,1,1,3,4,4,1,3,3,1,1,1,2,3,2,1,2,3,2,3,1,2,1,3,2,2,3,4,2,2,3,2,2,1,3,2,1,4,1,1,3,1,4,1,1,2,1,1,1,1,3,1,3,1,1,1,3,1,1,1,1,1,2,2,3,1,2,2,2,2,2,3,3,1,2,1,1,1,3,2,2,1,3,3,4,0,2,4,4,3,0,1,4,4,4,4,2,3,3,1,1,1,4,1,1,1,2,2,3,1,4,1,2,2,3,3,1,1,2,3,1,1,1,3,4,4,1,3,3,1,1,1,2,3,2,1,2,3,3,1,2,1,3,2,2,3,4,2,3,2,2,1,3,2,1,4,1,1,3,1,4,1,1,2,1,1,1,1,3,1,3,1,1,1,3,1,1,1,1,1,2,2,3,1,2,2,2,2,2,3,3,1,2,1,1,1,3,2,2,1,3,3,4,0,4,4,3,0,1,4,4,4,4,2,3,3,0,1,1,1,1,4,1,1,1,2,2,3,3,1,4,1,2,2,3,3,1,1,2,3,1,1,1,1,3,4,4,1,3,1,3,1,1,1,2,3,2,1,2,0,3,2,3,1,3,2,1,3,2,2,3,4,2,2,3,2,2,1,3,2,1,4,1,4,1,3,1,4,1,1,2,1,1,1,1,0,3,2,1,3,1,1,1,3,0,1,2,1,1,0,1,1,2,2,3,1,2,2,2,2,2,3,0,3,1,2,1,1,1,3,2,2,1,3,3,4,0,3,2,4,4,3,0,1,4,4,4,4,0,0,1,0,1,2,3,3,0,0,1,1,1,4,1,1,1,2,2,3,3,1,4,1,2,2,3,3,1,1,2,3,1,1,1,3,4,4,1,3,3,1,1,1,2,3,2,1,2,3,3,1,2,1,3,2,2,3,4,2,3,2,2,1,3,2,1,4,1,1,3,1,4,1,1,2,1,1,1,1,3,1,3,1,1,1,3,1,1,1,1,1,2,2,3,1,2,2,2,2,2,3,3,1,2,1,1,1,3,2,2,1,3,3,4,0,4,4,3,0,1,4,4,4,4,0,2,3,3
RBL-17-0244-1_S44,1,1,1,4,1,1,1,2,2,3,3,1,4,1,2,2,3,3,1,1,2,3,1,1,1,1,3,4,4,1,3,3,1,1,1,2,3,2,1,2,3,2,3,1,2,1,3,2,2,3,4,2,2,3,2,2,1,3,2,1,4,1,1,3,1,4,1,1,2,1,1,1,1,3,1,3,1,1,1,3,1,1,1,1,1,2,2,3,1,2,2,2,2,2,3,3,1,2,1,1,1,3,2,2,1,3,3,4,0,2,4,4,3,0,1,4,4,4,4,2,3,3,1,1,1,4,1,1,1,2,2,3,1,4,1,2,2,3,3,1,1,2,3,1,1,1,3,4,4,1,3,3,1,1,1,2,3,2,1,2,3,3,1,2,1,3,2,2,3,4,2,3,2,2,1,3,2,1,4,1,1,3,1,4,1,1,2,1,1,1,1,3,1,3,1,1,1,3,1,1,1,1,1,2,2,3,1,2,2,2,2,2,3,3,1,2,1,1,1,3,2,2,1,3,3,4,0,4,4,3,0,1,4,4,4,4,2,3,3,0,1,1,1,1,4,1,1,1,2,2,3,3,1,4,1,2,2,3,3,1,1,2,3,1,1,1,1,3,4,4,1,3,1,3,1,1,1,2,3,2,1,2,0,3,2,3,1,3,2,1,3,2,2,3,4,2,2,3,2,2,1,3,2,1,4,1,4,1,3,1,4,1,1,2,1,1,1,1,0,3,2,1,3,1,1,1,3,0,1,2,1,1,0,1,1,2,2,3,1,2,2,2,2,2,3,0,3,1,2,1,1,1,3,2,2,1,3,3,4,0,3,2,4,4,3,0,1,4,4,4,4,0,0,1,0,1,2,3,3,0,0,1,1,1,4,1,1,1,2,2,3,3,1,4,1,2,2,3,3,1,1,2,3,1,1,1,3,4,4,1,3,3,1,1,1,2,3,2,1,2,3,3,1,2,1,3,2,2,3,4,2,3,2,2,1,3,2,1,4,1,1,3,1,4,1,1,2,1,1,1,1,3,1,3,1,1,1,3,1,1,1,1,1,2,2,3,1,2,2,2,2,2,3,3,1,2,1,1,1,3,2,2,1,3,3,4,0,4,4,3,0,1,4,4,4,4,0,2,3,3
RBL-17-0246-1_S94,3,1,1,4,1,1,1,2,4,3,4,1,4,1,2,2,3,3,1,1,2,3,1,2,1,1,3,4,4,1,3,3,0,3,2,2,3,3,1,1,1,2,3,1,0,0,0,0,0,0,0,0,0,0,0,0,0,0,2,1,1,4,0,3,1,4,2,2,3,2,0,1,1,3,0,1,1,1,2,3,2,1,1,1,4,2,1,3,3,3,4,3,2,2,3,3,3,3,1,2,1,3,2,2,1,0,3,3,3,0,4,4,4,3,1,4,0,4,4,2,3,3,3,1,1,4,1,1,1,2,4,4,1,4,1,2,2,3,3,1,1,2,3,1,1,1,3,4,4,1,3,3,0,3,2,2,3,3,1,1,1,3,1,0,0,0,0,0,0,0,0,0,0,0,0,0,2,1,1,4,0,3,1,4,2,2,3,2,0,1,1,3,0,1,1,1,2,3,2,1,1,1,4,2,1,3,3,3,4,3,2,2,3,3,3,3,1,2,1,3,2,2,1,0,3,3,3,4,4,4,3,1,4,0,4,4,2,3,3,3,3,1,1,0,4,1,1,1,2,4,3,4,1,4,1,2,2,3,3,1,1,2,3,1,2,1,1,3,4,4,1,3,0,3,0,3,2,2,3,3,1,1,3,1,2,3,1,0,0,0,0,0,0,0,0,0,0,0,0,0,0,0,2,1,1,4,1,0,3,1,4,2,2,3,2,0,1,1,2,3,2,0,1,1,1,2,3,3,2,2,1,1,3,1,4,2,1,3,3,3,4,3,2,2,3,3,3,3,3,1,2,1,3,2,2,1,0,3,3,3,0,0,4,4,4,3,1,4,0,4,4,1,4,1,3,1,2,3,3,3,1,3,1,1,4,1,1,1,2,4,3,4,1,4,1,2,2,3,3,1,1,2,3,1,1,1,3,4,4,1,3,3,0,3,2,2,3,3,1,1,1,3,1,0,0,0,0,0,0,0,0,0,0,0,0,0,2,1,1,4,0,3,1,4,2,2,3,2,0,1,1,3,0,1,1,1,2,3,2,1,1,1,4,2,1,3,3,3,4,3,2,2,3,3,3,3,1,2,1,3,2,2,1,0,3,3,3,4,4,4,3,1,4,0,4,4,4,2,3,3
RBL-17-0256-1_S98,0,1,1,0,1,1,1,2,0,0,4,1,4,1,2,2,3,0,1,1,2,3,1,2,1,1,3,4,4,0,0,3,1,0,0,2,3,3,1,1,1,2,3,1,2,1,3,2,2,3,4,2,2,3,2,2,0,3,2,1,1,4,0,3,1,4,2,2,3,0,1,0,1,3,0,0,1,1,2,3,2,1,1,1,4,2,0,3,3,3,4,3,2,2,3,0,3,3,1,2,1,3,2,2,1,1,3,3,3,2,4,4,3,3,1,4,1,4,4,2,3,0,0,1,1,0,1,1,1,2,0,4,1,4,1,2,2,3,0,1,1,2,3,1,1,1,3,4,4,0,0,3,1,0,0,2,3,3,1,1,1,3,1,2,1,3,2,2,3,4,2,3,2,2,0,3,2,1,1,4,0,3,1,4,2,2,3,0,1,0,1,3,0,0,1,1,2,3,2,1,1,1,4,2,0,3,3,3,4,3,2,2,3,0,3,3,1,2,1,3,2,2,1,1,3,3,3,4,4,3,3,1,4,1,4,4,2,3,0,3,0,1,1,1,0,1,1,1,2,0,0,4,1,4,1,2,2,3,0,1,1,2,3,1,2,1,1,3,4,4,0,0,0,3,1,0,0,2,3,3,1,1,3,1,2,3,1,0,2,1,3,2,2,3,4,2,2,3,2,2,0,3,2,1,1,4,1,0,3,1,4,2,2,3,0,1,0,1,2,3,2,0,0,1,1,2,3,3,2,2,1,1,3,1,4,2,0,3,3,3,4,3,2,2,3,3,0,3,3,1,2,1,3,2,2,1,1,3,3,3,3,2,4,4,3,3,1,4,1,4,4,1,4,1,3,1,2,3,0,3,1,0,1,1,0,1,1,1,2,0,0,4,1,4,1,2,2,3,0,1,1,2,3,1,1,1,3,4,4,0,0,3,1,0,0,2,3,3,1,1,1,3,1,2,1,3,2,2,3,4,2,3,2,2,0,3,2,1,1,4,0,3,1,4,2,2,3,0,1,0,1,3,0,0,1,1,2,3,2,1,1,1,4,2,0,3,3,3,4,3,2,2,3,0,3,3,1,2,1,3,2,2,1,1,3,3,3,4,4,3,3,1,4,1,4,4,4,2,3,0
RBL-17-0259-1_S99,3,4,2,4,1,1,1,2,2,3,4,1,4,1,4,2,3,3,1,1,2,3,2,2,1,2,3,4,4,1,3,4,2,3,2,2,3,3,1,1,1,0,3,1,2,1,3,2,2,3,4,2,2,3,2,2,1,3,2,0,1,4,2,0,3,1,2,3,3,2,1,3,1,3,3,1,4,3,2,3,1,1,0,0,4,2,2,0,1,3,4,3,4,2,3,3,3,2,1,2,1,3,2,2,1,1,0,3,3,2,3,4,3,0,1,4,4,4,4,2,1,0,3,4,2,4,1,1,1,2,2,4,1,4,1,4,2,3,3,1,1,2,3,2,1,2,3,4,4,1,3,4,2,3,2,2,3,3,1,1,1,3,1,2,1,3,2,2,3,4,2,3,2,2,1,3,2,0,1,4,2,0,3,1,2,3,3,2,1,3,1,3,3,1,4,3,2,3,1,1,0,0,4,2,2,0,1,3,4,3,4,2,3,3,3,2,1,2,1,3,2,2,1,1,0,3,3,3,4,3,0,1,4,4,4,4,2,1,0,3,3,4,2,2,4,1,1,1,2,2,3,4,1,4,1,4,2,3,3,1,1,2,3,2,2,1,2,3,4,4,1,3,4,4,2,3,2,2,3,3,1,1,3,1,0,3,1,3,2,1,3,2,2,3,4,2,2,3,2,2,1,3,2,0,1,4,1,2,0,3,1,2,3,3,2,1,3,1,2,3,2,3,1,4,3,2,3,3,1,2,1,0,3,0,4,2,2,0,1,3,4,3,4,2,3,3,3,3,2,1,2,1,3,2,2,1,1,0,3,3,3,2,3,4,3,0,1,4,4,4,4,1,4,1,3,0,2,1,0,3,1,3,4,2,4,1,1,1,2,2,3,4,1,4,1,4,2,3,3,1,1,2,3,2,1,2,3,4,4,1,3,4,2,3,2,2,3,3,1,1,1,3,1,2,1,3,2,2,3,4,2,3,2,2,1,3,2,0,1,4,2,0,3,1,2,3,3,2,1,3,1,3,3,1,4,3,2,3,1,1,0,0,4,2,2,0,1,3,4,3,4,2,3,3,3,2,1,2,1,3,2,2,1,1,0,3,3,3,4,3,0,1,4,4,4,4,4,2,1,0
RBL-17-0261-1_S100,3,1,1,4,1,1,1,2,4,3,4,1,4,1,2,2,3,3,1,1,2,3,1,2,1,1,3,4,4,1,3,0,0,0,0,0,3,0,0,0,0,2,3,1,2,0,3,2,2,3,4,2,0,0,0,0,1,3,2,1,1,4,0,3,1,4,2,2,3,2,0,1,1,3,0,1,1,1,2,3,2,1,1,1,4,2,1,3,3,3,4,3,2,2,3,3,3,3,1,2,1,3,2,2,1,0,3,3,3,0,4,4,4,3,1,4,1,4,4,2,3,3,3,1,1,4,1,1,1,2,4,4,1,4,1,2,2,3,3,1,1,2,3,1,1,1,3,4,4,1,3,0,0,0,0,0,3,0,0,0,0,3,1,2,0,3,2,2,3,4,2,0,0,0,1,3,2,1,1,4,0,3,1,4,2,2,3,2,0,1,1,3,0,1,1,1,2,3,2,1,1,1,4,2,1,3,3,3,4,3,2,2,3,3,3,3,1,2,1,3,2,2,1,0,3,3,3,4,4,4,3,1,4,1,4,4,2,3,3,3,3,1,1,0,4,1,1,1,2,4,3,4,1,4,1,2,2,3,3,1,1,2,3,1,2,1,1,3,4,4,1,3,0,0,0,0,0,0,3,0,0,0,3,0,2,3,1,3,2,0,3,2,2,3,4,2,0,0,0,0,1,3,2,1,1,4,1,0,3,1,4,2,2,3,2,0,1,1,2,3,2,0,1,1,1,2,3,3,2,2,1,1,3,1,4,2,1,3,3,3,4,3,2,2,3,3,3,3,3,1,2,1,3,2,2,1,0,3,3,3,0,0,4,4,4,3,1,4,1,4,4,1,4,1,3,1,2,3,3,3,1,3,1,1,4,1,1,1,2,4,3,4,1,4,1,2,2,3,3,1,1,2,3,1,1,1,3,4,4,1,3,0,0,0,0,0,3,0,0,0,0,3,1,2,0,3,2,2,3,4,2,0,0,0,1,3,2,1,1,4,0,3,1,4,2,2,3,2,0,1,1,3,0,1,1,1,2,3,2,1,1,1,4,2,1,3,3,3,4,3,2,2,3,3,3,3,1,2,1,3,2,2,1,0,3,3,3,4,4,4,3,1,4,1,4,4,4,2,3,3
RBL-17-0263-1_S102,3,1,1,4,4,1,3,2,4,3,4,3,4,1,2,2,3,3,1,1,2,3,2,2,1,1,3,4,4,1,3,3,2,3,2,2,4,3,1,2,1,0,3,1,2,1,3,2,2,3,4,2,2,3,2,2,1,3,2,1,0,4,1,1,3,4,2,3,3,2,1,1,1,3,3,1,1,1,2,3,2,1,1,1,1,2,2,3,3,3,4,3,2,2,3,3,3,3,2,2,1,3,2,2,1,1,3,3,3,2,4,4,4,3,1,4,0,0,4,0,3,0,3,1,1,4,4,1,3,2,4,4,3,4,1,2,2,3,3,1,1,2,3,2,1,1,3,4,4,1,3,3,2,3,2,2,4,3,1,2,1,3,1,2,1,3,2,2,3,4,2,3,2,2,1,3,2,1,0,4,1,1,3,4,2,3,3,2,1,1,1,3,3,1,1,1,2,3,2,1,1,1,1,2,2,3,3,3,4,3,2,2,3,3,3,3,2,2,1,3,2,2,1,1,3,3,3,4,4,4,3,1,4,0,0,4,0,3,0,2,3,1,1,2,4,4,1,3,2,4,3,4,3,4,1,2,2,3,3,1,1,2,3,2,2,1,1,3,4,4,1,3,4,3,2,3,2,2,4,3,1,2,3,1,0,3,1,3,2,1,3,2,2,3,4,2,2,3,2,2,1,3,2,1,0,4,1,1,1,3,4,2,3,3,2,1,1,1,2,3,2,3,1,1,1,2,3,4,2,2,1,1,3,1,1,2,2,3,3,3,4,3,2,2,3,3,3,3,3,2,2,1,3,2,2,1,1,3,3,3,3,2,4,4,4,3,1,4,0,0,4,1,4,0,3,1,0,3,0,3,1,3,1,1,4,4,1,3,2,4,3,4,3,4,1,2,2,3,3,1,1,2,3,2,1,1,3,4,4,1,3,3,2,3,2,2,4,3,1,2,1,3,1,2,1,3,2,2,3,4,2,3,2,2,1,3,2,1,0,4,1,1,3,4,2,3,3,2,1,1,1,3,3,1,1,1,2,3,2,1,1,1,1,2,2,3,3,3,4,3,2,2,3,3,3,3,2,2,1,3,2,2,1,1,3,3,3,4,4,4,3,1,4,0,0,4,4,0,3,0
RBL-17-0264-1_S103,1,1,1,4,1,1,1,2,2,3,3,1,4,1,2,2,3,3,1,1,2,3,1,1,1,1,3,4,4,1,3,3,1,1,1,2,3,2,1,2,3,2,3,1,2,1,3,2,2,3,4,2,2,3,2,2,1,3,2,1,4,1,1,3,1,4,1,1,2,1,1,1,1,3,1,3,1,1,1,3,1,1,1,1,1,0,2,3,1,2,2,2,2,2,3,3,1,2,1,1,1,3,2,2,1,3,3,4,0,2,4,4,3,0,1,4,4,4,4,2,3,3,1,1,1,4,1,1,1,2,2,3,1,4,1,2,2,3,3,1,1,2,3,1,1,1,3,4,4,1,3,3,1,1,1,2,3,2,1,2,3,3,1,2,1,3,2,2,3,4,2,3,2,2,1,3,2,1,4,1,1,3,1,4,1,1,2,1,1,1,1,3,1,3,1,1,1,3,1,1,1,1,1,0,2,3,1,2,2,2,2,2,3,3,1,2,1,1,1,3,2,2,1,3,3,4,0,4,4,3,0,1,4,4,4,4,2,3,3,0,1,1,1,1,4,1,1,1,2,2,3,3,1,4,1,2,2,3,3,1,1,2,3,1,1,1,1,3,4,4,1,3,1,3,1,1,1,2,3,2,1,2,0,3,2,3,1,3,2,1,3,2,2,3,4,2,2,3,2,2,1,3,2,1,4,1,4,1,3,1,4,1,1,2,1,1,1,1,0,3,2,1,3,1,1,1,3,0,1,2,1,1,0,1,1,0,2,3,1,2,2,2,2,2,3,0,3,1,2,1,1,1,3,2,2,1,3,3,4,0,3,2,4,4,3,0,1,4,4,4,4,0,0,1,0,1,2,3,3,0,0,1,1,1,4,1,1,1,2,2,3,3,1,4,1,2,2,3,3,1,1,2,3,1,1,1,3,4,4,1,3,3,1,1,1,2,3,2,1,2,3,3,1,2,1,3,2,2,3,4,2,3,2,2,1,3,2,1,4,1,1,3,1,4,1,1,2,1,1,1,1,3,1,3,1,1,1,3,1,1,1,1,1,0,2,3,1,2,2,2,2,2,3,3,1,2,1,1,1,3,2,2,1,3,3,4,0,4,4,3,0,1,4,4,4,4,0,2,3,3
RBL-17-0267-1_S104,3,1,1,4,4,1,3,2,4,3,4,3,4,0,2,2,3,3,1,1,2,3,2,2,1,1,3,4,4,1,3,3,2,3,2,2,4,3,1,2,1,2,3,1,2,1,3,2,2,3,4,2,2,3,2,2,1,3,2,1,0,4,1,1,3,4,2,3,3,2,1,1,1,3,3,1,1,1,2,3,2,1,1,1,1,2,2,3,3,3,4,3,2,2,3,3,3,3,2,2,1,3,2,2,1,1,3,3,3,2,3,4,4,3,1,4,0,4,4,0,3,3,3,1,1,4,4,1,3,2,4,4,3,4,0,2,2,3,3,1,1,2,3,2,1,1,3,4,4,1,3,3,2,3,2,2,4,3,1,2,1,3,1,2,1,3,2,2,3,4,2,3,2,2,1,3,2,1,0,4,1,1,3,4,2,3,3,2,1,1,1,3,3,1,1,1,2,3,2,1,1,1,1,2,2,3,3,3,4,3,2,2,3,3,3,3,2,2,1,3,2,2,1,1,3,3,3,3,4,4,3,1,4,0,4,4,0,3,3,2,3,1,1,2,4,4,1,3,2,4,3,4,3,4,0,2,2,3,3,1,1,2,3,2,2,1,1,3,4,4,1,3,4,3,2,3,2,2,4,3,1,2,3,1,2,3,1,3,2,1,3,2,2,3,4,2,2,3,2,2,1,3,2,1,0,4,1,1,1,3,4,2,3,3,2,1,1,1,2,3,2,3,1,1,1,2,3,4,2,2,1,1,3,1,1,2,2,3,3,3,4,3,2,2,3,3,3,3,3,2,2,1,3,2,2,1,1,3,3,3,3,2,3,4,4,3,1,4,0,4,4,1,4,1,3,1,0,3,3,3,1,3,1,1,4,4,1,3,2,4,3,4,3,4,0,2,2,3,3,1,1,2,3,2,1,1,3,4,4,1,3,3,2,3,2,2,4,3,1,2,1,3,1,2,1,3,2,2,3,4,2,3,2,2,1,3,2,1,0,4,1,1,3,4,2,3,3,2,1,1,1,3,3,1,1,1,2,3,2,1,1,1,1,2,2,3,3,3,4,3,2,2,3,3,3,3,2,2,1,3,2,2,1,1,3,3,3,3,4,4,3,1,4,0,4,4,4,0,3,3
RBL-17-0274-2_S105,0,1,1,0,1,1,1,2,0,0,0,1,4,1,2,0,0,4,1,1,2,3,1,2,1,1,0,4,4,0,0,3,1,3,0,2,3,3,1,1,1,2,3,1,2,1,3,2,2,3,4,2,2,3,2,2,0,3,2,1,1,0,1,3,1,4,2,2,3,0,1,0,1,3,3,1,1,1,2,3,2,1,1,1,4,2,1,3,3,3,4,3,2,2,3,0,3,3,1,2,0,3,2,2,1,1,3,3,3,2,4,4,4,3,1,4,1,0,4,2,3,3,0,1,1,0,1,1,1,2,0,0,1,4,1,2,0,0,4,1,1,2,3,1,1,1,0,4,4,0,0,3,1,3,0,2,3,3,1,1,1,3,1,2,1,3,2,2,3,4,2,3,2,2,0,3,2,1,1,0,1,3,1,4,2,2,3,0,1,0,1,3,3,1,1,1,2,3,2,1,1,1,4,2,1,3,3,3,4,3,2,2,3,0,3,3,1,2,0,3,2,2,1,1,3,3,3,4,4,4,3,1,4,1,0,4,2,3,3,3,0,1,1,0,0,1,1,1,2,0,0,0,1,4,1,2,0,0,4,1,1,2,3,1,2,1,1,0,4,4,0,0,0,3,1,3,0,2,3,3,1,1,3,1,2,3,1,3,2,1,3,2,2,3,4,2,2,3,2,2,0,3,2,1,1,0,0,1,3,1,4,2,2,3,0,1,0,1,2,3,2,3,1,1,1,2,3,3,2,2,1,1,3,1,4,2,1,3,3,3,4,3,2,2,3,3,0,3,3,1,2,0,3,2,2,1,1,3,3,3,3,2,4,4,4,3,1,4,1,0,4,1,4,1,3,1,2,3,3,3,1,0,1,1,0,1,1,1,2,0,0,0,1,4,1,2,0,0,4,1,1,2,3,1,1,1,0,4,4,0,0,3,1,3,0,2,3,3,1,1,1,3,1,2,1,3,2,2,3,4,2,3,2,2,0,3,2,1,1,0,1,3,1,4,2,2,3,0,1,0,1,3,3,1,1,1,2,3,2,1,1,1,4,2,1,3,3,3,4,3,2,2,3,0,3,3,1,2,0,3,2,2,1,1,3,3,3,4,4,4,3,1,4,1,0,4,4,2,3,3
RBL-17-0283-1_S27,3,1,1,4,4,1,3,2,4,3,4,3,4,1,2,2,3,3,1,1,2,3,2,2,1,1,3,4,4,1,3,3,2,3,2,2,4,3,1,1,1,2,0,1,2,1,3,2,2,3,4,2,2,3,2,2,1,3,2,1,0,4,1,1,3,4,2,3,3,2,1,1,1,3,3,1,1,1,2,3,2,1,1,1,1,2,2,3,3,3,4,3,2,2,3,3,3,3,2,2,1,3,2,2,1,1,3,3,3,2,3,4,4,3,1,4,0,4,4,0,3,3,3,1,1,4,4,1,3,2,4,4,3,4,1,2,2,3,3,1,1,2,3,2,1,1,3,4,4,1,3,3,2,3,2,2,4,3,1,1,1,0,1,2,1,3,2,2,3,4,2,3,2,2,1,3,2,1,0,4,1,1,3,4,2,3,3,2,1,1,1,3,3,1,1,1,2,3,2,1,1,1,1,2,2,3,3,3,4,3,2,2,3,3,3,3,2,2,1,3,2,2,1,1,3,3,3,3,4,4,3,1,4,0,4,4,0,3,3,2,3,1,1,2,4,4,1,3,2,4,3,4,3,4,1,2,2,3,3,1,1,2,3,2,2,1,1,3,4,4,1,3,4,3,2,3,2,2,4,3,1,1,3,1,2,0,1,3,2,1,3,2,2,3,4,2,2,3,2,2,1,3,2,1,0,4,1,1,1,3,4,2,3,3,2,1,1,1,2,3,2,3,1,1,1,2,3,4,2,2,1,1,3,1,1,2,2,3,3,3,4,3,2,2,3,3,3,3,3,2,2,1,3,2,2,1,1,3,3,3,3,2,3,4,4,3,1,4,0,4,4,1,4,1,3,1,0,3,3,3,1,3,1,1,4,4,1,3,2,4,3,4,3,4,1,2,2,3,3,1,1,2,3,2,1,1,3,4,4,1,3,3,2,3,2,2,4,3,1,1,1,0,1,2,1,3,2,2,3,4,2,3,2,2,1,3,2,1,0,4,1,1,3,4,2,3,3,2,1,1,1,3,3,1,1,1,2,3,2,1,1,1,1,2,2,3,3,3,4,3,2,2,3,3,3,3,2,2,1,3,2,2,1,1,3,3,3,3,4,4,3,1,4,0,4,4,4,0,3,3
RBL-17-0300-1_S112,3,4,2,4,4,1,1,4,3,3,4,1,4,1,2,2,3,3,4,1,2,4,2,2,1,2,3,4,4,1,3,4,2,3,2,4,4,3,3,1,1,2,0,0,2,1,3,2,2,3,4,2,2,3,2,2,2,3,0,0,1,4,2,3,3,1,2,3,3,1,3,3,4,3,3,1,4,3,2,3,2,3,0,1,4,2,2,0,3,3,4,3,4,2,3,3,3,3,1,2,1,3,3,4,1,1,3,3,3,2,3,2,4,3,2,4,1,4,1,0,1,3,3,4,2,4,4,1,1,4,3,4,1,4,1,2,2,3,3,4,1,2,4,2,1,2,3,4,4,1,3,4,2,3,2,4,4,3,3,1,1,0,0,2,1,3,2,2,3,4,2,3,2,2,2,3,0,0,1,4,2,3,3,1,2,3,3,1,3,3,4,3,3,1,4,3,2,3,2,3,0,1,4,2,2,0,3,3,4,3,4,2,3,3,3,3,1,2,1,3,3,4,1,1,3,3,3,3,2,4,3,2,4,1,4,1,0,1,3,3,3,4,2,2,4,4,1,1,4,3,3,4,1,4,1,2,2,3,3,4,1,2,4,2,2,1,2,3,4,4,1,3,4,4,2,3,2,4,4,3,3,1,3,1,2,0,0,3,2,1,3,2,2,3,4,2,2,3,2,2,2,3,0,0,1,4,1,2,3,3,1,2,3,3,1,3,3,4,2,3,2,3,1,4,3,2,3,4,2,2,3,0,3,1,4,2,2,0,3,3,4,3,4,2,3,3,3,3,3,1,2,1,3,3,4,1,1,3,3,3,3,2,3,2,4,3,2,4,1,4,1,1,4,0,3,0,0,1,3,3,1,3,4,2,4,4,1,1,4,3,3,4,1,4,1,2,2,3,3,4,1,2,4,2,1,2,3,4,4,1,3,4,2,3,2,4,4,3,3,1,1,0,0,2,1,3,2,2,3,4,2,3,2,2,2,3,0,0,1,4,2,3,3,1,2,3,3,1,3,3,4,3,3,1,4,3,2,3,2,3,0,1,4,2,2,0,3,3,4,3,4,2,3,3,3,3,1,2,1,3,3,4,1,1,3,3,3,3,2,4,3,2,4,1,4,1,4,0,1,3
RBL-17-0305-1_S49,1,1,1,4,1,1,1,2,2,3,3,1,4,1,2,2,3,3,1,1,2,3,1,1,1,1,3,4,4,1,3,3,1,1,1,2,3,2,1,2,3,2,3,1,2,1,3,2,2,3,4,2,2,3,2,2,1,3,2,1,4,1,1,3,1,4,1,1,2,1,1,1,1,3,1,3,1,1,1,3,1,1,1,1,1,2,2,3,1,2,2,2,2,2,3,3,1,2,1,1,1,3,2,2,1,3,3,4,0,2,4,4,3,0,1,4,4,4,4,2,3,3,1,1,1,4,1,1,1,2,2,3,1,4,1,2,2,3,3,1,1,2,3,1,1,1,3,4,4,1,3,3,1,1,1,2,3,2,1,2,3,3,1,2,1,3,2,2,3,4,2,3,2,2,1,3,2,1,4,1,1,3,1,4,1,1,2,1,1,1,1,3,1,3,1,1,1,3,1,1,1,1,1,2,2,3,1,2,2,2,2,2,3,3,1,2,1,1,1,3,2,2,1,3,3,4,0,4,4,3,0,1,4,4,4,4,2,3,3,0,1,1,1,1,4,1,1,1,2,2,3,3,1,4,1,2,2,3,3,1,1,2,3,1,1,1,1,3,4,4,1,3,1,3,1,1,1,2,3,2,1,2,0,3,2,3,1,3,2,1,3,2,2,3,4,2,2,3,2,2,1,3,2,1,4,1,4,1,3,1,4,1,1,2,1,1,1,1,0,3,2,1,3,1,1,1,3,0,1,2,1,1,0,1,1,2,2,3,1,2,2,2,2,2,3,0,3,1,2,1,1,1,3,2,2,1,3,3,4,0,3,2,4,4,3,0,1,4,4,4,4,0,0,1,0,1,2,3,3,0,0,1,1,1,4,1,1,1,2,2,3,3,1,4,1,2,2,3,3,1,1,2,3,1,1,1,3,4,4,1,3,3,1,1,1,2,3,2,1,2,3,3,1,2,1,3,2,2,3,4,2,3,2,2,1,3,2,1,4,1,1,3,1,4,1,1,2,1,1,1,1,3,1,3,1,1,1,3,1,1,1,1,1,2,2,3,1,2,2,2,2,2,3,3,1,2,1,1,1,3,2,2,1,3,3,4,0,4,4,3,0,1,4,4,4,4,0,2,3,3
RBL-17-0306-1_S50,0,1,0,0,1,1,1,2,4,3,0,1,4,1,2,2,3,3,1,0,0,3,0,2,0,1,0,4,0,0,0,3,1,0,2,2,3,3,1,1,1,2,3,1,2,1,3,2,2,3,4,2,2,3,2,2,1,3,2,1,1,4,0,3,1,4,2,1,3,1,1,0,1,3,3,1,1,1,2,3,2,1,1,1,4,2,0,3,3,3,4,3,2,2,3,3,3,3,1,2,1,3,2,2,1,1,3,4,3,2,4,4,3,3,1,4,0,4,4,2,3,3,0,1,0,0,1,1,1,2,4,0,1,4,1,2,2,3,3,1,0,0,3,0,0,1,0,4,0,0,0,3,1,0,2,2,3,3,1,1,1,3,1,2,1,3,2,2,3,4,2,3,2,2,1,3,2,1,1,4,0,3,1,4,2,1,3,1,1,0,1,3,3,1,1,1,2,3,2,1,1,1,4,2,0,3,3,3,4,3,2,2,3,3,3,3,1,2,1,3,2,2,1,1,3,4,3,4,4,3,3,1,4,0,4,4,2,3,3,3,0,1,0,1,0,1,1,1,2,4,3,0,1,4,1,2,2,3,3,1,0,0,3,0,2,0,1,0,4,0,0,0,0,3,1,0,2,2,3,3,1,1,3,1,2,3,1,3,2,1,3,2,2,3,4,2,2,3,2,2,1,3,2,1,1,4,1,0,3,1,4,2,1,3,1,1,0,1,2,3,0,3,1,1,1,2,3,3,2,0,1,1,3,1,4,2,0,3,3,3,4,3,2,2,3,3,3,3,3,1,2,1,3,2,2,1,1,3,4,3,3,2,4,4,3,3,1,4,0,4,4,1,4,1,3,1,2,3,3,3,1,0,1,0,0,1,1,1,2,4,3,0,1,4,1,2,2,3,3,1,0,0,3,0,0,1,0,4,0,0,0,3,1,0,2,2,3,3,1,1,1,3,1,2,1,3,2,2,3,4,2,3,2,2,1,3,2,1,1,4,0,3,1,4,2,1,3,1,1,0,1,3,3,1,1,1,2,3,2,1,1,1,4,2,0,3,3,3,4,3,2,2,3,3,3,3,1,2,1,3,2,2,1,1,3,4,3,4,4,3,3,1,4,0,4,4,4,2,3,3
RBL-17-0307-1_S51,1,1,1,4,1,1,1,2,2,3,3,1,4,1,2,2,3,3,1,1,2,3,1,1,1,1,3,4,4,1,3,3,1,1,1,2,3,2,1,2,3,2,3,1,2,1,3,2,2,3,4,2,2,3,2,2,1,3,2,1,4,1,1,3,1,4,1,1,2,1,1,1,1,3,1,3,1,1,1,3,1,1,1,1,1,2,2,3,1,2,2,2,2,2,3,3,1,2,1,1,1,3,2,2,1,3,3,4,0,2,4,4,3,0,1,4,4,4,4,2,3,3,1,1,1,4,1,1,1,2,2,3,1,4,1,2,2,3,3,1,1,2,3,1,1,1,3,4,4,1,3,3,1,1,1,2,3,2,1,2,3,3,1,2,1,3,2,2,3,4,2,3,2,2,1,3,2,1,4,1,1,3,1,4,1,1,2,1,1,1,1,3,1,3,1,1,1,3,1,1,1,1,1,2,2,3,1,2,2,2,2,2,3,3,1,2,1,1,1,3,2,2,1,3,3,4,0,4,4,3,0,1,4,4,4,4,2,3,3,0,1,1,1,1,4,1,1,1,2,2,3,3,1,4,1,2,2,3,3,1,1,2,3,1,1,1,1,3,4,4,1,3,1,3,1,1,1,2,3,2,1,2,0,3,2,3,1,3,2,1,3,2,2,3,4,2,2,3,2,2,1,3,2,1,4,1,4,1,3,1,4,1,1,2,1,1,1,1,0,3,2,1,3,1,1,1,3,0,1,2,1,1,0,1,1,2,2,3,1,2,2,2,2,2,3,0,3,1,2,1,1,1,3,2,2,1,3,3,4,0,3,2,4,4,3,0,1,4,4,4,4,0,0,1,0,1,2,3,3,0,0,1,1,1,4,1,1,1,2,2,3,3,1,4,1,2,2,3,3,1,1,2,3,1,1,1,3,4,4,1,3,3,1,1,1,2,3,2,1,2,3,3,1,2,1,3,2,2,3,4,2,3,2,2,1,3,2,1,4,1,1,3,1,4,1,1,2,1,1,1,1,3,1,3,1,1,1,3,1,1,1,1,1,2,2,3,1,2,2,2,2,2,3,3,1,2,1,1,1,3,2,2,1,3,3,4,0,4,4,3,0,1,4,4,4,4,0,2,3,3
RBL-17-0320-1_S114,0,0,0,0,0,0,0,0,0,0,0,0,0,0,0,0,0,0,0,0,0,0,0,0,0,0,0,0,0,0,0,0,0,0,0,0,0,0,0,2,1,2,3,1,0,0,0,0,0,0,0,0,0,0,0,0,0,0,2,1,0,0,1,3,3,4,0,2,0,0,0,0,1,0,0,0,0,0,0,0,0,0,1,1,0,0,0,3,0,0,0,0,0,0,0,0,0,0,0,0,0,0,0,0,0,1,3,4,3,2,3,4,4,3,1,4,4,4,4,2,3,3,0,0,0,0,0,0,0,0,0,0,0,0,0,0,0,0,0,0,0,0,0,0,0,0,0,0,0,0,0,0,0,0,0,0,0,0,0,2,1,3,1,0,0,0,0,0,0,0,0,0,0,0,0,0,2,1,0,0,1,3,3,4,0,2,0,0,0,0,1,0,0,0,0,0,0,0,0,0,1,1,0,0,0,3,0,0,0,0,0,0,0,0,0,0,0,0,0,0,0,0,0,1,3,4,3,3,4,4,3,1,4,4,4,4,2,3,3,3,0,0,0,0,0,0,0,0,0,0,0,0,0,0,0,0,0,0,0,0,0,0,0,0,0,0,0,0,0,0,0,0,0,0,0,0,0,0,0,0,0,2,3,1,2,3,1,0,0,0,0,0,0,0,0,0,0,0,0,0,0,0,2,1,0,0,0,1,3,3,4,0,2,0,0,0,0,1,2,0,0,0,0,0,0,0,0,3,0,0,0,1,3,1,0,0,0,3,0,0,0,0,0,0,0,3,0,0,0,0,0,0,0,0,0,0,1,3,4,3,3,2,3,4,4,3,1,4,4,4,4,1,4,1,3,1,2,3,3,3,1,0,0,0,0,0,0,0,0,0,0,0,0,0,0,0,0,0,0,0,0,0,0,0,0,0,0,0,0,0,0,0,0,0,0,0,0,0,0,2,1,3,1,0,0,0,0,0,0,0,0,0,0,0,0,0,2,1,0,0,1,3,3,4,0,2,0,0,0,0,1,0,0,0,0,0,0,0,0,0,1,1,0,0,0,3,0,0,0,0,0,0,0,0,0,0,0,0,0,0,0,0,0,1,3,4,3,3,4,4,3,1,4,4,4,4,4,2,3,3
RBL-17-0323-1_S115,1,1,1,4,1,1,1,2,2,3,3,1,4,1,2,2,3,3,1,1,2,3,1,1,1,1,3,4,4,1,3,3,1,1,1,2,3,2,1,2,3,2,3,1,2,1,3,2,2,3,4,2,2,3,2,2,1,3,2,1,4,1,1,3,1,4,1,1,2,1,1,1,1,3,1,3,1,1,1,3,1,1,1,1,1,0,2,3,1,2,2,2,2,2,3,3,1,2,1,1,1,0,2,2,1,3,3,3,3,0,3,2,4,3,2,0,1,0,1,2,3,3,1,1,1,4,1,1,1,2,2,3,1,4,1,2,2,3,3,1,1,2,3,1,1,1,3,4,4,1,3,3,1,1,1,2,3,2,1,2,3,3,1,2,1,3,2,2,3,4,2,3,2,2,1,3,2,1,4,1,1,3,1,4,1,1,2,1,1,1,1,3,1,3,1,1,1,3,1,1,1,1,1,0,2,3,1,2,2,2,2,2,3,3,1,2,1,1,1,0,2,2,1,3,3,3,3,3,2,4,3,2,0,1,0,1,2,3,3,0,1,1,1,1,4,1,1,1,2,2,3,3,1,4,1,2,2,3,3,1,1,2,3,1,1,1,1,3,4,4,1,3,1,3,1,1,1,2,3,2,1,2,0,3,2,3,1,3,2,1,3,2,2,3,4,2,2,3,2,2,1,3,2,1,4,1,4,1,3,1,4,1,1,2,1,1,1,1,0,3,2,1,3,1,1,1,3,0,1,2,1,1,0,1,1,0,2,3,1,2,2,2,2,2,3,0,3,1,2,1,1,1,0,2,2,1,3,3,3,3,0,0,3,2,4,3,2,0,1,0,1,1,4,1,0,1,2,3,3,0,0,1,1,1,4,1,1,1,2,2,3,3,1,4,1,2,2,3,3,1,1,2,3,1,1,1,3,4,4,1,3,3,1,1,1,2,3,2,1,2,3,3,1,2,1,3,2,2,3,4,2,3,2,2,1,3,2,1,4,1,1,3,1,4,1,1,2,1,1,1,1,3,1,3,1,1,1,3,1,1,1,1,1,0,2,3,1,2,2,2,2,2,3,3,1,2,1,1,1,0,2,2,1,3,3,3,3,3,2,4,3,2,0,1,0,1,4,2,3,3
RBL-17-0324-1_S54,0,1,0,4,1,0,1,2,0,3,4,1,4,1,2,2,3,3,1,1,2,3,1,2,1,1,0,4,4,1,3,3,1,3,2,2,3,3,1,2,1,2,3,1,2,1,3,2,2,3,4,2,2,3,2,2,0,3,2,1,1,4,1,3,1,4,2,2,3,1,1,0,1,3,0,1,1,1,2,3,2,1,1,1,4,2,1,3,3,3,4,3,2,2,3,3,3,3,1,2,1,3,2,2,1,1,3,3,3,0,4,4,4,3,1,4,1,4,4,2,3,3,0,1,0,4,1,0,1,2,0,4,1,4,1,2,2,3,3,1,1,2,3,1,1,1,0,4,4,1,3,3,1,3,2,2,3,3,1,2,1,3,1,2,1,3,2,2,3,4,2,3,2,2,0,3,2,1,1,4,1,3,1,4,2,2,3,1,1,0,1,3,0,1,1,1,2,3,2,1,1,1,4,2,1,3,3,3,4,3,2,2,3,3,3,3,1,2,1,3,2,2,1,1,3,3,3,4,4,4,3,1,4,1,4,4,2,3,3,3,0,1,0,1,4,1,0,1,2,0,3,4,1,4,1,2,2,3,3,1,1,2,3,1,2,1,1,0,4,4,1,3,0,3,1,3,2,2,3,3,1,2,3,1,2,3,1,3,2,1,3,2,2,3,4,2,2,3,2,2,0,3,2,1,1,4,0,1,3,1,4,2,2,3,1,1,0,1,2,3,2,0,1,1,1,2,3,3,2,0,1,1,3,1,4,2,1,3,3,3,4,3,2,2,3,3,3,3,3,1,2,1,3,2,2,1,1,3,3,3,0,0,4,4,4,3,1,4,1,4,4,1,4,1,3,1,2,3,3,3,1,0,1,0,4,1,0,1,2,0,3,4,1,4,1,2,2,3,3,1,1,2,3,1,1,1,0,4,4,1,3,3,1,3,2,2,3,3,1,2,1,3,1,2,1,3,2,2,3,4,2,3,2,2,0,3,2,1,1,4,1,3,1,4,2,2,3,1,1,0,1,3,0,1,1,1,2,3,2,1,1,1,4,2,1,3,3,3,4,3,2,2,3,3,3,3,1,2,1,3,2,2,1,1,3,3,3,4,4,4,3,1,4,1,4,4,4,2,3,3
RBL-17-0327-1_S116,3,4,2,4,1,1,1,2,3,3,4,1,4,1,4,2,3,3,4,1,2,3,1,1,1,1,3,4,4,1,3,3,1,3,2,2,4,3,1,2,0,0,0,0,2,1,3,2,2,3,4,2,2,3,2,2,1,3,0,0,1,4,1,0,3,4,2,3,3,2,3,3,4,3,1,1,4,3,2,3,2,3,1,0,4,2,2,3,3,3,4,3,4,2,3,3,3,2,1,2,1,3,3,4,1,0,0,3,3,2,3,2,4,3,2,0,4,4,1,2,1,0,3,4,2,4,1,1,1,2,3,4,1,4,1,4,2,3,3,4,1,2,3,1,1,1,3,4,4,1,3,3,1,3,2,2,4,3,1,2,0,0,0,2,1,3,2,2,3,4,2,3,2,2,1,3,0,0,1,4,1,0,3,4,2,3,3,2,3,3,4,3,1,1,4,3,2,3,2,3,1,0,4,2,2,3,3,3,4,3,4,2,3,3,3,2,1,2,1,3,3,4,1,0,0,3,3,3,2,4,3,2,0,4,4,1,2,1,0,3,3,4,2,1,4,1,1,1,2,3,3,4,1,4,1,4,2,3,3,4,1,2,3,1,1,1,1,3,4,4,1,3,4,3,1,3,2,2,4,3,1,2,3,0,0,0,0,3,2,1,3,2,2,3,4,2,2,3,2,2,1,3,0,0,1,4,1,1,0,3,4,2,3,3,2,3,3,4,2,3,2,1,1,4,3,2,3,3,2,2,3,1,3,0,4,2,2,3,3,3,4,3,4,2,3,3,3,3,2,1,2,1,3,3,4,1,0,0,3,3,3,2,3,2,4,3,2,0,4,4,1,1,4,0,3,1,2,1,0,3,1,3,4,2,4,1,1,1,2,3,3,4,1,4,1,4,2,3,3,4,1,2,3,1,1,1,3,4,4,1,3,3,1,3,2,2,4,3,1,2,0,0,0,2,1,3,2,2,3,4,2,3,2,2,1,3,0,0,1,4,1,0,3,4,2,3,3,2,3,3,4,3,1,1,4,3,2,3,2,3,1,0,4,2,2,3,3,3,4,3,4,2,3,3,3,2,1,2,1,3,3,4,1,0,0,3,3,3,2,4,3,2,0,4,4,1,4,2,1,0
RBL-17-0328-1_S117,3,1,1,4,1,1,1,2,4,3,0,1,4,1,2,2,3,3,1,1,2,3,1,2,1,1,3,4,4,1,3,3,0,3,2,2,3,3,1,1,1,2,3,1,0,0,0,0,0,0,0,0,0,0,0,0,0,0,2,1,1,4,0,3,1,4,2,2,3,2,0,1,1,3,0,1,1,1,2,3,2,1,1,1,4,2,1,3,3,3,4,3,2,2,3,3,3,3,1,2,1,3,2,2,1,0,3,3,3,0,3,0,4,3,1,4,0,0,4,2,3,3,3,1,1,4,1,1,1,2,4,0,1,4,1,2,2,3,3,1,1,2,3,1,1,1,3,4,4,1,3,3,0,3,2,2,3,3,1,1,1,3,1,0,0,0,0,0,0,0,0,0,0,0,0,0,2,1,1,4,0,3,1,4,2,2,3,2,0,1,1,3,0,1,1,1,2,3,2,1,1,1,4,2,1,3,3,3,4,3,2,2,3,3,3,3,1,2,1,3,2,2,1,0,3,3,3,3,0,4,3,1,4,0,0,4,2,3,3,3,3,1,1,0,4,1,1,1,2,4,3,0,1,4,1,2,2,3,3,1,1,2,3,1,2,1,1,3,4,4,1,3,0,3,0,3,2,2,3,3,1,1,3,1,2,3,1,0,0,0,0,0,0,0,0,0,0,0,0,0,0,0,2,1,1,4,1,0,3,1,4,2,2,3,2,0,1,1,2,3,2,0,1,1,1,2,3,3,2,2,1,1,3,1,4,2,1,3,3,3,4,3,2,2,3,3,3,3,3,1,2,1,3,2,2,1,0,3,3,3,0,0,3,0,4,3,1,4,0,0,4,1,4,1,3,1,2,3,3,3,1,3,1,1,4,1,1,1,2,4,3,0,1,4,1,2,2,3,3,1,1,2,3,1,1,1,3,4,4,1,3,3,0,3,2,2,3,3,1,1,1,3,1,0,0,0,0,0,0,0,0,0,0,0,0,0,2,1,1,4,0,3,1,4,2,2,3,2,0,1,1,3,0,1,1,1,2,3,2,1,1,1,4,2,1,3,3,3,4,3,2,2,3,3,3,3,1,2,1,3,2,2,1,0,3,3,3,3,0,4,3,1,4,0,0,4,4,2,3,3
RBL-17-0332-1_S118,0,1,0,0,1,1,1,2,0,3,4,1,4,1,2,2,3,0,1,1,2,3,2,2,1,1,3,4,4,1,3,3,1,3,2,2,3,3,1,2,1,2,3,1,2,1,3,0,2,3,4,2,2,3,2,2,1,3,2,1,1,4,1,3,1,4,2,2,3,1,1,0,1,3,0,1,1,1,2,3,2,1,1,1,4,2,1,3,3,3,4,3,2,2,3,3,3,3,1,2,1,3,2,2,1,1,3,3,0,2,4,4,4,3,1,4,1,4,4,2,3,3,0,1,0,0,1,1,1,2,0,4,1,4,1,2,2,3,0,1,1,2,3,2,1,1,3,4,4,1,3,3,1,3,2,2,3,3,1,2,1,3,1,2,1,3,0,2,3,4,2,3,2,2,1,3,2,1,1,4,1,3,1,4,2,2,3,1,1,0,1,3,0,1,1,1,2,3,2,1,1,1,4,2,1,3,3,3,4,3,2,2,3,3,3,3,1,2,1,3,2,2,1,1,3,3,0,4,4,4,3,1,4,1,4,4,2,3,3,3,0,1,0,0,0,1,1,1,2,0,3,4,1,4,1,2,2,3,0,1,1,2,3,2,2,1,1,3,4,4,1,3,4,3,1,3,2,2,3,3,1,2,3,1,2,3,1,0,2,1,3,0,2,3,4,2,2,3,2,2,1,3,2,1,1,4,1,1,3,1,4,2,2,3,1,1,0,1,2,3,0,0,1,1,1,2,3,3,2,2,1,1,3,1,4,2,1,3,3,3,4,3,2,2,3,3,3,3,3,1,2,1,3,2,2,1,1,3,3,0,3,2,4,4,4,3,1,4,1,4,4,1,4,1,3,1,2,3,3,3,1,0,1,0,0,1,1,1,2,0,3,4,1,4,1,2,2,3,0,1,1,2,3,2,1,1,3,4,4,1,3,3,1,3,2,2,3,3,1,2,1,3,1,2,1,3,0,2,3,4,2,3,2,2,1,3,2,1,1,4,1,3,1,4,2,2,3,1,1,0,1,3,0,1,1,1,2,3,2,1,1,1,4,2,1,3,3,3,4,3,2,2,3,3,3,3,1,2,1,3,2,2,1,1,3,3,0,4,4,4,3,1,4,1,4,4,4,2,3,3
RBL-17-0340-1_S102,3,4,2,4,1,1,1,2,2,3,4,1,4,1,4,2,3,3,1,1,2,3,2,2,1,2,3,4,4,1,3,4,2,3,2,2,3,3,1,1,1,0,3,1,2,1,3,2,2,3,4,2,2,3,2,2,1,3,2,0,1,4,2,1,3,1,2,3,3,2,1,3,1,3,3,1,4,3,2,3,1,1,0,0,4,2,2,0,1,3,4,3,4,2,3,3,3,2,1,2,1,3,2,2,1,1,0,3,3,0,3,2,4,3,2,0,1,4,1,2,1,0,3,4,2,4,1,1,1,2,2,4,1,4,1,4,2,3,3,1,1,2,3,2,1,2,3,4,4,1,3,4,2,3,2,2,3,3,1,1,1,3,1,2,1,3,2,2,3,4,2,3,2,2,1,3,2,0,1,4,2,1,3,1,2,3,3,2,1,3,1,3,3,1,4,3,2,3,1,1,0,0,4,2,2,0,1,3,4,3,4,2,3,3,3,2,1,2,1,3,2,2,1,1,0,3,3,3,2,4,3,2,0,1,4,1,2,1,0,3,3,4,2,2,4,1,1,1,2,2,3,4,1,4,1,4,2,3,3,1,1,2,3,2,2,1,2,3,4,4,1,3,4,4,2,3,2,2,3,3,1,1,3,1,0,3,1,3,2,1,3,2,2,3,4,2,2,3,2,2,1,3,2,0,1,4,1,2,1,3,1,2,3,3,2,1,3,1,2,3,2,3,1,4,3,2,3,3,1,2,1,0,3,0,4,2,2,0,1,3,4,3,4,2,3,3,3,3,2,1,2,1,3,2,2,1,1,0,3,3,0,0,3,2,4,3,2,0,1,4,1,1,4,1,3,0,2,1,0,3,1,3,4,2,4,1,1,1,2,2,3,4,1,4,1,4,2,3,3,1,1,2,3,2,1,2,3,4,4,1,3,4,2,3,2,2,3,3,1,1,1,3,1,2,1,3,2,2,3,4,2,3,2,2,1,3,2,0,1,4,2,1,3,1,2,3,3,2,1,3,1,3,3,1,4,3,2,3,1,1,0,0,4,2,2,0,1,3,4,3,4,2,3,3,3,2,1,2,1,3,2,2,1,1,0,3,3,3,2,4,3,2,0,1,4,1,4,2,1,0
RBL-17-0342-1_S103,3,4,2,4,1,1,1,2,2,3,4,1,4,1,4,2,3,3,1,1,2,3,2,2,1,2,3,4,4,1,3,4,2,3,2,2,3,3,1,1,1,0,3,1,2,1,3,2,2,3,4,2,2,3,2,2,1,3,2,0,1,4,2,1,3,1,2,3,3,2,1,3,1,3,3,1,4,3,2,3,1,1,0,0,4,2,2,0,1,3,4,3,4,2,3,3,3,2,1,2,1,3,2,2,1,1,0,3,3,2,3,4,3,0,1,4,4,4,4,2,1,0,3,4,2,4,1,1,1,2,2,4,1,4,1,4,2,3,3,1,1,2,3,2,1,2,3,4,4,1,3,4,2,3,2,2,3,3,1,1,1,3,1,2,1,3,2,2,3,4,2,3,2,2,1,3,2,0,1,4,2,1,3,1,2,3,3,2,1,3,1,3,3,1,4,3,2,3,1,1,0,0,4,2,2,0,1,3,4,3,4,2,3,3,3,2,1,2,1,3,2,2,1,1,0,3,3,3,4,3,0,1,4,4,4,4,2,1,0,3,3,4,2,2,4,1,1,1,2,2,3,4,1,4,1,4,2,3,3,1,1,2,3,2,2,1,2,3,4,4,1,3,4,4,2,3,2,2,3,3,1,1,3,1,0,3,1,3,2,1,3,2,2,3,4,2,2,3,2,2,1,3,2,0,1,4,1,2,1,3,1,2,3,3,2,1,3,1,2,3,2,3,1,4,3,2,3,3,1,2,1,0,3,0,4,2,2,0,1,3,4,3,4,2,3,3,3,3,2,1,2,1,3,2,2,1,1,0,3,3,3,2,3,4,3,0,1,4,4,4,4,1,4,1,3,0,2,1,0,3,1,3,4,2,4,1,1,1,2,2,3,4,1,4,1,4,2,3,3,1,1,2,3,2,1,2,3,4,4,1,3,4,2,3,2,2,3,3,1,1,1,3,1,2,1,3,2,2,3,4,2,3,2,2,1,3,2,0,1,4,2,1,3,1,2,3,3,2,1,3,1,3,3,1,4,3,2,3,1,1,0,0,4,2,2,0,1,3,4,3,4,2,3,3,3,2,1,2,1,3,2,2,1,1,0,3,3,3,4,3,0,1,4,4,4,4,4,2,1,0
RBL-17-0347-1_S104,3,4,2,4,1,1,1,2,2,3,4,1,4,1,4,2,3,3,1,1,2,3,2,2,1,2,3,4,4,1,3,4,2,3,2,2,3,3,1,1,1,0,3,1,2,1,3,2,2,3,4,2,2,3,2,2,1,3,2,0,1,4,2,1,3,1,2,3,3,2,1,3,1,3,3,1,4,3,2,3,1,1,0,0,4,2,2,0,1,3,4,3,4,2,3,3,3,2,1,2,1,3,2,2,1,1,0,3,3,0,3,2,4,3,2,0,1,4,1,2,1,0,3,4,2,4,1,1,1,2,2,4,1,4,1,4,2,3,3,1,1,2,3,2,1,2,3,4,4,1,3,4,2,3,2,2,3,3,1,1,1,3,1,2,1,3,2,2,3,4,2,3,2,2,1,3,2,0,1,4,2,1,3,1,2,3,3,2,1,3,1,3,3,1,4,3,2,3,1,1,0,0,4,2,2,0,1,3,4,3,4,2,3,3,3,2,1,2,1,3,2,2,1,1,0,3,3,3,2,4,3,2,0,1,4,1,2,1,0,3,3,4,2,2,4,1,1,1,2,2,3,4,1,4,1,4,2,3,3,1,1,2,3,2,2,1,2,3,4,4,1,3,4,4,2,3,2,2,3,3,1,1,3,1,0,3,1,3,2,1,3,2,2,3,4,2,2,3,2,2,1,3,2,0,1,4,1,2,1,3,1,2,3,3,2,1,3,1,2,3,2,3,1,4,3,2,3,3,1,2,1,0,3,0,4,2,2,0,1,3,4,3,4,2,3,3,3,3,2,1,2,1,3,2,2,1,1,0,3,3,0,0,3,2,4,3,2,0,1,4,1,1,4,1,3,0,2,1,0,3,1,3,4,2,4,1,1,1,2,2,3,4,1,4,1,4,2,3,3,1,1,2,3,2,1,2,3,4,4,1,3,4,2,3,2,2,3,3,1,1,1,3,1,2,1,3,2,2,3,4,2,3,2,2,1,3,2,0,1,4,2,1,3,1,2,3,3,2,1,3,1,3,3,1,4,3,2,3,1,1,0,0,4,2,2,0,1,3,4,3,4,2,3,3,3,2,1,2,1,3,2,2,1,1,0,3,3,3,2,4,3,2,0,1,4,1,4,2,1,0
RBL-17-0349-1_S105,3,1,1,4,4,1,3,2,4,3,4,3,4,1,2,2,3,3,1,1,2,3,2,2,1,1,3,4,4,1,3,3,2,3,2,2,4,3,1,1,1,2,3,1,2,1,4,2,2,3,4,2,2,3,2,2,1,3,2,1,0,4,1,1,3,4,2,3,3,2,1,1,1,3,3,1,1,1,2,3,2,1,1,1,1,2,2,3,3,3,4,3,2,2,3,3,3,3,2,2,1,3,2,2,1,1,3,3,3,2,4,4,4,3,1,4,0,0,4,0,3,0,3,1,1,4,4,1,3,2,4,4,3,4,1,2,2,3,3,1,1,2,3,2,1,1,3,4,4,1,3,3,2,3,2,2,4,3,1,1,1,3,1,2,1,4,2,2,3,4,2,3,2,2,1,3,2,1,0,4,1,1,3,4,2,3,3,2,1,1,1,3,3,1,1,1,2,3,2,1,1,1,1,2,2,3,3,3,4,3,2,2,3,3,3,3,2,2,1,3,2,2,1,1,3,3,3,4,4,4,3,1,4,0,0,4,0,3,0,2,3,1,1,2,4,4,1,3,2,4,3,4,3,4,1,2,2,3,3,1,1,2,3,2,2,1,1,3,4,4,1,3,4,3,2,3,2,2,4,3,1,1,3,1,2,3,1,3,2,1,4,2,2,3,4,2,2,3,2,2,1,3,2,1,0,4,1,1,1,3,4,2,3,3,2,1,1,1,2,3,2,3,1,1,1,2,3,4,2,2,1,1,3,1,1,2,2,3,3,3,4,3,2,2,3,3,3,3,3,2,2,1,3,2,2,1,1,3,3,3,3,2,4,4,4,3,1,4,0,0,4,1,4,0,3,1,0,3,0,3,1,3,1,1,4,4,1,3,2,4,3,4,3,4,1,2,2,3,3,1,1,2,3,2,1,1,3,4,4,1,3,3,2,3,2,2,4,3,1,1,1,3,1,2,1,4,2,2,3,4,2,3,2,2,1,3,2,1,0,4,1,1,3,4,2,3,3,2,1,1,1,3,3,1,1,1,2,3,2,1,1,1,1,2,2,3,3,3,4,3,2,2,3,3,3,3,2,2,1,3,2,2,1,1,3,3,3,4,4,4,3,1,4,0,0,4,4,0,3,0
RBL-17-0350-1_S106,1,1,1,0,1,1,1,2,2,3,3,1,4,1,2,2,3,3,1,1,2,3,1,1,1,1,3,4,4,1,3,3,1,1,0,2,3,2,1,2,3,2,3,1,2,1,3,2,2,3,4,2,2,3,2,2,1,3,2,1,4,1,1,3,1,4,1,1,2,1,1,1,1,3,1,3,1,1,1,3,1,1,1,1,1,0,2,3,1,2,2,2,2,2,3,3,1,2,1,1,1,0,2,2,1,3,3,4,0,2,4,4,3,0,1,4,4,4,4,2,3,3,1,1,1,0,1,1,1,2,2,3,1,4,1,2,2,3,3,1,1,2,3,1,1,1,3,4,4,1,3,3,1,1,0,2,3,2,1,2,3,3,1,2,1,3,2,2,3,4,2,3,2,2,1,3,2,1,4,1,1,3,1,4,1,1,2,1,1,1,1,3,1,3,1,1,1,3,1,1,1,1,1,0,2,3,1,2,2,2,2,2,3,3,1,2,1,1,1,0,2,2,1,3,3,4,0,4,4,3,0,1,4,4,4,4,2,3,3,0,1,1,1,0,0,1,1,1,2,2,3,3,1,4,1,2,2,3,3,1,1,2,3,1,1,1,1,3,4,4,1,3,1,3,1,1,0,2,3,2,1,2,0,3,2,3,1,3,2,1,3,2,2,3,4,2,2,3,2,2,1,3,2,1,4,1,4,1,3,1,4,1,1,2,1,1,1,1,0,3,2,1,3,1,1,1,3,0,1,2,1,1,0,1,1,0,2,3,1,2,2,2,2,2,3,0,3,1,2,1,1,1,0,2,2,1,3,3,4,0,3,2,4,4,3,0,1,4,4,4,4,0,0,1,0,1,2,3,3,0,0,1,1,1,0,1,1,1,2,2,3,3,1,4,1,2,2,3,3,1,1,2,3,1,1,1,3,4,4,1,3,3,1,1,0,2,3,2,1,2,3,3,1,2,1,3,2,2,3,4,2,3,2,2,1,3,2,1,4,1,1,3,1,4,1,1,2,1,1,1,1,3,1,3,1,1,1,3,1,1,1,1,1,0,2,3,1,2,2,2,2,2,3,3,1,2,1,1,1,0,2,2,1,3,3,4,0,4,4,3,0,1,4,4,4,4,0,2,3,3
RBL-17-0359-1_S66,1,1,1,4,1,1,1,2,2,3,3,1,4,1,2,2,3,3,1,1,2,3,1,1,1,1,3,4,4,1,3,3,1,1,1,2,3,2,1,2,3,2,3,1,2,1,3,2,2,3,4,2,2,3,2,2,1,3,2,1,4,1,1,3,1,4,1,1,2,1,1,1,1,3,1,3,1,1,1,3,1,1,1,1,1,0,2,3,1,2,2,2,2,2,3,3,1,2,1,1,1,0,2,2,1,3,3,4,0,2,4,4,3,0,1,4,4,4,4,2,3,3,1,1,1,4,1,1,1,2,2,3,1,4,1,2,2,3,3,1,1,2,3,1,1,1,3,4,4,1,3,3,1,1,1,2,3,2,1,2,3,3,1,2,1,3,2,2,3,4,2,3,2,2,1,3,2,1,4,1,1,3,1,4,1,1,2,1,1,1,1,3,1,3,1,1,1,3,1,1,1,1,1,0,2,3,1,2,2,2,2,2,3,3,1,2,1,1,1,0,2,2,1,3,3,4,0,4,4,3,0,1,4,4,4,4,2,3,3,0,1,1,1,1,4,1,1,1,2,2,3,3,1,4,1,2,2,3,3,1,1,2,3,1,1,1,1,3,4,4,1,3,1,3,1,1,1,2,3,2,1,2,0,3,2,3,1,3,2,1,3,2,2,3,4,2,2,3,2,2,1,3,2,1,4,1,4,1,3,1,4,1,1,2,1,1,1,1,0,3,2,1,3,1,1,1,3,0,1,2,1,1,0,1,1,0,2,3,1,2,2,2,2,2,3,0,3,1,2,1,1,1,0,2,2,1,3,3,4,0,3,2,4,4,3,0,1,4,4,4,4,0,0,1,0,1,2,3,3,0,0,1,1,1,4,1,1,1,2,2,3,3,1,4,1,2,2,3,3,1,1,2,3,1,1,1,3,4,4,1,3,3,1,1,1,2,3,2,1,2,3,3,1,2,1,3,2,2,3,4,2,3,2,2,1,3,2,1,4,1,1,3,1,4,1,1,2,1,1,1,1,3,1,3,1,1,1,3,1,1,1,1,1,0,2,3,1,2,2,2,2,2,3,3,1,2,1,1,1,0,2,2,1,3,3,4,0,4,4,3,0,1,4,4,4,4,0,2,3,3
RBL-17-0360-1_S108,4,2,2,4,1,1,1,2,4,3,4,1,4,1,0,2,3,3,1,0,0,3,1,2,1,1,3,4,4,1,3,3,1,3,2,2,0,0,1,2,1,0,3,1,2,1,3,2,2,3,4,2,2,3,2,2,1,3,2,1,1,4,1,0,1,0,2,2,0,2,1,1,1,3,3,1,1,1,2,0,2,1,0,1,4,2,2,3,3,3,4,3,2,2,0,3,3,3,1,2,1,3,2,2,0,0,0,0,3,0,3,4,4,3,1,4,4,4,4,2,0,0,4,2,2,4,1,1,1,2,4,4,1,4,1,0,2,3,3,1,0,0,3,1,1,1,3,4,4,1,3,3,1,3,2,2,0,0,1,2,1,3,1,2,1,3,2,2,3,4,2,3,2,2,1,3,2,1,1,4,1,0,1,0,2,2,0,2,1,1,1,3,3,1,1,1,2,0,2,1,0,1,4,2,2,3,3,3,4,3,2,2,0,3,3,3,1,2,1,3,2,2,0,0,0,0,3,3,4,4,3,1,4,4,4,4,2,0,0,0,4,2,2,1,4,1,1,1,2,4,3,4,1,4,1,0,2,3,3,1,0,0,3,1,2,1,1,3,4,4,1,3,4,3,1,3,2,2,0,0,1,2,3,1,0,3,1,3,2,1,3,2,2,3,4,2,2,3,2,2,1,3,2,1,1,4,1,1,0,1,0,2,2,0,2,1,1,1,2,3,2,3,1,1,1,2,0,4,2,2,1,0,3,1,4,2,2,3,3,3,4,3,2,2,0,3,3,3,3,1,2,1,3,2,2,0,0,0,0,3,0,0,3,4,4,3,1,4,4,4,4,1,0,1,0,1,2,0,0,3,1,4,2,2,4,1,1,1,2,4,3,4,1,4,1,0,2,3,3,1,0,0,3,1,1,1,3,4,4,1,3,3,1,3,2,2,0,0,1,2,1,3,1,2,1,3,2,2,3,4,2,3,2,2,1,3,2,1,1,4,1,0,1,0,2,2,0,2,1,1,1,3,3,1,1,1,2,0,2,1,0,1,4,2,2,3,3,3,4,3,2,2,0,3,3,3,1,2,1,3,2,2,0,0,0,0,3,3,4,4,3,1,4,4,4,4,0,2,0,0
RBL-17-0365-1_S112,1,4,2,4,1,1,1,2,2,3,3,1,4,1,0,2,3,3,1,1,2,3,1,2,1,2,3,4,4,1,3,3,1,1,1,2,3,3,3,2,1,2,0,1,2,1,3,2,2,3,4,2,2,3,2,2,1,3,0,1,1,4,1,1,1,4,2,1,3,1,1,1,1,3,1,1,1,1,2,3,1,1,1,0,1,2,2,3,1,3,2,3,4,2,3,3,1,2,1,2,1,3,2,2,1,3,3,3,3,0,3,2,4,3,2,0,1,0,1,2,3,3,1,4,2,4,1,1,1,2,2,3,1,4,1,0,2,3,3,1,1,2,3,1,1,2,3,4,4,1,3,3,1,1,1,2,3,3,3,2,1,0,1,2,1,3,2,2,3,4,2,3,2,2,1,3,0,1,1,4,1,1,1,4,2,1,3,1,1,1,1,3,1,1,1,1,2,3,1,1,1,0,1,2,2,3,1,3,2,3,4,2,3,3,1,2,1,2,1,3,2,2,1,3,3,3,3,3,2,4,3,2,0,1,0,1,2,3,3,3,1,4,2,1,4,1,1,1,2,2,3,3,1,4,1,0,2,3,3,1,1,2,3,1,2,1,2,3,4,4,1,3,4,3,1,1,1,2,3,3,3,2,3,1,2,0,1,3,2,1,3,2,2,3,4,2,2,3,2,2,1,3,0,1,1,4,1,1,1,1,4,2,1,3,1,1,1,1,0,3,2,1,1,1,1,2,3,0,1,2,1,1,3,0,1,2,2,3,1,3,2,3,4,2,3,3,3,1,2,1,2,1,3,2,2,1,3,3,3,3,0,0,3,2,4,3,2,0,1,0,1,1,4,1,3,1,2,3,3,3,1,1,4,2,4,1,1,1,2,2,3,3,1,4,1,0,2,3,3,1,1,2,3,1,1,2,3,4,4,1,3,3,1,1,1,2,3,3,3,2,1,0,1,2,1,3,2,2,3,4,2,3,2,2,1,3,0,1,1,4,1,1,1,4,2,1,3,1,1,1,1,3,1,1,1,1,2,3,1,1,1,0,1,2,2,3,1,3,2,3,4,2,3,3,1,2,1,2,1,3,2,2,1,3,3,3,3,3,2,4,3,2,0,1,0,1,4,2,3,3
RBL-17-0366-1_S113,3,4,2,4,1,1,1,2,3,3,0,1,4,1,2,2,3,3,1,1,2,3,1,2,1,2,3,4,4,1,3,4,1,3,2,2,3,3,3,1,1,0,3,1,2,1,3,2,2,3,4,2,2,3,2,2,1,3,0,0,1,4,1,1,1,1,2,1,3,1,3,3,1,0,0,0,4,1,2,3,2,3,0,1,4,2,2,0,1,3,4,3,4,2,3,3,3,2,1,2,1,3,2,4,1,0,0,4,3,2,3,4,4,3,1,4,1,4,1,2,1,0,3,4,2,4,1,1,1,2,3,0,1,4,1,2,2,3,3,1,1,2,3,1,1,2,3,4,4,1,3,4,1,3,2,2,3,3,3,1,1,3,1,2,1,3,2,2,3,4,2,3,2,2,1,3,0,0,1,4,1,1,1,1,2,1,3,1,3,3,1,0,0,0,4,1,2,3,2,3,0,1,4,2,2,0,1,3,4,3,4,2,3,3,3,2,1,2,1,3,2,4,1,0,0,4,3,3,4,4,3,1,4,1,4,1,2,1,0,3,3,4,2,2,4,1,1,1,2,3,3,0,1,4,1,2,2,3,3,1,1,2,3,1,2,1,2,3,4,4,1,3,4,4,1,3,2,2,3,3,3,1,3,1,0,3,1,3,2,1,3,2,2,3,4,2,2,3,2,2,1,3,0,0,1,4,1,1,1,1,1,2,1,3,1,3,3,1,2,0,0,0,0,4,1,2,3,3,2,2,3,0,3,1,4,2,2,0,1,3,4,3,4,2,3,3,3,3,2,1,2,1,3,2,4,1,0,0,4,3,3,2,3,4,4,3,1,4,1,4,1,1,4,0,3,1,2,1,0,3,1,3,4,2,4,1,1,1,2,3,3,0,1,4,1,2,2,3,3,1,1,2,3,1,1,2,3,4,4,1,3,4,1,3,2,2,3,3,3,1,1,3,1,2,1,3,2,2,3,4,2,3,2,2,1,3,0,0,1,4,1,1,1,1,2,1,3,1,3,3,1,0,0,0,4,1,2,3,2,3,0,1,4,2,2,0,1,3,4,3,4,2,3,3,3,2,1,2,1,3,2,4,1,0,0,4,3,3,4,4,3,1,4,1,4,1,4,2,1,0
RBL-17-0368-1_S114,3,4,2,4,1,1,1,2,2,3,4,1,4,1,4,2,3,3,1,1,2,3,2,2,1,2,3,4,4,1,3,4,2,3,2,2,3,3,1,1,1,0,0,0,2,1,3,2,2,3,4,2,2,3,2,2,1,3,2,0,1,4,2,1,3,1,2,3,3,2,1,3,1,3,3,1,4,3,2,3,1,1,0,0,4,2,2,0,1,3,4,3,4,2,3,3,3,2,1,2,1,3,2,2,1,1,0,3,3,0,3,2,4,3,2,0,1,4,1,2,1,0,3,4,2,4,1,1,1,2,2,4,1,4,1,4,2,3,3,1,1,2,3,2,1,2,3,4,4,1,3,4,2,3,2,2,3,3,1,1,1,0,0,2,1,3,2,2,3,4,2,3,2,2,1,3,2,0,1,4,2,1,3,1,2,3,3,2,1,3,1,3,3,1,4,3,2,3,1,1,0,0,4,2,2,0,1,3,4,3,4,2,3,3,3,2,1,2,1,3,2,2,1,1,0,3,3,3,2,4,3,2,0,1,4,1,2,1,0,3,3,4,2,2,4,1,1,1,2,2,3,4,1,4,1,4,2,3,3,1,1,2,3,2,2,1,2,3,4,4,1,3,4,4,2,3,2,2,3,3,1,1,3,1,0,0,0,3,2,1,3,2,2,3,4,2,2,3,2,2,1,3,2,0,1,4,1,2,1,3,1,2,3,3,2,1,3,1,2,3,2,3,1,4,3,2,3,3,1,2,1,0,3,0,4,2,2,0,1,3,4,3,4,2,3,3,3,3,2,1,2,1,3,2,2,1,1,0,3,3,0,0,3,2,4,3,2,0,1,4,1,1,4,1,3,0,2,1,0,3,1,3,4,2,4,1,1,1,2,2,3,4,1,4,1,4,2,3,3,1,1,2,3,2,1,2,3,4,4,1,3,4,2,3,2,2,3,3,1,1,1,0,0,2,1,3,2,2,3,4,2,3,2,2,1,3,2,0,1,4,2,1,3,1,2,3,3,2,1,3,1,3,3,1,4,3,2,3,1,1,0,0,4,2,2,0,1,3,4,3,4,2,3,3,3,2,1,2,1,3,2,2,1,1,0,3,3,3,2,4,3,2,0,1,4,1,4,2,1,0
RBL-17-0374-1_S116,3,1,1,4,4,1,3,2,4,3,4,3,4,1,2,2,3,3,1,1,2,3,2,2,1,1,3,4,4,1,3,3,2,3,2,2,4,3,1,1,1,2,0,1,2,1,3,2,2,3,4,2,2,3,2,2,1,3,2,1,0,4,1,1,3,4,2,3,3,2,1,1,1,3,3,1,1,1,2,3,2,1,1,1,1,2,2,3,3,3,4,3,2,2,3,3,3,3,2,2,1,3,2,2,1,1,3,3,3,2,3,4,4,3,1,4,0,4,4,0,3,3,3,1,1,4,4,1,3,2,4,4,3,4,1,2,2,3,3,1,1,2,3,2,1,1,3,4,4,1,3,3,2,3,2,2,4,3,1,1,1,0,1,2,1,3,2,2,3,4,2,3,2,2,1,3,2,1,0,4,1,1,3,4,2,3,3,2,1,1,1,3,3,1,1,1,2,3,2,1,1,1,1,2,2,3,3,3,4,3,2,2,3,3,3,3,2,2,1,3,2,2,1,1,3,3,3,3,4,4,3,1,4,0,4,4,0,3,3,2,3,1,1,2,4,4,1,3,2,4,3,4,3,4,1,2,2,3,3,1,1,2,3,2,2,1,1,3,4,4,1,3,4,3,2,3,2,2,4,3,1,1,3,1,2,0,1,3,2,1,3,2,2,3,4,2,2,3,2,2,1,3,2,1,0,4,1,1,1,3,4,2,3,3,2,1,1,1,2,3,2,3,1,1,1,2,3,4,2,2,1,1,3,1,1,2,2,3,3,3,4,3,2,2,3,3,3,3,3,2,2,1,3,2,2,1,1,3,3,3,3,2,3,4,4,3,1,4,0,4,4,1,4,1,3,1,0,3,3,3,1,3,1,1,4,4,1,3,2,4,3,4,3,4,1,2,2,3,3,1,1,2,3,2,1,1,3,4,4,1,3,3,2,3,2,2,4,3,1,1,1,0,1,2,1,3,2,2,3,4,2,3,2,2,1,3,2,1,0,4,1,1,3,4,2,3,3,2,1,1,1,3,3,1,1,1,2,3,2,1,1,1,1,2,2,3,3,3,4,3,2,2,3,3,3,3,2,2,1,3,2,2,1,1,3,3,3,3,4,4,3,1,4,0,4,4,4,0,3,3
RBL-17-0375-1_S117,3,0,1,4,4,1,1,2,4,3,4,1,4,1,2,2,3,3,1,1,2,3,2,2,1,1,3,4,4,1,3,3,2,3,2,2,4,3,1,2,1,2,0,1,2,1,3,2,2,3,4,2,2,3,2,2,1,3,2,1,1,4,1,1,3,4,2,3,3,2,1,1,1,3,3,1,1,1,0,3,2,3,1,1,0,2,2,3,3,3,4,3,2,2,3,3,3,3,1,2,1,3,2,2,1,1,3,3,3,2,3,4,4,3,1,0,1,0,4,2,3,3,3,0,1,4,4,1,1,2,4,4,1,4,1,2,2,3,3,1,1,2,3,2,1,1,3,4,4,1,3,3,2,3,2,2,4,3,1,2,1,0,1,2,1,3,2,2,3,4,2,3,2,2,1,3,2,1,1,4,1,1,3,4,2,3,3,2,1,1,1,3,3,1,1,1,0,3,2,3,1,1,0,2,2,3,3,3,4,3,2,2,3,3,3,3,1,2,1,3,2,2,1,1,3,3,3,3,4,4,3,1,0,1,0,4,2,3,3,2,3,0,1,1,4,4,1,1,2,4,3,4,1,4,1,2,2,3,3,1,1,2,3,2,2,1,1,3,4,4,1,3,1,3,2,3,2,2,4,3,1,2,3,1,2,0,1,3,2,1,3,2,2,3,4,2,2,3,2,2,1,3,2,1,1,4,0,1,1,3,4,2,3,3,2,1,1,1,2,3,2,3,1,1,1,0,3,4,2,2,3,1,3,1,0,2,2,3,3,3,4,3,2,2,3,3,3,3,3,1,2,1,3,2,2,1,1,3,3,3,3,2,3,4,4,3,1,0,1,0,4,1,4,0,3,0,2,3,3,3,1,3,0,1,4,4,1,1,2,4,3,4,1,4,1,2,2,3,3,1,1,2,3,2,1,1,3,4,4,1,3,3,2,3,2,2,4,3,1,2,1,0,1,2,1,3,2,2,3,4,2,3,2,2,1,3,2,1,1,4,1,1,3,4,2,3,3,2,1,1,1,3,3,1,1,1,0,3,2,3,1,1,0,2,2,3,3,3,4,3,2,2,3,3,3,3,1,2,1,3,2,2,1,1,3,3,3,3,4,4,3,1,0,1,0,4,4,2,3,3
RBL-17-0383-1_S119,3,1,1,4,4,1,3,2,4,3,4,3,4,1,2,2,3,3,1,1,2,3,2,2,1,1,3,4,4,1,3,3,2,3,2,2,4,3,1,2,1,2,3,1,2,1,3,2,2,3,4,2,2,3,2,2,1,3,2,1,0,4,1,1,3,4,2,3,3,2,1,1,1,3,3,1,1,1,2,3,2,1,1,1,1,2,2,3,3,3,4,3,2,2,3,3,3,3,2,2,1,3,2,2,1,1,3,3,3,2,3,4,4,3,1,4,0,4,4,0,3,3,3,1,1,4,4,1,3,2,4,4,3,4,1,2,2,3,3,1,1,2,3,2,1,1,3,4,4,1,3,3,2,3,2,2,4,3,1,2,1,3,1,2,1,3,2,2,3,4,2,3,2,2,1,3,2,1,0,4,1,1,3,4,2,3,3,2,1,1,1,3,3,1,1,1,2,3,2,1,1,1,1,2,2,3,3,3,4,3,2,2,3,3,3,3,2,2,1,3,2,2,1,1,3,3,3,3,4,4,3,1,4,0,4,4,0,3,3,2,3,1,1,2,4,4,1,3,2,4,3,4,3,4,1,2,2,3,3,1,1,2,3,2,2,1,1,3,4,4,1,3,4,3,2,3,2,2,4,3,1,2,3,1,2,3,1,3,2,1,3,2,2,3,4,2,2,3,2,2,1,3,2,1,0,4,1,1,1,3,4,2,3,3,2,1,1,1,2,3,2,3,1,1,1,2,3,4,2,2,1,1,3,1,1,2,2,3,3,3,4,3,2,2,3,3,3,3,3,2,2,1,3,2,2,1,1,3,3,3,3,2,3,4,4,3,1,4,0,4,4,1,4,1,3,1,0,3,3,3,1,3,1,1,4,4,1,3,2,4,3,4,3,4,1,2,2,3,3,1,1,2,3,2,1,1,3,4,4,1,3,3,2,3,2,2,4,3,1,2,1,3,1,2,1,3,2,2,3,4,2,3,2,2,1,3,2,1,0,4,1,1,3,4,2,3,3,2,1,1,1,3,3,1,1,1,2,3,2,1,1,1,1,2,2,3,3,3,4,3,2,2,3,3,3,3,2,2,1,3,2,2,1,1,3,3,3,3,4,4,3,1,4,0,4,4,4,0,3,3
RBL-17-0390-1_S121,3,4,2,4,1,1,1,2,3,3,4,1,4,1,4,2,3,3,4,1,2,3,1,1,1,1,3,4,4,1,3,3,1,3,2,2,4,3,1,2,0,0,0,0,2,1,3,2,2,3,4,2,2,3,2,2,1,3,0,0,1,4,1,1,3,4,2,3,3,2,3,3,4,3,1,1,4,3,2,3,2,3,1,0,4,2,2,3,3,3,4,3,4,2,3,3,3,2,1,2,1,3,3,4,1,1,0,3,3,2,3,2,4,3,2,0,4,4,1,2,1,0,3,4,2,4,1,1,1,2,3,4,1,4,1,4,2,3,3,4,1,2,3,1,1,1,3,4,4,1,3,3,1,3,2,2,4,3,1,2,0,0,0,2,1,3,2,2,3,4,2,3,2,2,1,3,0,0,1,4,1,1,3,4,2,3,3,2,3,3,4,3,1,1,4,3,2,3,2,3,1,0,4,2,2,3,3,3,4,3,4,2,3,3,3,2,1,2,1,3,3,4,1,1,0,3,3,3,2,4,3,2,0,4,4,1,2,1,0,3,3,4,2,1,4,1,1,1,2,3,3,4,1,4,1,4,2,3,3,4,1,2,3,1,1,1,1,3,4,4,1,3,4,3,1,3,2,2,4,3,1,2,3,0,0,0,0,3,2,1,3,2,2,3,4,2,2,3,2,2,1,3,0,0,1,4,1,1,1,3,4,2,3,3,2,3,3,4,2,3,2,1,1,4,3,2,3,3,2,2,3,1,3,0,4,2,2,3,3,3,4,3,4,2,3,3,3,3,2,1,2,1,3,3,4,1,1,0,3,3,3,2,3,2,4,3,2,0,4,4,1,1,4,0,3,1,2,1,0,3,1,3,4,2,4,1,1,1,2,3,3,4,1,4,1,4,2,3,3,4,1,2,3,1,1,1,3,4,4,1,3,3,1,3,2,2,4,3,1,2,0,0,0,2,1,3,2,2,3,4,2,3,2,2,1,3,0,0,1,4,1,1,3,4,2,3,3,2,3,3,4,3,1,1,4,3,2,3,2,3,1,0,4,2,2,3,3,3,4,3,4,2,3,3,3,2,1,2,1,3,3,4,1,1,0,3,3,3,2,4,3,2,0,4,4,1,4,2,1,0
RBL-17-0391-1_S122,0,1,0,0,0,1,1,2,0,3,0,1,4,1,2,2,3,0,1,1,2,3,1,2,1,1,0,4,4,1,3,3,1,3,2,2,3,3,1,2,1,2,3,1,2,1,3,2,2,3,4,2,2,3,2,2,1,3,2,1,1,4,1,3,1,4,2,2,3,1,1,0,1,3,0,1,1,1,2,3,2,3,1,1,4,2,1,3,3,3,4,3,2,2,3,3,3,3,1,2,1,3,2,2,1,1,3,4,3,2,4,4,3,3,1,4,1,4,4,2,3,3,0,1,0,0,0,1,1,2,0,0,1,4,1,2,2,3,0,1,1,2,3,1,1,1,0,4,4,1,3,3,1,3,2,2,3,3,1,2,1,3,1,2,1,3,2,2,3,4,2,3,2,2,1,3,2,1,1,4,1,3,1,4,2,2,3,1,1,0,1,3,0,1,1,1,2,3,2,3,1,1,4,2,1,3,3,3,4,3,2,2,3,3,3,3,1,2,1,3,2,2,1,1,3,4,3,4,4,3,3,1,4,1,4,4,2,3,3,3,0,1,0,0,0,0,1,1,2,0,3,0,1,4,1,2,2,3,0,1,1,2,3,1,2,1,1,0,4,4,1,3,4,3,1,3,2,2,3,3,1,2,3,1,2,3,1,3,2,1,3,2,2,3,4,2,2,3,2,2,1,3,2,1,1,4,1,1,3,1,4,2,2,3,1,1,0,1,2,3,0,0,1,1,1,2,3,3,2,2,3,1,3,1,4,2,1,3,3,3,4,3,2,2,3,3,3,3,3,1,2,1,3,2,2,1,1,3,4,3,3,2,4,4,3,3,1,4,1,4,4,1,4,1,3,1,2,3,3,3,1,0,1,0,0,0,1,1,2,0,3,0,1,4,1,2,2,3,0,1,1,2,3,1,1,1,0,4,4,1,3,3,1,3,2,2,3,3,1,2,1,3,1,2,1,3,2,2,3,4,2,3,2,2,1,3,2,1,1,4,1,3,1,4,2,2,3,1,1,0,1,3,0,1,1,1,2,3,2,3,1,1,4,2,1,3,3,3,4,3,2,2,3,3,3,3,1,2,1,3,2,2,1,1,3,4,3,4,4,3,3,1,4,1,4,4,4,2,3,3
RBL-17-0392-1_S69,1,1,1,4,1,1,1,2,2,3,3,1,4,1,2,2,3,3,1,1,2,3,1,1,1,1,3,4,4,1,3,3,1,1,1,2,3,2,1,2,3,2,3,1,2,1,3,2,2,3,4,2,2,3,2,2,1,3,2,1,4,1,1,3,1,4,1,1,2,1,1,1,1,3,1,3,1,1,1,3,1,1,1,1,1,2,2,3,1,2,2,2,2,2,3,3,1,2,1,1,1,3,2,2,1,3,3,4,0,2,4,4,3,0,1,4,4,4,4,2,3,3,1,1,1,4,1,1,1,2,2,3,1,4,1,2,2,3,3,1,1,2,3,1,1,1,3,4,4,1,3,3,1,1,1,2,3,2,1,2,3,3,1,2,1,3,2,2,3,4,2,3,2,2,1,3,2,1,4,1,1,3,1,4,1,1,2,1,1,1,1,3,1,3,1,1,1,3,1,1,1,1,1,2,2,3,1,2,2,2,2,2,3,3,1,2,1,1,1,3,2,2,1,3,3,4,0,4,4,3,0,1,4,4,4,4,2,3,3,0,1,1,1,1,4,1,1,1,2,2,3,3,1,4,1,2,2,3,3,1,1,2,3,1,1,1,1,3,4,4,1,3,1,3,1,1,1,2,3,2,1,2,0,3,2,3,1,3,2,1,3,2,2,3,4,2,2,3,2,2,1,3,2,1,4,1,4,1,3,1,4,1,1,2,1,1,1,1,0,3,2,1,3,1,1,1,3,0,1,2,1,1,0,1,1,2,2,3,1,2,2,2,2,2,3,0,3,1,2,1,1,1,3,2,2,1,3,3,4,0,3,2,4,4,3,0,1,4,4,4,4,0,0,1,0,1,2,3,3,0,0,1,1,1,4,1,1,1,2,2,3,3,1,4,1,2,2,3,3,1,1,2,3,1,1,1,3,4,4,1,3,3,1,1,1,2,3,2,1,2,3,3,1,2,1,3,2,2,3,4,2,3,2,2,1,3,2,1,4,1,1,3,1,4,1,1,2,1,1,1,1,3,1,3,1,1,1,3,1,1,1,1,1,2,2,3,1,2,2,2,2,2,3,3,1,2,1,1,1,3,2,2,1,3,3,4,0,4,4,3,0,1,4,4,4,4,0,2,3,3
RBL-17-0393-1_S123,3,4,2,4,4,1,1,4,3,3,4,1,4,1,2,2,3,3,4,1,2,4,2,2,1,2,3,4,4,1,3,4,2,3,2,4,4,3,3,1,1,2,0,0,2,1,3,2,2,3,4,2,2,3,2,2,2,3,0,0,1,4,2,3,3,1,2,3,3,1,3,3,4,3,3,1,4,3,2,3,2,3,0,1,4,2,2,0,3,3,4,3,4,2,3,3,3,3,1,2,1,3,3,4,1,1,3,3,3,2,3,2,4,3,2,4,1,4,1,0,1,3,3,4,2,4,4,1,1,4,3,4,1,4,1,2,2,3,3,4,1,2,4,2,1,2,3,4,4,1,3,4,2,3,2,4,4,3,3,1,1,0,0,2,1,3,2,2,3,4,2,3,2,2,2,3,0,0,1,4,2,3,3,1,2,3,3,1,3,3,4,3,3,1,4,3,2,3,2,3,0,1,4,2,2,0,3,3,4,3,4,2,3,3,3,3,1,2,1,3,3,4,1,1,3,3,3,3,2,4,3,2,4,1,4,1,0,1,3,3,3,4,2,2,4,4,1,1,4,3,3,4,1,4,1,2,2,3,3,4,1,2,4,2,2,1,2,3,4,4,1,3,4,4,2,3,2,4,4,3,3,1,3,1,2,0,0,3,2,1,3,2,2,3,4,2,2,3,2,2,2,3,0,0,1,4,1,2,3,3,1,2,3,3,1,3,3,4,2,3,2,3,1,4,3,2,3,4,2,2,3,0,3,1,4,2,2,0,3,3,4,3,4,2,3,3,3,3,3,1,2,1,3,3,4,1,1,3,3,3,3,2,3,2,4,3,2,4,1,4,1,1,4,0,3,0,0,1,3,3,1,3,4,2,4,4,1,1,4,3,3,4,1,4,1,2,2,3,3,4,1,2,4,2,1,2,3,4,4,1,3,4,2,3,2,4,4,3,3,1,1,0,0,2,1,3,2,2,3,4,2,3,2,2,2,3,0,0,1,4,2,3,3,1,2,3,3,1,3,3,4,3,3,1,4,3,2,3,2,3,0,1,4,2,2,0,3,3,4,3,4,2,3,3,3,3,1,2,1,3,3,4,1,1,3,3,3,3,2,4,3,2,4,1,4,1,4,0,1,3
RBL-17-0395-1_S124,3,4,2,4,1,1,1,2,2,3,4,1,4,1,4,2,3,3,1,1,2,3,2,2,1,2,3,4,4,1,3,4,2,3,2,2,3,3,1,1,1,0,0,0,2,1,3,2,2,3,4,2,2,3,2,2,1,3,2,0,1,4,2,1,3,1,2,3,3,2,1,3,1,3,3,1,4,3,2,3,1,1,0,0,4,2,2,0,1,3,4,3,4,2,3,3,3,2,1,2,1,3,2,2,1,1,0,3,3,0,3,2,4,3,2,0,1,4,1,2,1,0,3,4,2,4,1,1,1,2,2,4,1,4,1,4,2,3,3,1,1,2,3,2,1,2,3,4,4,1,3,4,2,3,2,2,3,3,1,1,1,0,0,2,1,3,2,2,3,4,2,3,2,2,1,3,2,0,1,4,2,1,3,1,2,3,3,2,1,3,1,3,3,1,4,3,2,3,1,1,0,0,4,2,2,0,1,3,4,3,4,2,3,3,3,2,1,2,1,3,2,2,1,1,0,3,3,3,2,4,3,2,0,1,4,1,2,1,0,3,3,4,2,2,4,1,1,1,2,2,3,4,1,4,1,4,2,3,3,1,1,2,3,2,2,1,2,3,4,4,1,3,4,4,2,3,2,2,3,3,1,1,3,1,0,0,0,3,2,1,3,2,2,3,4,2,2,3,2,2,1,3,2,0,1,4,1,2,1,3,1,2,3,3,2,1,3,1,2,3,2,3,1,4,3,2,3,3,1,2,1,0,3,0,4,2,2,0,1,3,4,3,4,2,3,3,3,3,2,1,2,1,3,2,2,1,1,0,3,3,0,0,3,2,4,3,2,0,1,4,1,1,4,1,3,0,2,1,0,3,1,3,4,2,4,1,1,1,2,2,3,4,1,4,1,4,2,3,3,1,1,2,3,2,1,2,3,4,4,1,3,4,2,3,2,2,3,3,1,1,1,0,0,2,1,3,2,2,3,4,2,3,2,2,1,3,2,0,1,4,2,1,3,1,2,3,3,2,1,3,1,3,3,1,4,3,2,3,1,1,0,0,4,2,2,0,1,3,4,3,4,2,3,3,3,2,1,2,1,3,2,2,1,1,0,3,3,3,2,4,3,2,0,1,4,1,4,2,1,0
RBL-17-0397-1_S125,3,1,1,4,4,1,3,2,4,3,4,3,4,1,2,2,3,3,1,1,2,3,2,2,1,1,3,4,4,1,3,3,2,3,2,2,4,3,1,2,1,0,3,1,2,1,3,2,2,3,4,2,2,3,2,2,1,3,2,1,0,4,1,1,3,4,2,3,3,2,1,1,1,3,3,1,1,1,2,3,2,1,1,1,1,2,2,3,3,3,4,3,2,2,3,3,3,3,2,2,1,3,2,2,1,1,3,3,3,2,4,4,4,3,1,4,0,0,4,0,3,0,3,1,1,4,4,1,3,2,4,4,3,4,1,2,2,3,3,1,1,2,3,2,1,1,3,4,4,1,3,3,2,3,2,2,4,3,1,2,1,3,1,2,1,3,2,2,3,4,2,3,2,2,1,3,2,1,0,4,1,1,3,4,2,3,3,2,1,1,1,3,3,1,1,1,2,3,2,1,1,1,1,2,2,3,3,3,4,3,2,2,3,3,3,3,2,2,1,3,2,2,1,1,3,3,3,4,4,4,3,1,4,0,0,4,0,3,0,2,3,1,1,2,4,4,1,3,2,4,3,4,3,4,1,2,2,3,3,1,1,2,3,2,2,1,1,3,4,4,1,3,4,3,2,3,2,2,4,3,1,2,3,1,0,3,1,3,2,1,3,2,2,3,4,2,2,3,2,2,1,3,2,1,0,4,1,1,1,3,4,2,3,3,2,1,1,1,2,3,2,3,1,1,1,2,3,4,2,2,1,1,3,1,1,2,2,3,3,3,4,3,2,2,3,3,3,3,3,2,2,1,3,2,2,1,1,3,3,3,3,2,4,4,4,3,1,4,0,0,4,1,4,0,3,1,0,3,0,3,1,3,1,1,4,4,1,3,2,4,3,4,3,4,1,2,2,3,3,1,1,2,3,2,1,1,3,4,4,1,3,3,2,3,2,2,4,3,1,2,1,3,1,2,1,3,2,2,3,4,2,3,2,2,1,3,2,1,0,4,1,1,3,4,2,3,3,2,1,1,1,3,3,1,1,1,2,3,2,1,1,1,1,2,2,3,3,3,4,3,2,2,3,3,3,3,2,2,1,3,2,2,1,1,3,3,3,4,4,4,3,1,4,0,0,4,4,0,3,0
RBL-17-0402-1_S126,3,4,2,4,1,1,1,2,2,3,4,1,4,1,4,2,3,3,1,1,2,3,2,2,1,2,3,4,4,1,3,4,2,3,2,2,3,3,1,1,1,0,0,0,2,1,3,2,2,3,4,2,2,3,2,2,1,3,2,0,1,4,2,1,3,1,2,3,3,2,1,3,1,3,3,1,4,3,2,3,1,1,0,0,4,2,2,0,1,3,4,3,4,2,3,3,3,2,1,2,1,3,2,2,1,1,0,3,3,0,3,2,4,3,2,0,1,4,1,2,1,0,3,4,2,4,1,1,1,2,2,4,1,4,1,4,2,3,3,1,1,2,3,2,1,2,3,4,4,1,3,4,2,3,2,2,3,3,1,1,1,0,0,2,1,3,2,2,3,4,2,3,2,2,1,3,2,0,1,4,2,1,3,1,2,3,3,2,1,3,1,3,3,1,4,3,2,3,1,1,0,0,4,2,2,0,1,3,4,3,4,2,3,3,3,2,1,2,1,3,2,2,1,1,0,3,3,3,2,4,3,2,0,1,4,1,2,1,0,3,3,4,2,2,4,1,1,1,2,2,3,4,1,4,1,4,2,3,3,1,1,2,3,2,2,1,2,3,4,4,1,3,4,4,2,3,2,2,3,3,1,1,3,1,0,0,0,3,2,1,3,2,2,3,4,2,2,3,2,2,1,3,2,0,1,4,1,2,1,3,1,2,3,3,2,1,3,1,2,3,2,3,1,4,3,2,3,3,1,2,1,0,3,0,4,2,2,0,1,3,4,3,4,2,3,3,3,3,2,1,2,1,3,2,2,1,1,0,3,3,0,0,3,2,4,3,2,0,1,4,1,1,4,1,3,0,2,1,0,3,1,3,4,2,4,1,1,1,2,2,3,4,1,4,1,4,2,3,3,1,1,2,3,2,1,2,3,4,4,1,3,4,2,3,2,2,3,3,1,1,1,0,0,2,1,3,2,2,3,4,2,3,2,2,1,3,2,0,1,4,2,1,3,1,2,3,3,2,1,3,1,3,3,1,4,3,2,3,1,1,0,0,4,2,2,0,1,3,4,3,4,2,3,3,3,2,1,2,1,3,2,2,1,1,0,3,3,3,2,4,3,2,0,1,4,1,4,2,1,0
RBL-17-0409-1_S127,3,4,2,4,4,1,1,4,3,3,4,1,4,1,2,2,3,3,4,1,2,4,2,2,1,2,3,4,4,1,3,4,2,3,2,4,4,3,3,1,1,2,3,1,2,1,3,2,2,3,4,2,2,3,2,2,2,3,0,0,1,4,2,3,3,1,2,3,3,1,3,3,4,3,3,1,4,3,2,3,2,3,0,1,4,2,2,0,3,3,4,3,4,2,3,3,3,3,1,2,1,3,3,4,1,1,3,3,3,2,3,2,4,3,2,4,1,4,1,0,1,3,3,4,2,4,4,1,1,4,3,4,1,4,1,2,2,3,3,4,1,2,4,2,1,2,3,4,4,1,3,4,2,3,2,4,4,3,3,1,1,3,1,2,1,3,2,2,3,4,2,3,2,2,2,3,0,0,1,4,2,3,3,1,2,3,3,1,3,3,4,3,3,1,4,3,2,3,2,3,0,1,4,2,2,0,3,3,4,3,4,2,3,3,3,3,1,2,1,3,3,4,1,1,3,3,3,3,2,4,3,2,4,1,4,1,0,1,3,3,3,4,2,2,4,4,1,1,4,3,3,4,1,4,1,2,2,3,3,4,1,2,4,2,2,1,2,3,4,4,1,3,4,4,2,3,2,4,4,3,3,1,3,1,2,3,1,3,2,1,3,2,2,3,4,2,2,3,2,2,2,3,0,0,1,4,1,2,3,3,1,2,3,3,1,3,3,4,2,3,2,3,1,4,3,2,3,4,2,2,3,0,3,1,4,2,2,0,3,3,4,3,4,2,3,3,3,3,3,1,2,1,3,3,4,1,1,3,3,3,3,2,3,2,4,3,2,4,1,4,1,1,4,0,3,0,0,1,3,3,1,3,4,2,4,4,1,1,4,3,3,4,1,4,1,2,2,3,3,4,1,2,4,2,1,2,3,4,4,1,3,4,2,3,2,4,4,3,3,1,1,3,1,2,1,3,2,2,3,4,2,3,2,2,2,3,0,0,1,4,2,3,3,1,2,3,3,1,3,3,4,3,3,1,4,3,2,3,2,3,0,1,4,2,2,0,3,3,4,3,4,2,3,3,3,3,1,2,1,3,3,4,1,1,3,3,3,3,2,4,3,2,4,1,4,1,4,0,1,3
RBL-17-0411-1_S128,3,4,2,4,1,1,1,2,2,3,4,1,4,1,4,2,3,3,1,1,2,3,2,2,1,2,3,4,4,1,3,4,2,3,2,2,3,3,1,2,1,0,3,1,2,1,3,2,2,3,4,2,2,3,2,2,1,3,2,0,1,4,2,1,3,1,2,3,3,2,1,3,1,3,3,1,4,3,2,3,1,1,0,0,4,2,2,0,1,3,4,3,4,2,3,3,3,2,1,2,1,3,2,2,1,1,0,3,3,0,3,2,4,3,2,0,1,4,4,2,1,0,3,4,2,4,1,1,1,2,2,4,1,4,1,4,2,3,3,1,1,2,3,2,1,2,3,4,4,1,3,4,2,3,2,2,3,3,1,2,1,3,1,2,1,3,2,2,3,4,2,3,2,2,1,3,2,0,1,4,2,1,3,1,2,3,3,2,1,3,1,3,3,1,4,3,2,3,1,1,0,0,4,2,2,0,1,3,4,3,4,2,3,3,3,2,1,2,1,3,2,2,1,1,0,3,3,3,2,4,3,2,0,1,4,4,2,1,0,3,3,4,2,2,4,1,1,1,2,2,3,4,1,4,1,4,2,3,3,1,1,2,3,2,2,1,2,3,4,4,1,3,4,4,2,3,2,2,3,3,1,2,3,1,0,3,1,3,2,1,3,2,2,3,4,2,2,3,2,2,1,3,2,0,1,4,1,2,1,3,1,2,3,3,2,1,3,1,2,3,2,3,1,4,3,2,3,3,1,2,1,0,3,0,4,2,2,0,1,3,4,3,4,2,3,3,3,3,2,1,2,1,3,2,2,1,1,0,3,3,0,0,3,2,4,3,2,0,1,4,4,1,4,1,3,0,2,1,0,3,1,3,4,2,4,1,1,1,2,2,3,4,1,4,1,4,2,3,3,1,1,2,3,2,1,2,3,4,4,1,3,4,2,3,2,2,3,3,1,2,1,3,1,2,1,3,2,2,3,4,2,3,2,2,1,3,2,0,1,4,2,1,3,1,2,3,3,2,1,3,1,3,3,1,4,3,2,3,1,1,0,0,4,2,2,0,1,3,4,3,4,2,3,3,3,2,1,2,1,3,2,2,1,1,0,3,3,3,2,4,3,2,0,1,4,4,4,2,1,0
RBL-17-0428-1_S70,4,1,2,0,0,0,0,0,0,3,4,1,0,0,0,0,0,3,1,1,2,3,2,0,1,1,0,0,0,0,0,3,0,3,0,2,0,3,0,1,0,2,3,1,0,0,0,0,0,0,0,0,0,0,0,0,0,0,2,1,0,0,0,3,1,4,2,0,0,0,0,0,1,0,3,0,0,1,2,3,0,3,1,0,4,2,0,3,0,0,0,3,2,0,0,0,3,0,1,2,0,3,0,0,0,0,0,4,3,2,4,4,4,3,1,4,1,4,4,2,3,3,4,1,2,0,0,0,0,0,0,4,1,0,0,0,0,0,3,1,1,2,3,2,1,1,0,0,0,0,0,3,0,3,0,2,0,3,0,1,0,3,1,0,0,0,0,0,0,0,0,0,0,0,0,0,2,1,0,0,0,3,1,4,2,0,0,0,0,0,1,0,3,0,0,1,2,3,0,3,1,0,4,2,0,3,0,0,0,3,2,0,0,0,3,0,1,2,0,3,0,0,0,0,0,4,3,4,4,4,3,1,4,1,4,4,2,3,3,0,4,1,2,0,0,0,0,0,0,0,3,4,1,0,0,0,0,0,3,1,1,2,3,2,0,1,1,0,0,0,0,0,0,3,0,3,0,2,0,3,0,1,0,0,2,3,1,0,0,0,0,0,0,0,0,0,0,0,0,0,0,0,2,1,0,0,0,0,3,1,4,2,0,0,0,0,0,1,2,0,0,3,0,0,1,2,3,3,0,0,3,1,3,0,4,2,0,3,0,0,0,3,2,0,0,3,0,3,0,1,2,0,3,0,0,0,0,0,4,3,3,2,4,4,4,3,1,4,1,4,4,1,4,1,3,1,2,3,3,3,1,4,1,2,0,0,0,0,0,0,3,4,1,0,0,0,0,0,3,1,1,2,3,2,1,1,0,0,0,0,0,3,0,3,0,2,0,3,0,1,0,3,1,0,0,0,0,0,0,0,0,0,0,0,0,0,2,1,0,0,0,3,1,4,2,0,0,0,0,0,1,0,3,0,0,1,2,3,0,3,1,0,4,2,0,3,0,0,0,3,2,0,0,0,3,0,1,2,0,3,0,0,0,0,0,4,3,4,4,4,3,1,4,1,4,4,4,2,3,3
RBL-17-0429-1_S130,3,4,2,4,4,1,1,4,3,3,4,1,4,1,2,2,3,3,4,1,2,4,2,2,1,2,3,4,4,1,3,4,2,3,2,4,4,3,3,1,1,2,0,0,0,1,3,2,2,3,4,2,2,3,2,2,2,3,0,0,1,4,2,3,3,1,2,3,3,1,3,3,4,3,3,1,4,3,2,3,2,3,0,1,4,2,2,0,3,3,4,3,4,2,3,3,3,3,1,2,1,3,3,4,1,1,3,3,3,2,3,2,4,3,2,4,1,4,1,0,1,3,3,4,2,4,4,1,1,4,3,4,1,4,1,2,2,3,3,4,1,2,4,2,1,2,3,4,4,1,3,4,2,3,2,4,4,3,3,1,1,0,0,0,1,3,2,2,3,4,2,3,2,2,2,3,0,0,1,4,2,3,3,1,2,3,3,1,3,3,4,3,3,1,4,3,2,3,2,3,0,1,4,2,2,0,3,3,4,3,4,2,3,3,3,3,1,2,1,3,3,4,1,1,3,3,3,3,2,4,3,2,4,1,4,1,0,1,3,3,3,4,2,2,4,4,1,1,4,3,3,4,1,4,1,2,2,3,3,4,1,2,4,2,2,1,2,3,4,4,1,3,4,4,2,3,2,4,4,3,3,1,3,1,2,0,0,0,0,1,3,2,2,3,4,2,2,3,2,2,2,3,0,0,1,4,1,2,3,3,1,2,3,3,1,3,3,4,2,3,2,3,1,4,3,2,3,4,2,2,3,0,3,1,4,2,2,0,3,3,4,3,4,2,3,3,3,3,3,1,2,1,3,3,4,1,1,3,3,3,3,2,3,2,4,3,2,4,1,4,1,1,4,0,3,0,0,1,3,3,1,3,4,2,4,4,1,1,4,3,3,4,1,4,1,2,2,3,3,4,1,2,4,2,1,2,3,4,4,1,3,4,2,3,2,4,4,3,3,1,1,0,0,0,1,3,2,2,3,4,2,3,2,2,2,3,0,0,1,4,2,3,3,1,2,3,3,1,3,3,4,3,3,1,4,3,2,3,2,3,0,1,4,2,2,0,3,3,4,3,4,2,3,3,3,3,1,2,1,3,3,4,1,1,3,3,3,3,2,4,3,2,4,1,4,1,4,0,1,3
RBL-17-0432-1_S132,1,1,1,4,1,1,1,2,2,3,3,1,4,1,2,2,3,3,1,1,2,3,1,1,1,1,3,4,4,1,3,3,1,1,1,2,3,2,1,2,3,2,3,1,2,1,3,2,2,3,4,2,2,3,2,2,1,3,2,1,4,1,1,3,1,4,1,1,2,1,1,1,1,3,1,3,1,1,1,3,1,1,1,1,1,2,2,3,1,2,2,2,2,2,3,3,1,2,1,1,1,3,2,2,1,3,3,4,0,2,4,4,3,0,1,4,4,4,4,2,3,3,1,1,1,4,1,1,1,2,2,3,1,4,1,2,2,3,3,1,1,2,3,1,1,1,3,4,4,1,3,3,1,1,1,2,3,2,1,2,3,3,1,2,1,3,2,2,3,4,2,3,2,2,1,3,2,1,4,1,1,3,1,4,1,1,2,1,1,1,1,3,1,3,1,1,1,3,1,1,1,1,1,2,2,3,1,2,2,2,2,2,3,3,1,2,1,1,1,3,2,2,1,3,3,4,0,4,4,3,0,1,4,4,4,4,2,3,3,0,1,1,1,1,4,1,1,1,2,2,3,3,1,4,1,2,2,3,3,1,1,2,3,1,1,1,1,3,4,4,1,3,1,3,1,1,1,2,3,2,1,2,0,3,2,3,1,3,2,1,3,2,2,3,4,2,2,3,2,2,1,3,2,1,4,1,4,1,3,1,4,1,1,2,1,1,1,1,0,3,2,1,3,1,1,1,3,0,1,2,1,1,0,1,1,2,2,3,1,2,2,2,2,2,3,0,3,1,2,1,1,1,3,2,2,1,3,3,4,0,3,2,4,4,3,0,1,4,4,4,4,0,0,1,0,1,2,3,3,0,0,1,1,1,4,1,1,1,2,2,3,3,1,4,1,2,2,3,3,1,1,2,3,1,1,1,3,4,4,1,3,3,1,1,1,2,3,2,1,2,3,3,1,2,1,3,2,2,3,4,2,3,2,2,1,3,2,1,4,1,1,3,1,4,1,1,2,1,1,1,1,3,1,3,1,1,1,3,1,1,1,1,1,2,2,3,1,2,2,2,2,2,3,3,1,2,1,1,1,3,2,2,1,3,3,4,0,4,4,3,0,1,4,4,4,4,0,2,3,3
RBL-17-0434-1_S133,3,1,1,4,0,1,1,2,4,0,4,1,4,1,2,2,3,0,1,1,2,3,1,2,1,1,3,4,4,0,0,3,1,0,0,2,3,3,1,1,1,2,3,1,2,1,3,2,2,3,4,2,2,3,2,2,1,3,2,1,1,4,0,3,1,4,2,2,3,2,1,1,1,3,3,1,1,1,2,3,2,1,1,1,4,2,1,3,3,3,4,3,2,2,3,0,3,3,1,2,1,3,0,2,1,1,3,3,3,0,3,4,3,3,1,4,0,4,4,2,3,3,3,1,1,4,0,1,1,2,4,4,1,4,1,2,2,3,0,1,1,2,3,1,1,1,3,4,4,0,0,3,1,0,0,2,3,3,1,1,1,3,1,2,1,3,2,2,3,4,2,3,2,2,1,3,2,1,1,4,0,3,1,4,2,2,3,2,1,1,1,3,3,1,1,1,2,3,2,1,1,1,4,2,1,3,3,3,4,3,2,2,3,0,3,3,1,2,1,3,0,2,1,1,3,3,3,3,4,3,3,1,4,0,4,4,2,3,3,3,3,1,1,2,4,0,1,1,2,4,0,4,1,4,1,2,2,3,0,1,1,2,3,1,2,1,1,3,4,4,0,0,0,3,1,0,0,2,3,3,1,1,3,1,2,3,1,3,2,1,3,2,2,3,4,2,2,3,2,2,1,3,2,1,1,4,1,0,3,1,4,2,2,3,2,1,1,1,2,3,2,3,1,1,1,2,3,3,2,0,1,1,3,1,4,2,1,3,3,3,4,3,2,2,3,3,0,3,3,1,2,1,3,0,2,1,1,3,3,3,0,0,3,4,3,3,1,4,0,4,4,1,4,1,3,1,2,3,3,3,1,3,1,1,4,0,1,1,2,4,0,4,1,4,1,2,2,3,0,1,1,2,3,1,1,1,3,4,4,0,0,3,1,0,0,2,3,3,1,1,1,3,1,2,1,3,2,2,3,4,2,3,2,2,1,3,2,1,1,4,0,3,1,4,2,2,3,2,1,1,1,3,3,1,1,1,2,3,2,1,1,1,4,2,1,3,3,3,4,3,2,2,3,0,3,3,1,2,1,3,0,2,1,1,3,3,3,3,4,3,3,1,4,0,4,4,4,2,3,3
RBL-17-0435-1_S134,3,4,2,4,1,1,1,2,2,3,4,1,4,1,4,2,3,3,1,1,2,3,2,2,1,2,3,4,4,1,3,4,2,3,2,2,3,3,1,1,1,2,3,1,2,1,3,2,2,3,4,2,2,3,2,2,1,3,2,0,1,4,2,1,3,1,2,3,3,2,1,3,1,3,3,1,4,3,2,3,1,1,0,0,4,2,2,0,1,3,4,3,4,2,3,3,3,2,1,2,1,3,2,2,1,1,0,3,3,0,3,2,4,3,2,0,1,4,4,2,3,3,3,4,2,4,1,1,1,2,2,4,1,4,1,4,2,3,3,1,1,2,3,2,1,2,3,4,4,1,3,4,2,3,2,2,3,3,1,1,1,3,1,2,1,3,2,2,3,4,2,3,2,2,1,3,2,0,1,4,2,1,3,1,2,3,3,2,1,3,1,3,3,1,4,3,2,3,1,1,0,0,4,2,2,0,1,3,4,3,4,2,3,3,3,2,1,2,1,3,2,2,1,1,0,3,3,3,2,4,3,2,0,1,4,4,2,3,3,3,3,4,2,2,4,1,1,1,2,2,3,4,1,4,1,4,2,3,3,1,1,2,3,2,2,1,2,3,4,4,1,3,4,4,2,3,2,2,3,3,1,1,3,1,2,3,1,3,2,1,3,2,2,3,4,2,2,3,2,2,1,3,2,0,1,4,1,2,1,3,1,2,3,3,2,1,3,1,2,3,2,3,1,4,3,2,3,3,1,2,1,0,3,0,4,2,2,0,1,3,4,3,4,2,3,3,3,3,2,1,2,1,3,2,2,1,1,0,3,3,0,0,3,2,4,3,2,0,1,4,4,1,4,1,3,1,2,3,3,3,1,3,4,2,4,1,1,1,2,2,3,4,1,4,1,4,2,3,3,1,1,2,3,2,1,2,3,4,4,1,3,4,2,3,2,2,3,3,1,1,1,3,1,2,1,3,2,2,3,4,2,3,2,2,1,3,2,0,1,4,2,1,3,1,2,3,3,2,1,3,1,3,3,1,4,3,2,3,1,1,0,0,4,2,2,0,1,3,4,3,4,2,3,3,3,2,1,2,1,3,2,2,1,1,0,3,3,3,2,4,3,2,0,1,4,4,4,2,3,3
RBL-17-060-1_S17,1,1,1,4,1,1,1,2,2,3,3,1,4,1,2,2,3,3,1,1,2,3,1,1,1,1,3,4,4,1,3,3,1,1,0,2,3,2,1,2,3,2,3,1,2,1,3,2,2,3,4,2,2,3,2,2,1,3,2,1,4,1,1,3,1,4,1,1,2,1,1,1,1,3,1,3,1,1,1,3,1,1,1,1,1,0,2,3,1,2,2,2,2,2,3,3,1,2,1,1,1,0,2,2,1,3,3,4,0,2,4,4,3,0,1,4,4,4,4,2,3,3,1,1,1,4,1,1,1,2,2,3,1,4,1,2,2,3,3,1,1,2,3,1,1,1,3,4,4,1,3,3,1,1,0,2,3,2,1,2,3,3,1,2,1,3,2,2,3,4,2,3,2,2,1,3,2,1,4,1,1,3,1,4,1,1,2,1,1,1,1,3,1,3,1,1,1,3,1,1,1,1,1,0,2,3,1,2,2,2,2,2,3,3,1,2,1,1,1,0,2,2,1,3,3,4,0,4,4,3,0,1,4,4,4,4,2,3,3,0,1,1,1,1,4,1,1,1,2,2,3,3,1,4,1,2,2,3,3,1,1,2,3,1,1,1,1,3,4,4,1,3,1,3,1,1,0,2,3,2,1,2,0,3,2,3,1,3,2,1,3,2,2,3,4,2,2,3,2,2,1,3,2,1,4,1,4,1,3,1,4,1,1,2,1,1,1,1,0,3,2,1,3,1,1,1,3,0,1,2,1,1,0,1,1,0,2,3,1,2,2,2,2,2,3,0,3,1,2,1,1,1,0,2,2,1,3,3,4,0,3,2,4,4,3,0,1,4,4,4,4,0,0,1,0,1,2,3,3,0,0,1,1,1,4,1,1,1,2,2,3,3,1,4,1,2,2,3,3,1,1,2,3,1,1,1,3,4,4,1,3,3,1,1,0,2,3,2,1,2,3,3,1,2,1,3,2,2,3,4,2,3,2,2,1,3,2,1,4,1,1,3,1,4,1,1,2,1,1,1,1,3,1,3,1,1,1,3,1,1,1,1,1,0,2,3,1,2,2,2,2,2,3,3,1,2,1,1,1,0,2,2,1,3,3,4,0,4,4,3,0,1,4,4,4,4,0,2,3,3
RBL-17-075-1_S18,3,0,1,0,4,1,1,2,4,0,4,0,4,1,2,2,3,0,1,1,2,3,2,2,1,1,0,4,4,1,3,3,1,3,2,2,4,3,1,2,3,2,3,1,0,1,0,0,2,3,4,2,2,3,2,2,1,3,2,1,1,4,1,1,0,4,2,3,3,2,1,0,1,0,3,1,1,1,0,0,2,1,1,1,1,2,2,3,3,3,4,3,2,2,0,3,3,3,1,2,0,3,2,2,0,1,3,3,3,2,3,2,4,3,1,4,0,4,4,2,3,3,3,0,1,0,4,1,1,2,4,4,0,4,1,2,2,3,0,1,1,2,3,2,1,1,0,4,4,1,3,3,1,3,2,2,4,3,1,2,3,3,1,0,1,0,0,2,3,4,2,3,2,2,1,3,2,1,1,4,1,1,0,4,2,3,3,2,1,0,1,0,3,1,1,1,0,0,2,1,1,1,1,2,2,3,3,3,4,3,2,2,0,3,3,3,1,2,0,3,2,2,0,1,3,3,3,3,2,4,3,1,4,0,4,4,2,3,3,3,3,0,1,1,0,4,1,1,2,4,0,4,0,4,1,2,2,3,0,1,1,2,3,2,2,1,1,0,4,4,1,3,4,3,1,3,2,2,4,3,1,2,3,3,2,3,1,0,0,1,0,0,2,3,4,2,2,3,2,2,1,3,2,1,1,4,0,1,1,0,4,2,3,3,2,1,0,1,2,0,0,3,1,1,1,0,0,4,2,2,1,1,3,1,1,2,2,3,3,3,4,3,2,2,0,3,3,3,3,1,2,0,3,2,2,0,1,3,3,3,3,2,3,2,4,3,1,4,0,4,4,1,4,1,3,0,2,3,3,3,1,3,0,1,0,4,1,1,2,4,0,4,0,4,1,2,2,3,0,1,1,2,3,2,1,1,0,4,4,1,3,3,1,3,2,2,4,3,1,2,3,3,1,0,1,0,0,2,3,4,2,3,2,2,1,3,2,1,1,4,1,1,0,4,2,3,3,2,1,0,1,0,3,1,1,1,0,0,2,1,1,1,1,2,2,3,3,3,4,3,2,2,0,3,3,3,1,2,0,3,2,2,0,1,3,3,3,3,2,4,3,1,4,0,4,4,4,2,3,3
RBL-18-0002-1_S158,3,4,2,4,1,1,1,2,3,3,4,1,4,1,2,2,3,3,1,1,2,3,1,2,1,2,3,4,4,1,3,4,1,3,0,2,3,3,3,1,1,0,3,1,2,1,3,2,2,3,4,2,2,3,2,2,1,3,0,0,1,4,1,0,1,1,2,1,3,1,3,3,1,3,1,1,4,1,2,3,2,3,0,1,4,2,2,0,1,3,4,3,4,2,3,3,3,2,1,2,1,3,2,0,1,0,0,4,3,2,3,4,4,3,1,4,1,4,1,2,1,0,3,4,2,4,1,1,1,2,3,4,1,4,1,2,2,3,3,1,1,2,3,1,1,2,3,4,4,1,3,4,1,3,0,2,3,3,3,1,1,3,1,2,1,3,2,2,3,4,2,3,2,2,1,3,0,0,1,4,1,0,1,1,2,1,3,1,3,3,1,3,1,1,4,1,2,3,2,3,0,1,4,2,2,0,1,3,4,3,4,2,3,3,3,2,1,2,1,3,2,0,1,0,0,4,3,3,4,4,3,1,4,1,4,1,2,1,0,3,3,4,2,2,4,1,1,1,2,3,3,4,1,4,1,2,2,3,3,1,1,2,3,1,2,1,2,3,4,4,1,3,4,4,1,3,0,2,3,3,3,1,3,1,0,3,1,3,2,1,3,2,2,3,4,2,2,3,2,2,1,3,0,0,1,4,1,1,0,1,1,2,1,3,1,3,3,1,2,3,2,1,1,4,1,2,3,3,2,2,3,0,3,1,4,2,2,0,1,3,4,3,4,2,3,3,3,3,2,1,2,1,3,2,0,1,0,0,4,3,3,2,3,4,4,3,1,4,1,4,1,1,4,0,3,1,2,1,0,3,1,3,4,2,4,1,1,1,2,3,3,4,1,4,1,2,2,3,3,1,1,2,3,1,1,2,3,4,4,1,3,4,1,3,0,2,3,3,3,1,1,3,1,2,1,3,2,2,3,4,2,3,2,2,1,3,0,0,1,4,1,0,1,1,2,1,3,1,3,3,1,3,1,1,4,1,2,3,2,3,0,1,4,2,2,0,1,3,4,3,4,2,3,3,3,2,1,2,1,3,2,0,1,0,0,4,3,3,4,4,3,1,4,1,4,1,4,2,1,0
RBL-18-0010-1_S159,3,1,1,4,4,1,3,2,4,3,4,1,4,1,2,2,3,3,1,1,2,3,2,2,1,1,3,4,4,1,3,3,1,3,0,2,4,3,1,1,3,0,3,1,2,1,3,2,2,3,4,2,2,3,2,2,1,3,2,1,1,4,1,1,0,4,2,3,2,2,1,1,1,3,3,1,1,1,0,2,2,1,1,1,4,2,2,3,3,3,4,3,2,2,3,3,3,3,1,2,1,3,3,2,1,1,3,3,3,2,3,4,4,3,0,4,1,4,4,2,3,3,3,1,1,4,4,1,3,2,4,4,1,4,1,2,2,3,3,1,1,2,3,2,1,1,3,4,4,1,3,3,1,3,0,2,4,3,1,1,3,3,1,2,1,3,2,2,3,4,2,3,2,2,1,3,2,1,1,4,1,1,0,4,2,3,2,2,1,1,1,3,3,1,1,1,0,2,2,1,1,1,4,2,2,3,3,3,4,3,2,2,3,3,3,3,1,2,1,3,3,2,1,1,3,3,3,3,4,4,3,0,4,1,4,4,2,3,3,3,3,1,1,1,4,4,1,3,2,4,3,4,1,4,1,2,2,3,3,1,1,2,3,2,2,1,1,3,4,4,1,3,4,3,1,3,0,2,4,3,1,1,3,3,0,3,1,3,2,1,3,2,2,3,4,2,2,3,2,2,1,3,2,1,1,4,0,1,1,0,4,2,3,2,2,1,1,1,2,3,2,3,1,1,1,0,2,4,2,2,1,1,3,1,4,2,2,3,3,3,4,3,2,2,3,3,3,3,3,1,2,1,3,3,2,1,1,3,3,3,3,2,3,4,4,3,0,4,1,4,4,1,4,0,3,0,2,3,3,3,1,3,1,1,4,4,1,3,2,4,3,4,1,4,1,2,2,3,3,1,1,2,3,2,1,1,3,4,4,1,3,3,1,3,0,2,4,3,1,1,3,3,1,2,1,3,2,2,3,4,2,3,2,2,1,3,2,1,1,4,1,1,0,4,2,3,2,2,1,1,1,3,3,1,1,1,0,2,2,1,1,1,4,2,2,3,3,3,4,3,2,2,3,3,3,3,1,2,1,3,3,2,1,1,3,3,3,3,4,4,3,0,4,1,4,4,4,2,3,3
RBL-18-0016-1_S161,3,4,2,4,1,1,1,2,2,3,4,1,4,1,4,2,3,3,1,1,2,3,2,2,1,2,3,4,4,1,3,4,2,3,2,2,3,3,1,1,1,2,3,1,2,1,3,2,2,3,4,2,2,3,2,2,1,3,2,0,1,4,2,1,3,1,2,3,3,2,1,3,1,3,3,1,4,3,2,3,1,1,0,0,4,2,2,0,1,3,4,3,4,2,3,3,3,2,1,2,1,3,2,2,1,1,0,3,3,0,3,2,4,3,2,0,1,4,4,2,3,3,3,4,2,4,1,1,1,2,2,4,1,4,1,4,2,3,3,1,1,2,3,2,1,2,3,4,4,1,3,4,2,3,2,2,3,3,1,1,1,3,1,2,1,3,2,2,3,4,2,3,2,2,1,3,2,0,1,4,2,1,3,1,2,3,3,2,1,3,1,3,3,1,4,3,2,3,1,1,0,0,4,2,2,0,1,3,4,3,4,2,3,3,3,2,1,2,1,3,2,2,1,1,0,3,3,3,2,4,3,2,0,1,4,4,2,3,3,3,3,4,2,2,4,1,1,1,2,2,3,4,1,4,1,4,2,3,3,1,1,2,3,2,2,1,2,3,4,4,1,3,4,4,2,3,2,2,3,3,1,1,3,1,2,3,1,3,2,1,3,2,2,3,4,2,2,3,2,2,1,3,2,0,1,4,1,2,1,3,1,2,3,3,2,1,3,1,2,3,2,3,1,4,3,2,3,3,1,2,1,0,3,0,4,2,2,0,1,3,4,3,4,2,3,3,3,3,2,1,2,1,3,2,2,1,1,0,3,3,0,0,3,2,4,3,2,0,1,4,4,1,4,1,3,1,2,3,3,3,1,3,4,2,4,1,1,1,2,2,3,4,1,4,1,4,2,3,3,1,1,2,3,2,1,2,3,4,4,1,3,4,2,3,2,2,3,3,1,1,1,3,1,2,1,3,2,2,3,4,2,3,2,2,1,3,2,0,1,4,2,1,3,1,2,3,3,2,1,3,1,3,3,1,4,3,2,3,1,1,0,0,4,2,2,0,1,3,4,3,4,2,3,3,3,2,1,2,1,3,2,2,1,1,0,3,3,3,2,4,3,2,0,1,4,4,4,2,3,3
RBL-18-0019-1_S41,3,4,2,4,4,1,1,4,3,3,4,1,4,1,2,2,3,3,4,1,2,4,2,2,1,2,3,4,4,1,3,4,2,3,2,4,4,3,3,1,1,2,0,0,2,1,3,2,2,3,4,2,2,3,2,2,2,3,0,0,1,4,2,3,3,1,2,3,3,1,3,3,4,3,3,1,4,3,2,3,2,3,0,1,4,2,2,0,3,3,4,3,4,2,3,3,3,3,1,2,1,3,3,4,1,1,3,3,3,2,3,2,4,3,2,4,1,4,1,0,1,3,3,4,2,4,4,1,1,4,3,4,1,4,1,2,2,3,3,4,1,2,4,2,1,2,3,4,4,1,3,4,2,3,2,4,4,3,3,1,1,0,0,2,1,3,2,2,3,4,2,3,2,2,2,3,0,0,1,4,2,3,3,1,2,3,3,1,3,3,4,3,3,1,4,3,2,3,2,3,0,1,4,2,2,0,3,3,4,3,4,2,3,3,3,3,1,2,1,3,3,4,1,1,3,3,3,3,2,4,3,2,4,1,4,1,0,1,3,3,3,4,2,2,4,4,1,1,4,3,3,4,1,4,1,2,2,3,3,4,1,2,4,2,2,1,2,3,4,4,1,3,4,4,2,3,2,4,4,3,3,1,3,1,2,0,0,3,2,1,3,2,2,3,4,2,2,3,2,2,2,3,0,0,1,4,1,2,3,3,1,2,3,3,1,3,3,4,2,3,2,3,1,4,3,2,3,4,2,2,3,0,3,1,4,2,2,0,3,3,4,3,4,2,3,3,3,3,3,1,2,1,3,3,4,1,1,3,3,3,3,2,3,2,4,3,2,4,1,4,1,1,4,0,3,0,0,1,3,3,1,3,4,2,4,4,1,1,4,3,3,4,1,4,1,2,2,3,3,4,1,2,4,2,1,2,3,4,4,1,3,4,2,3,2,4,4,3,3,1,1,0,0,2,1,3,2,2,3,4,2,3,2,2,2,3,0,0,1,4,2,3,3,1,2,3,3,1,3,3,4,3,3,1,4,3,2,3,2,3,0,1,4,2,2,0,3,3,4,3,4,2,3,3,3,3,1,2,1,3,3,4,1,1,3,3,3,3,2,4,3,2,4,1,4,1,4,0,1,3
RBL-18-0021-1_S42,3,1,1,4,1,1,1,2,4,3,4,1,4,1,2,2,3,3,1,1,2,3,1,0,1,1,3,4,4,1,3,0,1,0,2,2,3,3,0,2,3,2,3,1,0,0,0,0,0,0,0,0,0,0,0,0,0,0,2,1,1,0,1,3,1,4,2,2,3,0,0,1,1,3,3,1,1,1,2,3,2,1,1,1,4,2,1,3,3,3,4,3,2,2,3,3,3,3,1,2,1,3,2,2,1,1,3,4,3,0,4,4,4,3,1,4,1,4,4,2,3,3,3,1,1,4,1,1,1,2,4,4,1,4,1,2,2,3,3,1,1,2,3,1,1,1,3,4,4,1,3,0,1,0,2,2,3,3,0,2,3,3,1,0,0,0,0,0,0,0,0,0,0,0,0,0,2,1,1,0,1,3,1,4,2,2,3,0,0,1,1,3,3,1,1,1,2,3,2,1,1,1,4,2,1,3,3,3,4,3,2,2,3,3,3,3,1,2,1,3,2,2,1,1,3,4,3,4,4,4,3,1,4,1,4,4,2,3,3,3,3,1,1,2,4,1,1,1,2,4,3,4,1,4,1,2,2,3,3,1,1,2,3,1,0,1,1,3,4,4,1,3,4,0,1,0,2,2,3,3,0,2,3,3,2,3,1,0,0,0,0,0,0,0,0,0,0,0,0,0,0,0,2,1,1,0,1,1,3,1,4,2,2,3,0,0,1,1,2,3,2,3,1,1,1,2,3,3,2,0,1,1,3,1,4,2,1,3,3,3,4,3,2,2,3,3,3,3,3,1,2,1,3,2,2,1,1,3,4,3,0,0,4,4,4,3,1,4,1,4,4,1,4,1,3,1,2,3,3,3,1,3,1,1,4,1,1,1,2,4,3,4,1,4,1,2,2,3,3,1,1,2,3,1,1,1,3,4,4,1,3,0,1,0,2,2,3,3,0,2,3,3,1,0,0,0,0,0,0,0,0,0,0,0,0,0,2,1,1,0,1,3,1,4,2,2,3,0,0,1,1,3,3,1,1,1,2,3,2,1,1,1,4,2,1,3,3,3,4,3,2,2,3,3,3,3,1,2,1,3,2,2,1,1,3,4,3,4,4,4,3,1,4,1,4,4,4,2,3,3
RBL-18-0022-1_S43,3,1,2,4,1,1,1,2,3,3,3,1,4,1,2,2,3,3,4,1,2,3,2,2,1,2,3,4,4,1,3,4,1,3,2,2,3,3,3,1,1,0,3,1,2,1,3,2,2,3,4,2,2,3,2,2,1,3,2,0,1,4,1,1,3,1,2,1,3,1,3,3,1,3,1,1,4,1,2,3,1,1,1,1,4,2,2,0,1,3,4,3,4,2,3,3,3,2,1,2,1,3,2,4,1,1,0,3,3,0,3,2,4,3,2,4,1,0,1,2,1,3,3,1,2,4,1,1,1,2,3,3,1,4,1,2,2,3,3,4,1,2,3,2,1,2,3,4,4,1,3,4,1,3,2,2,3,3,3,1,1,3,1,2,1,3,2,2,3,4,2,3,2,2,1,3,2,0,1,4,1,1,3,1,2,1,3,1,3,3,1,3,1,1,4,1,2,3,1,1,1,1,4,2,2,0,1,3,4,3,4,2,3,3,3,2,1,2,1,3,2,4,1,1,0,3,3,3,2,4,3,2,4,1,0,1,2,1,3,3,3,1,2,2,4,1,1,1,2,3,3,3,1,4,1,2,2,3,3,4,1,2,3,2,2,1,2,3,4,4,1,3,4,4,1,3,2,2,3,3,3,1,3,1,0,3,1,3,2,1,3,2,2,3,4,2,2,3,2,2,1,3,2,0,1,4,1,1,1,3,1,2,1,3,1,3,3,1,2,3,2,1,1,4,1,2,3,3,1,2,1,1,3,1,4,2,2,0,1,3,4,3,4,2,3,3,3,3,2,1,2,1,3,2,4,1,1,0,3,3,0,0,3,2,4,3,2,4,1,0,1,1,4,0,3,1,2,1,3,3,1,3,1,2,4,1,1,1,2,3,3,3,1,4,1,2,2,3,3,4,1,2,3,2,1,2,3,4,4,1,3,4,1,3,2,2,3,3,3,1,1,3,1,2,1,3,2,2,3,4,2,3,2,2,1,3,2,0,1,4,1,1,3,1,2,1,3,1,3,3,1,3,1,1,4,1,2,3,1,1,1,1,4,2,2,0,1,3,4,3,4,2,3,3,3,2,1,2,1,3,2,4,1,1,0,3,3,3,2,4,3,2,4,1,0,1,4,2,1,3
RBL-18-0032-1_S167,3,4,2,4,4,1,1,4,3,3,4,1,4,1,2,2,3,3,4,1,2,4,2,2,1,2,3,4,4,1,3,4,2,3,0,4,4,3,3,1,1,2,0,1,2,1,3,2,2,3,4,2,2,3,2,2,1,3,2,0,1,4,2,3,3,1,2,3,3,1,3,3,4,3,3,1,4,3,2,3,2,3,0,1,4,2,2,0,3,3,4,3,4,2,3,3,3,3,1,2,1,3,3,4,1,1,3,3,3,2,3,2,4,3,2,4,1,4,1,0,1,3,3,4,2,4,4,1,1,4,3,4,1,4,1,2,2,3,3,4,1,2,4,2,1,2,3,4,4,1,3,4,2,3,0,4,4,3,3,1,1,0,1,2,1,3,2,2,3,4,2,3,2,2,1,3,2,0,1,4,2,3,3,1,2,3,3,1,3,3,4,3,3,1,4,3,2,3,2,3,0,1,4,2,2,0,3,3,4,3,4,2,3,3,3,3,1,2,1,3,3,4,1,1,3,3,3,3,2,4,3,2,4,1,4,1,0,1,3,3,3,4,2,2,4,4,1,1,4,3,3,4,1,4,1,2,2,3,3,4,1,2,4,2,2,1,2,3,4,4,1,3,4,4,2,3,0,4,4,3,3,1,3,1,2,0,1,3,2,1,3,2,2,3,4,2,2,3,2,2,1,3,2,0,1,4,1,2,3,3,1,2,3,3,1,3,3,4,2,3,2,3,1,4,3,2,3,4,2,2,3,0,3,1,4,2,2,0,3,3,4,3,4,2,3,3,3,3,3,1,2,1,3,3,4,1,1,3,3,3,3,2,3,2,4,3,2,4,1,4,1,1,4,0,3,0,0,1,3,3,1,3,4,2,4,4,1,1,4,3,3,4,1,4,1,2,2,3,3,4,1,2,4,2,1,2,3,4,4,1,3,4,2,3,0,4,4,3,3,1,1,0,1,2,1,3,2,2,3,4,2,3,2,2,1,3,2,0,1,4,2,3,3,1,2,3,3,1,3,3,4,3,3,1,4,3,2,3,2,3,0,1,4,2,2,0,3,3,4,3,4,2,3,3,3,3,1,2,1,3,3,4,1,1,3,3,3,3,2,4,3,2,4,1,4,1,4,0,1,3
RBL-18-0037-1_S168,3,4,2,4,4,1,1,4,3,3,4,0,4,1,2,2,3,3,4,1,2,4,2,2,1,0,3,4,4,1,3,4,2,0,0,4,4,3,3,1,1,2,0,0,2,1,3,2,2,3,4,2,2,3,2,2,2,3,0,0,1,4,2,3,3,1,2,3,3,1,3,3,4,3,3,1,4,3,2,3,0,3,0,1,4,2,2,0,3,3,4,3,4,2,3,3,3,3,1,2,1,3,3,4,1,1,3,3,3,2,3,2,4,3,2,4,1,4,1,0,1,3,3,4,2,4,4,1,1,4,3,4,0,4,1,2,2,3,3,4,1,2,4,2,1,0,3,4,4,1,3,4,2,0,0,4,4,3,3,1,1,0,0,2,1,3,2,2,3,4,2,3,2,2,2,3,0,0,1,4,2,3,3,1,2,3,3,1,3,3,4,3,3,1,4,3,2,3,0,3,0,1,4,2,2,0,3,3,4,3,4,2,3,3,3,3,1,2,1,3,3,4,1,1,3,3,3,3,2,4,3,2,4,1,4,1,0,1,3,3,3,4,2,2,4,4,1,1,4,3,3,4,0,4,1,2,2,3,3,4,1,2,4,2,2,1,0,3,4,4,1,3,4,4,2,0,0,4,4,3,3,1,3,1,2,0,0,3,2,1,3,2,2,3,4,2,2,3,2,2,2,3,0,0,1,4,0,2,3,3,1,2,3,3,1,3,3,4,2,3,2,3,1,4,3,2,3,4,0,2,3,0,3,1,4,2,2,0,3,3,4,3,4,2,3,3,3,3,3,1,2,1,3,3,4,1,1,3,3,3,3,2,3,2,4,3,2,4,1,4,1,1,4,0,3,0,0,1,3,3,1,3,4,2,4,4,1,1,4,3,3,4,0,4,1,2,2,3,3,4,1,2,4,2,1,0,3,4,4,1,3,4,2,0,0,4,4,3,3,1,1,0,0,2,1,3,2,2,3,4,2,3,2,2,2,3,0,0,1,4,2,3,3,1,2,3,3,1,3,3,4,3,3,1,4,3,2,3,0,3,0,1,4,2,2,0,3,3,4,3,4,2,3,3,3,3,1,2,1,3,3,4,1,1,3,3,3,3,2,4,3,2,4,1,4,1,4,0,1,3
RBL-18-0048-1_S44,1,1,1,4,1,1,1,2,2,3,3,1,4,1,2,2,3,3,1,1,2,3,1,1,1,1,3,4,4,1,3,3,1,1,1,2,3,2,1,2,3,2,3,1,2,1,3,2,2,3,4,2,2,3,2,2,1,3,2,1,4,1,1,3,1,4,1,1,2,1,1,1,1,3,1,3,1,1,1,3,1,1,1,1,1,2,2,3,1,2,2,2,2,2,3,3,1,2,1,1,1,3,2,2,1,3,3,4,0,2,4,4,3,0,1,4,4,4,4,2,3,3,1,1,1,4,1,1,1,2,2,3,1,4,1,2,2,3,3,1,1,2,3,1,1,1,3,4,4,1,3,3,1,1,1,2,3,2,1,2,3,3,1,2,1,3,2,2,3,4,2,3,2,2,1,3,2,1,4,1,1,3,1,4,1,1,2,1,1,1,1,3,1,3,1,1,1,3,1,1,1,1,1,2,2,3,1,2,2,2,2,2,3,3,1,2,1,1,1,3,2,2,1,3,3,4,0,4,4,3,0,1,4,4,4,4,2,3,3,0,1,1,1,1,4,1,1,1,2,2,3,3,1,4,1,2,2,3,3,1,1,2,3,1,1,1,1,3,4,4,1,3,1,3,1,1,1,2,3,2,1,2,0,3,2,3,1,3,2,1,3,2,2,3,4,2,2,3,2,2,1,3,2,1,4,1,4,1,3,1,4,1,1,2,1,1,1,1,0,3,2,1,3,1,1,1,3,0,1,2,1,1,0,1,1,2,2,3,1,2,2,2,2,2,3,0,3,1,2,1,1,1,3,2,2,1,3,3,4,0,3,2,4,4,3,0,1,4,4,4,4,0,0,1,0,1,2,3,3,0,0,1,1,1,4,1,1,1,2,2,3,3,1,4,1,2,2,3,3,1,1,2,3,1,1,1,3,4,4,1,3,3,1,1,1,2,3,2,1,2,3,3,1,2,1,3,2,2,3,4,2,3,2,2,1,3,2,1,4,1,1,3,1,4,1,1,2,1,1,1,1,3,1,3,1,1,1,3,1,1,1,1,1,2,2,3,1,2,2,2,2,2,3,3,1,2,1,1,1,3,2,2,1,3,3,4,0,4,4,3,0,1,4,4,4,4,0,2,3,3
RBL-18-0055-1_S170,3,1,1,4,4,1,3,2,4,3,4,3,4,1,2,2,3,3,1,1,2,3,2,2,1,1,3,4,4,1,3,3,2,3,2,2,4,3,1,1,1,2,3,1,2,1,3,2,2,3,4,2,2,3,2,2,1,3,2,1,1,4,1,1,3,4,2,3,3,2,1,1,1,3,3,1,1,1,2,3,2,1,1,1,1,2,2,3,3,3,4,3,2,2,3,3,3,3,2,2,1,3,2,2,1,1,3,3,3,2,3,4,4,3,1,4,0,4,4,0,3,3,3,1,1,4,4,1,3,2,4,4,3,4,1,2,2,3,3,1,1,2,3,2,1,1,3,4,4,1,3,3,2,3,2,2,4,3,1,1,1,3,1,2,1,3,2,2,3,4,2,3,2,2,1,3,2,1,1,4,1,1,3,4,2,3,3,2,1,1,1,3,3,1,1,1,2,3,2,1,1,1,1,2,2,3,3,3,4,3,2,2,3,3,3,3,2,2,1,3,2,2,1,1,3,3,3,3,4,4,3,1,4,0,4,4,0,3,3,2,3,1,1,2,4,4,1,3,2,4,3,4,3,4,1,2,2,3,3,1,1,2,3,2,2,1,1,3,4,4,1,3,4,3,2,3,2,2,4,3,1,1,3,1,2,3,1,3,2,1,3,2,2,3,4,2,2,3,2,2,1,3,2,1,1,4,1,1,1,3,4,2,3,3,2,1,1,1,2,3,2,3,1,1,1,2,3,4,2,2,1,1,3,1,1,2,2,3,3,3,4,3,2,2,3,3,3,3,3,2,2,1,3,2,2,1,1,3,3,3,3,2,3,4,4,3,1,4,0,4,4,1,4,1,3,1,0,3,3,3,1,3,1,1,4,4,1,3,2,4,3,4,3,4,1,2,2,3,3,1,1,2,3,2,1,1,3,4,4,1,3,3,2,3,2,2,4,3,1,1,1,3,1,2,1,3,2,2,3,4,2,3,2,2,1,3,2,1,1,4,1,1,3,4,2,3,3,2,1,1,1,3,3,1,1,1,2,3,2,1,1,1,1,2,2,3,3,3,4,3,2,2,3,3,3,3,2,2,1,3,2,2,1,1,3,3,3,3,4,4,3,1,4,0,4,4,4,0,3,3
RBL-18-0059-1_S171,1,1,1,4,1,1,1,2,2,3,3,1,4,1,2,2,3,3,1,1,2,3,1,1,1,1,3,4,4,1,3,3,1,1,1,2,3,2,1,0,0,2,3,1,2,1,3,2,2,3,4,2,2,3,2,2,1,3,2,1,4,1,1,3,1,4,1,1,2,1,1,1,1,3,1,3,1,1,1,3,1,1,1,1,1,2,2,3,1,2,2,2,2,2,3,3,1,2,1,1,1,3,2,2,1,3,3,4,0,2,4,4,3,0,1,4,4,4,4,2,3,3,1,1,1,4,1,1,1,2,2,3,1,4,1,2,2,3,3,1,1,2,3,1,1,1,3,4,4,1,3,3,1,1,1,2,3,2,1,0,0,3,1,2,1,3,2,2,3,4,2,3,2,2,1,3,2,1,4,1,1,3,1,4,1,1,2,1,1,1,1,3,1,3,1,1,1,3,1,1,1,1,1,2,2,3,1,2,2,2,2,2,3,3,1,2,1,1,1,3,2,2,1,3,3,4,0,4,4,3,0,1,4,4,4,4,2,3,3,0,1,1,1,1,4,1,1,1,2,2,3,3,1,4,1,2,2,3,3,1,1,2,3,1,1,1,1,3,4,4,1,3,1,3,1,1,1,2,3,2,1,0,0,0,2,3,1,3,2,1,3,2,2,3,4,2,2,3,2,2,1,3,2,1,4,1,4,1,3,1,4,1,1,2,1,1,1,1,0,3,2,1,3,1,1,1,3,0,1,2,1,1,0,1,1,2,2,3,1,2,2,2,2,2,3,0,3,1,2,1,1,1,3,2,2,1,3,3,4,0,3,2,4,4,3,0,1,4,4,4,4,0,0,1,0,1,2,3,3,0,0,1,1,1,4,1,1,1,2,2,3,3,1,4,1,2,2,3,3,1,1,2,3,1,1,1,3,4,4,1,3,3,1,1,1,2,3,2,1,0,0,3,1,2,1,3,2,2,3,4,2,3,2,2,1,3,2,1,4,1,1,3,1,4,1,1,2,1,1,1,1,3,1,3,1,1,1,3,1,1,1,1,1,2,2,3,1,2,2,2,2,2,3,3,1,2,1,1,1,3,2,2,1,3,3,4,0,4,4,3,0,1,4,4,4,4,0,2,3,3
RBL-18-0066-1_S173,3,4,2,4,1,1,1,2,2,3,4,1,4,1,4,2,3,3,1,1,2,3,2,2,1,2,3,4,4,1,3,4,2,3,2,2,3,3,1,1,1,0,3,1,2,1,3,2,2,3,4,2,2,3,2,2,1,3,2,0,1,4,2,0,3,1,2,3,3,2,1,3,1,3,3,1,4,3,2,3,1,1,0,0,4,2,2,0,1,3,4,3,4,2,3,3,3,2,1,2,1,3,2,2,1,1,0,3,3,2,3,4,3,0,1,4,4,4,4,2,1,0,3,4,2,4,1,1,1,2,2,4,1,4,1,4,2,3,3,1,1,2,3,2,1,2,3,4,4,1,3,4,2,3,2,2,3,3,1,1,1,3,1,2,1,3,2,2,3,4,2,3,2,2,1,3,2,0,1,4,2,0,3,1,2,3,3,2,1,3,1,3,3,1,4,3,2,3,1,1,0,0,4,2,2,0,1,3,4,3,4,2,3,3,3,2,1,2,1,3,2,2,1,1,0,3,3,3,4,3,0,1,4,4,4,4,2,1,0,3,3,4,2,2,4,1,1,1,2,2,3,4,1,4,1,4,2,3,3,1,1,2,3,2,2,1,2,3,4,4,1,3,4,4,2,3,2,2,3,3,1,1,3,1,0,3,1,3,2,1,3,2,2,3,4,2,2,3,2,2,1,3,2,0,1,4,1,2,0,3,1,2,3,3,2,1,3,1,2,3,2,3,1,4,3,2,3,3,1,2,1,0,3,0,4,2,2,0,1,3,4,3,4,2,3,3,3,3,2,1,2,1,3,2,2,1,1,0,3,3,3,2,3,4,3,0,1,4,4,4,4,1,4,1,3,0,2,1,0,3,1,3,4,2,4,1,1,1,2,2,3,4,1,4,1,4,2,3,3,1,1,2,3,2,1,2,3,4,4,1,3,4,2,3,2,2,3,3,1,1,1,3,1,2,1,3,2,2,3,4,2,3,2,2,1,3,2,0,1,4,2,0,3,1,2,3,3,2,1,3,1,3,3,1,4,3,2,3,1,1,0,0,4,2,2,0,1,3,4,3,4,2,3,3,3,2,1,2,1,3,2,2,1,1,0,3,3,3,4,3,0,1,4,4,4,4,4,2,1,0
RBL-18-0076-1_S47,1,1,1,4,1,1,1,2,2,3,3,1,4,1,2,2,3,3,1,1,2,3,1,1,1,1,3,4,4,1,3,3,1,1,1,2,3,2,1,2,3,2,3,1,2,1,3,2,2,3,4,2,2,3,2,2,1,3,2,1,4,1,1,3,1,4,1,1,2,1,1,1,1,3,1,3,1,1,1,3,1,1,1,1,1,2,2,3,1,2,2,2,2,2,3,3,1,2,1,1,1,3,2,2,1,3,3,4,0,2,4,4,3,0,1,4,4,4,4,2,3,3,1,1,1,4,1,1,1,2,2,3,1,4,1,2,2,3,3,1,1,2,3,1,1,1,3,4,4,1,3,3,1,1,1,2,3,2,1,2,3,3,1,2,1,3,2,2,3,4,2,3,2,2,1,3,2,1,4,1,1,3,1,4,1,1,2,1,1,1,1,3,1,3,1,1,1,3,1,1,1,1,1,2,2,3,1,2,2,2,2,2,3,3,1,2,1,1,1,3,2,2,1,3,3,4,0,4,4,3,0,1,4,4,4,4,2,3,3,0,1,1,1,1,4,1,1,1,2,2,3,3,1,4,1,2,2,3,3,1,1,2,3,1,1,1,1,3,4,4,1,3,1,3,1,1,1,2,3,2,1,2,0,3,2,3,1,3,2,1,3,2,2,3,4,2,2,3,2,2,1,3,2,1,4,1,4,1,3,1,4,1,1,2,1,1,1,1,0,3,2,1,3,1,1,1,3,0,1,2,1,1,0,1,1,2,2,3,1,2,2,2,2,2,3,0,3,1,2,1,1,1,3,2,2,1,3,3,4,0,3,2,4,4,3,0,1,4,4,4,4,0,0,1,0,1,2,3,3,0,0,1,1,1,4,1,1,1,2,2,3,3,1,4,1,2,2,3,3,1,1,2,3,1,1,1,3,4,4,1,3,3,1,1,1,2,3,2,1,2,3,3,1,2,1,3,2,2,3,4,2,3,2,2,1,3,2,1,4,1,1,3,1,4,1,1,2,1,1,1,1,3,1,3,1,1,1,3,1,1,1,1,1,2,2,3,1,2,2,2,2,2,3,3,1,2,1,1,1,3,2,2,1,3,3,4,0,4,4,3,0,1,4,4,4,4,0,2,3,3
RBL-18-0085-1_S176,3,4,2,4,1,1,1,2,2,3,4,1,4,1,4,2,3,3,1,1,2,3,2,2,1,2,3,4,4,1,3,4,2,0,2,2,3,3,1,1,1,0,0,1,2,1,3,2,2,3,4,2,2,3,2,2,1,3,2,0,1,4,2,0,3,1,2,3,3,2,1,3,1,3,3,1,4,3,2,3,1,1,0,0,4,2,2,0,1,3,4,3,4,2,3,3,3,2,1,2,1,3,2,2,1,0,0,3,3,0,3,2,4,3,2,0,1,4,4,2,3,3,3,4,2,4,1,1,1,2,2,4,1,4,1,4,2,3,3,1,1,2,3,2,1,2,3,4,4,1,3,4,2,0,2,2,3,3,1,1,1,0,1,2,1,3,2,2,3,4,2,3,2,2,1,3,2,0,1,4,2,0,3,1,2,3,3,2,1,3,1,3,3,1,4,3,2,3,1,1,0,0,4,2,2,0,1,3,4,3,4,2,3,3,3,2,1,2,1,3,2,2,1,0,0,3,3,3,2,4,3,2,0,1,4,4,2,3,3,3,3,4,2,2,4,1,1,1,2,2,3,4,1,4,1,4,2,3,3,1,1,2,3,2,2,1,2,3,4,4,1,3,4,4,2,0,2,2,3,3,1,1,3,1,0,0,1,3,2,1,3,2,2,3,4,2,2,3,2,2,1,3,2,0,1,4,1,2,0,3,1,2,3,3,2,1,3,1,2,3,2,3,1,4,3,2,3,3,1,2,1,0,3,0,4,2,2,0,1,3,4,3,4,2,3,3,3,3,2,1,2,1,3,2,2,1,0,0,3,3,0,0,3,2,4,3,2,0,1,4,4,1,4,1,3,1,2,3,3,3,1,3,4,2,4,1,1,1,2,2,3,4,1,4,1,4,2,3,3,1,1,2,3,2,1,2,3,4,4,1,3,4,2,0,2,2,3,3,1,1,1,0,1,2,1,3,2,2,3,4,2,3,2,2,1,3,2,0,1,4,2,0,3,1,2,3,3,2,1,3,1,3,3,1,4,3,2,3,1,1,0,0,4,2,2,0,1,3,4,3,4,2,3,3,3,2,1,2,1,3,2,2,1,0,0,3,3,3,2,4,3,2,0,1,4,4,4,2,3,3
RBL-18-0090-1_S48,1,1,1,4,1,1,1,2,2,3,3,1,4,1,2,2,3,3,1,1,2,3,1,1,1,1,3,4,4,1,3,3,1,1,1,2,3,2,1,2,3,2,3,1,2,1,3,2,2,3,4,2,2,3,2,2,1,3,2,1,4,1,1,3,1,4,1,1,2,1,1,1,1,3,1,3,1,1,1,3,1,1,1,1,1,2,2,3,1,2,2,2,2,2,3,3,1,2,1,1,1,0,2,2,1,3,3,4,0,2,4,4,3,0,1,4,4,4,4,2,3,3,1,1,1,4,1,1,1,2,2,3,1,4,1,2,2,3,3,1,1,2,3,1,1,1,3,4,4,1,3,3,1,1,1,2,3,2,1,2,3,3,1,2,1,3,2,2,3,4,2,3,2,2,1,3,2,1,4,1,1,3,1,4,1,1,2,1,1,1,1,3,1,3,1,1,1,3,1,1,1,1,1,2,2,3,1,2,2,2,2,2,3,3,1,2,1,1,1,0,2,2,1,3,3,4,0,4,4,3,0,1,4,4,4,4,2,3,3,0,1,1,1,1,4,1,1,1,2,2,3,3,1,4,1,2,2,3,3,1,1,2,3,1,1,1,1,3,4,4,1,3,1,3,1,1,1,2,3,2,1,2,0,3,2,3,1,3,2,1,3,2,2,3,4,2,2,3,2,2,1,3,2,1,4,1,4,1,3,1,4,1,1,2,1,1,1,1,0,3,2,1,3,1,1,1,3,0,1,2,1,1,0,1,1,2,2,3,1,2,2,2,2,2,3,0,3,1,2,1,1,1,0,2,2,1,3,3,4,0,3,2,4,4,3,0,1,4,4,4,4,0,0,1,0,1,2,3,3,0,0,1,1,1,4,1,1,1,2,2,3,3,1,4,1,2,2,3,3,1,1,2,3,1,1,1,3,4,4,1,3,3,1,1,1,2,3,2,1,2,3,3,1,2,1,3,2,2,3,4,2,3,2,2,1,3,2,1,4,1,1,3,1,4,1,1,2,1,1,1,1,3,1,3,1,1,1,3,1,1,1,1,1,2,2,3,1,2,2,2,2,2,3,3,1,2,1,1,1,0,2,2,1,3,3,4,0,4,4,3,0,1,4,4,4,4,0,2,3,3
RBL-18-0093-1_S49,1,1,1,4,1,1,1,2,2,3,3,1,4,1,2,2,3,3,1,1,2,3,1,1,1,1,3,4,4,1,3,3,1,1,1,2,3,2,1,2,3,2,3,1,2,1,3,2,2,3,4,2,2,3,2,2,1,3,2,1,4,1,1,3,1,4,1,1,2,1,1,1,1,3,1,3,1,1,1,3,1,1,1,1,1,2,2,3,1,2,2,2,2,2,3,3,1,2,1,1,1,0,2,2,1,3,3,4,0,2,4,4,3,0,1,4,4,4,4,2,3,3,1,1,1,4,1,1,1,2,2,3,1,4,1,2,2,3,3,1,1,2,3,1,1,1,3,4,4,1,3,3,1,1,1,2,3,2,1,2,3,3,1,2,1,3,2,2,3,4,2,3,2,2,1,3,2,1,4,1,1,3,1,4,1,1,2,1,1,1,1,3,1,3,1,1,1,3,1,1,1,1,1,2,2,3,1,2,2,2,2,2,3,3,1,2,1,1,1,0,2,2,1,3,3,4,0,4,4,3,0,1,4,4,4,4,2,3,3,0,1,1,1,1,4,1,1,1,2,2,3,3,1,4,1,2,2,3,3,1,1,2,3,1,1,1,1,3,4,4,1,3,1,3,1,1,1,2,3,2,1,2,0,3,2,3,1,3,2,1,3,2,2,3,4,2,2,3,2,2,1,3,2,1,4,1,4,1,3,1,4,1,1,2,1,1,1,1,0,3,2,1,3,1,1,1,3,0,1,2,1,1,0,1,1,2,2,3,1,2,2,2,2,2,3,0,3,1,2,1,1,1,0,2,2,1,3,3,4,0,3,2,4,4,3,0,1,4,4,4,4,0,0,1,0,1,2,3,3,0,0,1,1,1,4,1,1,1,2,2,3,3,1,4,1,2,2,3,3,1,1,2,3,1,1,1,3,4,4,1,3,3,1,1,1,2,3,2,1,2,3,3,1,2,1,3,2,2,3,4,2,3,2,2,1,3,2,1,4,1,1,3,1,4,1,1,2,1,1,1,1,3,1,3,1,1,1,3,1,1,1,1,1,2,2,3,1,2,2,2,2,2,3,3,1,2,1,1,1,0,2,2,1,3,3,4,0,4,4,3,0,1,4,4,4,4,0,2,3,3
RBL-18-0098-1_S178,1,1,1,4,1,1,1,2,2,3,3,1,4,1,2,2,3,3,1,1,2,3,1,1,1,1,3,4,4,1,3,3,1,1,1,2,3,2,1,2,3,2,3,1,2,1,3,2,2,3,4,2,2,3,2,2,1,3,2,1,4,1,1,3,1,4,1,1,2,1,1,1,1,3,1,3,1,1,1,3,1,1,1,1,1,2,2,3,1,2,2,2,2,2,3,3,1,2,1,1,1,3,2,2,1,3,3,4,0,2,4,4,3,0,1,4,4,4,4,2,3,3,1,1,1,4,1,1,1,2,2,3,1,4,1,2,2,3,3,1,1,2,3,1,1,1,3,4,4,1,3,3,1,1,1,2,3,2,1,2,3,3,1,2,1,3,2,2,3,4,2,3,2,2,1,3,2,1,4,1,1,3,1,4,1,1,2,1,1,1,1,3,1,3,1,1,1,3,1,1,1,1,1,2,2,3,1,2,2,2,2,2,3,3,1,2,1,1,1,3,2,2,1,3,3,4,0,4,4,3,0,1,4,4,4,4,2,3,3,0,1,1,1,1,4,1,1,1,2,2,3,3,1,4,1,2,2,3,3,1,1,2,3,1,1,1,1,3,4,4,1,3,1,3,1,1,1,2,3,2,1,2,0,3,2,3,1,3,2,1,3,2,2,3,4,2,2,3,2,2,1,3,2,1,4,1,4,1,3,1,4,1,1,2,1,1,1,1,0,3,2,1,3,1,1,1,3,0,1,2,1,1,0,1,1,2,2,3,1,2,2,2,2,2,3,0,3,1,2,1,1,1,3,2,2,1,3,3,4,0,3,2,4,4,3,0,1,4,4,4,4,0,0,1,0,1,2,3,3,0,0,1,1,1,4,1,1,1,2,2,3,3,1,4,1,2,2,3,3,1,1,2,3,1,1,1,3,4,4,1,3,3,1,1,1,2,3,2,1,2,3,3,1,2,1,3,2,2,3,4,2,3,2,2,1,3,2,1,4,1,1,3,1,4,1,1,2,1,1,1,1,3,1,3,1,1,1,3,1,1,1,1,1,2,2,3,1,2,2,2,2,2,3,3,1,2,1,1,1,3,2,2,1,3,3,4,0,4,4,3,0,1,4,4,4,4,0,2,3,3
RBL-18-0131-1_S188_2,3,4,1,4,1,1,1,2,3,3,0,0,0,1,4,2,3,3,1,0,0,3,1,2,1,1,3,4,4,1,3,3,1,3,0,2,4,3,1,2,1,2,3,1,2,1,3,2,2,3,4,2,2,3,2,2,1,3,2,1,1,4,1,3,0,4,2,3,3,1,1,1,1,3,3,1,1,1,0,0,2,0,1,1,4,0,2,3,3,2,4,3,2,2,3,0,3,3,0,2,1,3,0,0,0,1,3,3,3,2,3,2,4,3,1,4,1,4,1,2,3,3,3,4,1,4,1,1,1,2,3,0,0,0,1,4,2,3,3,1,0,0,3,1,1,1,3,4,4,1,3,3,1,3,0,2,4,3,1,2,1,3,1,2,1,3,2,2,3,4,2,3,2,2,1,3,2,1,1,4,1,3,0,4,2,3,3,1,1,1,1,3,3,1,1,1,0,0,2,0,1,1,4,0,2,3,3,2,4,3,2,2,3,0,3,3,0,2,1,3,0,0,0,1,3,3,3,3,2,4,3,1,4,1,4,1,2,3,3,3,3,4,1,1,4,1,1,1,2,3,3,0,0,0,1,4,2,3,3,1,0,0,3,1,2,1,1,3,4,4,1,3,4,3,1,3,0,2,4,3,1,2,3,1,2,3,1,3,2,1,3,2,2,3,4,2,2,3,2,2,1,3,2,1,1,4,1,1,3,0,4,2,3,3,1,1,1,1,2,3,2,3,1,1,1,0,0,3,2,2,0,1,3,1,4,0,2,3,3,2,4,3,2,2,3,3,0,3,3,0,2,1,3,0,0,0,1,3,3,3,3,2,3,2,4,3,1,4,1,4,1,1,4,1,3,1,2,3,3,3,1,3,4,1,4,1,1,1,2,3,3,0,0,0,1,4,2,3,3,1,0,0,3,1,1,1,3,4,4,1,3,3,1,3,0,2,4,3,1,2,1,3,1,2,1,3,2,2,3,4,2,3,2,2,1,3,2,1,1,4,1,3,0,4,2,3,3,1,1,1,1,3,3,1,1,1,0,0,2,0,1,1,4,0,2,3,3,2,4,3,2,2,3,0,3,3,0,2,1,3,0,0,0,1,3,3,3,3,2,4,3,1,4,1,4,1,4,2,3,3
RBL-18-0194-1_S195_2,1,1,1,4,1,1,1,2,2,3,3,1,4,1,2,2,3,3,1,1,2,3,1,1,1,1,3,4,4,1,3,3,1,1,0,2,3,2,1,2,3,2,3,1,2,1,3,2,2,3,4,2,2,3,2,2,1,3,2,1,4,1,1,3,1,4,1,1,2,1,1,1,1,3,1,3,1,1,1,3,1,1,1,1,1,0,2,3,1,2,2,2,2,2,3,3,1,2,1,1,1,3,2,2,1,3,3,4,0,2,4,4,3,0,1,4,4,4,4,2,3,3,1,1,1,4,1,1,1,2,2,3,1,4,1,2,2,3,3,1,1,2,3,1,1,1,3,4,4,1,3,3,1,1,0,2,3,2,1,2,3,3,1,2,1,3,2,2,3,4,2,3,2,2,1,3,2,1,4,1,1,3,1,4,1,1,2,1,1,1,1,3,1,3,1,1,1,3,1,1,1,1,1,0,2,3,1,2,2,2,2,2,3,3,1,2,1,1,1,3,2,2,1,3,3,4,0,4,4,3,0,1,4,4,4,4,2,3,3,0,1,1,1,1,4,1,1,1,2,2,3,3,1,4,1,2,2,3,3,1,1,2,3,1,1,1,1,3,4,4,1,3,1,3,1,1,0,2,3,2,1,2,0,3,2,3,1,3,2,1,3,2,2,3,4,2,2,3,2,2,1,3,2,1,4,1,4,1,3,1,4,1,1,2,1,1,1,1,0,3,2,1,3,1,1,1,3,0,1,2,1,1,0,1,1,0,2,3,1,2,2,2,2,2,3,0,3,1,2,1,1,1,3,2,2,1,3,3,4,0,3,2,4,4,3,0,1,4,4,4,4,0,0,1,0,1,2,3,3,0,0,1,1,1,4,1,1,1,2,2,3,3,1,4,1,2,2,3,3,1,1,2,3,1,1,1,3,4,4,1,3,3,1,1,0,2,3,2,1,2,3,3,1,2,1,3,2,2,3,4,2,3,2,2,1,3,2,1,4,1,1,3,1,4,1,1,2,1,1,1,1,3,1,3,1,1,1,3,1,1,1,1,1,0,2,3,1,2,2,2,2,2,3,3,1,2,1,1,1,3,2,2,1,3,3,4,0,4,4,3,0,1,4,4,4,4,0,2,3,3
RBL-18-0242-1_S51,3,1,2,4,0,1,1,2,2,3,3,1,4,1,4,2,3,3,4,1,2,3,2,2,1,2,3,4,4,1,3,3,0,1,0,4,3,3,1,1,1,2,3,1,2,1,3,2,2,3,4,2,2,3,2,2,1,3,0,1,1,4,0,0,3,1,2,3,3,2,3,3,1,3,3,1,4,3,2,3,1,1,1,0,4,2,2,0,3,3,4,3,4,2,3,3,3,2,1,2,1,3,3,2,1,1,0,0,3,0,3,2,4,3,0,0,1,0,1,2,1,0,3,1,2,4,0,1,1,2,2,3,1,4,1,4,2,3,3,4,1,2,3,2,1,2,3,4,4,1,3,3,0,1,0,4,3,3,1,1,1,3,1,2,1,3,2,2,3,4,2,3,2,2,1,3,0,1,1,4,0,0,3,1,2,3,3,2,3,3,1,3,3,1,4,3,2,3,1,1,1,0,4,2,2,0,3,3,4,3,4,2,3,3,3,2,1,2,1,3,3,2,1,1,0,0,3,3,2,4,3,0,0,1,0,1,2,1,0,3,3,1,2,2,4,0,1,1,2,2,3,3,1,4,1,4,2,3,3,4,1,2,3,2,2,1,2,3,4,4,1,3,4,3,0,1,0,4,3,3,1,1,3,1,2,3,1,3,2,1,3,2,2,3,4,2,2,3,2,2,1,3,0,1,1,4,1,0,0,3,1,2,3,3,2,3,3,1,2,3,2,3,1,4,3,2,3,3,1,2,1,1,3,0,4,2,2,0,3,3,4,3,4,2,3,3,3,3,2,1,2,1,3,3,2,1,1,0,0,3,0,0,3,2,4,3,0,0,1,0,1,1,4,1,3,1,2,1,0,3,1,3,1,2,4,0,1,1,2,2,3,3,1,4,1,4,2,3,3,4,1,2,3,2,1,2,3,4,4,1,3,3,0,1,0,4,3,3,1,1,1,3,1,2,1,3,2,2,3,4,2,3,2,2,1,3,0,1,1,4,0,0,3,1,2,3,3,2,3,3,1,3,3,1,4,3,2,3,1,1,1,0,4,2,2,0,3,3,4,3,4,2,3,3,3,2,1,2,1,3,3,2,1,1,0,0,3,3,2,4,3,0,0,1,0,1,4,2,1,0
RBL-18-0343-1_S6,1,4,1,4,1,1,1,2,2,3,3,1,4,1,2,2,3,3,1,1,2,3,1,1,1,1,3,4,4,1,3,3,1,1,1,2,3,2,1,2,1,0,3,0,2,1,3,2,2,3,4,2,2,3,2,2,1,3,2,1,4,1,1,3,1,4,1,1,3,1,1,1,1,3,1,3,1,1,2,3,1,1,1,1,1,2,2,3,3,3,2,2,2,2,3,3,1,2,1,2,1,3,2,2,1,3,3,3,3,0,3,2,4,3,2,4,1,4,4,2,1,3,1,4,1,4,1,1,1,2,2,3,1,4,1,2,2,3,3,1,1,2,3,1,1,1,3,4,4,1,3,3,1,1,1,2,3,2,1,2,1,3,0,2,1,3,2,2,3,4,2,3,2,2,1,3,2,1,4,1,1,3,1,4,1,1,3,1,1,1,1,3,1,3,1,1,2,3,1,1,1,1,1,2,2,3,3,3,2,2,2,2,3,3,1,2,1,2,1,3,2,2,1,3,3,3,3,3,2,4,3,2,4,1,4,4,2,1,3,3,1,4,1,1,4,1,1,1,2,2,3,3,1,4,1,2,2,3,3,1,1,2,3,1,1,1,1,3,4,4,1,3,1,3,1,1,1,2,3,2,1,2,3,1,0,3,0,3,2,1,3,2,2,3,4,2,2,3,2,2,1,3,2,1,4,1,4,1,3,1,4,1,1,3,1,1,1,1,0,3,2,1,3,1,1,2,3,0,1,2,1,1,0,1,1,2,2,3,3,3,2,2,2,2,3,0,3,1,2,1,2,1,3,2,2,1,3,3,3,3,0,0,3,2,4,3,2,4,1,4,4,1,4,1,3,1,2,1,3,3,1,1,4,1,4,1,1,1,2,2,3,3,1,4,1,2,2,3,3,1,1,2,3,1,1,1,3,4,4,1,3,3,1,1,1,2,3,2,1,2,1,3,0,2,1,3,2,2,3,4,2,3,2,2,1,3,2,1,4,1,1,3,1,4,1,1,3,1,1,1,1,3,1,3,1,1,2,3,1,1,1,1,1,2,2,3,3,3,2,2,2,2,3,3,1,2,1,2,1,3,2,2,1,3,3,3,3,3,2,4,3,2,4,1,4,4,4,2,1,3
RBL-18-0467-1_S228_2,1,1,1,4,1,1,1,2,2,3,3,1,4,1,2,2,3,3,1,1,2,3,1,1,1,1,3,4,4,1,3,3,1,1,0,2,3,2,1,2,3,2,3,1,2,1,3,2,2,3,4,2,2,3,2,2,1,3,2,1,4,1,1,3,1,4,1,1,2,1,1,1,1,3,1,3,1,1,1,3,1,1,1,1,1,0,2,3,1,2,2,2,2,2,3,3,1,2,1,1,1,3,2,2,1,3,3,4,0,2,4,4,3,0,1,4,4,4,4,2,3,3,1,1,1,4,1,1,1,2,2,3,1,4,1,2,2,3,3,1,1,2,3,1,1,1,3,4,4,1,3,3,1,1,0,2,3,2,1,2,3,3,1,2,1,3,2,2,3,4,2,3,2,2,1,3,2,1,4,1,1,3,1,4,1,1,2,1,1,1,1,3,1,3,1,1,1,3,1,1,1,1,1,0,2,3,1,2,2,2,2,2,3,3,1,2,1,1,1,3,2,2,1,3,3,4,0,4,4,3,0,1,4,4,4,4,2,3,3,0,1,1,1,1,4,1,1,1,2,2,3,3,1,4,1,2,2,3,3,1,1,2,3,1,1,1,1,3,4,4,1,3,1,3,1,1,0,2,3,2,1,2,0,3,2,3,1,3,2,1,3,2,2,3,4,2,2,3,2,2,1,3,2,1,4,1,4,1,3,1,4,1,1,2,1,1,1,1,0,3,2,1,3,1,1,1,3,0,1,2,1,1,0,1,1,0,2,3,1,2,2,2,2,2,3,0,3,1,2,1,1,1,3,2,2,1,3,3,4,0,3,2,4,4,3,0,1,4,4,4,4,0,0,1,0,1,2,3,3,0,0,1,1,1,4,1,1,1,2,2,3,3,1,4,1,2,2,3,3,1,1,2,3,1,1,1,3,4,4,1,3,3,1,1,0,2,3,2,1,2,3,3,1,2,1,3,2,2,3,4,2,3,2,2,1,3,2,1,4,1,1,3,1,4,1,1,2,1,1,1,1,3,1,3,1,1,1,3,1,1,1,1,1,0,2,3,1,2,2,2,2,2,3,3,1,2,1,1,1,3,2,2,1,3,3,4,0,4,4,3,0,1,4,4,4,4,0,2,3,3
RBL-18-0500-1_S230_2,1,1,1,4,1,1,1,2,2,3,3,1,4,1,2,2,3,3,1,1,2,3,1,1,1,1,3,4,4,1,3,3,1,1,1,2,3,2,1,2,3,2,3,1,2,1,3,2,2,3,4,2,2,3,2,2,1,3,2,1,4,1,1,3,1,4,1,1,2,1,1,1,1,3,1,3,1,1,1,3,1,1,1,1,1,2,2,3,1,2,2,2,2,2,3,3,1,2,1,1,1,3,2,2,1,3,3,4,0,2,4,4,3,0,1,4,4,4,4,2,3,3,1,1,1,4,1,1,1,2,2,3,1,4,1,2,2,3,3,1,1,2,3,1,1,1,3,4,4,1,3,3,1,1,1,2,3,2,1,2,3,3,1,2,1,3,2,2,3,4,2,3,2,2,1,3,2,1,4,1,1,3,1,4,1,1,2,1,1,1,1,3,1,3,1,1,1,3,1,1,1,1,1,2,2,3,1,2,2,2,2,2,3,3,1,2,1,1,1,3,2,2,1,3,3,4,0,4,4,3,0,1,4,4,4,4,2,3,3,0,1,1,1,1,4,1,1,1,2,2,3,3,1,4,1,2,2,3,3,1,1,2,3,1,1,1,1,3,4,4,1,3,1,3,1,1,1,2,3,2,1,2,0,3,2,3,1,3,2,1,3,2,2,3,4,2,2,3,2,2,1,3,2,1,4,1,4,1,3,1,4,1,1,2,1,1,1,1,0,3,2,1,3,1,1,1,3,0,1,2,1,1,0,1,1,2,2,3,1,2,2,2,2,2,3,0,3,1,2,1,1,1,3,2,2,1,3,3,4,0,3,2,4,4,3,0,1,4,4,4,4,0,0,1,0,1,2,3,3,0,0,1,1,1,4,1,1,1,2,2,3,3,1,4,1,2,2,3,3,1,1,2,3,1,1,1,3,4,4,1,3,3,1,1,1,2,3,2,1,2,3,3,1,2,1,3,2,2,3,4,2,3,2,2,1,3,2,1,4,1,1,3,1,4,1,1,2,1,1,1,1,3,1,3,1,1,1,3,1,1,1,1,1,2,2,3,1,2,2,2,2,2,3,3,1,2,1,1,1,3,2,2,1,3,3,4,0,4,4,3,0,1,4,4,4,4,0,2,3,3
RBT-16-0024-1_S10,1,1,1,4,1,1,1,2,2,3,3,1,4,1,2,2,3,3,1,1,2,3,1,1,1,1,3,4,4,1,3,3,1,1,1,2,3,2,1,2,3,2,3,1,2,1,3,2,2,3,4,2,2,3,2,2,1,3,2,1,4,1,1,3,1,4,1,1,2,1,1,1,1,3,1,3,1,1,1,3,1,1,1,1,1,0,2,3,1,2,2,2,2,2,3,3,1,2,1,1,1,0,2,2,1,3,3,4,0,2,4,4,3,0,1,4,4,4,4,2,3,3,1,1,1,4,1,1,1,2,2,3,1,4,1,2,2,3,3,1,1,2,3,1,1,1,3,4,4,1,3,3,1,1,1,2,3,2,1,2,3,3,1,2,1,3,2,2,3,4,2,3,2,2,1,3,2,1,4,1,1,3,1,4,1,1,2,1,1,1,1,3,1,3,1,1,1,3,1,1,1,1,1,0,2,3,1,2,2,2,2,2,3,3,1,2,1,1,1,0,2,2,1,3,3,4,0,4,4,3,0,1,4,4,4,4,2,3,3,0,1,1,1,1,4,1,1,1,2,2,3,3,1,4,1,2,2,3,3,1,1,2,3,1,1,1,1,3,4,4,1,3,1,3,1,1,1,2,3,2,1,2,0,3,2,3,1,3,2,1,3,2,2,3,4,2,2,3,2,2,1,3,2,1,4,1,4,1,3,1,4,1,1,2,1,1,1,1,0,3,2,1,3,1,1,1,3,0,1,2,1,1,0,1,1,0,2,3,1,2,2,2,2,2,3,0,3,1,2,1,1,1,0,2,2,1,3,3,4,0,3,2,4,4,3,0,1,4,4,4,4,0,0,1,0,1,2,3,3,0,0,1,1,1,4,1,1,1,2,2,3,3,1,4,1,2,2,3,3,1,1,2,3,1,1,1,3,4,4,1,3,3,1,1,1,2,3,2,1,2,3,3,1,2,1,3,2,2,3,4,2,3,2,2,1,3,2,1,4,1,1,3,1,4,1,1,2,1,1,1,1,3,1,3,1,1,1,3,1,1,1,1,1,0,2,3,1,2,2,2,2,2,3,3,1,2,1,1,1,0,2,2,1,3,3,4,0,4,4,3,0,1,4,4,4,4,0,2,3,3
RBT-16-0038-1_S11,1,1,1,4,1,1,1,2,2,3,3,1,4,1,2,2,3,3,1,1,2,3,1,1,1,1,3,4,4,1,3,3,1,1,1,2,3,2,1,2,3,2,3,1,2,1,3,2,2,3,4,2,2,3,2,2,1,3,2,1,4,1,1,3,1,4,1,1,2,1,1,1,1,3,1,3,1,1,1,3,1,1,1,1,1,2,2,3,1,2,2,2,2,2,3,3,1,2,1,1,1,0,2,2,1,3,3,4,0,2,4,4,3,0,1,4,4,4,4,2,3,3,1,1,1,4,1,1,1,2,2,3,1,4,1,2,2,3,3,1,1,2,3,1,1,1,3,4,4,1,3,3,1,1,1,2,3,2,1,2,3,3,1,2,1,3,2,2,3,4,2,3,2,2,1,3,2,1,4,1,1,3,1,4,1,1,2,1,1,1,1,3,1,3,1,1,1,3,1,1,1,1,1,2,2,3,1,2,2,2,2,2,3,3,1,2,1,1,1,0,2,2,1,3,3,4,0,4,4,3,0,1,4,4,4,4,2,3,3,0,1,1,1,1,4,1,1,1,2,2,3,3,1,4,1,2,2,3,3,1,1,2,3,1,1,1,1,3,4,4,1,3,1,3,1,1,1,2,3,2,1,2,0,3,2,3,1,3,2,1,3,2,2,3,4,2,2,3,2,2,1,3,2,1,4,1,4,1,3,1,4,1,1,2,1,1,1,1,0,3,2,1,3,1,1,1,3,0,1,2,1,1,0,1,1,2,2,3,1,2,2,2,2,2,3,0,3,1,2,1,1,1,0,2,2,1,3,3,4,0,3,2,4,4,3,0,1,4,4,4,4,0,0,1,0,1,2,3,3,0,0,1,1,1,4,1,1,1,2,2,3,3,1,4,1,2,2,3,3,1,1,2,3,1,1,1,3,4,4,1,3,3,1,1,1,2,3,2,1,2,3,3,1,2,1,3,2,2,3,4,2,3,2,2,1,3,2,1,4,1,1,3,1,4,1,1,2,1,1,1,1,3,1,3,1,1,1,3,1,1,1,1,1,2,2,3,1,2,2,2,2,2,3,3,1,2,1,1,1,0,2,2,1,3,3,4,0,4,4,3,0,1,4,4,4,4,0,2,3,3
RBT-16-0045-1_S58,3,0,1,4,4,1,1,2,4,3,4,1,4,1,2,2,3,3,1,1,2,3,2,2,1,1,3,4,4,1,3,3,2,3,2,2,4,3,1,2,1,2,3,1,2,1,3,2,2,3,4,2,2,3,2,2,1,3,2,1,1,4,1,1,3,4,2,3,3,2,1,1,1,3,3,1,1,1,0,3,2,3,1,1,0,2,2,3,3,3,4,3,2,2,3,3,3,3,1,2,1,3,2,2,1,1,3,3,3,2,3,4,4,3,1,0,1,0,4,2,3,3,3,0,1,4,4,1,1,2,4,4,1,4,1,2,2,3,3,1,1,2,3,2,1,1,3,4,4,1,3,3,2,3,2,2,4,3,1,2,1,3,1,2,1,3,2,2,3,4,2,3,2,2,1,3,2,1,1,4,1,1,3,4,2,3,3,2,1,1,1,3,3,1,1,1,0,3,2,3,1,1,0,2,2,3,3,3,4,3,2,2,3,3,3,3,1,2,1,3,2,2,1,1,3,3,3,3,4,4,3,1,0,1,0,4,2,3,3,2,3,0,1,1,4,4,1,1,2,4,3,4,1,4,1,2,2,3,3,1,1,2,3,2,2,1,1,3,4,4,1,3,1,3,2,3,2,2,4,3,1,2,3,1,2,3,1,3,2,1,3,2,2,3,4,2,2,3,2,2,1,3,2,1,1,4,0,1,1,3,4,2,3,3,2,1,1,1,2,3,2,3,1,1,1,0,3,4,2,2,3,1,3,1,0,2,2,3,3,3,4,3,2,2,3,3,3,3,3,1,2,1,3,2,2,1,1,3,3,3,3,2,3,4,4,3,1,0,1,0,4,1,4,0,3,0,2,3,3,3,1,3,0,1,4,4,1,1,2,4,3,4,1,4,1,2,2,3,3,1,1,2,3,2,1,1,3,4,4,1,3,3,2,3,2,2,4,3,1,2,1,3,1,2,1,3,2,2,3,4,2,3,2,2,1,3,2,1,1,4,1,1,3,4,2,3,3,2,1,1,1,3,3,1,1,1,0,3,2,3,1,1,0,2,2,3,3,3,4,3,2,2,3,3,3,3,1,2,1,3,2,2,1,1,3,3,3,3,4,4,3,1,0,1,0,4,4,2,3,3
RBT-17-0003-1_S16,3,2,2,4,1,1,1,2,3,3,4,1,4,1,4,2,3,3,4,1,2,4,2,2,1,1,3,4,4,1,3,3,1,3,2,2,3,3,3,1,1,0,3,1,2,1,3,2,2,3,4,2,2,3,2,2,1,3,0,0,1,4,2,1,1,4,2,3,3,1,1,3,1,3,3,1,4,1,2,3,2,3,1,1,4,2,2,0,3,2,4,3,4,2,3,3,3,3,1,2,1,3,3,4,1,1,0,3,3,0,3,2,4,3,2,0,1,0,1,2,1,0,3,2,2,4,1,1,1,2,3,4,1,4,1,4,2,3,3,4,1,2,4,2,1,1,3,4,4,1,3,3,1,3,2,2,3,3,3,1,1,3,1,2,1,3,2,2,3,4,2,3,2,2,1,3,0,0,1,4,2,1,1,4,2,3,3,1,1,3,1,3,3,1,4,1,2,3,2,3,1,1,4,2,2,0,3,2,4,3,4,2,3,3,3,3,1,2,1,3,3,4,1,1,0,3,3,3,2,4,3,2,0,1,0,1,2,1,0,3,3,2,2,2,4,1,1,1,2,3,3,4,1,4,1,4,2,3,3,4,1,2,4,2,2,1,1,3,4,4,1,3,4,3,1,3,2,2,3,3,3,1,3,1,0,3,1,3,2,1,3,2,2,3,4,2,2,3,2,2,1,3,0,0,1,4,1,2,1,1,4,2,3,3,1,1,3,1,2,3,2,3,1,4,1,2,3,3,2,2,3,1,3,1,4,2,2,0,3,2,4,3,4,2,3,3,3,3,3,1,2,1,3,3,4,1,1,0,3,3,0,0,3,2,4,3,2,0,1,0,1,1,4,1,3,1,2,1,0,3,1,3,2,2,4,1,1,1,2,3,3,4,1,4,1,4,2,3,3,4,1,2,4,2,1,1,3,4,4,1,3,3,1,3,2,2,3,3,3,1,1,3,1,2,1,3,2,2,3,4,2,3,2,2,1,3,0,0,1,4,2,1,1,4,2,3,3,1,1,3,1,3,3,1,4,1,2,3,2,3,1,1,4,2,2,0,3,2,4,3,4,2,3,3,3,3,1,2,1,3,3,4,1,1,0,3,3,3,2,4,3,2,0,1,0,1,4,2,1,0
RBT-17-0008-1_S18,3,1,1,4,4,1,3,2,4,3,4,3,4,1,2,2,3,3,1,1,2,3,2,2,1,1,3,4,4,1,3,3,2,3,2,2,4,3,1,1,1,2,3,1,2,1,4,2,2,3,4,2,2,3,2,2,1,3,2,1,0,4,1,1,3,4,2,3,3,2,1,1,1,3,3,1,1,1,2,3,2,1,1,1,1,2,2,3,3,3,4,3,2,2,3,3,3,3,2,2,1,3,2,2,1,1,3,3,3,2,4,4,4,3,1,4,0,0,4,0,3,0,3,1,1,4,4,1,3,2,4,4,3,4,1,2,2,3,3,1,1,2,3,2,1,1,3,4,4,1,3,3,2,3,2,2,4,3,1,1,1,3,1,2,1,4,2,2,3,4,2,3,2,2,1,3,2,1,0,4,1,1,3,4,2,3,3,2,1,1,1,3,3,1,1,1,2,3,2,1,1,1,1,2,2,3,3,3,4,3,2,2,3,3,3,3,2,2,1,3,2,2,1,1,3,3,3,4,4,4,3,1,4,0,0,4,0,3,0,2,3,1,1,2,4,4,1,3,2,4,3,4,3,4,1,2,2,3,3,1,1,2,3,2,2,1,1,3,4,4,1,3,4,3,2,3,2,2,4,3,1,1,3,1,2,3,1,3,2,1,4,2,2,3,4,2,2,3,2,2,1,3,2,1,0,4,1,1,1,3,4,2,3,3,2,1,1,1,2,3,2,3,1,1,1,2,3,4,2,2,1,1,3,1,1,2,2,3,3,3,4,3,2,2,3,3,3,3,3,2,2,1,3,2,2,1,1,3,3,3,3,2,4,4,4,3,1,4,0,0,4,1,4,0,3,1,0,3,0,3,1,3,1,1,4,4,1,3,2,4,3,4,3,4,1,2,2,3,3,1,1,2,3,2,1,1,3,4,4,1,3,3,2,3,2,2,4,3,1,1,1,3,1,2,1,4,2,2,3,4,2,3,2,2,1,3,2,1,0,4,1,1,3,4,2,3,3,2,1,1,1,3,3,1,1,1,2,3,2,1,1,1,1,2,2,3,3,3,4,3,2,2,3,3,3,3,2,2,1,3,2,2,1,1,3,3,3,4,4,4,3,1,4,0,0,4,4,0,3,0
RBT-17-0009-1_S21,1,1,1,4,1,1,1,2,2,3,3,1,4,1,2,2,3,3,1,1,2,3,1,1,1,1,3,4,4,1,3,3,1,1,1,2,3,2,1,2,3,2,3,1,2,1,3,2,2,3,4,2,2,3,2,2,1,3,2,1,4,1,1,3,1,4,1,1,2,1,1,1,1,3,1,3,1,1,1,3,1,1,1,1,1,0,2,3,1,2,2,2,2,2,3,3,1,2,1,1,1,3,2,2,1,3,3,3,3,0,3,2,4,3,2,0,1,0,1,2,3,3,1,1,1,4,1,1,1,2,2,3,1,4,1,2,2,3,3,1,1,2,3,1,1,1,3,4,4,1,3,3,1,1,1,2,3,2,1,2,3,3,1,2,1,3,2,2,3,4,2,3,2,2,1,3,2,1,4,1,1,3,1,4,1,1,2,1,1,1,1,3,1,3,1,1,1,3,1,1,1,1,1,0,2,3,1,2,2,2,2,2,3,3,1,2,1,1,1,3,2,2,1,3,3,3,3,3,2,4,3,2,0,1,0,1,2,3,3,0,1,1,1,1,4,1,1,1,2,2,3,3,1,4,1,2,2,3,3,1,1,2,3,1,1,1,1,3,4,4,1,3,1,3,1,1,1,2,3,2,1,2,0,3,2,3,1,3,2,1,3,2,2,3,4,2,2,3,2,2,1,3,2,1,4,1,4,1,3,1,4,1,1,2,1,1,1,1,0,3,2,1,3,1,1,1,3,0,1,2,1,1,0,1,1,0,2,3,1,2,2,2,2,2,3,0,3,1,2,1,1,1,3,2,2,1,3,3,3,3,0,0,3,2,4,3,2,0,1,0,1,1,4,1,0,1,2,3,3,0,0,1,1,1,4,1,1,1,2,2,3,3,1,4,1,2,2,3,3,1,1,2,3,1,1,1,3,4,4,1,3,3,1,1,1,2,3,2,1,2,3,3,1,2,1,3,2,2,3,4,2,3,2,2,1,3,2,1,4,1,1,3,1,4,1,1,2,1,1,1,1,3,1,3,1,1,1,3,1,1,1,1,1,0,2,3,1,2,2,2,2,2,3,3,1,2,1,1,1,3,2,2,1,3,3,3,3,3,2,4,3,2,0,1,0,1,4,2,3,3
RBT-17-0011-1_S19,3,4,2,4,4,1,1,4,3,3,4,1,4,1,2,2,3,3,4,1,2,4,2,2,1,2,3,4,4,1,3,4,2,3,2,4,4,3,3,1,1,2,0,0,2,1,3,2,2,3,4,2,2,3,2,2,2,3,0,0,1,4,2,3,3,1,2,3,3,1,3,3,4,3,3,1,4,3,2,3,2,3,0,1,4,2,2,0,3,3,4,3,4,2,3,3,3,3,1,2,1,3,3,4,1,1,3,3,3,2,3,2,4,3,2,4,1,4,4,2,3,3,3,4,2,4,4,1,1,4,3,4,1,4,1,2,2,3,3,4,1,2,4,2,1,2,3,4,4,1,3,4,2,3,2,4,4,3,3,1,1,0,0,2,1,3,2,2,3,4,2,3,2,2,2,3,0,0,1,4,2,3,3,1,2,3,3,1,3,3,4,3,3,1,4,3,2,3,2,3,0,1,4,2,2,0,3,3,4,3,4,2,3,3,3,3,1,2,1,3,3,4,1,1,3,3,3,3,2,4,3,2,4,1,4,4,2,3,3,3,3,4,2,2,4,4,1,1,4,3,3,4,1,4,1,2,2,3,3,4,1,2,4,2,2,1,2,3,4,4,1,3,4,4,2,3,2,4,4,3,3,1,3,1,2,0,0,3,2,1,3,2,2,3,4,2,2,3,2,2,2,3,0,0,1,4,1,2,3,3,1,2,3,3,1,3,3,4,2,3,2,3,1,4,3,2,3,4,2,2,3,0,3,1,4,2,2,0,3,3,4,3,4,2,3,3,3,3,3,1,2,1,3,3,4,1,1,3,3,3,3,2,3,2,4,3,2,4,1,4,4,1,4,1,3,1,2,3,3,3,1,3,4,2,4,4,1,1,4,3,3,4,1,4,1,2,2,3,3,4,1,2,4,2,1,2,3,4,4,1,3,4,2,3,2,4,4,3,3,1,1,0,0,2,1,3,2,2,3,4,2,3,2,2,2,3,0,0,1,4,2,3,3,1,2,3,3,1,3,3,4,3,3,1,4,3,2,3,2,3,0,1,4,2,2,0,3,3,4,3,4,2,3,3,3,3,1,2,1,3,3,4,1,1,3,3,3,3,2,4,3,2,4,1,4,4,4,2,3,3
RBT-17-0019-1_S62,3,0,1,0,4,1,0,2,4,0,4,0,4,1,2,2,3,0,1,1,2,3,2,2,1,1,0,4,4,1,3,3,1,3,2,2,4,3,1,2,3,2,3,1,0,1,0,0,2,3,4,2,2,3,2,2,1,3,2,1,1,4,1,1,0,4,2,3,3,2,1,0,1,0,3,1,1,1,0,0,2,1,1,1,1,2,2,3,3,3,4,3,2,2,0,3,3,3,1,2,0,3,2,2,0,1,3,3,3,2,3,2,4,3,1,4,0,4,4,2,3,3,3,0,1,0,4,1,0,2,4,4,0,4,1,2,2,3,0,1,1,2,3,2,1,1,0,4,4,1,3,3,1,3,2,2,4,3,1,2,3,3,1,0,1,0,0,2,3,4,2,3,2,2,1,3,2,1,1,4,1,1,0,4,2,3,3,2,1,0,1,0,3,1,1,1,0,0,2,1,1,1,1,2,2,3,3,3,4,3,2,2,0,3,3,3,1,2,0,3,2,2,0,1,3,3,3,3,2,4,3,1,4,0,4,4,2,3,3,3,3,0,1,1,0,4,1,0,2,4,0,4,0,4,1,2,2,3,0,1,1,2,3,2,2,1,1,0,4,4,1,3,4,3,1,3,2,2,4,3,1,2,3,3,2,3,1,0,0,1,0,0,2,3,4,2,2,3,2,2,1,3,2,1,1,4,0,1,1,0,4,2,3,3,2,1,0,1,2,0,0,3,1,1,1,0,0,4,2,2,1,1,3,1,1,2,2,3,3,3,4,3,2,2,0,3,3,3,3,1,2,0,3,2,2,0,1,3,3,3,3,2,3,2,4,3,1,4,0,4,4,1,4,1,3,0,2,3,3,3,1,3,0,1,0,4,1,0,2,4,0,4,0,4,1,2,2,3,0,1,1,2,3,2,1,1,0,4,4,1,3,3,1,3,2,2,4,3,1,2,3,3,1,0,1,0,0,2,3,4,2,3,2,2,1,3,2,1,1,4,1,1,0,4,2,3,3,2,1,0,1,0,3,1,1,1,0,0,2,1,1,1,1,2,2,3,3,3,4,3,2,2,0,3,3,3,1,2,0,3,2,2,0,1,3,3,3,3,2,4,3,1,4,0,4,4,4,2,3,3
RBT-17-0022-1_S24,3,4,2,4,1,1,1,2,3,3,4,1,4,1,2,2,3,3,1,1,2,3,1,2,1,2,3,4,4,1,3,4,1,3,2,2,3,3,3,1,1,0,3,1,2,1,3,2,2,3,4,2,2,3,2,2,1,3,0,0,1,4,1,1,1,1,2,1,3,1,3,3,1,3,1,1,4,1,2,3,2,3,0,1,4,2,2,0,1,3,4,3,4,2,3,3,3,2,1,2,1,3,2,4,1,0,0,4,3,2,3,4,4,3,1,4,1,4,1,2,1,0,3,4,2,4,1,1,1,2,3,4,1,4,1,2,2,3,3,1,1,2,3,1,1,2,3,4,4,1,3,4,1,3,2,2,3,3,3,1,1,3,1,2,1,3,2,2,3,4,2,3,2,2,1,3,0,0,1,4,1,1,1,1,2,1,3,1,3,3,1,3,1,1,4,1,2,3,2,3,0,1,4,2,2,0,1,3,4,3,4,2,3,3,3,2,1,2,1,3,2,4,1,0,0,4,3,3,4,4,3,1,4,1,4,1,2,1,0,3,3,4,2,2,4,1,1,1,2,3,3,4,1,4,1,2,2,3,3,1,1,2,3,1,2,1,2,3,4,4,1,3,4,4,1,3,2,2,3,3,3,1,3,1,0,3,1,3,2,1,3,2,2,3,4,2,2,3,2,2,1,3,0,0,1,4,1,1,1,1,1,2,1,3,1,3,3,1,2,3,2,1,1,4,1,2,3,3,2,2,3,0,3,1,4,2,2,0,1,3,4,3,4,2,3,3,3,3,2,1,2,1,3,2,4,1,0,0,4,3,3,2,3,4,4,3,1,4,1,4,1,1,4,0,3,1,2,1,0,3,1,3,4,2,4,1,1,1,2,3,3,4,1,4,1,2,2,3,3,1,1,2,3,1,1,2,3,4,4,1,3,4,1,3,2,2,3,3,3,1,1,3,1,2,1,3,2,2,3,4,2,3,2,2,1,3,0,0,1,4,1,1,1,1,2,1,3,1,3,3,1,3,1,1,4,1,2,3,2,3,0,1,4,2,2,0,1,3,4,3,4,2,3,3,3,2,1,2,1,3,2,4,1,0,0,4,3,3,4,4,3,1,4,1,4,1,4,2,1,0
RBT-17-0023-1_S25,0,0,0,0,0,0,0,0,0,0,0,0,0,0,0,0,0,0,0,0,0,0,0,0,0,0,0,0,0,0,0,0,0,0,0,0,0,0,0,2,1,2,3,1,0,0,0,0,0,0,0,0,0,0,0,0,0,0,2,1,1,0,0,0,0,0,0,0,0,0,0,0,0,0,0,0,0,0,0,0,0,0,1,1,0,0,0,3,0,0,0,0,0,0,0,0,0,0,0,0,0,0,0,2,0,0,3,3,3,2,3,4,4,3,1,4,1,4,4,2,3,3,0,0,0,0,0,0,0,0,0,0,0,0,0,0,0,0,0,0,0,0,0,0,0,0,0,0,0,0,0,0,0,0,0,0,0,0,0,2,1,3,1,0,0,0,0,0,0,0,0,0,0,0,0,0,2,1,1,0,0,0,0,0,0,0,0,0,0,0,0,0,0,0,0,0,0,0,0,0,1,1,0,0,0,3,0,0,0,0,0,0,0,0,0,0,0,0,0,0,0,2,0,0,3,3,3,3,4,4,3,1,4,1,4,4,2,3,3,3,0,0,0,0,0,0,0,0,0,0,0,0,0,0,0,0,0,0,0,0,0,0,0,0,0,0,0,0,0,0,0,0,0,0,0,0,0,0,0,0,0,2,3,1,2,3,1,0,0,0,0,0,0,0,0,0,0,0,0,0,0,0,2,1,1,0,0,0,0,0,0,0,0,0,0,0,0,0,2,0,0,0,0,0,0,0,0,3,0,0,0,1,3,1,0,0,0,3,0,0,0,0,0,0,0,3,0,0,0,0,0,0,0,0,2,0,0,3,3,3,3,2,3,4,4,3,1,4,1,4,4,1,4,1,3,1,2,3,3,3,1,0,0,0,0,0,0,0,0,0,0,0,0,0,0,0,0,0,0,0,0,0,0,0,0,0,0,0,0,0,0,0,0,0,0,0,0,0,0,2,1,3,1,0,0,0,0,0,0,0,0,0,0,0,0,0,2,1,1,0,0,0,0,0,0,0,0,0,0,0,0,0,0,0,0,0,0,0,0,0,1,1,0,0,0,3,0,0,0,0,0,0,0,0,0,0,0,0,0,0,0,2,0,0,3,3,3,3,4,4,3,1,4,1,4,4,4,2,3,3
RBT-17-0024-1_S23,3,4,2,4,4,1,1,4,3,3,4,1,4,1,2,2,3,3,4,1,2,4,2,2,1,2,3,4,4,1,3,4,2,3,2,4,4,3,3,1,1,2,0,0,2,1,3,2,2,3,4,2,2,3,2,2,2,3,0,0,1,4,2,3,3,1,2,3,3,1,3,3,4,3,3,1,4,3,2,3,2,3,0,1,4,2,2,0,3,3,4,3,4,2,3,3,3,3,1,2,1,3,3,4,1,1,3,3,3,2,3,2,4,3,2,4,1,4,4,2,3,3,3,4,2,4,4,1,1,4,3,4,1,4,1,2,2,3,3,4,1,2,4,2,1,2,3,4,4,1,3,4,2,3,2,4,4,3,3,1,1,0,0,2,1,3,2,2,3,4,2,3,2,2,2,3,0,0,1,4,2,3,3,1,2,3,3,1,3,3,4,3,3,1,4,3,2,3,2,3,0,1,4,2,2,0,3,3,4,3,4,2,3,3,3,3,1,2,1,3,3,4,1,1,3,3,3,3,2,4,3,2,4,1,4,4,2,3,3,3,3,4,2,2,4,4,1,1,4,3,3,4,1,4,1,2,2,3,3,4,1,2,4,2,2,1,2,3,4,4,1,3,4,4,2,3,2,4,4,3,3,1,3,1,2,0,0,3,2,1,3,2,2,3,4,2,2,3,2,2,2,3,0,0,1,4,1,2,3,3,1,2,3,3,1,3,3,4,2,3,2,3,1,4,3,2,3,4,2,2,3,0,3,1,4,2,2,0,3,3,4,3,4,2,3,3,3,3,3,1,2,1,3,3,4,1,1,3,3,3,3,2,3,2,4,3,2,4,1,4,4,1,4,1,3,1,2,3,3,3,1,3,4,2,4,4,1,1,4,3,3,4,1,4,1,2,2,3,3,4,1,2,4,2,1,2,3,4,4,1,3,4,2,3,2,4,4,3,3,1,1,0,0,2,1,3,2,2,3,4,2,3,2,2,2,3,0,0,1,4,2,3,3,1,2,3,3,1,3,3,4,3,3,1,4,3,2,3,2,3,0,1,4,2,2,0,3,3,4,3,4,2,3,3,3,3,1,2,1,3,3,4,1,1,3,3,3,3,2,4,3,2,4,1,4,4,4,2,3,3
RBT-17-0027-1_S3,3,4,2,4,1,1,1,2,3,3,4,1,4,1,4,2,3,3,4,1,2,3,1,1,1,1,3,4,4,1,3,3,1,3,2,2,4,3,1,2,0,0,0,0,2,1,3,2,2,3,4,2,2,3,2,2,1,3,0,0,1,4,1,1,3,4,2,3,3,2,3,3,4,3,1,1,4,3,2,3,2,3,1,0,4,2,2,3,3,3,4,3,4,2,3,3,3,2,1,2,1,3,3,4,1,1,0,3,3,2,3,2,4,3,2,0,4,4,1,2,1,0,3,4,2,4,1,1,1,2,3,4,1,4,1,4,2,3,3,4,1,2,3,1,1,1,3,4,4,1,3,3,1,3,2,2,4,3,1,2,0,0,0,2,1,3,2,2,3,4,2,3,2,2,1,3,0,0,1,4,1,1,3,4,2,3,3,2,3,3,4,3,1,1,4,3,2,3,2,3,1,0,4,2,2,3,3,3,4,3,4,2,3,3,3,2,1,2,1,3,3,4,1,1,0,3,3,3,2,4,3,2,0,4,4,1,2,1,0,3,3,4,2,1,4,1,1,1,2,3,3,4,1,4,1,4,2,3,3,4,1,2,3,1,1,1,1,3,4,4,1,3,4,3,1,3,2,2,4,3,1,2,3,0,0,0,0,3,2,1,3,2,2,3,4,2,2,3,2,2,1,3,0,0,1,4,1,1,1,3,4,2,3,3,2,3,3,4,2,3,2,1,1,4,3,2,3,3,2,2,3,1,3,0,4,2,2,3,3,3,4,3,4,2,3,3,3,3,2,1,2,1,3,3,4,1,1,0,3,3,3,2,3,2,4,3,2,0,4,4,1,1,4,0,3,1,2,1,0,3,1,3,4,2,4,1,1,1,2,3,3,4,1,4,1,4,2,3,3,4,1,2,3,1,1,1,3,4,4,1,3,3,1,3,2,2,4,3,1,2,0,0,0,2,1,3,2,2,3,4,2,3,2,2,1,3,0,0,1,4,1,1,3,4,2,3,3,2,3,3,4,3,1,1,4,3,2,3,2,3,1,0,4,2,2,3,3,3,4,3,4,2,3,3,3,2,1,2,1,3,3,4,1,1,0,3,3,3,2,4,3,2,0,4,4,1,4,2,1,0
RBT-17-0033-1_S12,0,1,1,0,1,1,1,2,2,3,3,1,4,1,2,2,3,3,1,1,2,3,1,1,1,1,3,4,4,1,3,3,1,1,1,2,3,2,1,2,3,2,3,1,2,1,3,2,2,3,4,2,2,3,2,2,1,3,2,1,4,1,1,3,1,4,1,1,2,1,1,1,1,3,1,3,1,1,1,3,1,1,1,1,1,0,2,3,1,2,2,2,2,2,3,3,1,2,1,1,1,0,2,2,1,3,3,4,0,2,4,4,3,0,1,4,4,4,4,2,3,3,0,1,1,0,1,1,1,2,2,3,1,4,1,2,2,3,3,1,1,2,3,1,1,1,3,4,4,1,3,3,1,1,1,2,3,2,1,2,3,3,1,2,1,3,2,2,3,4,2,3,2,2,1,3,2,1,4,1,1,3,1,4,1,1,2,1,1,1,1,3,1,3,1,1,1,3,1,1,1,1,1,0,2,3,1,2,2,2,2,2,3,3,1,2,1,1,1,0,2,2,1,3,3,4,0,4,4,3,0,1,4,4,4,4,2,3,3,0,0,1,1,0,0,1,1,1,2,2,3,3,1,4,1,2,2,3,3,1,1,2,3,1,1,1,1,3,4,4,1,3,1,3,1,1,1,2,3,2,1,2,0,3,2,3,1,3,2,1,3,2,2,3,4,2,2,3,2,2,1,3,2,1,4,1,4,1,3,1,4,1,1,2,1,1,1,1,0,3,2,1,3,1,1,1,3,0,1,2,1,1,0,1,1,0,2,3,1,2,2,2,2,2,3,0,3,1,2,1,1,1,0,2,2,1,3,3,4,0,3,2,4,4,3,0,1,4,4,4,4,0,0,1,0,1,2,3,3,0,0,0,1,1,0,1,1,1,2,2,3,3,1,4,1,2,2,3,3,1,1,2,3,1,1,1,3,4,4,1,3,3,1,1,1,2,3,2,1,2,3,3,1,2,1,3,2,2,3,4,2,3,2,2,1,3,2,1,4,1,1,3,1,4,1,1,2,1,1,1,1,3,1,3,1,1,1,3,1,1,1,1,1,0,2,3,1,2,2,2,2,2,3,3,1,2,1,1,1,0,2,2,1,3,3,4,0,4,4,3,0,1,4,4,4,4,0,2,3,3
RBT-17-0039-1_S28,1,4,1,4,1,1,1,2,2,3,3,1,4,1,2,2,3,3,1,1,2,3,1,1,1,1,3,4,4,1,3,3,1,1,1,2,3,2,1,2,1,0,3,0,2,1,3,2,2,3,4,2,2,3,2,2,1,3,2,1,4,1,1,3,1,4,1,1,3,1,1,1,1,3,1,3,1,1,2,3,1,1,1,1,1,2,2,3,3,3,2,2,2,2,3,3,1,2,1,2,1,3,2,2,1,3,3,3,3,0,3,2,4,3,2,4,1,4,4,2,1,3,1,4,1,4,1,1,1,2,2,3,1,4,1,2,2,3,3,1,1,2,3,1,1,1,3,4,4,1,3,3,1,1,1,2,3,2,1,2,1,3,0,2,1,3,2,2,3,4,2,3,2,2,1,3,2,1,4,1,1,3,1,4,1,1,3,1,1,1,1,3,1,3,1,1,2,3,1,1,1,1,1,2,2,3,3,3,2,2,2,2,3,3,1,2,1,2,1,3,2,2,1,3,3,3,3,3,2,4,3,2,4,1,4,4,2,1,3,3,1,4,1,1,4,1,1,1,2,2,3,3,1,4,1,2,2,3,3,1,1,2,3,1,1,1,1,3,4,4,1,3,1,3,1,1,1,2,3,2,1,2,3,1,0,3,0,3,2,1,3,2,2,3,4,2,2,3,2,2,1,3,2,1,4,1,4,1,3,1,4,1,1,3,1,1,1,1,0,3,2,1,3,1,1,2,3,0,1,2,1,1,0,1,1,2,2,3,3,3,2,2,2,2,3,0,3,1,2,1,2,1,3,2,2,1,3,3,3,3,0,0,3,2,4,3,2,4,1,4,4,1,4,1,3,1,2,1,3,3,1,1,4,1,4,1,1,1,2,2,3,3,1,4,1,2,2,3,3,1,1,2,3,1,1,1,3,4,4,1,3,3,1,1,1,2,3,2,1,2,1,3,0,2,1,3,2,2,3,4,2,3,2,2,1,3,2,1,4,1,1,3,1,4,1,1,3,1,1,1,1,3,1,3,1,1,2,3,1,1,1,1,1,2,2,3,3,3,2,2,2,2,3,3,1,2,1,2,1,3,2,2,1,3,3,3,3,3,2,4,3,2,4,1,4,4,4,2,1,3
RBT-17-0079-1_S29,3,1,1,4,4,1,3,2,4,3,4,3,4,1,2,2,3,3,1,1,2,3,2,2,1,1,3,4,4,1,3,3,2,3,2,2,4,3,1,2,1,2,3,1,2,1,3,2,2,3,4,2,2,3,2,2,1,3,2,1,0,4,1,1,3,4,2,3,3,2,1,1,1,3,3,1,1,1,2,3,2,1,1,1,1,2,2,3,3,3,4,3,2,2,3,3,3,3,2,2,1,3,2,2,1,1,3,3,3,2,3,4,4,3,1,4,0,4,4,0,3,3,3,1,1,4,4,1,3,2,4,4,3,4,1,2,2,3,3,1,1,2,3,2,1,1,3,4,4,1,3,3,2,3,2,2,4,3,1,2,1,3,1,2,1,3,2,2,3,4,2,3,2,2,1,3,2,1,0,4,1,1,3,4,2,3,3,2,1,1,1,3,3,1,1,1,2,3,2,1,1,1,1,2,2,3,3,3,4,3,2,2,3,3,3,3,2,2,1,3,2,2,1,1,3,3,3,3,4,4,3,1,4,0,4,4,0,3,3,2,3,1,1,2,4,4,1,3,2,4,3,4,3,4,1,2,2,3,3,1,1,2,3,2,2,1,1,3,4,4,1,3,4,3,2,3,2,2,4,3,1,2,3,1,2,3,1,3,2,1,3,2,2,3,4,2,2,3,2,2,1,3,2,1,0,4,1,1,1,3,4,2,3,3,2,1,1,1,2,3,2,3,1,1,1,2,3,4,2,2,1,1,3,1,1,2,2,3,3,3,4,3,2,2,3,3,3,3,3,2,2,1,3,2,2,1,1,3,3,3,3,2,3,4,4,3,1,4,0,4,4,1,4,1,3,1,0,3,3,3,1,3,1,1,4,4,1,3,2,4,3,4,3,4,1,2,2,3,3,1,1,2,3,2,1,1,3,4,4,1,3,3,2,3,2,2,4,3,1,2,1,3,1,2,1,3,2,2,3,4,2,3,2,2,1,3,2,1,0,4,1,1,3,4,2,3,3,2,1,1,1,3,3,1,1,1,2,3,2,1,1,1,1,2,2,3,3,3,4,3,2,2,3,3,3,3,2,2,1,3,2,2,1,1,3,3,3,3,4,4,3,1,4,0,4,4,4,0,3,3
RBT-17-0082-1_S30,3,4,2,4,4,1,1,4,3,3,4,1,4,1,2,2,3,3,4,1,2,4,2,2,1,2,3,4,4,1,3,4,2,3,2,4,4,3,3,1,1,2,0,1,2,1,3,2,2,3,4,2,2,3,2,2,1,3,2,0,1,4,2,3,3,1,2,3,3,1,3,3,4,3,3,1,4,3,2,3,2,3,0,1,4,2,2,0,3,3,4,3,4,2,3,3,3,3,1,2,1,3,3,4,1,1,3,3,3,2,3,2,4,3,2,4,1,4,1,0,1,3,3,4,2,4,4,1,1,4,3,4,1,4,1,2,2,3,3,4,1,2,4,2,1,2,3,4,4,1,3,4,2,3,2,4,4,3,3,1,1,0,1,2,1,3,2,2,3,4,2,3,2,2,1,3,2,0,1,4,2,3,3,1,2,3,3,1,3,3,4,3,3,1,4,3,2,3,2,3,0,1,4,2,2,0,3,3,4,3,4,2,3,3,3,3,1,2,1,3,3,4,1,1,3,3,3,3,2,4,3,2,4,1,4,1,0,1,3,3,3,4,2,2,4,4,1,1,4,3,3,4,1,4,1,2,2,3,3,4,1,2,4,2,2,1,2,3,4,4,1,3,4,4,2,3,2,4,4,3,3,1,3,1,2,0,1,3,2,1,3,2,2,3,4,2,2,3,2,2,1,3,2,0,1,4,1,2,3,3,1,2,3,3,1,3,3,4,2,3,2,3,1,4,3,2,3,4,2,2,3,0,3,1,4,2,2,0,3,3,4,3,4,2,3,3,3,3,3,1,2,1,3,3,4,1,1,3,3,3,3,2,3,2,4,3,2,4,1,4,1,1,4,0,3,0,0,1,3,3,1,3,4,2,4,4,1,1,4,3,3,4,1,4,1,2,2,3,3,4,1,2,4,2,1,2,3,4,4,1,3,4,2,3,2,4,4,3,3,1,1,0,1,2,1,3,2,2,3,4,2,3,2,2,1,3,2,0,1,4,2,3,3,1,2,3,3,1,3,3,4,3,3,1,4,3,2,3,2,3,0,1,4,2,2,0,3,3,4,3,4,2,3,3,3,3,1,2,1,3,3,4,1,1,3,3,3,3,2,4,3,2,4,1,4,1,4,0,1,3
RBT-17-0084-1_S31,3,1,1,4,4,1,3,2,4,3,4,3,4,1,2,2,3,3,1,1,2,3,2,2,1,1,3,4,4,1,3,3,2,3,2,2,4,3,1,2,1,0,3,1,2,1,3,2,2,3,4,2,2,3,2,2,1,3,2,1,0,4,1,1,3,4,2,3,3,2,1,1,1,3,3,1,1,1,2,3,2,1,1,1,1,2,2,3,3,3,4,3,2,2,3,3,3,3,2,2,1,3,2,2,1,1,3,3,3,2,4,4,4,3,1,4,0,0,4,0,3,0,3,1,1,4,4,1,3,2,4,4,3,4,1,2,2,3,3,1,1,2,3,2,1,1,3,4,4,1,3,3,2,3,2,2,4,3,1,2,1,3,1,2,1,3,2,2,3,4,2,3,2,2,1,3,2,1,0,4,1,1,3,4,2,3,3,2,1,1,1,3,3,1,1,1,2,3,2,1,1,1,1,2,2,3,3,3,4,3,2,2,3,3,3,3,2,2,1,3,2,2,1,1,3,3,3,4,4,4,3,1,4,0,0,4,0,3,0,2,3,1,1,2,4,4,1,3,2,4,3,4,3,4,1,2,2,3,3,1,1,2,3,2,2,1,1,3,4,4,1,3,4,3,2,3,2,2,4,3,1,2,3,1,0,3,1,3,2,1,3,2,2,3,4,2,2,3,2,2,1,3,2,1,0,4,1,1,1,3,4,2,3,3,2,1,1,1,2,3,2,3,1,1,1,2,3,4,2,2,1,1,3,1,1,2,2,3,3,3,4,3,2,2,3,3,3,3,3,2,2,1,3,2,2,1,1,3,3,3,3,2,4,4,4,3,1,4,0,0,4,1,4,0,3,1,0,3,0,3,1,3,1,1,4,4,1,3,2,4,3,4,3,4,1,2,2,3,3,1,1,2,3,2,1,1,3,4,4,1,3,3,2,3,2,2,4,3,1,2,1,3,1,2,1,3,2,2,3,4,2,3,2,2,1,3,2,1,0,4,1,1,3,4,2,3,3,2,1,1,1,3,3,1,1,1,2,3,2,1,1,1,1,2,2,3,3,3,4,3,2,2,3,3,3,3,2,2,1,3,2,2,1,1,3,3,3,4,4,4,3,1,4,0,0,4,4,0,3,0
RBT-17-0090-1_S32,3,4,2,4,4,1,1,4,3,3,4,1,4,1,2,2,3,3,4,1,2,4,2,2,1,2,3,4,4,1,3,4,2,3,2,4,4,3,3,1,1,2,0,0,2,1,3,2,2,3,4,2,2,3,2,2,2,3,0,0,1,4,2,3,3,1,2,3,3,1,3,3,4,3,3,1,4,3,2,3,2,3,0,1,4,2,2,0,3,3,4,3,4,2,3,3,3,3,1,2,1,3,3,4,1,1,3,3,3,2,3,2,4,3,2,4,1,4,1,0,1,3,3,4,2,4,4,1,1,4,3,4,1,4,1,2,2,3,3,4,1,2,4,2,1,2,3,4,4,1,3,4,2,3,2,4,4,3,3,1,1,0,0,2,1,3,2,2,3,4,2,3,2,2,2,3,0,0,1,4,2,3,3,1,2,3,3,1,3,3,4,3,3,1,4,3,2,3,2,3,0,1,4,2,2,0,3,3,4,3,4,2,3,3,3,3,1,2,1,3,3,4,1,1,3,3,3,3,2,4,3,2,4,1,4,1,0,1,3,3,3,4,2,2,4,4,1,1,4,3,3,4,1,4,1,2,2,3,3,4,1,2,4,2,2,1,2,3,4,4,1,3,4,4,2,3,2,4,4,3,3,1,3,1,2,0,0,3,2,1,3,2,2,3,4,2,2,3,2,2,2,3,0,0,1,4,1,2,3,3,1,2,3,3,1,3,3,4,2,3,2,3,1,4,3,2,3,4,2,2,3,0,3,1,4,2,2,0,3,3,4,3,4,2,3,3,3,3,3,1,2,1,3,3,4,1,1,3,3,3,3,2,3,2,4,3,2,4,1,4,1,1,4,0,3,0,0,1,3,3,1,3,4,2,4,4,1,1,4,3,3,4,1,4,1,2,2,3,3,4,1,2,4,2,1,2,3,4,4,1,3,4,2,3,2,4,4,3,3,1,1,0,0,2,1,3,2,2,3,4,2,3,2,2,2,3,0,0,1,4,2,3,3,1,2,3,3,1,3,3,4,3,3,1,4,3,2,3,2,3,0,1,4,2,2,0,3,3,4,3,4,2,3,3,3,3,1,2,1,3,3,4,1,1,3,3,3,3,2,4,3,2,4,1,4,1,4,0,1,3
RBT-17-0097-1_S34,3,0,1,4,4,1,1,2,4,3,4,1,4,1,2,2,3,3,1,1,2,3,2,2,1,1,3,4,4,1,3,3,2,3,2,2,3,0,0,1,1,2,3,1,2,1,3,2,2,3,4,2,2,3,2,2,1,0,2,1,1,4,1,1,3,4,2,3,3,2,1,1,1,3,3,1,1,1,0,3,2,3,1,1,0,2,2,3,3,3,4,3,2,2,3,3,3,3,1,2,1,3,2,2,1,1,3,3,3,2,3,4,4,3,1,0,1,0,4,2,3,3,3,0,1,4,4,1,1,2,4,4,1,4,1,2,2,3,3,1,1,2,3,2,1,1,3,4,4,1,3,3,2,3,2,2,3,0,0,1,1,3,1,2,1,3,2,2,3,4,2,3,2,2,1,0,2,1,1,4,1,1,3,4,2,3,3,2,1,1,1,3,3,1,1,1,0,3,2,3,1,1,0,2,2,3,3,3,4,3,2,2,3,3,3,3,1,2,1,3,2,2,1,1,3,3,3,3,4,4,3,1,0,1,0,4,2,3,3,2,3,0,1,1,4,4,1,1,2,4,3,4,1,4,1,2,2,3,3,1,1,2,3,2,2,1,1,3,4,4,1,3,1,3,2,3,2,2,3,0,0,1,3,1,2,3,1,3,2,1,3,2,2,3,4,2,2,3,2,2,1,0,2,1,1,4,0,1,1,3,4,2,3,3,2,1,1,1,2,3,2,3,1,1,1,0,3,4,2,2,3,1,3,1,0,2,2,3,3,3,4,3,2,2,3,3,3,3,3,1,2,1,3,2,2,1,1,3,3,3,3,2,3,4,4,3,1,0,1,0,4,1,4,0,3,0,2,3,3,3,1,3,0,1,4,4,1,1,2,4,3,4,1,4,1,2,2,3,3,1,1,2,3,2,1,1,3,4,4,1,3,3,2,3,2,2,3,0,0,1,1,3,1,2,1,3,2,2,3,4,2,3,2,2,1,0,2,1,1,4,1,1,3,4,2,3,3,2,1,1,1,3,3,1,1,1,0,3,2,3,1,1,0,2,2,3,3,3,4,3,2,2,3,3,3,3,1,2,1,3,2,2,1,1,3,3,3,3,4,4,3,1,0,1,0,4,4,2,3,3
RBT-17-0099-1_S35,0,0,0,0,0,0,0,0,0,0,0,0,0,0,0,0,0,0,0,0,0,0,0,0,0,0,0,0,0,0,0,0,0,0,0,0,0,0,0,2,1,2,3,1,0,0,0,0,0,0,0,0,0,0,0,0,0,0,2,1,0,0,1,3,3,4,0,2,0,0,0,0,1,0,0,0,0,0,0,0,0,0,1,1,0,0,0,3,0,0,0,0,0,0,0,0,0,0,0,0,0,0,0,0,0,1,3,4,3,2,3,4,4,3,1,4,4,4,4,2,3,3,0,0,0,0,0,0,0,0,0,0,0,0,0,0,0,0,0,0,0,0,0,0,0,0,0,0,0,0,0,0,0,0,0,0,0,0,0,2,1,3,1,0,0,0,0,0,0,0,0,0,0,0,0,0,2,1,0,0,1,3,3,4,0,2,0,0,0,0,1,0,0,0,0,0,0,0,0,0,1,1,0,0,0,3,0,0,0,0,0,0,0,0,0,0,0,0,0,0,0,0,0,1,3,4,3,3,4,4,3,1,4,4,4,4,2,3,3,3,0,0,0,0,0,0,0,0,0,0,0,0,0,0,0,0,0,0,0,0,0,0,0,0,0,0,0,0,0,0,0,0,0,0,0,0,0,0,0,0,0,2,3,1,2,3,1,0,0,0,0,0,0,0,0,0,0,0,0,0,0,0,2,1,0,0,0,1,3,3,4,0,2,0,0,0,0,1,2,0,0,0,0,0,0,0,0,3,0,0,0,1,3,1,0,0,0,3,0,0,0,0,0,0,0,3,0,0,0,0,0,0,0,0,0,0,1,3,4,3,3,2,3,4,4,3,1,4,4,4,4,1,4,1,3,1,2,3,3,3,1,0,0,0,0,0,0,0,0,0,0,0,0,0,0,0,0,0,0,0,0,0,0,0,0,0,0,0,0,0,0,0,0,0,0,0,0,0,0,2,1,3,1,0,0,0,0,0,0,0,0,0,0,0,0,0,2,1,0,0,1,3,3,4,0,2,0,0,0,0,1,0,0,0,0,0,0,0,0,0,1,1,0,0,0,3,0,0,0,0,0,0,0,0,0,0,0,0,0,0,0,0,0,1,3,4,3,3,4,4,3,1,4,4,4,4,4,2,3,3
RBT-17-0100-1_S36,3,4,2,4,1,1,1,2,3,3,4,1,4,1,2,2,3,3,1,1,2,3,1,2,1,2,3,4,4,1,3,4,1,3,2,2,3,3,3,1,1,0,3,1,2,1,3,2,2,3,4,2,2,3,2,2,1,3,0,0,1,4,1,1,1,1,2,1,3,1,3,3,1,0,0,0,4,1,2,3,2,3,0,1,4,2,2,0,1,3,4,3,4,2,3,3,3,2,1,2,1,3,2,4,1,0,0,4,3,2,3,4,4,3,1,4,1,4,1,2,1,0,3,4,2,4,1,1,1,2,3,4,1,4,1,2,2,3,3,1,1,2,3,1,1,2,3,4,4,1,3,4,1,3,2,2,3,3,3,1,1,3,1,2,1,3,2,2,3,4,2,3,2,2,1,3,0,0,1,4,1,1,1,1,2,1,3,1,3,3,1,0,0,0,4,1,2,3,2,3,0,1,4,2,2,0,1,3,4,3,4,2,3,3,3,2,1,2,1,3,2,4,1,0,0,4,3,3,4,4,3,1,4,1,4,1,2,1,0,3,3,4,2,2,4,1,1,1,2,3,3,4,1,4,1,2,2,3,3,1,1,2,3,1,2,1,2,3,4,4,1,3,4,4,1,3,2,2,3,3,3,1,3,1,0,3,1,3,2,1,3,2,2,3,4,2,2,3,2,2,1,3,0,0,1,4,1,1,1,1,1,2,1,3,1,3,3,1,2,0,0,0,0,4,1,2,3,3,2,2,3,0,3,1,4,2,2,0,1,3,4,3,4,2,3,3,3,3,2,1,2,1,3,2,4,1,0,0,4,3,3,2,3,4,4,3,1,4,1,4,1,1,4,0,3,1,2,1,0,3,1,3,4,2,4,1,1,1,2,3,3,4,1,4,1,2,2,3,3,1,1,2,3,1,1,2,3,4,4,1,3,4,1,3,2,2,3,3,3,1,1,3,1,2,1,3,2,2,3,4,2,3,2,2,1,3,0,0,1,4,1,1,1,1,2,1,3,1,3,3,1,0,0,0,4,1,2,3,2,3,0,1,4,2,2,0,1,3,4,3,4,2,3,3,3,2,1,2,1,3,2,4,1,0,0,4,3,3,4,4,3,1,4,1,4,1,4,2,1,0
RBT-17-0102-1_S37,1,1,1,4,1,1,1,2,2,3,3,1,4,1,2,2,3,3,1,1,2,3,1,1,1,1,3,4,4,1,3,3,1,1,1,2,3,2,1,2,3,2,3,1,2,1,3,2,2,3,4,2,2,3,2,2,1,3,2,1,4,1,1,3,1,4,1,1,2,1,1,1,1,3,1,3,1,1,1,3,1,1,1,1,1,2,2,3,1,2,2,2,2,2,3,3,1,2,1,1,1,3,2,2,1,3,3,4,0,2,4,4,3,0,1,4,4,4,4,2,3,3,1,1,1,4,1,1,1,2,2,3,1,4,1,2,2,3,3,1,1,2,3,1,1,1,3,4,4,1,3,3,1,1,1,2,3,2,1,2,3,3,1,2,1,3,2,2,3,4,2,3,2,2,1,3,2,1,4,1,1,3,1,4,1,1,2,1,1,1,1,3,1,3,1,1,1,3,1,1,1,1,1,2,2,3,1,2,2,2,2,2,3,3,1,2,1,1,1,3,2,2,1,3,3,4,0,4,4,3,0,1,4,4,4,4,2,3,3,0,1,1,1,1,4,1,1,1,2,2,3,3,1,4,1,2,2,3,3,1,1,2,3,1,1,1,1,3,4,4,1,3,1,3,1,1,1,2,3,2,1,2,0,3,2,3,1,3,2,1,3,2,2,3,4,2,2,3,2,2,1,3,2,1,4,1,4,1,3,1,4,1,1,2,1,1,1,1,0,3,2,1,3,1,1,1,3,0,1,2,1,1,0,1,1,2,2,3,1,2,2,2,2,2,3,0,3,1,2,1,1,1,3,2,2,1,3,3,4,0,3,2,4,4,3,0,1,4,4,4,4,0,0,1,0,1,2,3,3,0,0,1,1,1,4,1,1,1,2,2,3,3,1,4,1,2,2,3,3,1,1,2,3,1,1,1,3,4,4,1,3,3,1,1,1,2,3,2,1,2,3,3,1,2,1,3,2,2,3,4,2,3,2,2,1,3,2,1,4,1,1,3,1,4,1,1,2,1,1,1,1,3,1,3,1,1,1,3,1,1,1,1,1,2,2,3,1,2,2,2,2,2,3,3,1,2,1,1,1,3,2,2,1,3,3,4,0,4,4,3,0,1,4,4,4,4,0,2,3,3
RBT-17-0107-1_S39,3,4,2,4,1,1,1,2,3,3,4,1,4,1,4,2,3,3,1,1,2,3,1,2,1,1,3,4,4,1,3,4,1,3,2,2,3,3,3,1,1,0,3,1,2,1,3,2,2,3,4,2,2,3,2,2,1,3,0,0,1,4,1,1,1,1,2,1,3,1,3,3,1,3,1,1,4,1,2,3,2,3,0,1,4,2,2,0,1,3,4,3,4,2,3,3,3,2,1,2,1,3,2,4,1,1,0,3,3,0,3,2,4,3,2,0,1,4,1,2,1,0,3,4,2,4,1,1,1,2,3,4,1,4,1,4,2,3,3,1,1,2,3,1,1,1,3,4,4,1,3,4,1,3,2,2,3,3,3,1,1,3,1,2,1,3,2,2,3,4,2,3,2,2,1,3,0,0,1,4,1,1,1,1,2,1,3,1,3,3,1,3,1,1,4,1,2,3,2,3,0,1,4,2,2,0,1,3,4,3,4,2,3,3,3,2,1,2,1,3,2,4,1,1,0,3,3,3,2,4,3,2,0,1,4,1,2,1,0,3,3,4,2,2,4,1,1,1,2,3,3,4,1,4,1,4,2,3,3,1,1,2,3,1,2,1,1,3,4,4,1,3,4,4,1,3,2,2,3,3,3,1,3,1,0,3,1,3,2,1,3,2,2,3,4,2,2,3,2,2,1,3,0,0,1,4,1,1,1,1,1,2,1,3,1,3,3,1,2,3,2,1,1,4,1,2,3,3,2,2,3,0,3,1,4,2,2,0,1,3,4,3,4,2,3,3,3,3,2,1,2,1,3,2,4,1,1,0,3,3,0,0,3,2,4,3,2,0,1,4,1,1,4,0,3,1,2,1,0,3,1,3,4,2,4,1,1,1,2,3,3,4,1,4,1,4,2,3,3,1,1,2,3,1,1,1,3,4,4,1,3,4,1,3,2,2,3,3,3,1,1,3,1,2,1,3,2,2,3,4,2,3,2,2,1,3,0,0,1,4,1,1,1,1,2,1,3,1,3,3,1,3,1,1,4,1,2,3,2,3,0,1,4,2,2,0,1,3,4,3,4,2,3,3,3,2,1,2,1,3,2,4,1,1,0,3,3,3,2,4,3,2,0,1,4,1,4,2,1,0
RBT-17-0109-1_S40,3,4,2,4,4,1,1,4,3,3,4,1,4,1,2,2,3,3,4,1,2,4,2,2,1,2,3,4,4,1,3,4,2,3,2,4,4,3,3,1,1,2,0,0,2,1,3,2,2,3,4,2,2,3,2,2,2,3,0,0,1,4,2,3,3,1,2,3,3,1,3,3,4,3,3,1,4,3,2,3,2,3,0,1,4,2,2,0,3,3,4,3,4,2,3,3,3,3,1,2,1,3,3,4,1,1,3,3,3,2,3,2,4,3,2,4,1,4,4,2,3,3,3,4,2,4,4,1,1,4,3,4,1,4,1,2,2,3,3,4,1,2,4,2,1,2,3,4,4,1,3,4,2,3,2,4,4,3,3,1,1,0,0,2,1,3,2,2,3,4,2,3,2,2,2,3,0,0,1,4,2,3,3,1,2,3,3,1,3,3,4,3,3,1,4,3,2,3,2,3,0,1,4,2,2,0,3,3,4,3,4,2,3,3,3,3,1,2,1,3,3,4,1,1,3,3,3,3,2,4,3,2,4,1,4,4,2,3,3,3,3,4,2,2,4,4,1,1,4,3,3,4,1,4,1,2,2,3,3,4,1,2,4,2,2,1,2,3,4,4,1,3,4,4,2,3,2,4,4,3,3,1,3,1,2,0,0,3,2,1,3,2,2,3,4,2,2,3,2,2,2,3,0,0,1,4,1,2,3,3,1,2,3,3,1,3,3,4,2,3,2,3,1,4,3,2,3,4,2,2,3,0,3,1,4,2,2,0,3,3,4,3,4,2,3,3,3,3,3,1,2,1,3,3,4,1,1,3,3,3,3,2,3,2,4,3,2,4,1,4,4,1,4,1,3,1,2,3,3,3,1,3,4,2,4,4,1,1,4,3,3,4,1,4,1,2,2,3,3,4,1,2,4,2,1,2,3,4,4,1,3,4,2,3,2,4,4,3,3,1,1,0,0,2,1,3,2,2,3,4,2,3,2,2,2,3,0,0,1,4,2,3,3,1,2,3,3,1,3,3,4,3,3,1,4,3,2,3,2,3,0,1,4,2,2,0,3,3,4,3,4,2,3,3,3,3,1,2,1,3,3,4,1,1,3,3,3,3,2,4,3,2,4,1,4,4,4,2,3,3
RBT-17-0112-1_S41,3,4,2,4,1,1,1,2,3,3,3,1,4,1,2,2,3,3,4,1,2,3,2,2,1,2,3,4,4,1,3,3,1,1,2,4,3,3,3,1,1,0,3,1,2,1,3,2,2,3,4,2,2,3,2,2,1,3,0,1,1,4,1,1,3,1,2,3,3,1,3,3,4,3,1,1,4,1,2,3,2,1,0,1,4,2,2,3,3,3,4,3,4,2,3,3,3,3,1,2,1,3,3,4,1,1,0,3,3,0,3,4,4,3,2,0,1,0,1,0,1,0,3,4,2,4,1,1,1,2,3,3,1,4,1,2,2,3,3,4,1,2,3,2,1,2,3,4,4,1,3,3,1,1,2,4,3,3,3,1,1,3,1,2,1,3,2,2,3,4,2,3,2,2,1,3,0,1,1,4,1,1,3,1,2,3,3,1,3,3,4,3,1,1,4,1,2,3,2,1,0,1,4,2,2,3,3,3,4,3,4,2,3,3,3,3,1,2,1,3,3,4,1,1,0,3,3,3,4,4,3,2,0,1,0,1,0,1,0,3,3,4,2,1,4,1,1,1,2,3,3,3,1,4,1,2,2,3,3,4,1,2,3,2,2,1,2,3,4,4,1,3,1,3,1,1,2,4,3,3,3,1,3,1,0,3,1,3,2,1,3,2,2,3,4,2,2,3,2,2,1,3,0,1,1,4,4,1,1,3,1,2,3,3,1,3,3,4,2,3,2,1,1,4,1,2,3,4,2,2,1,0,3,1,4,2,2,3,3,3,4,3,4,2,3,3,3,3,3,1,2,1,3,3,4,1,1,0,3,3,0,0,3,4,4,3,2,0,1,0,1,1,4,1,3,0,0,1,0,3,1,3,4,2,4,1,1,1,2,3,3,3,1,4,1,2,2,3,3,4,1,2,3,2,1,2,3,4,4,1,3,3,1,1,2,4,3,3,3,1,1,3,1,2,1,3,2,2,3,4,2,3,2,2,1,3,0,1,1,4,1,1,3,1,2,3,3,1,3,3,4,3,1,1,4,1,2,3,2,1,0,1,4,2,2,3,3,3,4,3,4,2,3,3,3,3,1,2,1,3,3,4,1,1,0,3,3,3,4,4,3,2,0,1,0,1,4,0,1,0
RBT-17-0113-1_S42,3,1,1,4,4,1,3,2,4,3,4,3,4,1,2,2,3,3,1,1,2,3,2,2,1,1,3,4,4,1,3,3,2,3,2,2,4,3,1,1,1,2,3,1,2,1,3,2,2,3,4,2,2,3,2,2,1,3,2,1,0,4,1,1,3,4,2,3,3,2,1,1,1,3,3,1,1,1,2,3,2,1,1,1,1,2,2,3,3,3,4,3,2,2,3,3,3,3,2,2,1,3,2,2,1,1,3,3,3,2,4,4,4,3,1,4,0,0,4,0,3,0,3,1,1,4,4,1,3,2,4,4,3,4,1,2,2,3,3,1,1,2,3,2,1,1,3,4,4,1,3,3,2,3,2,2,4,3,1,1,1,3,1,2,1,3,2,2,3,4,2,3,2,2,1,3,2,1,0,4,1,1,3,4,2,3,3,2,1,1,1,3,3,1,1,1,2,3,2,1,1,1,1,2,2,3,3,3,4,3,2,2,3,3,3,3,2,2,1,3,2,2,1,1,3,3,3,4,4,4,3,1,4,0,0,4,0,3,0,2,3,1,1,2,4,4,1,3,2,4,3,4,3,4,1,2,2,3,3,1,1,2,3,2,2,1,1,3,4,4,1,3,4,3,2,3,2,2,4,3,1,1,3,1,2,3,1,3,2,1,3,2,2,3,4,2,2,3,2,2,1,3,2,1,0,4,1,1,1,3,4,2,3,3,2,1,1,1,2,3,2,3,1,1,1,2,3,4,2,2,1,1,3,1,1,2,2,3,3,3,4,3,2,2,3,3,3,3,3,2,2,1,3,2,2,1,1,3,3,3,3,2,4,4,4,3,1,4,0,0,4,1,4,0,3,1,0,3,0,3,1,3,1,1,4,4,1,3,2,4,3,4,3,4,1,2,2,3,3,1,1,2,3,2,1,1,3,4,4,1,3,3,2,3,2,2,4,3,1,1,1,3,1,2,1,3,2,2,3,4,2,3,2,2,1,3,2,1,0,4,1,1,3,4,2,3,3,2,1,1,1,3,3,1,1,1,2,3,2,1,1,1,1,2,2,3,3,3,4,3,2,2,3,3,3,3,2,2,1,3,2,2,1,1,3,3,3,4,4,4,3,1,4,0,0,4,4,0,3,0
RBT-17-0118-1_S45,0,1,0,4,0,0,1,2,0,3,4,1,4,1,2,2,3,3,1,1,2,3,1,2,1,1,3,4,4,0,0,3,1,0,2,2,3,3,1,2,1,0,3,1,2,1,3,2,2,3,4,2,2,3,2,2,1,3,2,1,1,4,1,3,1,4,2,2,3,1,1,1,1,3,3,1,1,1,2,3,2,1,1,1,4,2,0,3,3,3,4,3,2,2,3,3,3,3,1,2,0,3,2,2,1,1,3,4,3,2,4,4,4,3,1,4,0,4,4,2,3,3,0,1,0,4,0,0,1,2,0,4,1,4,1,2,2,3,3,1,1,2,3,1,1,1,3,4,4,0,0,3,1,0,2,2,3,3,1,2,1,3,1,2,1,3,2,2,3,4,2,3,2,2,1,3,2,1,1,4,1,3,1,4,2,2,3,1,1,1,1,3,3,1,1,1,2,3,2,1,1,1,4,2,0,3,3,3,4,3,2,2,3,3,3,3,1,2,0,3,2,2,1,1,3,4,3,4,4,4,3,1,4,0,4,4,2,3,3,3,0,1,0,0,4,0,0,1,2,0,3,4,1,4,1,2,2,3,3,1,1,2,3,1,2,1,1,3,4,4,0,0,0,3,1,0,2,2,3,3,1,2,3,1,0,3,1,0,2,1,3,2,2,3,4,2,2,3,2,2,1,3,2,1,1,4,1,1,3,1,4,2,2,3,1,1,1,1,2,3,0,3,1,1,1,2,3,3,2,2,1,1,3,1,4,2,0,3,3,3,4,3,2,2,3,3,3,3,3,1,2,0,3,2,2,1,1,3,4,3,3,2,4,4,4,3,1,4,0,4,4,1,4,1,3,1,2,3,3,3,1,0,1,0,4,0,0,1,2,0,3,4,1,4,1,2,2,3,3,1,1,2,3,1,1,1,3,4,4,0,0,3,1,0,2,2,3,3,1,2,1,3,1,2,1,3,2,2,3,4,2,3,2,2,1,3,2,1,1,4,1,3,1,4,2,2,3,1,1,1,1,3,3,1,1,1,2,3,2,1,1,1,4,2,0,3,3,3,4,3,2,2,3,3,3,3,1,2,0,3,2,2,1,1,3,4,3,4,4,4,3,1,4,0,4,4,4,2,3,3
RBT-17-0124-1_S46,3,1,1,4,4,1,3,2,4,3,4,3,4,1,2,2,3,3,1,1,2,3,2,2,1,1,3,4,4,1,3,3,2,3,2,2,4,3,1,1,1,2,3,1,2,1,3,2,2,3,4,2,2,3,2,2,1,3,2,1,0,4,1,1,3,4,2,3,3,2,1,1,1,0,3,1,1,1,2,3,2,1,1,1,1,2,2,3,3,3,4,3,2,2,3,3,3,3,2,2,1,3,2,2,1,1,3,3,3,2,4,4,4,3,1,4,0,0,4,0,3,0,3,1,1,4,4,1,3,2,4,4,3,4,1,2,2,3,3,1,1,2,3,2,1,1,3,4,4,1,3,3,2,3,2,2,4,3,1,1,1,3,1,2,1,3,2,2,3,4,2,3,2,2,1,3,2,1,0,4,1,1,3,4,2,3,3,2,1,1,1,0,3,1,1,1,2,3,2,1,1,1,1,2,2,3,3,3,4,3,2,2,3,3,3,3,2,2,1,3,2,2,1,1,3,3,3,4,4,4,3,1,4,0,0,4,0,3,0,2,3,1,1,2,4,4,1,3,2,4,3,4,3,4,1,2,2,3,3,1,1,2,3,2,2,1,1,3,4,4,1,3,4,3,2,3,2,2,4,3,1,1,3,1,2,3,1,3,2,1,3,2,2,3,4,2,2,3,2,2,1,3,2,1,0,4,1,1,1,3,4,2,3,3,2,1,1,1,2,0,0,3,1,1,1,2,3,4,2,2,1,1,3,1,1,2,2,3,3,3,4,3,2,2,3,3,3,3,3,2,2,1,3,2,2,1,1,3,3,3,3,2,4,4,4,3,1,4,0,0,4,1,4,0,3,1,0,3,0,3,1,3,1,1,4,4,1,3,2,4,3,4,3,4,1,2,2,3,3,1,1,2,3,2,1,1,3,4,4,1,3,3,2,3,2,2,4,3,1,1,1,3,1,2,1,3,2,2,3,4,2,3,2,2,1,3,2,1,0,4,1,1,3,4,2,3,3,2,1,1,1,0,3,1,1,1,2,3,2,1,1,1,1,2,2,3,3,3,4,3,2,2,3,3,3,3,2,2,1,3,2,2,1,1,3,3,3,4,4,4,3,1,4,0,0,4,4,0,3,0
RBT-17-0130-1_S27,3,1,1,4,0,1,1,2,4,3,4,1,4,1,2,0,0,3,1,1,2,3,1,2,0,1,3,4,4,1,3,3,1,3,2,2,3,0,1,1,1,2,3,1,2,1,3,2,2,3,4,2,0,3,2,2,1,3,2,1,1,4,1,3,3,4,2,2,3,1,1,1,1,3,3,1,1,1,2,3,2,1,1,1,4,2,1,3,3,3,4,3,2,2,3,3,3,3,1,2,0,3,2,2,1,1,3,4,0,2,4,4,4,3,1,4,1,4,4,2,3,3,3,1,1,4,0,1,1,2,4,4,1,4,1,2,0,0,3,1,1,2,3,1,0,1,3,4,4,1,3,3,1,3,2,2,3,0,1,1,1,3,1,2,1,3,2,2,3,4,2,3,2,2,1,3,2,1,1,4,1,3,3,4,2,2,3,1,1,1,1,3,3,1,1,1,2,3,2,1,1,1,4,2,1,3,3,3,4,3,2,2,3,3,3,3,1,2,0,3,2,2,1,1,3,4,0,4,4,4,3,1,4,1,4,4,2,3,3,3,3,1,1,0,4,0,1,1,2,4,3,4,1,4,1,2,0,0,3,1,1,2,3,1,2,0,1,3,4,4,1,3,0,3,1,3,2,2,3,0,1,1,3,1,2,3,1,3,2,1,3,2,2,3,4,2,0,3,2,2,1,3,2,1,1,4,1,1,3,3,4,2,2,3,1,1,1,1,2,3,0,3,1,1,1,2,3,3,2,2,1,1,3,1,4,2,1,3,3,3,4,3,2,2,3,3,3,3,3,1,2,0,3,2,2,1,1,3,4,0,3,2,4,4,4,3,1,4,1,4,4,1,4,1,3,1,2,3,3,3,1,3,1,1,4,0,1,1,2,4,3,4,1,4,1,2,0,0,3,1,1,2,3,1,0,1,3,4,4,1,3,3,1,3,2,2,3,0,1,1,1,3,1,2,1,3,2,2,3,4,2,3,2,2,1,3,2,1,1,4,1,3,3,4,2,2,3,1,1,1,1,3,3,1,1,1,2,3,2,1,1,1,4,2,1,3,3,3,4,3,2,2,3,3,3,3,1,2,0,3,2,2,1,1,3,4,0,4,4,4,3,1,4,1,4,4,4,2,3,3
RBT-17-0133-1_S6,0,0,0,0,0,0,0,0,0,0,0,0,0,0,0,0,0,0,0,0,0,0,0,0,0,0,0,0,0,0,0,0,0,0,0,0,0,0,0,2,1,2,3,1,0,0,0,0,0,0,0,0,0,0,0,0,0,0,2,1,0,0,0,0,0,0,0,0,0,0,0,0,0,0,0,0,0,0,0,0,0,0,0,1,0,0,0,3,0,0,0,0,0,0,0,0,0,0,0,0,0,0,0,0,0,1,3,4,3,2,3,4,4,3,1,4,4,4,4,2,3,3,0,0,0,0,0,0,0,0,0,0,0,0,0,0,0,0,0,0,0,0,0,0,0,0,0,0,0,0,0,0,0,0,0,0,0,0,0,2,1,3,1,0,0,0,0,0,0,0,0,0,0,0,0,0,2,1,0,0,0,0,0,0,0,0,0,0,0,0,0,0,0,0,0,0,0,0,0,0,0,1,0,0,0,3,0,0,0,0,0,0,0,0,0,0,0,0,0,0,0,0,0,1,3,4,3,3,4,4,3,1,4,4,4,4,2,3,3,3,0,0,0,0,0,0,0,0,0,0,0,0,0,0,0,0,0,0,0,0,0,0,0,0,0,0,0,0,0,0,0,0,0,0,0,0,0,0,0,0,0,2,3,1,2,3,1,0,0,0,0,0,0,0,0,0,0,0,0,0,0,0,2,1,0,0,0,0,0,0,0,0,0,0,0,0,0,0,2,0,0,0,0,0,0,0,0,3,0,0,0,0,3,1,0,0,0,3,0,0,0,0,0,0,0,3,0,0,0,0,0,0,0,0,0,0,1,3,4,3,3,2,3,4,4,3,1,4,4,4,4,1,4,1,3,1,2,3,3,3,1,0,0,0,0,0,0,0,0,0,0,0,0,0,0,0,0,0,0,0,0,0,0,0,0,0,0,0,0,0,0,0,0,0,0,0,0,0,0,2,1,3,1,0,0,0,0,0,0,0,0,0,0,0,0,0,2,1,0,0,0,0,0,0,0,0,0,0,0,0,0,0,0,0,0,0,0,0,0,0,0,1,0,0,0,3,0,0,0,0,0,0,0,0,0,0,0,0,0,0,0,0,0,1,3,4,3,3,4,4,3,1,4,4,4,4,4,2,3,3
RBT-17-0138-1_S52,0,0,0,0,0,0,0,0,0,0,0,0,0,0,0,0,0,0,0,0,0,0,0,0,0,0,0,0,0,0,0,0,0,0,0,0,0,0,0,2,1,2,3,1,0,0,0,0,0,0,0,0,0,0,0,0,0,0,2,1,0,0,1,3,3,4,0,2,0,0,0,0,1,0,0,0,0,0,0,0,0,0,1,1,0,0,0,3,0,0,0,0,0,0,0,0,0,0,0,0,0,0,0,0,0,1,3,4,3,2,3,4,4,3,1,4,4,4,4,2,3,3,0,0,0,0,0,0,0,0,0,0,0,0,0,0,0,0,0,0,0,0,0,0,0,0,0,0,0,0,0,0,0,0,0,0,0,0,0,2,1,3,1,0,0,0,0,0,0,0,0,0,0,0,0,0,2,1,0,0,1,3,3,4,0,2,0,0,0,0,1,0,0,0,0,0,0,0,0,0,1,1,0,0,0,3,0,0,0,0,0,0,0,0,0,0,0,0,0,0,0,0,0,1,3,4,3,3,4,4,3,1,4,4,4,4,2,3,3,3,0,0,0,0,0,0,0,0,0,0,0,0,0,0,0,0,0,0,0,0,0,0,0,0,0,0,0,0,0,0,0,0,0,0,0,0,0,0,0,0,0,2,3,1,2,3,1,0,0,0,0,0,0,0,0,0,0,0,0,0,0,0,2,1,0,0,0,1,3,3,4,0,2,0,0,0,0,1,2,0,0,0,0,0,0,0,0,3,0,0,0,1,3,1,0,0,0,3,0,0,0,0,0,0,0,3,0,0,0,0,0,0,0,0,0,0,1,3,4,3,3,2,3,4,4,3,1,4,4,4,4,1,4,1,3,1,2,3,3,3,1,0,0,0,0,0,0,0,0,0,0,0,0,0,0,0,0,0,0,0,0,0,0,0,0,0,0,0,0,0,0,0,0,0,0,0,0,0,0,2,1,3,1,0,0,0,0,0,0,0,0,0,0,0,0,0,2,1,0,0,1,3,3,4,0,2,0,0,0,0,1,0,0,0,0,0,0,0,0,0,1,1,0,0,0,3,0,0,0,0,0,0,0,0,0,0,0,0,0,0,0,0,0,1,3,4,3,3,4,4,3,1,4,4,4,4,4,2,3,3
RBT-17-0142-1_S53,3,4,2,4,4,1,1,4,3,3,4,1,4,1,2,2,3,3,4,1,2,4,2,2,1,2,3,4,4,1,3,4,2,3,2,4,4,3,3,1,1,2,3,1,2,1,3,2,2,3,4,2,2,3,2,2,1,3,2,0,1,4,2,3,3,1,2,3,3,1,3,3,4,3,3,1,4,3,2,3,2,3,0,1,4,2,2,0,3,3,4,3,4,2,3,3,3,3,1,2,1,3,3,4,1,1,3,3,3,2,3,2,4,3,2,4,1,4,1,0,1,3,3,4,2,4,4,1,1,4,3,4,1,4,1,2,2,3,3,4,1,2,4,2,1,2,3,4,4,1,3,4,2,3,2,4,4,3,3,1,1,3,1,2,1,3,2,2,3,4,2,3,2,2,1,3,2,0,1,4,2,3,3,1,2,3,3,1,3,3,4,3,3,1,4,3,2,3,2,3,0,1,4,2,2,0,3,3,4,3,4,2,3,3,3,3,1,2,1,3,3,4,1,1,3,3,3,3,2,4,3,2,4,1,4,1,0,1,3,3,3,4,2,2,4,4,1,1,4,3,3,4,1,4,1,2,2,3,3,4,1,2,4,2,2,1,2,3,4,4,1,3,4,4,2,3,2,4,4,3,3,1,3,1,2,3,1,3,2,1,3,2,2,3,4,2,2,3,2,2,1,3,2,0,1,4,1,2,3,3,1,2,3,3,1,3,3,4,2,3,2,3,1,4,3,2,3,4,2,2,3,0,3,1,4,2,2,0,3,3,4,3,4,2,3,3,3,3,3,1,2,1,3,3,4,1,1,3,3,3,3,2,3,2,4,3,2,4,1,4,1,1,4,0,3,0,0,1,3,3,1,3,4,2,4,4,1,1,4,3,3,4,1,4,1,2,2,3,3,4,1,2,4,2,1,2,3,4,4,1,3,4,2,3,2,4,4,3,3,1,1,3,1,2,1,3,2,2,3,4,2,3,2,2,1,3,2,0,1,4,2,3,3,1,2,3,3,1,3,3,4,3,3,1,4,3,2,3,2,3,0,1,4,2,2,0,3,3,4,3,4,2,3,3,3,3,1,2,1,3,3,4,1,1,3,3,3,3,2,4,3,2,4,1,4,1,4,0,1,3
RBT-17-0149-1_S13,3,4,2,4,1,1,1,2,2,3,4,1,4,1,4,2,3,3,1,1,2,3,2,2,1,2,3,4,4,1,3,4,2,3,2,2,3,3,1,1,1,0,3,1,2,1,3,2,2,3,4,2,0,3,2,2,1,3,2,0,1,4,2,0,3,1,2,3,3,2,1,3,1,3,3,1,4,3,2,3,1,1,0,0,4,2,2,0,1,3,4,3,4,2,3,3,3,2,1,2,1,3,2,2,1,1,0,4,3,2,3,4,3,3,1,4,1,0,0,2,1,0,3,4,2,4,1,1,1,2,2,4,1,4,1,4,2,3,3,1,1,2,3,2,1,2,3,4,4,1,3,4,2,3,2,2,3,3,1,1,1,3,1,2,1,3,2,2,3,4,2,3,2,2,1,3,2,0,1,4,2,0,3,1,2,3,3,2,1,3,1,3,3,1,4,3,2,3,1,1,0,0,4,2,2,0,1,3,4,3,4,2,3,3,3,2,1,2,1,3,2,2,1,1,0,4,3,3,4,3,3,1,4,1,0,0,2,1,0,3,3,4,2,2,4,1,1,1,2,2,3,4,1,4,1,4,2,3,3,1,1,2,3,2,2,1,2,3,4,4,1,3,4,4,2,3,2,2,3,3,1,1,3,1,0,3,1,3,2,1,3,2,2,3,4,2,0,3,2,2,1,3,2,0,1,4,1,2,0,3,1,2,3,3,2,1,3,1,2,3,2,3,1,4,3,2,3,3,1,2,1,0,3,0,4,2,2,0,1,3,4,3,4,2,3,3,3,3,2,1,2,1,3,2,2,1,1,0,4,3,3,2,3,4,3,3,1,4,1,0,0,0,0,0,0,0,2,1,0,3,1,3,4,2,4,1,1,1,2,2,3,4,1,4,1,4,2,3,3,1,1,2,3,2,1,2,3,4,4,1,3,4,2,3,2,2,3,3,1,1,1,3,1,2,1,3,2,2,3,4,2,3,2,2,1,3,2,0,1,4,2,0,3,1,2,3,3,2,1,3,1,3,3,1,4,3,2,3,1,1,0,0,4,2,2,0,1,3,4,3,4,2,3,3,3,2,1,2,1,3,2,2,1,1,0,4,3,3,4,3,3,1,4,1,0,0,0,2,1,0
RBT-17-0150-1_S54,3,4,2,4,4,1,1,4,3,3,4,1,4,1,2,2,3,3,4,1,2,4,2,2,1,2,3,4,4,1,3,4,2,3,2,4,4,3,3,1,1,2,0,0,2,1,3,2,2,3,4,2,2,3,2,2,2,3,0,0,1,4,2,3,3,1,2,3,3,1,3,3,4,3,3,1,4,3,2,3,2,3,0,1,4,2,2,0,3,3,4,3,4,2,3,3,3,3,1,2,1,3,3,4,1,1,3,3,3,2,3,2,4,3,2,4,1,4,1,0,1,3,3,4,2,4,4,1,1,4,3,4,1,4,1,2,2,3,3,4,1,2,4,2,1,2,3,4,4,1,3,4,2,3,2,4,4,3,3,1,1,0,0,2,1,3,2,2,3,4,2,3,2,2,2,3,0,0,1,4,2,3,3,1,2,3,3,1,3,3,4,3,3,1,4,3,2,3,2,3,0,1,4,2,2,0,3,3,4,3,4,2,3,3,3,3,1,2,1,3,3,4,1,1,3,3,3,3,2,4,3,2,4,1,4,1,0,1,3,3,3,4,2,2,4,4,1,1,4,3,3,4,1,4,1,2,2,3,3,4,1,2,4,2,2,1,2,3,4,4,1,3,4,4,2,3,2,4,4,3,3,1,3,1,2,0,0,3,2,1,3,2,2,3,4,2,2,3,2,2,2,3,0,0,1,4,1,2,3,3,1,2,3,3,1,3,3,4,2,3,2,3,1,4,3,2,3,4,2,2,3,0,3,1,4,2,2,0,3,3,4,3,4,2,3,3,3,3,3,1,2,1,3,3,4,1,1,3,3,3,3,2,3,2,4,3,2,4,1,4,1,1,4,0,3,0,0,1,3,3,1,3,4,2,4,4,1,1,4,3,3,4,1,4,1,2,2,3,3,4,1,2,4,2,1,2,3,4,4,1,3,4,2,3,2,4,4,3,3,1,1,0,0,2,1,3,2,2,3,4,2,3,2,2,2,3,0,0,1,4,2,3,3,1,2,3,3,1,3,3,4,3,3,1,4,3,2,3,2,3,0,1,4,2,2,0,3,3,4,3,4,2,3,3,3,3,1,2,1,3,3,4,1,1,3,3,3,3,2,4,3,2,4,1,4,1,4,0,1,3
RBT-17-0156-1_S56,0,0,0,0,0,0,0,0,0,0,0,0,0,0,0,0,0,0,0,0,0,0,0,0,0,0,0,0,0,0,0,0,0,0,0,0,0,0,0,2,1,2,3,1,0,0,3,0,0,0,0,0,0,0,0,0,0,0,2,1,0,0,0,0,0,0,0,0,0,0,0,0,0,3,3,0,0,0,0,0,0,0,1,1,0,0,0,3,0,0,0,0,0,0,0,0,0,0,0,0,0,0,0,0,0,1,3,4,3,2,3,4,4,3,1,4,4,4,4,2,3,3,0,0,0,0,0,0,0,0,0,0,0,0,0,0,0,0,0,0,0,0,0,0,0,0,0,0,0,0,0,0,0,0,0,0,0,0,0,2,1,3,1,0,0,3,0,0,0,0,0,0,0,0,0,0,2,1,0,0,0,0,0,0,0,0,0,0,0,0,0,3,3,0,0,0,0,0,0,0,1,1,0,0,0,3,0,0,0,0,0,0,0,0,0,0,0,0,0,0,0,0,0,1,3,4,3,3,4,4,3,1,4,4,4,4,2,3,3,3,0,0,0,0,0,0,0,0,0,0,0,0,0,0,0,0,0,0,0,0,0,0,0,0,0,0,0,0,0,0,0,0,0,0,0,0,0,0,0,0,0,2,3,1,2,3,1,0,0,0,3,0,0,0,0,0,0,0,0,0,0,0,2,1,0,0,0,0,0,0,0,0,0,0,0,0,0,0,2,3,2,3,0,0,0,0,0,3,0,0,0,1,3,1,0,0,0,3,0,0,0,0,0,0,0,3,0,0,0,0,0,0,0,0,0,0,1,3,4,3,3,2,3,4,4,3,1,4,4,4,4,1,4,1,3,1,2,3,3,3,1,0,0,0,0,0,0,0,0,0,0,0,0,0,0,0,0,0,0,0,0,0,0,0,0,0,0,0,0,0,0,0,0,0,0,0,0,0,0,2,1,3,1,0,0,3,0,0,0,0,0,0,0,0,0,0,2,1,0,0,0,0,0,0,0,0,0,0,0,0,0,3,3,0,0,0,0,0,0,0,1,1,0,0,0,3,0,0,0,0,0,0,0,0,0,0,0,0,0,0,0,0,0,1,3,4,3,3,4,4,3,1,4,4,4,4,4,2,3,3
RBT-17-0161-1_S57,3,1,2,4,1,1,1,2,2,3,3,1,4,1,4,2,3,3,4,1,2,3,2,2,1,2,3,4,4,1,3,3,1,1,2,4,3,3,1,1,1,0,3,1,2,1,3,2,2,3,4,2,2,3,2,2,1,3,0,1,1,4,2,1,3,1,2,3,3,2,3,3,1,3,3,1,4,3,2,3,1,1,1,0,4,2,2,0,3,3,4,3,4,2,3,3,3,2,1,2,1,3,3,2,1,1,0,3,3,0,3,2,4,3,2,0,1,0,1,2,1,0,3,1,2,4,1,1,1,2,2,3,1,4,1,4,2,3,3,4,1,2,3,2,1,2,3,4,4,1,3,3,1,1,2,4,3,3,1,1,1,3,1,2,1,3,2,2,3,4,2,3,2,2,1,3,0,1,1,4,2,1,3,1,2,3,3,2,3,3,1,3,3,1,4,3,2,3,1,1,1,0,4,2,2,0,3,3,4,3,4,2,3,3,3,2,1,2,1,3,3,2,1,1,0,3,3,3,2,4,3,2,0,1,0,1,2,1,0,3,3,1,2,2,4,1,1,1,2,2,3,3,1,4,1,4,2,3,3,4,1,2,3,2,2,1,2,3,4,4,1,3,4,3,1,1,2,4,3,3,1,1,3,1,0,3,1,3,2,1,3,2,2,3,4,2,2,3,2,2,1,3,0,1,1,4,1,2,1,3,1,2,3,3,2,3,3,1,2,3,2,3,1,4,3,2,3,3,1,2,1,1,3,0,4,2,2,0,3,3,4,3,4,2,3,3,3,3,2,1,2,1,3,3,2,1,1,0,3,3,0,0,3,2,4,3,2,0,1,0,1,1,4,1,3,1,2,1,0,3,1,3,1,2,4,1,1,1,2,2,3,3,1,4,1,4,2,3,3,4,1,2,3,2,1,2,3,4,4,1,3,3,1,1,2,4,3,3,1,1,1,3,1,2,1,3,2,2,3,4,2,3,2,2,1,3,0,1,1,4,2,1,3,1,2,3,3,2,3,3,1,3,3,1,4,3,2,3,1,1,1,0,4,2,2,0,3,3,4,3,4,2,3,3,3,2,1,2,1,3,3,2,1,1,0,3,3,3,2,4,3,2,0,1,0,1,4,2,1,0
RBT-17-0163-1_S59,3,1,1,4,4,1,3,2,4,3,4,3,4,1,2,2,3,3,1,1,2,3,2,2,1,1,3,4,4,1,3,3,2,3,2,2,4,3,1,1,1,2,0,1,2,1,3,2,2,3,4,2,2,3,2,2,1,3,2,1,0,4,1,1,3,4,2,3,3,2,1,1,1,3,3,1,1,1,2,3,2,1,1,1,1,2,2,3,3,3,4,3,2,2,3,3,3,3,2,2,1,3,2,2,1,1,3,3,3,2,3,4,4,3,1,4,0,4,4,0,3,3,3,1,1,4,4,1,3,2,4,4,3,4,1,2,2,3,3,1,1,2,3,2,1,1,3,4,4,1,3,3,2,3,2,2,4,3,1,1,1,0,1,2,1,3,2,2,3,4,2,3,2,2,1,3,2,1,0,4,1,1,3,4,2,3,3,2,1,1,1,3,3,1,1,1,2,3,2,1,1,1,1,2,2,3,3,3,4,3,2,2,3,3,3,3,2,2,1,3,2,2,1,1,3,3,3,3,4,4,3,1,4,0,4,4,0,3,3,2,3,1,1,2,4,4,1,3,2,4,3,4,3,4,1,2,2,3,3,1,1,2,3,2,2,1,1,3,4,4,1,3,4,3,2,3,2,2,4,3,1,1,3,1,2,0,1,3,2,1,3,2,2,3,4,2,2,3,2,2,1,3,2,1,0,4,1,1,1,3,4,2,3,3,2,1,1,1,2,3,2,3,1,1,1,2,3,4,2,2,1,1,3,1,1,2,2,3,3,3,4,3,2,2,3,3,3,3,3,2,2,1,3,2,2,1,1,3,3,3,3,2,3,4,4,3,1,4,0,4,4,1,4,1,3,1,0,3,3,3,1,3,1,1,4,4,1,3,2,4,3,4,3,4,1,2,2,3,3,1,1,2,3,2,1,1,3,4,4,1,3,3,2,3,2,2,4,3,1,1,1,0,1,2,1,3,2,2,3,4,2,3,2,2,1,3,2,1,0,4,1,1,3,4,2,3,3,2,1,1,1,3,3,1,1,1,2,3,2,1,1,1,1,2,2,3,3,3,4,3,2,2,3,3,3,3,2,2,1,3,2,2,1,1,3,3,3,3,4,4,3,1,4,0,4,4,4,0,3,3
RBT-17-0165-1_S60,3,1,1,4,4,1,1,2,4,0,4,1,4,1,2,2,3,3,1,1,2,3,2,2,1,1,3,4,4,1,3,3,1,3,2,2,3,3,3,2,1,2,3,1,2,1,3,2,2,3,4,2,2,3,2,2,1,3,2,1,1,4,1,1,3,4,2,3,2,2,3,1,1,3,3,1,1,1,2,3,2,3,1,1,4,2,2,3,3,2,4,3,2,2,3,3,3,2,1,2,1,3,3,2,0,1,0,3,3,2,3,4,4,3,1,4,1,4,2,0,3,3,3,1,1,4,4,1,1,2,4,4,1,4,1,2,2,3,3,1,1,2,3,2,1,1,3,4,4,1,3,3,1,3,2,2,3,3,3,2,1,3,1,2,1,3,2,2,3,4,2,3,2,2,1,3,2,1,1,4,1,1,3,4,2,3,2,2,3,1,1,3,3,1,1,1,2,3,2,3,1,1,4,2,2,3,3,2,4,3,2,2,3,3,3,2,1,2,1,3,3,2,0,1,0,3,3,3,4,4,3,1,4,1,4,2,0,3,3,3,3,1,1,2,4,4,1,1,2,4,0,4,1,4,1,2,2,3,3,1,1,2,3,2,2,1,1,3,4,4,1,3,4,3,1,3,2,2,3,3,3,2,3,1,2,3,1,3,2,1,3,2,2,3,4,2,2,3,2,2,1,3,2,1,1,4,1,1,1,3,4,2,3,2,2,3,1,1,2,3,2,3,1,1,1,2,3,3,2,2,3,1,3,1,4,2,2,3,3,2,4,3,2,2,3,3,3,3,2,1,2,1,3,3,2,0,1,0,3,3,3,2,3,4,4,3,1,4,1,4,2,1,4,1,3,0,0,3,3,3,1,3,1,1,4,4,1,1,2,4,0,4,1,4,1,2,2,3,3,1,1,2,3,2,1,1,3,4,4,1,3,3,1,3,2,2,3,3,3,2,1,3,1,2,1,3,2,2,3,4,2,3,2,2,1,3,2,1,1,4,1,1,3,4,2,3,2,2,3,1,1,3,3,1,1,1,2,3,2,3,1,1,4,2,2,3,3,2,4,3,2,2,3,3,3,2,1,2,1,3,3,2,0,1,0,3,3,3,4,4,3,1,4,1,4,2,4,0,3,3
RBT-17-0167-1_S27,3,1,1,4,4,1,3,2,4,3,4,3,4,1,2,2,3,3,1,1,2,3,2,2,1,1,3,4,4,1,3,3,2,3,2,2,4,3,1,1,1,2,0,1,2,1,3,2,2,3,4,2,2,3,2,2,1,3,2,1,0,4,1,1,3,4,2,3,3,2,1,1,1,3,3,1,1,1,2,3,2,1,1,1,1,2,2,3,3,3,4,3,2,2,3,3,3,3,2,2,1,3,2,2,1,1,3,3,3,2,3,4,4,3,1,4,0,4,4,0,3,3,3,1,1,4,4,1,3,2,4,4,3,4,1,2,2,3,3,1,1,2,3,2,1,1,3,4,4,1,3,3,2,3,2,2,4,3,1,1,1,0,1,2,1,3,2,2,3,4,2,3,2,2,1,3,2,1,0,4,1,1,3,4,2,3,3,2,1,1,1,3,3,1,1,1,2,3,2,1,1,1,1,2,2,3,3,3,4,3,2,2,3,3,3,3,2,2,1,3,2,2,1,1,3,3,3,3,4,4,3,1,4,0,4,4,0,3,3,2,3,1,1,2,4,4,1,3,2,4,3,4,3,4,1,2,2,3,3,1,1,2,3,2,2,1,1,3,4,4,1,3,4,3,2,3,2,2,4,3,1,1,3,1,2,0,1,3,2,1,3,2,2,3,4,2,2,3,2,2,1,3,2,1,0,4,1,1,1,3,4,2,3,3,2,1,1,1,2,3,2,3,1,1,1,2,3,4,2,2,1,1,3,1,1,2,2,3,3,3,4,3,2,2,3,3,3,3,3,2,2,1,3,2,2,1,1,3,3,3,3,2,3,4,4,3,1,4,0,4,4,1,4,1,3,1,0,3,3,3,1,3,1,1,4,4,1,3,2,4,3,4,3,4,1,2,2,3,3,1,1,2,3,2,1,1,3,4,4,1,3,3,2,3,2,2,4,3,1,1,1,0,1,2,1,3,2,2,3,4,2,3,2,2,1,3,2,1,0,4,1,1,3,4,2,3,3,2,1,1,1,3,3,1,1,1,2,3,2,1,1,1,1,2,2,3,3,3,4,3,2,2,3,3,3,3,2,2,1,3,2,2,1,1,3,3,3,3,4,4,3,1,4,0,4,4,4,0,3,3
RBT-17-0168-1_S61,3,1,1,4,1,1,1,2,4,3,0,1,4,1,2,2,3,3,1,1,2,3,1,0,1,1,3,4,4,1,3,0,1,3,2,2,3,3,1,2,1,2,3,1,2,1,3,2,2,3,4,2,2,3,2,2,1,3,2,1,1,0,1,3,1,4,2,2,3,0,0,1,1,3,3,1,1,1,2,3,2,1,1,1,4,2,1,3,3,3,4,3,2,2,3,3,3,3,1,2,1,3,2,2,1,1,3,4,3,0,4,4,3,3,1,4,0,4,4,2,3,3,3,1,1,4,1,1,1,2,4,0,1,4,1,2,2,3,3,1,1,2,3,1,1,1,3,4,4,1,3,0,1,3,2,2,3,3,1,2,1,3,1,2,1,3,2,2,3,4,2,3,2,2,1,3,2,1,1,0,1,3,1,4,2,2,3,0,0,1,1,3,3,1,1,1,2,3,2,1,1,1,4,2,1,3,3,3,4,3,2,2,3,3,3,3,1,2,1,3,2,2,1,1,3,4,3,4,4,3,3,1,4,0,4,4,2,3,3,3,3,1,1,1,4,1,1,1,2,4,3,0,1,4,1,2,2,3,3,1,1,2,3,1,0,1,1,3,4,4,1,3,4,0,1,3,2,2,3,3,1,2,3,1,2,3,1,3,2,1,3,2,2,3,4,2,2,3,2,2,1,3,2,1,1,0,1,1,3,1,4,2,2,3,0,0,1,1,2,3,2,3,1,1,1,2,3,3,2,0,1,1,3,1,4,2,1,3,3,3,4,3,2,2,3,3,3,3,3,1,2,1,3,2,2,1,1,3,4,3,0,0,4,4,3,3,1,4,0,4,4,1,4,1,3,1,2,3,3,3,1,3,1,1,4,1,1,1,2,4,3,0,1,4,1,2,2,3,3,1,1,2,3,1,1,1,3,4,4,1,3,0,1,3,2,2,3,3,1,2,1,3,1,2,1,3,2,2,3,4,2,3,2,2,1,3,2,1,1,0,1,3,1,4,2,2,3,0,0,1,1,3,3,1,1,1,2,3,2,1,1,1,4,2,1,3,3,3,4,3,2,2,3,3,3,3,1,2,1,3,2,2,1,1,3,4,3,4,4,3,3,1,4,0,4,4,4,2,3,3
RBT-17-0173-1_S63,3,1,1,4,4,1,3,2,4,3,4,3,4,1,2,2,3,3,1,1,2,3,2,2,1,1,3,4,4,1,3,3,2,3,2,2,4,3,1,1,1,2,0,1,2,1,3,2,2,3,4,2,2,3,2,2,1,3,2,1,0,4,1,1,3,4,2,3,3,2,1,1,1,3,3,1,1,1,2,3,2,1,1,1,1,2,2,3,3,3,4,3,2,2,3,3,3,3,2,2,1,3,2,2,1,1,3,3,3,2,3,4,4,3,1,4,0,4,4,0,3,3,3,1,1,4,4,1,3,2,4,4,3,4,1,2,2,3,3,1,1,2,3,2,1,1,3,4,4,1,3,3,2,3,2,2,4,3,1,1,1,0,1,2,1,3,2,2,3,4,2,3,2,2,1,3,2,1,0,4,1,1,3,4,2,3,3,2,1,1,1,3,3,1,1,1,2,3,2,1,1,1,1,2,2,3,3,3,4,3,2,2,3,3,3,3,2,2,1,3,2,2,1,1,3,3,3,3,4,4,3,1,4,0,4,4,0,3,3,2,3,1,1,2,4,4,1,3,2,4,3,4,3,4,1,2,2,3,3,1,1,2,3,2,2,1,1,3,4,4,1,3,4,3,2,3,2,2,4,3,1,1,3,1,2,0,1,3,2,1,3,2,2,3,4,2,2,3,2,2,1,3,2,1,0,4,1,1,1,3,4,2,3,3,2,1,1,1,2,3,2,3,1,1,1,2,3,4,2,2,1,1,3,1,1,2,2,3,3,3,4,3,2,2,3,3,3,3,3,2,2,1,3,2,2,1,1,3,3,3,3,2,3,4,4,3,1,4,0,4,4,1,4,1,3,1,0,3,3,3,1,3,1,1,4,4,1,3,2,4,3,4,3,4,1,2,2,3,3,1,1,2,3,2,1,1,3,4,4,1,3,3,2,3,2,2,4,3,1,1,1,0,1,2,1,3,2,2,3,4,2,3,2,2,1,3,2,1,0,4,1,1,3,4,2,3,3,2,1,1,1,3,3,1,1,1,2,3,2,1,1,1,1,2,2,3,3,3,4,3,2,2,3,3,3,3,2,2,1,3,2,2,1,1,3,3,3,3,4,4,3,1,4,0,4,4,4,0,3,3
RBT-17-0174-1_S64,3,4,2,4,1,1,1,2,3,3,3,1,4,1,4,2,3,3,1,1,2,3,2,2,1,2,3,4,4,1,3,4,1,1,2,2,3,3,3,1,1,0,0,1,2,1,3,2,2,3,4,2,2,3,2,2,1,3,0,0,1,4,1,1,3,1,2,3,3,2,3,3,1,3,1,1,4,1,2,3,2,1,0,0,4,2,2,3,3,3,4,3,4,2,3,3,3,3,1,2,1,3,2,4,1,1,0,3,3,2,3,2,4,3,2,4,1,4,1,2,1,3,3,4,2,4,1,1,1,2,3,3,1,4,1,4,2,3,3,1,1,2,3,2,1,2,3,4,4,1,3,4,1,1,2,2,3,3,3,1,1,0,1,2,1,3,2,2,3,4,2,3,2,2,1,3,0,0,1,4,1,1,3,1,2,3,3,2,3,3,1,3,1,1,4,1,2,3,2,1,0,0,4,2,2,3,3,3,4,3,4,2,3,3,3,3,1,2,1,3,2,4,1,1,0,3,3,3,2,4,3,2,4,1,4,1,2,1,3,3,3,4,2,1,4,1,1,1,2,3,3,3,1,4,1,4,2,3,3,1,1,2,3,2,2,1,2,3,4,4,1,3,4,4,1,1,2,2,3,3,3,1,3,1,0,0,1,3,2,1,3,2,2,3,4,2,2,3,2,2,1,3,0,0,1,4,1,1,1,3,1,2,3,3,2,3,3,1,2,3,3,1,1,4,1,2,3,4,2,2,1,0,3,0,4,2,2,3,3,3,4,3,4,2,3,3,3,3,3,1,2,1,3,2,4,1,1,0,3,3,3,2,3,2,4,3,2,4,1,4,1,1,4,1,3,0,2,1,3,3,1,3,4,2,4,1,1,1,2,3,3,3,1,4,1,4,2,3,3,1,1,2,3,2,1,2,3,4,4,1,3,4,1,1,2,2,3,3,3,1,1,0,1,2,1,3,2,2,3,4,2,3,2,2,1,3,0,0,1,4,1,1,3,1,2,3,3,2,3,3,1,3,1,1,4,1,2,3,2,1,0,0,4,2,2,3,3,3,4,3,4,2,3,3,3,3,1,2,1,3,2,4,1,1,0,3,3,3,2,4,3,2,4,1,4,1,4,2,1,3
RBT-17-0177-1_S65,0,1,1,0,1,0,1,2,0,3,0,1,4,1,2,0,0,3,1,0,0,3,1,2,0,1,3,4,0,0,0,0,1,3,2,2,3,3,1,1,1,2,3,3,2,1,3,2,2,3,4,2,2,3,2,2,1,0,2,1,1,4,1,3,1,4,2,2,3,1,1,0,1,3,0,1,1,1,2,3,2,1,1,1,4,2,1,3,3,3,4,3,2,0,0,0,0,3,1,2,1,3,2,2,1,1,3,0,3,2,4,4,4,3,1,4,0,4,4,2,3,3,0,1,1,0,1,0,1,2,0,0,1,4,1,2,0,0,3,1,0,0,3,1,0,1,3,4,0,0,0,0,1,3,2,2,3,3,1,1,1,3,3,2,1,3,2,2,3,4,2,3,2,2,1,0,2,1,1,4,1,3,1,4,2,2,3,1,1,0,1,3,0,1,1,1,2,3,2,1,1,1,4,2,1,3,3,3,4,3,2,0,0,0,0,3,1,2,1,3,2,2,1,1,3,0,3,4,4,4,3,1,4,0,4,4,2,3,3,3,0,1,1,0,0,1,0,1,2,0,3,0,1,4,1,2,0,0,3,1,0,0,3,1,2,0,1,3,4,0,0,0,4,0,1,3,2,2,3,3,1,1,3,1,2,3,3,3,2,1,3,2,2,3,4,2,2,3,2,2,1,0,2,1,1,4,1,1,3,1,4,2,2,3,1,1,0,1,2,3,0,0,1,1,1,2,3,3,2,2,1,1,3,1,4,2,1,3,3,3,4,3,2,0,0,3,0,0,3,1,2,1,3,2,2,1,1,3,0,3,3,2,4,4,4,3,1,4,0,4,4,1,4,1,3,1,2,3,3,3,1,0,1,1,0,1,0,1,2,0,3,0,1,4,1,2,0,0,3,1,0,0,3,1,0,1,3,4,0,0,0,0,1,3,2,2,3,3,1,1,1,3,3,2,1,3,2,2,3,4,2,3,2,2,1,0,2,1,1,4,1,3,1,4,2,2,3,1,1,0,1,3,0,1,1,1,2,3,2,1,1,1,4,2,1,3,3,3,4,3,2,0,0,0,0,3,1,2,1,3,2,2,1,1,3,0,3,4,4,4,3,1,4,0,4,4,4,2,3,3
RBT-17-0177-2_S7,0,1,1,0,1,0,1,2,0,3,0,1,4,1,2,0,0,3,1,0,0,3,1,2,0,1,3,4,0,0,0,0,1,3,2,2,3,3,1,1,1,2,3,3,2,1,3,2,2,3,4,2,2,3,2,2,1,0,2,1,1,4,1,3,1,4,2,2,3,1,1,0,1,3,0,1,1,1,2,3,2,1,1,1,4,2,1,3,3,3,4,3,2,0,0,0,0,3,1,2,1,3,2,2,1,1,3,0,3,2,4,4,4,3,1,4,0,4,4,2,3,3,0,1,1,0,1,0,1,2,0,0,1,4,1,2,0,0,3,1,0,0,3,1,0,1,3,4,0,0,0,0,1,3,2,2,3,3,1,1,1,3,3,2,1,3,2,2,3,4,2,3,2,2,1,0,2,1,1,4,1,3,1,4,2,2,3,1,1,0,1,3,0,1,1,1,2,3,2,1,1,1,4,2,1,3,3,3,4,3,2,0,0,0,0,3,1,2,1,3,2,2,1,1,3,0,3,4,4,4,3,1,4,0,4,4,2,3,3,3,0,1,1,0,0,1,0,1,2,0,3,0,1,4,1,2,0,0,3,1,0,0,3,1,2,0,1,3,4,0,0,0,4,0,1,3,2,2,3,3,1,1,3,1,2,3,3,3,2,1,3,2,2,3,4,2,2,3,2,2,1,0,2,1,1,4,1,1,3,1,4,2,2,3,1,1,0,1,2,3,0,0,1,1,1,2,3,3,2,2,1,1,3,1,4,2,1,3,3,3,4,3,2,0,0,3,0,0,3,1,2,1,3,2,2,1,1,3,0,3,3,2,4,4,4,3,1,4,0,4,4,1,4,1,3,1,2,3,3,3,1,0,1,1,0,1,0,1,2,0,3,0,1,4,1,2,0,0,3,1,0,0,3,1,0,1,3,4,0,0,0,0,1,3,2,2,3,3,1,1,1,3,3,2,1,3,2,2,3,4,2,3,2,2,1,0,2,1,1,4,1,3,1,4,2,2,3,1,1,0,1,3,0,1,1,1,2,3,2,1,1,1,4,2,1,3,3,3,4,3,2,0,0,0,0,3,1,2,1,3,2,2,1,1,3,0,3,4,4,4,3,1,4,0,4,4,4,2,3,3
RBT-17-0178-1_S66,3,4,2,4,1,1,1,2,3,3,4,1,4,1,4,2,3,3,4,1,2,3,1,1,1,1,3,4,4,1,3,3,1,3,2,2,4,3,1,2,0,0,0,0,2,1,3,2,2,3,4,2,2,3,2,2,1,3,0,0,1,4,1,1,3,4,2,3,3,2,3,3,4,3,1,1,4,3,2,3,2,3,1,0,4,2,2,3,3,3,4,3,4,2,3,3,3,2,1,2,1,3,3,4,1,1,0,3,3,2,3,2,4,3,2,0,4,4,1,2,1,0,3,4,2,4,1,1,1,2,3,4,1,4,1,4,2,3,3,4,1,2,3,1,1,1,3,4,4,1,3,3,1,3,2,2,4,3,1,2,0,0,0,2,1,3,2,2,3,4,2,3,2,2,1,3,0,0,1,4,1,1,3,4,2,3,3,2,3,3,4,3,1,1,4,3,2,3,2,3,1,0,4,2,2,3,3,3,4,3,4,2,3,3,3,2,1,2,1,3,3,4,1,1,0,3,3,3,2,4,3,2,0,4,4,1,2,1,0,3,3,4,2,1,4,1,1,1,2,3,3,4,1,4,1,4,2,3,3,4,1,2,3,1,1,1,1,3,4,4,1,3,4,3,1,3,2,2,4,3,1,2,3,0,0,0,0,3,2,1,3,2,2,3,4,2,2,3,2,2,1,3,0,0,1,4,1,1,1,3,4,2,3,3,2,3,3,4,2,3,2,1,1,4,3,2,3,3,2,2,3,1,3,0,4,2,2,3,3,3,4,3,4,2,3,3,3,3,2,1,2,1,3,3,4,1,1,0,3,3,3,2,3,2,4,3,2,0,4,4,1,1,4,0,3,1,2,1,0,3,1,3,4,2,4,1,1,1,2,3,3,4,1,4,1,4,2,3,3,4,1,2,3,1,1,1,3,4,4,1,3,3,1,3,2,2,4,3,1,2,0,0,0,2,1,3,2,2,3,4,2,3,2,2,1,3,0,0,1,4,1,1,3,4,2,3,3,2,3,3,4,3,1,1,4,3,2,3,2,3,1,0,4,2,2,3,3,3,4,3,4,2,3,3,3,2,1,2,1,3,3,4,1,1,0,3,3,3,2,4,3,2,0,4,4,1,4,2,1,0
RBT-17-0183-1_S67,3,1,1,4,1,1,1,2,4,3,4,1,4,1,2,2,3,3,1,1,2,3,1,2,1,1,3,4,4,1,3,3,0,3,2,2,3,3,1,1,1,2,3,1,2,1,3,2,2,3,4,2,2,3,2,2,1,0,2,1,1,4,0,3,1,4,2,2,3,2,0,1,1,3,0,1,1,1,2,3,2,1,1,1,4,2,1,3,3,3,4,3,2,2,3,3,3,3,1,2,1,3,2,2,1,0,3,4,3,2,3,4,3,3,1,4,1,4,4,2,3,3,3,1,1,4,1,1,1,2,4,4,1,4,1,2,2,3,3,1,1,2,3,1,1,1,3,4,4,1,3,3,0,3,2,2,3,3,1,1,1,3,1,2,1,3,2,2,3,4,2,3,2,2,1,0,2,1,1,4,0,3,1,4,2,2,3,2,0,1,1,3,0,1,1,1,2,3,2,1,1,1,4,2,1,3,3,3,4,3,2,2,3,3,3,3,1,2,1,3,2,2,1,0,3,4,3,3,4,3,3,1,4,1,4,4,2,3,3,3,3,1,1,0,4,1,1,1,2,4,3,4,1,4,1,2,2,3,3,1,1,2,3,1,2,1,1,3,4,4,1,3,0,3,0,3,2,2,3,3,1,1,3,1,2,3,1,3,2,1,3,2,2,3,4,2,2,3,2,2,1,0,2,1,1,4,1,0,3,1,4,2,2,3,2,0,1,1,2,3,2,0,1,1,1,2,3,3,2,2,1,1,3,1,4,2,1,3,3,3,4,3,2,2,3,3,3,3,3,1,2,1,3,2,2,1,0,3,4,3,3,2,3,4,3,3,1,4,1,4,4,1,4,1,3,1,2,3,3,3,1,3,1,1,4,1,1,1,2,4,3,4,1,4,1,2,2,3,3,1,1,2,3,1,1,1,3,4,4,1,3,3,0,3,2,2,3,3,1,1,1,3,1,2,1,3,2,2,3,4,2,3,2,2,1,0,2,1,1,4,0,3,1,4,2,2,3,2,0,1,1,3,0,1,1,1,2,3,2,1,1,1,4,2,1,3,3,3,4,3,2,2,3,3,3,3,1,2,1,3,2,2,1,0,3,4,3,3,4,3,3,1,4,1,4,4,4,2,3,3
RBT-17-0188-1_S68,0,1,2,0,1,0,1,0,0,3,4,1,0,1,0,2,3,3,1,1,2,3,2,0,1,0,3,4,4,0,0,0,0,3,2,2,0,3,0,2,1,0,3,1,2,0,3,2,2,3,4,2,2,3,2,2,0,0,2,1,1,0,0,3,0,4,2,0,0,2,0,0,1,3,0,0,0,1,2,3,2,1,1,1,4,2,0,3,0,3,0,3,2,2,3,0,0,0,0,0,1,3,0,0,0,1,3,4,0,2,3,4,4,3,1,4,1,4,0,2,3,3,0,1,2,0,1,0,1,0,0,4,1,0,1,0,2,3,3,1,1,2,3,2,1,0,3,4,4,0,0,0,0,3,2,2,0,3,0,2,1,3,1,2,0,3,2,2,3,4,2,3,2,2,0,0,2,1,1,0,0,3,0,4,2,0,0,2,0,0,1,3,0,0,0,1,2,3,2,1,1,1,4,2,0,3,0,3,0,3,2,2,3,0,0,0,0,0,1,3,0,0,0,1,3,4,0,3,4,4,3,1,4,1,4,0,2,3,3,3,0,1,2,0,0,1,0,1,0,0,3,4,1,0,1,0,2,3,3,1,1,2,3,2,0,1,0,3,4,4,0,0,0,0,0,3,2,2,0,3,0,2,3,1,0,3,1,3,2,0,3,2,2,3,4,2,2,3,2,2,0,0,2,1,1,0,0,0,3,0,4,2,0,0,2,0,0,1,2,3,2,0,0,0,1,2,3,3,2,2,1,1,3,1,4,2,0,3,0,3,0,3,2,2,3,3,0,0,0,0,0,1,3,0,0,0,1,3,4,0,3,2,3,4,4,3,1,4,1,4,0,0,0,0,0,1,2,3,3,3,1,0,1,2,0,1,0,1,0,0,3,4,1,0,1,0,2,3,3,1,1,2,3,2,1,0,3,4,4,0,0,0,0,3,2,2,0,3,0,2,1,3,1,2,0,3,2,2,3,4,2,3,2,2,0,0,2,1,1,0,0,3,0,4,2,0,0,2,0,0,1,3,0,0,0,1,2,3,2,1,1,1,4,2,0,3,0,3,0,3,2,2,3,0,0,0,0,0,1,3,0,0,0,1,3,4,0,3,4,4,3,1,4,1,4,0,0,2,3,3
RBT-17-0194-1_S30,3,1,1,4,4,1,3,2,4,3,4,3,4,1,2,2,3,3,1,1,2,3,2,2,1,1,3,4,4,1,3,3,2,3,2,2,4,3,1,1,1,2,3,1,2,1,4,2,2,3,4,2,2,3,2,2,1,3,2,1,0,4,1,1,3,4,2,3,3,2,1,1,1,0,3,1,1,1,2,3,2,1,1,1,1,2,2,3,3,3,4,3,2,2,3,3,3,3,2,2,1,3,2,2,1,1,3,3,3,2,4,4,4,3,1,4,0,0,4,0,3,0,3,1,1,4,4,1,3,2,4,4,3,4,1,2,2,3,3,1,1,2,3,2,1,1,3,4,4,1,3,3,2,3,2,2,4,3,1,1,1,3,1,2,1,4,2,2,3,4,2,3,2,2,1,3,2,1,0,4,1,1,3,4,2,3,3,2,1,1,1,0,3,1,1,1,2,3,2,1,1,1,1,2,2,3,3,3,4,3,2,2,3,3,3,3,2,2,1,3,2,2,1,1,3,3,3,4,4,4,3,1,4,0,0,4,0,3,0,2,3,1,1,2,4,4,1,3,2,4,3,4,3,4,1,2,2,3,3,1,1,2,3,2,2,1,1,3,4,4,1,3,4,3,2,3,2,2,4,3,1,1,3,1,2,3,1,3,2,1,4,2,2,3,4,2,2,3,2,2,1,3,2,1,0,4,1,1,1,3,4,2,3,3,2,1,1,1,2,0,0,3,1,1,1,2,3,4,2,2,1,1,3,1,1,2,2,3,3,3,4,3,2,2,3,3,3,3,3,2,2,1,3,2,2,1,1,3,3,3,3,2,4,4,4,3,1,4,0,0,4,1,4,0,3,1,0,3,0,3,1,3,1,1,4,4,1,3,2,4,3,4,3,4,1,2,2,3,3,1,1,2,3,2,1,1,3,4,4,1,3,3,2,3,2,2,4,3,1,1,1,3,1,2,1,4,2,2,3,4,2,3,2,2,1,3,2,1,0,4,1,1,3,4,2,3,3,2,1,1,1,0,3,1,1,1,2,3,2,1,1,1,1,2,2,3,3,3,4,3,2,2,3,3,3,3,2,2,1,3,2,2,1,1,3,3,3,4,4,4,3,1,4,0,0,4,4,0,3,0
RBT-17-0210-1_S55,3,4,2,4,1,1,1,2,2,3,4,1,4,1,4,2,3,3,1,1,2,3,2,2,1,2,3,4,4,1,3,4,2,3,2,2,3,3,1,1,1,2,3,1,2,1,3,2,2,3,4,2,2,3,2,2,1,3,2,0,1,4,2,1,3,1,2,3,3,2,1,3,1,3,3,1,4,3,2,3,1,1,0,0,4,2,2,0,1,3,4,3,4,2,3,3,3,2,1,2,1,3,2,2,1,1,0,3,3,0,3,2,4,3,2,0,1,4,4,2,3,3,3,4,2,4,1,1,1,2,2,4,1,4,1,4,2,3,3,1,1,2,3,2,1,2,3,4,4,1,3,4,2,3,2,2,3,3,1,1,1,3,1,2,1,3,2,2,3,4,2,3,2,2,1,3,2,0,1,4,2,1,3,1,2,3,3,2,1,3,1,3,3,1,4,3,2,3,1,1,0,0,4,2,2,0,1,3,4,3,4,2,3,3,3,2,1,2,1,3,2,2,1,1,0,3,3,3,2,4,3,2,0,1,4,4,2,3,3,3,3,4,2,2,4,1,1,1,2,2,3,4,1,4,1,4,2,3,3,1,1,2,3,2,2,1,2,3,4,4,1,3,4,4,2,3,2,2,3,3,1,1,3,1,2,3,1,3,2,1,3,2,2,3,4,2,2,3,2,2,1,3,2,0,1,4,1,2,1,3,1,2,3,3,2,1,3,1,2,3,2,3,1,4,3,2,3,3,1,2,1,0,3,0,4,2,2,0,1,3,4,3,4,2,3,3,3,3,2,1,2,1,3,2,2,1,1,0,3,3,0,0,3,2,4,3,2,0,1,4,4,1,4,1,3,1,2,3,3,3,1,3,4,2,4,1,1,1,2,2,3,4,1,4,1,4,2,3,3,1,1,2,3,2,1,2,3,4,4,1,3,4,2,3,2,2,3,3,1,1,1,3,1,2,1,3,2,2,3,4,2,3,2,2,1,3,2,0,1,4,2,1,3,1,2,3,3,2,1,3,1,3,3,1,4,3,2,3,1,1,0,0,4,2,2,0,1,3,4,3,4,2,3,3,3,2,1,2,1,3,2,2,1,1,0,3,3,3,2,4,3,2,0,1,4,4,4,2,3,3
RBT-17-0217-1_S7,0,0,0,0,0,0,0,0,0,0,0,0,0,0,0,0,0,0,0,0,0,0,0,0,0,0,0,0,0,0,0,0,0,0,0,0,0,0,0,2,1,2,3,1,0,0,0,0,0,0,0,0,0,0,0,0,0,0,2,1,1,0,0,3,0,0,0,0,0,0,0,0,0,0,0,0,0,0,0,0,0,0,1,1,0,0,0,3,0,0,0,0,0,0,0,0,0,0,0,0,0,0,0,2,0,0,3,3,3,2,3,4,4,3,1,4,1,4,4,2,3,3,0,0,0,0,0,0,0,0,0,0,0,0,0,0,0,0,0,0,0,0,0,0,0,0,0,0,0,0,0,0,0,0,0,0,0,0,0,2,1,3,1,0,0,0,0,0,0,0,0,0,0,0,0,0,2,1,1,0,0,3,0,0,0,0,0,0,0,0,0,0,0,0,0,0,0,0,0,0,1,1,0,0,0,3,0,0,0,0,0,0,0,0,0,0,0,0,0,0,0,2,0,0,3,3,3,3,4,4,3,1,4,1,4,4,2,3,3,3,0,0,0,0,0,0,0,0,0,0,0,0,0,0,0,0,0,0,0,0,0,0,0,0,0,0,0,0,0,0,0,0,0,0,0,0,0,0,0,0,0,2,3,1,2,3,1,0,0,0,0,0,0,0,0,0,0,0,0,0,0,0,2,1,1,0,0,0,3,0,0,0,0,0,0,0,0,0,2,0,0,0,0,0,0,0,0,3,0,0,0,1,3,1,0,0,0,3,0,0,0,0,0,0,0,3,0,0,0,0,0,0,0,0,2,0,0,3,3,3,3,2,3,4,4,3,1,4,1,4,4,1,4,1,3,1,2,3,3,3,1,0,0,0,0,0,0,0,0,0,0,0,0,0,0,0,0,0,0,0,0,0,0,0,0,0,0,0,0,0,0,0,0,0,0,0,0,0,0,2,1,3,1,0,0,0,0,0,0,0,0,0,0,0,0,0,2,1,1,0,0,3,0,0,0,0,0,0,0,0,0,0,0,0,0,0,0,0,0,0,1,1,0,0,0,3,0,0,0,0,0,0,0,0,0,0,0,0,0,0,0,2,0,0,3,3,3,3,4,4,3,1,4,1,4,4,4,2,3,3
RBT-17-0219-1_S8,0,4,1,4,1,1,1,2,4,3,4,1,4,1,2,2,3,0,1,1,2,3,2,2,1,1,3,4,4,1,3,3,2,3,2,2,4,3,1,2,0,2,3,1,2,0,3,2,2,3,4,2,2,3,2,2,1,3,2,1,1,4,1,1,3,4,2,3,3,2,1,1,1,3,3,1,1,1,2,3,2,0,1,1,4,2,2,3,3,3,4,3,2,2,3,3,3,0,1,2,0,3,2,2,0,1,3,3,3,2,3,2,4,3,1,4,1,0,4,2,3,3,0,4,1,4,1,1,1,2,4,4,1,4,1,2,2,3,0,1,1,2,3,2,1,1,3,4,4,1,3,3,2,3,2,2,4,3,1,2,0,3,1,2,0,3,2,2,3,4,2,3,2,2,1,3,2,1,1,4,1,1,3,4,2,3,3,2,1,1,1,3,3,1,1,1,2,3,2,0,1,1,4,2,2,3,3,3,4,3,2,2,3,3,3,0,1,2,0,3,2,2,0,1,3,3,3,3,2,4,3,1,4,1,0,4,2,3,3,3,0,4,1,1,4,1,1,1,2,4,3,4,1,4,1,2,2,3,0,1,1,2,3,2,2,1,1,3,4,4,1,3,4,3,2,3,2,2,4,3,1,2,3,0,2,3,1,3,2,0,3,2,2,3,4,2,2,3,2,2,1,3,2,1,1,4,0,1,1,3,4,2,3,3,2,1,1,1,2,3,2,3,1,1,1,2,3,4,2,2,0,1,3,1,4,2,2,3,3,3,4,3,2,2,3,3,3,3,0,1,2,0,3,2,2,0,1,3,3,3,3,2,3,2,4,3,1,4,1,0,4,1,4,0,3,0,2,3,3,3,1,0,4,1,4,1,1,1,2,4,3,4,1,4,1,2,2,3,0,1,1,2,3,2,1,1,3,4,4,1,3,3,2,3,2,2,4,3,1,2,0,3,1,2,0,3,2,2,3,4,2,3,2,2,1,3,2,1,1,4,1,1,3,4,2,3,3,2,1,1,1,3,3,1,1,1,2,3,2,0,1,1,4,2,2,3,3,3,4,3,2,2,3,3,3,0,1,2,0,3,2,2,0,1,3,3,3,3,2,4,3,1,4,1,0,4,4,2,3,3
RBT-17-0225-1_S9,3,1,1,4,4,1,3,2,4,3,4,3,4,1,2,2,3,3,1,1,2,3,2,2,1,1,3,4,4,1,3,3,2,3,2,2,4,3,1,2,1,0,3,1,2,1,3,2,2,3,4,2,2,3,2,2,1,3,2,1,0,4,1,1,3,4,2,3,3,2,1,1,1,3,3,1,1,1,2,3,2,1,1,1,1,2,2,3,3,3,4,3,2,2,3,3,3,3,2,2,1,3,2,2,1,1,3,3,3,2,4,4,4,3,1,4,0,0,4,0,3,0,3,1,1,4,4,1,3,2,4,4,3,4,1,2,2,3,3,1,1,2,3,2,1,1,3,4,4,1,3,3,2,3,2,2,4,3,1,2,1,3,1,2,1,3,2,2,3,4,2,3,2,2,1,3,2,1,0,4,1,1,3,4,2,3,3,2,1,1,1,3,3,1,1,1,2,3,2,1,1,1,1,2,2,3,3,3,4,3,2,2,3,3,3,3,2,2,1,3,2,2,1,1,3,3,3,4,4,4,3,1,4,0,0,4,0,3,0,2,3,1,1,2,4,4,1,3,2,4,3,4,3,4,1,2,2,3,3,1,1,2,3,2,2,1,1,3,4,4,1,3,4,3,2,3,2,2,4,3,1,2,3,1,0,3,1,3,2,1,3,2,2,3,4,2,2,3,2,2,1,3,2,1,0,4,1,1,1,3,4,2,3,3,2,1,1,1,2,3,2,3,1,1,1,2,3,4,2,2,1,1,3,1,1,2,2,3,3,3,4,3,2,2,3,3,3,3,3,2,2,1,3,2,2,1,1,3,3,3,3,2,4,4,4,3,1,4,0,0,4,1,4,0,3,1,0,3,0,3,1,3,1,1,4,4,1,3,2,4,3,4,3,4,1,2,2,3,3,1,1,2,3,2,1,1,3,4,4,1,3,3,2,3,2,2,4,3,1,2,1,3,1,2,1,3,2,2,3,4,2,3,2,2,1,3,2,1,0,4,1,1,3,4,2,3,3,2,1,1,1,3,3,1,1,1,2,3,2,1,1,1,1,2,2,3,3,3,4,3,2,2,3,3,3,3,2,2,1,3,2,2,1,1,3,3,3,4,4,4,3,1,4,0,0,4,4,0,3,0
RBT-17-0228-1_S10,3,1,1,4,4,1,3,2,4,3,4,0,4,1,2,2,3,3,1,1,2,3,2,2,1,1,3,4,4,1,3,3,2,3,2,2,4,3,1,1,1,2,3,1,2,1,4,2,2,3,4,2,2,3,2,2,1,3,2,1,0,4,1,1,1,4,2,3,3,2,1,1,1,3,3,1,1,1,2,3,2,1,1,1,1,2,2,3,3,3,4,3,2,2,3,3,3,3,2,2,1,3,2,2,1,1,3,3,3,2,3,4,4,3,1,4,0,0,4,0,3,0,3,1,1,4,4,1,3,2,4,4,0,4,1,2,2,3,3,1,1,2,3,2,1,1,3,4,4,1,3,3,2,3,2,2,4,3,1,1,1,3,1,2,1,4,2,2,3,4,2,3,2,2,1,3,2,1,0,4,1,1,1,4,2,3,3,2,1,1,1,3,3,1,1,1,2,3,2,1,1,1,1,2,2,3,3,3,4,3,2,2,3,3,3,3,2,2,1,3,2,2,1,1,3,3,3,3,4,4,3,1,4,0,0,4,0,3,0,2,3,1,1,2,4,4,1,3,2,4,3,4,0,4,1,2,2,3,3,1,1,2,3,2,2,1,1,3,4,4,1,3,4,3,2,3,2,2,4,3,1,1,3,1,2,3,1,3,2,1,4,2,2,3,4,2,2,3,2,2,1,3,2,1,0,4,1,1,1,1,4,2,3,3,2,1,1,1,2,3,2,3,1,1,1,2,3,4,2,2,1,1,3,1,1,2,2,3,3,3,4,3,2,2,3,3,3,3,3,2,2,1,3,2,2,1,1,3,3,3,3,2,3,4,4,3,1,4,0,0,4,1,4,0,3,1,0,3,0,3,1,3,1,1,4,4,1,3,2,4,3,4,0,4,1,2,2,3,3,1,1,2,3,2,1,1,3,4,4,1,3,3,2,3,2,2,4,3,1,1,1,3,1,2,1,4,2,2,3,4,2,3,2,2,1,3,2,1,0,4,1,1,1,4,2,3,3,2,1,1,1,3,3,1,1,1,2,3,2,1,1,1,1,2,2,3,3,3,4,3,2,2,3,3,3,3,2,2,1,3,2,2,1,1,3,3,3,3,4,4,3,1,4,0,0,4,4,0,3,0
RBT-17-0232-1_S58,3,1,2,0,0,0,0,4,4,3,4,1,0,1,0,0,0,3,1,1,2,3,2,0,1,0,3,4,4,1,3,0,0,0,2,2,3,0,1,1,1,2,3,1,0,0,3,0,0,0,0,0,0,0,0,0,0,0,2,1,1,0,1,3,0,4,2,2,3,0,0,0,1,3,3,0,0,1,2,3,2,1,1,0,4,2,0,3,3,0,0,3,2,0,0,0,3,0,0,0,1,0,0,2,0,1,3,4,3,2,3,4,3,3,1,4,0,4,4,2,3,3,3,1,2,0,0,0,0,4,4,4,1,0,1,0,0,0,3,1,1,2,3,2,1,0,3,4,4,1,3,0,0,0,2,2,3,0,1,1,1,3,1,0,0,3,0,0,0,0,0,0,0,0,0,0,2,1,1,0,1,3,0,4,2,2,3,0,0,0,1,3,3,0,0,1,2,3,2,1,1,0,4,2,0,3,3,0,0,3,2,0,0,0,3,0,0,0,1,0,0,2,0,1,3,4,3,3,4,3,3,1,4,0,4,4,2,3,3,0,3,1,2,2,0,0,0,0,4,4,3,4,1,0,1,0,0,0,3,1,1,2,3,2,0,1,0,3,4,4,1,3,4,0,0,0,2,2,3,0,1,1,3,1,2,3,1,0,0,0,3,0,0,0,0,0,0,0,0,0,0,0,2,1,1,0,0,1,3,0,4,2,2,3,0,0,0,1,2,3,2,3,0,0,1,2,3,3,2,2,1,1,3,0,4,2,0,3,3,0,0,3,2,0,0,3,0,3,0,0,0,1,0,0,2,0,1,3,4,3,3,2,3,4,3,3,1,4,0,4,4,1,4,1,3,1,2,3,3,3,1,3,1,2,0,0,0,0,4,4,3,4,1,0,1,0,0,0,3,1,1,2,3,2,1,0,3,4,4,1,3,0,0,0,2,2,3,0,1,1,1,3,1,0,0,3,0,0,0,0,0,0,0,0,0,0,2,1,1,0,1,3,0,4,2,2,3,0,0,0,1,3,3,0,0,1,2,3,2,1,1,0,4,2,0,3,3,0,0,3,2,0,0,0,3,0,0,0,1,0,0,2,0,1,3,4,3,3,4,3,3,1,4,0,4,4,4,2,3,3
RBT-17-0238-1_S59,3,1,1,4,4,1,3,2,4,3,4,3,4,1,2,2,3,3,1,1,2,3,2,2,1,1,3,4,4,1,3,3,2,3,2,2,4,3,1,1,1,2,3,1,2,1,4,2,2,3,4,2,2,3,2,2,1,3,2,1,0,4,1,1,3,4,2,3,3,2,1,1,1,3,3,1,1,1,2,3,2,1,1,1,1,2,2,3,3,3,4,3,2,2,3,3,3,3,2,2,1,3,2,2,1,1,3,3,3,2,3,4,4,3,1,4,0,4,4,0,3,0,3,1,1,4,4,1,3,2,4,4,3,4,1,2,2,3,3,1,1,2,3,2,1,1,3,4,4,1,3,3,2,3,2,2,4,3,1,1,1,3,1,2,1,4,2,2,3,4,2,3,2,2,1,3,2,1,0,4,1,1,3,4,2,3,3,2,1,1,1,3,3,1,1,1,2,3,2,1,1,1,1,2,2,3,3,3,4,3,2,2,3,3,3,3,2,2,1,3,2,2,1,1,3,3,3,3,4,4,3,1,4,0,4,4,0,3,0,2,3,1,1,2,4,4,1,3,2,4,3,4,3,4,1,2,2,3,3,1,1,2,3,2,2,1,1,3,4,4,1,3,4,3,2,3,2,2,4,3,1,1,3,1,2,3,1,3,2,1,4,2,2,3,4,2,2,3,2,2,1,3,2,1,0,4,1,1,1,3,4,2,3,3,2,1,1,1,2,3,2,3,1,1,1,2,3,4,2,2,1,1,3,1,1,2,2,3,3,3,4,3,2,2,3,3,3,3,3,2,2,1,3,2,2,1,1,3,3,3,3,2,3,4,4,3,1,4,0,4,4,1,4,0,3,1,0,3,0,3,1,3,1,1,4,4,1,3,2,4,3,4,3,4,1,2,2,3,3,1,1,2,3,2,1,1,3,4,4,1,3,3,2,3,2,2,4,3,1,1,1,3,1,2,1,4,2,2,3,4,2,3,2,2,1,3,2,1,0,4,1,1,3,4,2,3,3,2,1,1,1,3,3,1,1,1,2,3,2,1,1,1,1,2,2,3,3,3,4,3,2,2,3,3,3,3,2,2,1,3,2,2,1,1,3,3,3,3,4,4,3,1,4,0,4,4,4,0,3,0
RBT-17-0239-1_S60,3,4,2,4,1,1,1,2,3,3,3,1,4,1,4,2,3,3,1,1,2,3,2,2,1,2,3,4,4,1,3,4,1,1,2,2,3,3,3,1,1,0,0,1,2,1,3,2,2,3,4,2,2,3,2,2,1,3,0,0,1,4,1,1,3,1,2,3,3,2,3,3,1,3,1,1,4,1,2,3,2,1,0,0,4,2,2,3,3,3,4,3,4,2,3,3,3,3,1,2,1,3,2,4,1,1,0,3,3,0,3,2,4,3,2,0,1,0,1,2,1,3,3,4,2,4,1,1,1,2,3,3,1,4,1,4,2,3,3,1,1,2,3,2,1,2,3,4,4,1,3,4,1,1,2,2,3,3,3,1,1,0,1,2,1,3,2,2,3,4,2,3,2,2,1,3,0,0,1,4,1,1,3,1,2,3,3,2,3,3,1,3,1,1,4,1,2,3,2,1,0,0,4,2,2,3,3,3,4,3,4,2,3,3,3,3,1,2,1,3,2,4,1,1,0,3,3,3,2,4,3,2,0,1,0,1,2,1,3,3,3,4,2,1,4,1,1,1,2,3,3,3,1,4,1,4,2,3,3,1,1,2,3,2,2,1,2,3,4,4,1,3,4,4,1,1,2,2,3,3,3,1,3,1,0,0,1,3,2,1,3,2,2,3,4,2,2,3,2,2,1,3,0,0,1,4,1,1,1,3,1,2,3,3,2,3,3,1,2,3,3,1,1,4,1,2,3,4,2,2,1,0,3,0,4,2,2,3,3,3,4,3,4,2,3,3,3,3,3,1,2,1,3,2,4,1,1,0,3,3,0,0,3,2,4,3,2,0,1,0,1,1,4,1,3,0,2,1,3,3,1,3,4,2,4,1,1,1,2,3,3,3,1,4,1,4,2,3,3,1,1,2,3,2,1,2,3,4,4,1,3,4,1,1,2,2,3,3,3,1,1,0,1,2,1,3,2,2,3,4,2,3,2,2,1,3,0,0,1,4,1,1,3,1,2,3,3,2,3,3,1,3,1,1,4,1,2,3,2,1,0,0,4,2,2,3,3,3,4,3,4,2,3,3,3,3,1,2,1,3,2,4,1,1,0,3,3,3,2,4,3,2,0,1,0,1,4,2,1,3
RBT-17-0243-1_S11,3,4,2,4,4,1,1,4,3,3,4,1,4,1,2,2,3,3,4,1,2,4,2,2,1,2,3,4,4,1,3,4,2,3,2,4,4,3,3,1,1,2,0,0,2,1,3,2,2,3,4,2,2,3,2,2,2,3,0,0,1,4,2,3,3,1,2,3,3,1,3,3,4,3,3,1,4,3,2,3,2,3,0,1,4,2,2,0,3,3,4,3,4,2,3,3,3,3,1,2,1,3,3,4,1,1,3,3,3,2,3,2,4,3,2,4,1,4,4,2,3,3,3,4,2,4,4,1,1,4,3,4,1,4,1,2,2,3,3,4,1,2,4,2,1,2,3,4,4,1,3,4,2,3,2,4,4,3,3,1,1,0,0,2,1,3,2,2,3,4,2,3,2,2,2,3,0,0,1,4,2,3,3,1,2,3,3,1,3,3,4,3,3,1,4,3,2,3,2,3,0,1,4,2,2,0,3,3,4,3,4,2,3,3,3,3,1,2,1,3,3,4,1,1,3,3,3,3,2,4,3,2,4,1,4,4,2,3,3,3,3,4,2,2,4,4,1,1,4,3,3,4,1,4,1,2,2,3,3,4,1,2,4,2,2,1,2,3,4,4,1,3,4,4,2,3,2,4,4,3,3,1,3,1,2,0,0,3,2,1,3,2,2,3,4,2,2,3,2,2,2,3,0,0,1,4,1,2,3,3,1,2,3,3,1,3,3,4,2,3,2,3,1,4,3,2,3,4,2,2,3,0,3,1,4,2,2,0,3,3,4,3,4,2,3,3,3,3,3,1,2,1,3,3,4,1,1,3,3,3,3,2,3,2,4,3,2,4,1,4,4,1,4,1,3,1,2,3,3,3,1,3,4,2,4,4,1,1,4,3,3,4,1,4,1,2,2,3,3,4,1,2,4,2,1,2,3,4,4,1,3,4,2,3,2,4,4,3,3,1,1,0,0,2,1,3,2,2,3,4,2,3,2,2,2,3,0,0,1,4,2,3,3,1,2,3,3,1,3,3,4,3,3,1,4,3,2,3,2,3,0,1,4,2,2,0,3,3,4,3,4,2,3,3,3,3,1,2,1,3,3,4,1,1,3,3,3,3,2,4,3,2,4,1,4,4,4,2,3,3
RBT-17-0249-1_S61,1,1,1,4,1,1,1,2,2,3,3,1,4,1,2,2,3,3,1,1,2,3,1,1,1,1,3,4,4,1,3,3,1,1,1,2,3,2,1,2,3,2,3,1,2,1,3,2,2,3,4,2,2,3,2,2,1,3,2,1,4,1,1,3,1,4,1,1,2,1,1,1,1,3,1,3,1,1,1,3,1,1,1,1,1,2,2,3,1,2,2,2,2,2,3,3,1,2,1,1,1,3,2,2,1,3,3,4,0,2,4,4,3,0,1,4,4,4,4,2,3,3,1,1,1,4,1,1,1,2,2,3,1,4,1,2,2,3,3,1,1,2,3,1,1,1,3,4,4,1,3,3,1,1,1,2,3,2,1,2,3,3,1,2,1,3,2,2,3,4,2,3,2,2,1,3,2,1,4,1,1,3,1,4,1,1,2,1,1,1,1,3,1,3,1,1,1,3,1,1,1,1,1,2,2,3,1,2,2,2,2,2,3,3,1,2,1,1,1,3,2,2,1,3,3,4,0,4,4,3,0,1,4,4,4,4,2,3,3,0,1,1,1,1,4,1,1,1,2,2,3,3,1,4,1,2,2,3,3,1,1,2,3,1,1,1,1,3,4,4,1,3,1,3,1,1,1,2,3,2,1,2,0,3,2,3,1,3,2,1,3,2,2,3,4,2,2,3,2,2,1,3,2,1,4,1,4,1,3,1,4,1,1,2,1,1,1,1,0,3,2,1,3,1,1,1,3,0,1,2,1,1,0,1,1,2,2,3,1,2,2,2,2,2,3,0,3,1,2,1,1,1,3,2,2,1,3,3,4,0,3,2,4,4,3,0,1,4,4,4,4,0,0,1,0,1,2,3,3,0,0,1,1,1,4,1,1,1,2,2,3,3,1,4,1,2,2,3,3,1,1,2,3,1,1,1,3,4,4,1,3,3,1,1,1,2,3,2,1,2,3,3,1,2,1,3,2,2,3,4,2,3,2,2,1,3,2,1,4,1,1,3,1,4,1,1,2,1,1,1,1,3,1,3,1,1,1,3,1,1,1,1,1,2,2,3,1,2,2,2,2,2,3,3,1,2,1,1,1,3,2,2,1,3,3,4,0,4,4,3,0,1,4,4,4,4,0,2,3,3
RBT-17-0251-1_S62,3,0,1,4,4,1,1,2,4,3,4,1,4,1,2,2,3,3,1,1,2,3,2,2,1,1,3,4,4,1,3,3,2,3,2,2,4,3,0,1,3,2,3,1,2,1,3,2,2,3,4,2,2,3,2,2,1,3,2,1,1,4,1,1,3,4,2,3,3,2,1,1,1,3,3,1,1,1,0,3,2,3,1,1,0,2,2,3,3,3,4,3,2,2,3,3,3,3,1,2,1,3,2,2,1,1,3,3,3,2,3,4,4,3,1,0,1,0,4,2,3,3,3,0,1,4,4,1,1,2,4,4,1,4,1,2,2,3,3,1,1,2,3,2,1,1,3,4,4,1,3,3,2,3,2,2,4,3,0,1,3,3,1,2,1,3,2,2,3,4,2,3,2,2,1,3,2,1,1,4,1,1,3,4,2,3,3,2,1,1,1,3,3,1,1,1,0,3,2,3,1,1,0,2,2,3,3,3,4,3,2,2,3,3,3,3,1,2,1,3,2,2,1,1,3,3,3,3,4,4,3,1,0,1,0,4,2,3,3,2,3,0,1,1,4,4,1,1,2,4,3,4,1,4,1,2,2,3,3,1,1,2,3,2,2,1,1,3,4,4,1,3,1,3,2,3,2,2,4,3,0,1,3,3,2,3,1,3,2,1,3,2,2,3,4,2,2,3,2,2,1,3,2,1,1,4,0,1,1,3,4,2,3,3,2,1,1,1,2,3,2,3,1,1,1,0,3,4,2,2,3,1,3,1,0,2,2,3,3,3,4,3,2,2,3,3,3,3,3,1,2,1,3,2,2,1,1,3,3,3,3,2,3,4,4,3,1,0,1,0,4,1,4,0,3,0,2,3,3,3,1,3,0,1,4,4,1,1,2,4,3,4,1,4,1,2,2,3,3,1,1,2,3,2,1,1,3,4,4,1,3,3,2,3,2,2,4,3,0,1,3,3,1,2,1,3,2,2,3,4,2,3,2,2,1,3,2,1,1,4,1,1,3,4,2,3,3,2,1,1,1,3,3,1,1,1,0,3,2,3,1,1,0,2,2,3,3,3,4,3,2,2,3,3,3,3,1,2,1,3,2,2,1,1,3,3,3,3,4,4,3,1,0,1,0,4,4,2,3,3
RBT-17-0256-1_S25,3,1,1,4,1,1,1,2,4,3,4,1,4,1,2,2,3,3,1,1,2,3,1,0,1,1,3,4,4,1,3,0,1,0,2,2,3,3,0,2,3,2,3,1,0,0,0,0,0,0,0,0,0,0,0,0,0,0,2,1,1,0,1,3,1,4,2,2,3,0,0,1,1,3,3,1,1,1,2,3,2,1,1,1,4,2,1,3,3,3,4,3,2,2,3,3,3,3,1,2,1,3,2,2,1,1,3,4,3,0,4,4,4,3,1,4,1,4,4,2,3,3,3,1,1,4,1,1,1,2,4,4,1,4,1,2,2,3,3,1,1,2,3,1,1,1,3,4,4,1,3,0,1,0,2,2,3,3,0,2,3,3,1,0,0,0,0,0,0,0,0,0,0,0,0,0,2,1,1,0,1,3,1,4,2,2,3,0,0,1,1,3,3,1,1,1,2,3,2,1,1,1,4,2,1,3,3,3,4,3,2,2,3,3,3,3,1,2,1,3,2,2,1,1,3,4,3,4,4,4,3,1,4,1,4,4,2,3,3,3,3,1,1,2,4,1,1,1,2,4,3,4,1,4,1,2,2,3,3,1,1,2,3,1,0,1,1,3,4,4,1,3,4,0,1,0,2,2,3,3,0,2,3,3,2,3,1,0,0,0,0,0,0,0,0,0,0,0,0,0,0,0,2,1,1,0,1,1,3,1,4,2,2,3,0,0,1,1,2,3,2,3,1,1,1,2,3,3,2,0,1,1,3,1,4,2,1,3,3,3,4,3,2,2,3,3,3,3,3,1,2,1,3,2,2,1,1,3,4,3,0,0,4,4,4,3,1,4,1,4,4,1,4,1,3,1,2,3,3,3,1,3,1,1,4,1,1,1,2,4,3,4,1,4,1,2,2,3,3,1,1,2,3,1,1,1,3,4,4,1,3,0,1,0,2,2,3,3,0,2,3,3,1,0,0,0,0,0,0,0,0,0,0,0,0,0,2,1,1,0,1,3,1,4,2,2,3,0,0,1,1,3,3,1,1,1,2,3,2,1,1,1,4,2,1,3,3,3,4,3,2,2,3,3,3,3,1,2,1,3,2,2,1,1,3,4,3,4,4,4,3,1,4,1,4,4,4,2,3,3
RBT-17-0270-1_S65,0,1,0,4,1,1,1,2,0,0,4,1,0,1,2,2,3,0,1,1,2,3,1,0,0,1,3,0,0,0,0,3,1,0,2,2,3,3,1,2,1,2,3,1,2,0,3,2,2,3,0,0,0,3,2,2,0,3,2,1,1,4,0,3,3,4,2,0,3,0,0,0,1,3,0,1,1,1,2,3,2,1,1,1,4,2,0,3,3,3,4,3,2,2,3,0,3,3,1,2,1,3,2,2,1,1,3,4,3,2,3,4,4,3,1,4,1,4,4,2,3,3,0,1,0,4,1,1,1,2,0,4,1,0,1,2,2,3,0,1,1,2,3,1,0,1,3,0,0,0,0,3,1,0,2,2,3,3,1,2,1,3,1,2,0,3,2,2,3,0,0,3,2,2,0,3,2,1,1,4,0,3,3,4,2,0,3,0,0,0,1,3,0,1,1,1,2,3,2,1,1,1,4,2,0,3,3,3,4,3,2,2,3,0,3,3,1,2,1,3,2,2,1,1,3,4,3,3,4,4,3,1,4,1,4,4,2,3,3,3,0,1,0,0,4,1,1,1,2,0,0,4,1,0,1,2,2,3,0,1,1,2,3,1,0,0,1,3,0,0,0,0,0,3,1,0,2,2,3,3,1,2,3,1,2,3,1,3,2,0,3,2,2,3,0,0,0,3,2,2,0,3,2,1,1,4,0,0,3,3,4,2,0,3,0,0,0,1,2,3,2,0,1,1,1,2,3,3,2,0,1,1,3,1,4,2,0,3,3,3,4,3,2,2,3,3,0,3,3,1,2,1,3,2,2,1,1,3,4,3,3,2,3,4,4,3,1,4,1,4,4,1,4,1,3,1,2,3,3,3,1,0,1,0,4,1,1,1,2,0,0,4,1,0,1,2,2,3,0,1,1,2,3,1,0,1,3,0,0,0,0,3,1,0,2,2,3,3,1,2,1,3,1,2,0,3,2,2,3,0,0,3,2,2,0,3,2,1,1,4,0,3,3,4,2,0,3,0,0,0,1,3,0,1,1,1,2,3,2,1,1,1,4,2,0,3,3,3,4,3,2,2,3,0,3,3,1,2,1,3,2,2,1,1,3,4,3,3,4,4,3,1,4,1,4,4,4,2,3,3
RBT-17-0279-1_S12,3,1,1,4,1,1,1,2,4,3,4,1,4,1,2,2,3,3,1,1,2,3,1,2,1,1,3,4,4,1,3,3,0,3,2,2,3,3,1,1,1,2,3,1,0,0,3,0,0,0,0,0,0,0,0,0,0,0,2,1,1,4,0,3,1,4,2,2,3,2,0,1,1,3,0,1,1,1,2,3,2,1,1,1,4,2,1,3,3,3,4,3,2,2,3,3,3,3,1,2,1,3,2,2,1,0,3,3,3,0,4,4,4,3,1,4,0,4,4,2,3,3,3,1,1,4,1,1,1,2,4,4,1,4,1,2,2,3,3,1,1,2,3,1,1,1,3,4,4,1,3,3,0,3,2,2,3,3,1,1,1,3,1,0,0,3,0,0,0,0,0,0,0,0,0,0,2,1,1,4,0,3,1,4,2,2,3,2,0,1,1,3,0,1,1,1,2,3,2,1,1,1,4,2,1,3,3,3,4,3,2,2,3,3,3,3,1,2,1,3,2,2,1,0,3,3,3,4,4,4,3,1,4,0,4,4,2,3,3,3,3,1,1,0,4,1,1,1,2,4,3,4,1,4,1,2,2,3,3,1,1,2,3,1,2,1,1,3,4,4,1,3,0,3,0,3,2,2,3,3,1,1,3,1,2,3,1,0,0,0,3,0,0,0,0,0,0,0,0,0,0,0,2,1,1,4,1,0,3,1,4,2,2,3,2,0,1,1,2,3,2,0,1,1,1,2,3,3,2,2,1,1,3,1,4,2,1,3,3,3,4,3,2,2,3,3,3,3,3,1,2,1,3,2,2,1,0,3,3,3,0,0,4,4,4,3,1,4,0,4,4,1,4,1,3,1,2,3,3,3,1,3,1,1,4,1,1,1,2,4,3,4,1,4,1,2,2,3,3,1,1,2,3,1,1,1,3,4,4,1,3,3,0,3,2,2,3,3,1,1,1,3,1,0,0,3,0,0,0,0,0,0,0,0,0,0,2,1,1,4,0,3,1,4,2,2,3,2,0,1,1,3,0,1,1,1,2,3,2,1,1,1,4,2,1,3,3,3,4,3,2,2,3,3,3,3,1,2,1,3,2,2,1,0,3,3,3,4,4,4,3,1,4,0,4,4,4,2,3,3
RBT-17-0285-1_S66,3,4,1,4,1,1,1,2,3,3,4,0,0,1,4,2,3,3,1,0,0,3,1,2,1,1,3,4,4,1,3,3,1,3,2,2,4,3,1,1,3,2,3,1,2,1,3,2,2,3,4,2,2,3,2,2,0,3,2,1,1,4,1,3,0,4,2,3,3,1,1,1,1,3,3,1,1,1,0,0,2,0,1,1,4,0,2,3,3,2,4,3,2,2,3,0,3,3,0,2,1,3,0,0,0,1,3,3,3,2,3,2,4,3,1,4,1,4,1,2,3,3,3,4,1,4,1,1,1,2,3,4,0,0,1,4,2,3,3,1,0,0,3,1,1,1,3,4,4,1,3,3,1,3,2,2,4,3,1,1,3,3,1,2,1,3,2,2,3,4,2,3,2,2,0,3,2,1,1,4,1,3,0,4,2,3,3,1,1,1,1,3,3,1,1,1,0,0,2,0,1,1,4,0,2,3,3,2,4,3,2,2,3,0,3,3,0,2,1,3,0,0,0,1,3,3,3,3,2,4,3,1,4,1,4,1,2,3,3,3,3,4,1,1,4,1,1,1,2,3,3,4,0,0,1,4,2,3,3,1,0,0,3,1,2,1,1,3,4,4,1,3,4,3,1,3,2,2,4,3,1,1,3,3,2,3,1,0,2,1,3,2,2,3,4,2,2,3,2,2,0,3,2,1,1,4,1,1,3,0,4,2,3,3,1,1,1,1,2,3,2,3,1,1,1,0,0,3,2,2,0,1,3,1,4,0,2,3,3,2,4,3,2,2,3,3,0,3,3,0,2,1,3,0,0,0,1,3,3,3,3,2,3,2,4,3,1,4,1,4,1,1,4,1,3,1,2,3,3,3,1,3,4,1,4,1,1,1,2,3,3,4,0,0,1,4,2,3,3,1,0,0,3,1,1,1,3,4,4,1,3,3,1,3,2,2,4,3,1,1,3,3,1,2,1,3,2,2,3,4,2,3,2,2,0,3,2,1,1,4,1,3,0,4,2,3,3,1,1,1,1,3,3,1,1,1,0,0,2,0,1,1,4,0,2,3,3,2,4,3,2,2,3,0,3,3,0,2,1,3,0,0,0,1,3,3,3,3,2,4,3,1,4,1,4,1,4,2,3,3
RBT-17-0287-1_S10,0,1,2,0,1,1,0,2,4,3,0,1,4,1,0,2,3,3,1,1,2,3,2,0,1,0,3,4,4,1,3,3,1,3,2,2,3,3,1,2,1,2,3,1,2,1,0,2,2,3,4,2,2,3,2,2,0,3,2,1,1,4,1,3,3,4,2,0,3,0,1,1,1,0,3,0,1,0,2,3,0,1,1,1,0,2,2,3,3,3,0,3,2,2,3,0,3,3,0,0,1,3,2,2,1,1,3,3,3,2,3,2,4,3,1,4,0,4,4,0,3,3,0,1,2,0,1,1,0,2,4,0,1,4,1,0,2,3,3,1,1,2,3,2,1,0,3,4,4,1,3,3,1,3,2,2,3,3,1,2,1,3,1,2,1,0,2,2,3,4,2,3,2,2,0,3,2,1,1,4,1,3,3,4,2,0,3,0,1,1,1,0,3,0,1,0,2,3,0,1,1,1,0,2,2,3,3,3,0,3,2,2,3,0,3,3,0,0,1,3,2,2,1,1,3,3,3,3,2,4,3,1,4,0,4,4,0,3,3,3,0,1,2,1,0,1,1,0,2,4,3,0,1,4,1,0,2,3,3,1,1,2,3,2,0,1,0,3,4,4,1,3,0,3,1,3,2,2,3,3,1,2,3,1,2,3,1,3,2,1,0,2,2,3,4,2,2,3,2,2,0,3,2,1,1,4,1,1,3,3,4,2,0,3,0,1,1,1,2,0,2,3,0,1,0,2,3,3,0,2,1,1,3,1,0,2,2,3,3,3,0,3,2,2,3,3,0,3,3,0,0,1,3,2,2,1,1,3,3,3,3,2,3,2,4,3,1,4,0,4,4,1,4,1,3,1,0,3,3,0,1,0,1,2,0,1,1,0,2,4,3,0,1,4,1,0,2,3,3,1,1,2,3,2,1,0,3,4,4,1,3,3,1,3,2,2,3,3,1,2,1,3,1,2,1,0,2,2,3,4,2,3,2,2,0,3,2,1,1,4,1,3,3,4,2,0,3,0,1,1,1,0,3,0,1,0,2,3,0,1,1,1,0,2,2,3,3,3,0,3,2,2,3,0,3,3,0,0,1,3,2,2,1,1,3,3,3,3,2,4,3,1,4,0,4,4,4,0,3,3
RBT-17-0291-1_S14,3,1,1,4,1,1,1,2,4,3,4,1,4,1,2,2,3,3,1,1,2,3,1,0,1,1,3,4,4,1,3,0,1,0,2,2,3,3,0,2,3,2,3,1,0,0,0,0,0,0,0,0,0,0,0,0,0,0,2,1,1,0,1,3,1,4,2,2,3,0,0,1,1,3,3,1,1,1,2,3,2,1,1,1,4,2,1,3,3,3,4,3,2,2,3,3,3,3,1,2,1,3,2,2,1,1,3,4,3,0,4,4,4,3,1,4,1,4,4,2,3,3,3,1,1,4,1,1,1,2,4,4,1,4,1,2,2,3,3,1,1,2,3,1,1,1,3,4,4,1,3,0,1,0,2,2,3,3,0,2,3,3,1,0,0,0,0,0,0,0,0,0,0,0,0,0,2,1,1,0,1,3,1,4,2,2,3,0,0,1,1,3,3,1,1,1,2,3,2,1,1,1,4,2,1,3,3,3,4,3,2,2,3,3,3,3,1,2,1,3,2,2,1,1,3,4,3,4,4,4,3,1,4,1,4,4,2,3,3,3,3,1,1,2,4,1,1,1,2,4,3,4,1,4,1,2,2,3,3,1,1,2,3,1,0,1,1,3,4,4,1,3,4,0,1,0,2,2,3,3,0,2,3,3,2,3,1,0,0,0,0,0,0,0,0,0,0,0,0,0,0,0,2,1,1,0,1,1,3,1,4,2,2,3,0,0,1,1,2,3,2,3,1,1,1,2,3,3,2,0,1,1,3,1,4,2,1,3,3,3,4,3,2,2,3,3,3,3,3,1,2,1,3,2,2,1,1,3,4,3,0,0,4,4,4,3,1,4,1,4,4,1,4,1,3,1,2,3,3,3,1,3,1,1,4,1,1,1,2,4,3,4,1,4,1,2,2,3,3,1,1,2,3,1,1,1,3,4,4,1,3,0,1,0,2,2,3,3,0,2,3,3,1,0,0,0,0,0,0,0,0,0,0,0,0,0,2,1,1,0,1,3,1,4,2,2,3,0,0,1,1,3,3,1,1,1,2,3,2,1,1,1,4,2,1,3,3,3,4,3,2,2,3,3,3,3,1,2,1,3,2,2,1,1,3,4,3,4,4,4,3,1,4,1,4,4,4,2,3,3
RBT-17-0295-1_S15,3,4,2,4,1,1,1,2,3,3,3,1,4,1,4,2,3,3,1,1,2,3,2,2,1,2,3,4,4,1,3,4,1,1,2,2,3,3,3,1,1,0,0,1,2,1,3,2,2,3,4,2,2,3,2,2,1,3,0,0,1,4,1,1,3,1,2,3,3,2,3,3,1,3,1,1,4,1,2,3,2,1,0,0,4,2,2,3,3,3,4,3,4,2,3,3,3,3,1,2,1,3,2,4,1,1,0,3,3,0,3,2,4,3,2,0,1,0,1,2,1,3,3,4,2,4,1,1,1,2,3,3,1,4,1,4,2,3,3,1,1,2,3,2,1,2,3,4,4,1,3,4,1,1,2,2,3,3,3,1,1,0,1,2,1,3,2,2,3,4,2,3,2,2,1,3,0,0,1,4,1,1,3,1,2,3,3,2,3,3,1,3,1,1,4,1,2,3,2,1,0,0,4,2,2,3,3,3,4,3,4,2,3,3,3,3,1,2,1,3,2,4,1,1,0,3,3,3,2,4,3,2,0,1,0,1,2,1,3,3,3,4,2,1,4,1,1,1,2,3,3,3,1,4,1,4,2,3,3,1,1,2,3,2,2,1,2,3,4,4,1,3,4,4,1,1,2,2,3,3,3,1,3,1,0,0,1,3,2,1,3,2,2,3,4,2,2,3,2,2,1,3,0,0,1,4,1,1,1,3,1,2,3,3,2,3,3,1,2,3,3,1,1,4,1,2,3,4,2,2,1,0,3,0,4,2,2,3,3,3,4,3,4,2,3,3,3,3,3,1,2,1,3,2,4,1,1,0,3,3,0,0,3,2,4,3,2,0,1,0,1,1,4,1,3,0,2,1,3,3,1,3,4,2,4,1,1,1,2,3,3,3,1,4,1,4,2,3,3,1,1,2,3,2,1,2,3,4,4,1,3,4,1,1,2,2,3,3,3,1,1,0,1,2,1,3,2,2,3,4,2,3,2,2,1,3,0,0,1,4,1,1,3,1,2,3,3,2,3,3,1,3,1,1,4,1,2,3,2,1,0,0,4,2,2,3,3,3,4,3,4,2,3,3,3,3,1,2,1,3,2,4,1,1,0,3,3,3,2,4,3,2,0,1,0,1,4,2,1,3
RBT-17-0328-1_S16,1,1,1,4,1,1,1,2,2,3,3,1,4,1,2,2,3,3,1,1,2,3,1,1,1,1,3,4,4,1,3,3,1,1,1,2,3,2,1,2,3,2,3,1,2,1,3,2,2,3,4,2,2,3,2,2,1,3,2,1,4,1,1,3,1,4,1,1,2,1,1,1,1,3,1,3,1,1,1,3,1,1,1,1,1,0,2,3,1,2,2,2,2,2,3,3,1,2,1,1,1,0,2,2,1,3,3,4,0,2,4,4,3,0,1,4,4,4,4,2,3,3,1,1,1,4,1,1,1,2,2,3,1,4,1,2,2,3,3,1,1,2,3,1,1,1,3,4,4,1,3,3,1,1,1,2,3,2,1,2,3,3,1,2,1,3,2,2,3,4,2,3,2,2,1,3,2,1,4,1,1,3,1,4,1,1,2,1,1,1,1,3,1,3,1,1,1,3,1,1,1,1,1,0,2,3,1,2,2,2,2,2,3,3,1,2,1,1,1,0,2,2,1,3,3,4,0,4,4,3,0,1,4,4,4,4,2,3,3,0,1,1,1,1,4,1,1,1,2,2,3,3,1,4,1,2,2,3,3,1,1,2,3,1,1,1,1,3,4,4,1,3,1,3,1,1,1,2,3,2,1,2,0,3,2,3,1,3,2,1,3,2,2,3,4,2,2,3,2,2,1,3,2,1,4,1,4,1,3,1,4,1,1,2,1,1,1,1,0,3,2,1,3,1,1,1,3,0,1,2,1,1,0,1,1,0,2,3,1,2,2,2,2,2,3,0,3,1,2,1,1,1,0,2,2,1,3,3,4,0,3,2,4,4,3,0,1,4,4,4,4,0,0,1,0,1,2,3,3,0,0,1,1,1,4,1,1,1,2,2,3,3,1,4,1,2,2,3,3,1,1,2,3,1,1,1,3,4,4,1,3,3,1,1,1,2,3,2,1,2,3,3,1,2,1,3,2,2,3,4,2,3,2,2,1,3,2,1,4,1,1,3,1,4,1,1,2,1,1,1,1,3,1,3,1,1,1,3,1,1,1,1,1,0,2,3,1,2,2,2,2,2,3,3,1,2,1,1,1,0,2,2,1,3,3,4,0,4,4,3,0,1,4,4,4,4,0,2,3,3
RBT-17-0337-1_S19,3,4,2,4,4,1,1,4,3,3,4,1,4,1,2,2,3,3,4,1,2,4,2,2,1,2,3,4,4,1,3,4,2,3,2,4,4,3,3,1,1,2,0,0,2,1,3,2,2,3,4,2,2,3,2,2,2,3,0,0,1,4,2,3,3,1,2,3,3,1,3,3,4,3,3,1,4,3,2,3,2,3,0,1,4,2,2,0,3,3,4,3,4,2,3,3,3,3,1,2,1,3,3,4,1,1,3,3,3,2,3,2,4,3,2,4,1,4,1,0,1,3,3,4,2,4,4,1,1,4,3,4,1,4,1,2,2,3,3,4,1,2,4,2,1,2,3,4,4,1,3,4,2,3,2,4,4,3,3,1,1,0,0,2,1,3,2,2,3,4,2,3,2,2,2,3,0,0,1,4,2,3,3,1,2,3,3,1,3,3,4,3,3,1,4,3,2,3,2,3,0,1,4,2,2,0,3,3,4,3,4,2,3,3,3,3,1,2,1,3,3,4,1,1,3,3,3,3,2,4,3,2,4,1,4,1,0,1,3,3,3,4,2,2,4,4,1,1,4,3,3,4,1,4,1,2,2,3,3,4,1,2,4,2,2,1,2,3,4,4,1,3,4,4,2,3,2,4,4,3,3,1,3,1,2,0,0,3,2,1,3,2,2,3,4,2,2,3,2,2,2,3,0,0,1,4,1,2,3,3,1,2,3,3,1,3,3,4,2,3,2,3,1,4,3,2,3,4,2,2,3,0,3,1,4,2,2,0,3,3,4,3,4,2,3,3,3,3,3,1,2,1,3,3,4,1,1,3,3,3,3,2,3,2,4,3,2,4,1,4,1,1,4,0,3,0,0,1,3,3,1,3,4,2,4,4,1,1,4,3,3,4,1,4,1,2,2,3,3,4,1,2,4,2,1,2,3,4,4,1,3,4,2,3,2,4,4,3,3,1,1,0,0,2,1,3,2,2,3,4,2,3,2,2,2,3,0,0,1,4,2,3,3,1,2,3,3,1,3,3,4,3,3,1,4,3,2,3,2,3,0,1,4,2,2,0,3,3,4,3,4,2,3,3,3,3,1,2,1,3,3,4,1,1,3,3,3,3,2,4,3,2,4,1,4,1,4,0,1,3
RBT-17-0339-1_S20,1,1,1,4,1,1,1,2,2,3,3,1,4,1,2,2,3,3,1,1,2,3,1,1,1,1,3,4,4,1,3,3,1,1,1,2,3,2,1,2,3,2,3,1,2,1,3,2,2,3,4,2,2,3,2,2,1,3,2,1,4,1,1,3,1,4,1,1,2,1,1,1,1,3,1,3,1,1,1,3,1,1,1,1,1,0,2,3,1,2,2,2,2,2,3,3,1,2,1,1,1,3,2,2,1,3,3,4,0,2,4,4,3,0,1,4,4,4,4,2,3,3,1,1,1,4,1,1,1,2,2,3,1,4,1,2,2,3,3,1,1,2,3,1,1,1,3,4,4,1,3,3,1,1,1,2,3,2,1,2,3,3,1,2,1,3,2,2,3,4,2,3,2,2,1,3,2,1,4,1,1,3,1,4,1,1,2,1,1,1,1,3,1,3,1,1,1,3,1,1,1,1,1,0,2,3,1,2,2,2,2,2,3,3,1,2,1,1,1,3,2,2,1,3,3,4,0,4,4,3,0,1,4,4,4,4,2,3,3,0,1,1,1,1,4,1,1,1,2,2,3,3,1,4,1,2,2,3,3,1,1,2,3,1,1,1,1,3,4,4,1,3,1,3,1,1,1,2,3,2,1,2,0,3,2,3,1,3,2,1,3,2,2,3,4,2,2,3,2,2,1,3,2,1,4,1,4,1,3,1,4,1,1,2,1,1,1,1,0,3,2,1,3,1,1,1,3,0,1,2,1,1,0,1,1,0,2,3,1,2,2,2,2,2,3,0,3,1,2,1,1,1,3,2,2,1,3,3,4,0,3,2,4,4,3,0,1,4,4,4,4,0,0,1,0,1,2,3,3,0,0,1,1,1,4,1,1,1,2,2,3,3,1,4,1,2,2,3,3,1,1,2,3,1,1,1,3,4,4,1,3,3,1,1,1,2,3,2,1,2,3,3,1,2,1,3,2,2,3,4,2,3,2,2,1,3,2,1,4,1,1,3,1,4,1,1,2,1,1,1,1,3,1,3,1,1,1,3,1,1,1,1,1,0,2,3,1,2,2,2,2,2,3,3,1,2,1,1,1,3,2,2,1,3,3,4,0,4,4,3,0,1,4,4,4,4,0,2,3,3
RBT-18-0004-1_S51,0,0,0,0,0,0,0,0,0,0,0,0,0,0,0,0,0,0,0,0,0,0,0,0,0,0,0,0,0,0,0,0,0,0,0,0,0,0,0,2,1,2,3,1,0,0,0,0,0,0,0,0,0,0,0,0,0,0,2,1,0,0,0,0,0,0,0,0,0,0,0,0,0,0,0,0,0,0,0,0,0,0,0,1,0,0,0,3,0,0,0,0,0,0,0,0,0,0,0,0,0,0,0,0,0,1,3,4,3,2,3,4,4,3,1,4,4,4,4,2,3,3,0,0,0,0,0,0,0,0,0,0,0,0,0,0,0,0,0,0,0,0,0,0,0,0,0,0,0,0,0,0,0,0,0,0,0,0,0,2,1,3,1,0,0,0,0,0,0,0,0,0,0,0,0,0,2,1,0,0,0,0,0,0,0,0,0,0,0,0,0,0,0,0,0,0,0,0,0,0,0,1,0,0,0,3,0,0,0,0,0,0,0,0,0,0,0,0,0,0,0,0,0,1,3,4,3,3,4,4,3,1,4,4,4,4,2,3,3,3,0,0,0,0,0,0,0,0,0,0,0,0,0,0,0,0,0,0,0,0,0,0,0,0,0,0,0,0,0,0,0,0,0,0,0,0,0,0,0,0,0,2,3,1,2,3,1,0,0,0,0,0,0,0,0,0,0,0,0,0,0,0,2,1,0,0,0,0,0,0,0,0,0,0,0,0,0,0,2,0,0,0,0,0,0,0,0,3,0,0,0,0,3,1,0,0,0,3,0,0,0,0,0,0,0,3,0,0,0,0,0,0,0,0,0,0,1,3,4,3,3,2,3,4,4,3,1,4,4,4,4,1,4,1,3,1,2,3,3,3,1,0,0,0,0,0,0,0,0,0,0,0,0,0,0,0,0,0,0,0,0,0,0,0,0,0,0,0,0,0,0,0,0,0,0,0,0,0,0,2,1,3,1,0,0,0,0,0,0,0,0,0,0,0,0,0,2,1,0,0,0,0,0,0,0,0,0,0,0,0,0,0,0,0,0,0,0,0,0,0,0,1,0,0,0,3,0,0,0,0,0,0,0,0,0,0,0,0,0,0,0,0,0,1,3,4,3,3,4,4,3,1,4,4,4,4,4,2,3,3
RBT-18-0017-1_S67,3,1,2,4,1,1,1,2,2,3,3,1,4,1,4,2,3,3,4,1,2,3,2,2,1,2,3,4,4,1,3,3,1,1,2,4,3,3,1,1,1,0,3,1,2,1,3,2,2,3,4,2,2,3,2,2,1,3,0,1,1,4,2,1,3,1,2,3,3,2,3,3,1,3,3,1,4,3,2,3,1,1,1,0,4,2,2,0,3,3,4,3,4,2,3,3,3,2,1,2,1,3,3,2,1,1,0,3,3,0,3,2,4,3,2,0,1,0,1,2,1,0,3,1,2,4,1,1,1,2,2,3,1,4,1,4,2,3,3,4,1,2,3,2,1,2,3,4,4,1,3,3,1,1,2,4,3,3,1,1,1,3,1,2,1,3,2,2,3,4,2,3,2,2,1,3,0,1,1,4,2,1,3,1,2,3,3,2,3,3,1,3,3,1,4,3,2,3,1,1,1,0,4,2,2,0,3,3,4,3,4,2,3,3,3,2,1,2,1,3,3,2,1,1,0,3,3,3,2,4,3,2,0,1,0,1,2,1,0,3,3,1,2,2,4,1,1,1,2,2,3,3,1,4,1,4,2,3,3,4,1,2,3,2,2,1,2,3,4,4,1,3,4,3,1,1,2,4,3,3,1,1,3,1,0,3,1,3,2,1,3,2,2,3,4,2,2,3,2,2,1,3,0,1,1,4,1,2,1,3,1,2,3,3,2,3,3,1,2,3,2,3,1,4,3,2,3,3,1,2,1,1,3,0,4,2,2,0,3,3,4,3,4,2,3,3,3,3,2,1,2,1,3,3,2,1,1,0,3,3,0,0,3,2,4,3,2,0,1,0,1,1,4,1,3,1,2,1,0,3,1,3,1,2,4,1,1,1,2,2,3,3,1,4,1,4,2,3,3,4,1,2,3,2,1,2,3,4,4,1,3,3,1,1,2,4,3,3,1,1,1,3,1,2,1,3,2,2,3,4,2,3,2,2,1,3,0,1,1,4,2,1,3,1,2,3,3,2,3,3,1,3,3,1,4,3,2,3,1,1,1,0,4,2,2,0,3,3,4,3,4,2,3,3,3,2,1,2,1,3,3,2,1,1,0,3,3,3,2,4,3,2,0,1,0,1,4,2,1,0
RBT-18-0021-1_S56,1,1,1,4,1,1,1,2,2,3,3,1,4,1,2,2,3,3,1,1,2,3,1,1,1,1,3,4,4,1,3,3,1,1,1,2,3,2,1,2,3,2,3,1,2,1,3,2,2,3,4,2,2,3,2,2,1,3,2,1,4,1,1,3,1,4,1,1,2,1,1,1,1,3,1,3,1,1,1,3,1,1,1,1,1,2,2,3,1,2,2,2,2,2,3,3,1,2,1,1,1,3,2,2,1,3,3,4,0,2,4,4,3,0,1,4,4,4,4,2,3,3,1,1,1,4,1,1,1,2,2,3,1,4,1,2,2,3,3,1,1,2,3,1,1,1,3,4,4,1,3,3,1,1,1,2,3,2,1,2,3,3,1,2,1,3,2,2,3,4,2,3,2,2,1,3,2,1,4,1,1,3,1,4,1,1,2,1,1,1,1,3,1,3,1,1,1,3,1,1,1,1,1,2,2,3,1,2,2,2,2,2,3,3,1,2,1,1,1,3,2,2,1,3,3,4,0,4,4,3,0,1,4,4,4,4,2,3,3,0,1,1,1,1,4,1,1,1,2,2,3,3,1,4,1,2,2,3,3,1,1,2,3,1,1,1,1,3,4,4,1,3,1,3,1,1,1,2,3,2,1,2,0,3,2,3,1,3,2,1,3,2,2,3,4,2,2,3,2,2,1,3,2,1,4,1,4,1,3,1,4,1,1,2,1,1,1,1,0,3,2,1,3,1,1,1,3,0,1,2,1,1,0,1,1,2,2,3,1,2,2,2,2,2,3,0,3,1,2,1,1,1,3,2,2,1,3,3,4,0,3,2,4,4,3,0,1,4,4,4,4,0,0,1,0,1,2,3,3,0,0,1,1,1,4,1,1,1,2,2,3,3,1,4,1,2,2,3,3,1,1,2,3,1,1,1,3,4,4,1,3,3,1,1,1,2,3,2,1,2,3,3,1,2,1,3,2,2,3,4,2,3,2,2,1,3,2,1,4,1,1,3,1,4,1,1,2,1,1,1,1,3,1,3,1,1,1,3,1,1,1,1,1,2,2,3,1,2,2,2,2,2,3,3,1,2,1,1,1,3,2,2,1,3,3,4,0,4,4,3,0,1,4,4,4,4,0,2,3,3
RBT-18-0023-1_S14,3,1,1,4,4,1,1,2,4,0,4,1,4,1,2,2,3,3,1,1,2,3,2,2,1,1,3,4,4,1,3,3,1,3,2,2,3,3,3,2,1,2,3,1,2,1,3,2,2,3,4,2,2,3,2,2,1,3,2,1,0,4,1,1,3,4,2,3,2,2,3,1,1,3,3,1,1,1,2,3,2,3,1,1,4,2,2,3,3,2,4,3,2,2,3,3,3,2,1,2,1,3,3,2,0,1,0,3,3,2,3,4,4,3,1,4,1,4,2,0,3,3,3,1,1,4,4,1,1,2,4,4,1,4,1,2,2,3,3,1,1,2,3,2,1,1,3,4,4,1,3,3,1,3,2,2,3,3,3,2,1,3,1,2,1,3,2,2,3,4,2,3,2,2,1,3,2,1,0,4,1,1,3,4,2,3,2,2,3,1,1,3,3,1,1,1,2,3,2,3,1,1,4,2,2,3,3,2,4,3,2,2,3,3,3,2,1,2,1,3,3,2,0,1,0,3,3,3,4,4,3,1,4,1,4,2,0,3,3,3,3,1,1,2,4,4,1,1,2,4,0,4,1,4,1,2,2,3,3,1,1,2,3,2,2,1,1,3,4,4,1,3,4,3,1,3,2,2,3,3,3,2,3,1,2,3,1,3,2,1,3,2,2,3,4,2,2,3,2,2,1,3,2,1,0,4,1,1,1,3,4,2,3,2,2,3,1,1,2,3,2,3,1,1,1,2,3,3,2,2,3,1,3,1,4,2,2,3,3,2,4,3,2,2,3,3,3,3,2,1,2,1,3,3,2,0,1,0,3,3,3,2,3,4,4,3,1,4,1,4,2,1,4,1,3,0,0,3,3,3,1,3,1,1,4,4,1,1,2,4,0,4,1,4,1,2,2,3,3,1,1,2,3,2,1,1,3,4,4,1,3,3,1,3,2,2,3,3,3,2,1,3,1,2,1,3,2,2,3,4,2,3,2,2,1,3,2,1,0,4,1,1,3,4,2,3,2,2,3,1,1,3,3,1,1,1,2,3,2,3,1,1,4,2,2,3,3,2,4,3,2,2,3,3,3,2,1,2,1,3,3,2,0,1,0,3,3,3,4,4,3,1,4,1,4,2,4,0,3,3
RBT-18-0027-1_S68,3,4,2,4,1,1,1,2,3,3,3,1,4,1,4,2,3,3,1,1,2,3,2,2,1,2,3,4,4,1,3,4,1,1,2,2,3,3,3,1,1,0,0,1,2,1,3,2,2,3,4,2,2,3,2,2,1,3,0,0,1,4,1,1,3,1,2,3,3,2,3,3,1,3,1,1,4,1,2,3,2,1,0,0,4,2,2,3,3,3,4,3,4,2,3,3,3,3,1,2,1,3,2,4,1,1,0,3,3,0,3,2,4,3,2,0,1,0,1,2,1,3,3,4,2,4,1,1,1,2,3,3,1,4,1,4,2,3,3,1,1,2,3,2,1,2,3,4,4,1,3,4,1,1,2,2,3,3,3,1,1,0,1,2,1,3,2,2,3,4,2,3,2,2,1,3,0,0,1,4,1,1,3,1,2,3,3,2,3,3,1,3,1,1,4,1,2,3,2,1,0,0,4,2,2,3,3,3,4,3,4,2,3,3,3,3,1,2,1,3,2,4,1,1,0,3,3,3,2,4,3,2,0,1,0,1,2,1,3,3,3,4,2,1,4,1,1,1,2,3,3,3,1,4,1,4,2,3,3,1,1,2,3,2,2,1,2,3,4,4,1,3,4,4,1,1,2,2,3,3,3,1,3,1,0,0,1,3,2,1,3,2,2,3,4,2,2,3,2,2,1,3,0,0,1,4,1,1,1,3,1,2,3,3,2,3,3,1,2,3,3,1,1,4,1,2,3,4,2,2,1,0,3,0,4,2,2,3,3,3,4,3,4,2,3,3,3,3,3,1,2,1,3,2,4,1,1,0,3,3,0,0,3,2,4,3,2,0,1,0,1,1,4,1,3,0,2,1,3,3,1,3,4,2,4,1,1,1,2,3,3,3,1,4,1,4,2,3,3,1,1,2,3,2,1,2,3,4,4,1,3,4,1,1,2,2,3,3,3,1,1,0,1,2,1,3,2,2,3,4,2,3,2,2,1,3,0,0,1,4,1,1,3,1,2,3,3,2,3,3,1,3,1,1,4,1,2,3,2,1,0,0,4,2,2,3,3,3,4,3,4,2,3,3,3,3,1,2,1,3,2,4,1,1,0,3,3,3,2,4,3,2,0,1,0,1,4,2,1,3
RBT-18-0030-1_S69,3,4,2,4,4,1,1,4,3,3,4,1,4,1,2,2,3,3,4,1,2,4,2,2,1,2,3,4,4,1,3,4,2,3,2,4,4,3,3,1,1,2,3,1,2,1,3,2,2,3,4,2,2,3,2,2,2,3,0,0,1,4,2,3,3,1,2,3,3,1,3,3,4,3,3,1,4,3,2,3,2,3,0,1,4,2,2,0,3,3,4,3,4,2,3,3,3,3,1,2,1,3,3,4,1,1,3,3,3,2,3,2,4,3,2,4,1,4,1,0,1,3,3,4,2,4,4,1,1,4,3,4,1,4,1,2,2,3,3,4,1,2,4,2,1,2,3,4,4,1,3,4,2,3,2,4,4,3,3,1,1,3,1,2,1,3,2,2,3,4,2,3,2,2,2,3,0,0,1,4,2,3,3,1,2,3,3,1,3,3,4,3,3,1,4,3,2,3,2,3,0,1,4,2,2,0,3,3,4,3,4,2,3,3,3,3,1,2,1,3,3,4,1,1,3,3,3,3,2,4,3,2,4,1,4,1,0,1,3,3,3,4,2,2,4,4,1,1,4,3,3,4,1,4,1,2,2,3,3,4,1,2,4,2,2,1,2,3,4,4,1,3,4,4,2,3,2,4,4,3,3,1,3,1,2,3,1,3,2,1,3,2,2,3,4,2,2,3,2,2,2,3,0,0,1,4,1,2,3,3,1,2,3,3,1,3,3,4,2,3,2,3,1,4,3,2,3,4,2,2,3,0,3,1,4,2,2,0,3,3,4,3,4,2,3,3,3,3,3,1,2,1,3,3,4,1,1,3,3,3,3,2,3,2,4,3,2,4,1,4,1,1,4,0,3,0,0,1,3,3,1,3,4,2,4,4,1,1,4,3,3,4,1,4,1,2,2,3,3,4,1,2,4,2,1,2,3,4,4,1,3,4,2,3,2,4,4,3,3,1,1,3,1,2,1,3,2,2,3,4,2,3,2,2,2,3,0,0,1,4,2,3,3,1,2,3,3,1,3,3,4,3,3,1,4,3,2,3,2,3,0,1,4,2,2,0,3,3,4,3,4,2,3,3,3,3,1,2,1,3,3,4,1,1,3,3,3,3,2,4,3,2,4,1,4,1,4,0,1,3
RBT-18-0042-1_S60,3,1,2,4,1,1,1,2,2,3,3,1,4,1,4,2,3,3,4,1,2,3,2,2,1,2,3,4,4,1,3,3,1,1,2,4,3,3,1,1,1,0,3,1,2,1,3,2,2,3,4,2,2,3,2,2,1,3,0,1,1,4,2,1,3,1,2,3,3,2,3,3,1,3,3,1,4,3,2,3,1,1,1,0,4,2,2,0,3,3,4,3,4,2,3,3,3,2,1,2,1,3,3,2,1,1,0,3,3,0,3,2,4,3,2,0,1,0,1,2,1,0,3,1,2,4,1,1,1,2,2,3,1,4,1,4,2,3,3,4,1,2,3,2,1,2,3,4,4,1,3,3,1,1,2,4,3,3,1,1,1,3,1,2,1,3,2,2,3,4,2,3,2,2,1,3,0,1,1,4,2,1,3,1,2,3,3,2,3,3,1,3,3,1,4,3,2,3,1,1,1,0,4,2,2,0,3,3,4,3,4,2,3,3,3,2,1,2,1,3,3,2,1,1,0,3,3,3,2,4,3,2,0,1,0,1,2,1,0,3,3,1,2,2,4,1,1,1,2,2,3,3,1,4,1,4,2,3,3,4,1,2,3,2,2,1,2,3,4,4,1,3,4,3,1,1,2,4,3,3,1,1,3,1,0,3,1,3,2,1,3,2,2,3,4,2,2,3,2,2,1,3,0,1,1,4,1,2,1,3,1,2,3,3,2,3,3,1,2,3,2,3,1,4,3,2,3,3,1,2,1,1,3,0,4,2,2,0,3,3,4,3,4,2,3,3,3,3,2,1,2,1,3,3,2,1,1,0,3,3,0,0,3,2,4,3,2,0,1,0,1,1,4,1,3,1,2,1,0,3,1,3,1,2,4,1,1,1,2,2,3,3,1,4,1,4,2,3,3,4,1,2,3,2,1,2,3,4,4,1,3,3,1,1,2,4,3,3,1,1,1,3,1,2,1,3,2,2,3,4,2,3,2,2,1,3,0,1,1,4,2,1,3,1,2,3,3,2,3,3,1,3,3,1,4,3,2,3,1,1,1,0,4,2,2,0,3,3,4,3,4,2,3,3,3,2,1,2,1,3,3,2,1,1,0,3,3,3,2,4,3,2,0,1,0,1,4,2,1,0
RBT-18-0045-1_S70,4,0,0,0,0,0,1,2,0,0,4,0,4,1,0,0,0,0,0,1,2,3,2,0,0,0,0,0,0,0,0,0,0,0,0,0,3,3,0,1,1,0,0,1,2,0,3,2,2,3,4,2,0,3,2,2,1,3,2,1,0,0,0,0,0,0,0,0,0,0,0,0,0,0,0,0,0,0,2,3,0,0,0,1,0,2,0,3,0,0,0,0,0,0,0,0,0,0,0,0,0,0,0,2,0,0,0,3,3,2,4,4,3,3,1,4,1,4,4,2,3,3,4,0,0,0,0,0,1,2,0,4,0,4,1,0,0,0,0,0,1,2,3,2,0,0,0,0,0,0,0,0,0,0,0,0,3,3,0,1,1,0,1,2,0,3,2,2,3,4,2,3,2,2,1,3,2,1,0,0,0,0,0,0,0,0,0,0,0,0,0,0,0,0,0,0,2,3,0,0,0,1,0,2,0,3,0,0,0,0,0,0,0,0,0,0,0,0,0,0,0,2,0,0,0,3,3,4,4,3,3,1,4,1,4,4,2,3,3,3,4,0,0,0,0,0,0,1,2,0,0,4,0,4,1,0,0,0,0,0,1,2,3,2,0,0,0,0,0,0,0,0,4,0,0,0,0,0,3,3,0,1,3,1,0,0,1,3,2,0,3,2,2,3,4,2,0,3,2,2,1,3,2,1,0,0,0,0,0,0,0,0,0,0,0,0,0,0,2,0,2,0,0,0,0,2,3,3,0,2,0,0,0,1,0,2,0,3,0,0,0,0,0,0,0,3,0,0,0,0,0,0,0,0,2,0,0,0,3,3,3,2,4,4,3,3,1,4,1,4,4,1,4,1,3,1,2,3,3,3,1,4,0,0,0,0,0,1,2,0,0,4,0,4,1,0,0,0,0,0,1,2,3,2,0,0,0,0,0,0,0,0,0,0,0,0,3,3,0,1,1,0,1,2,0,3,2,2,3,4,2,3,2,2,1,3,2,1,0,0,0,0,0,0,0,0,0,0,0,0,0,0,0,0,0,0,2,3,0,0,0,1,0,2,0,3,0,0,0,0,0,0,0,0,0,0,0,0,0,0,0,2,0,0,0,3,3,4,4,3,3,1,4,1,4,4,4,2,3,3
RBT-18-0046-1_S2,0,1,0,0,1,1,1,2,4,3,0,1,4,1,2,2,3,3,1,0,0,3,0,2,0,1,0,4,0,0,0,3,1,0,2,2,3,3,1,1,1,2,3,1,2,1,3,2,2,3,4,2,2,3,2,2,1,3,2,1,1,4,0,3,1,4,2,1,3,1,1,0,1,3,3,1,1,1,2,3,2,1,1,1,4,2,0,3,3,3,4,3,2,2,3,3,3,3,1,2,1,3,2,2,1,1,3,4,3,2,4,4,3,3,1,4,0,4,4,2,3,3,0,1,0,0,1,1,1,2,4,0,1,4,1,2,2,3,3,1,0,0,3,0,0,1,0,4,0,0,0,3,1,0,2,2,3,3,1,1,1,3,1,2,1,3,2,2,3,4,2,3,2,2,1,3,2,1,1,4,0,3,1,4,2,1,3,1,1,0,1,3,3,1,1,1,2,3,2,1,1,1,4,2,0,3,3,3,4,3,2,2,3,3,3,3,1,2,1,3,2,2,1,1,3,4,3,4,4,3,3,1,4,0,4,4,2,3,3,3,0,1,0,1,0,1,1,1,2,4,3,0,1,4,1,2,2,3,3,1,0,0,3,0,2,0,1,0,4,0,0,0,0,3,1,0,2,2,3,3,1,1,3,1,2,3,1,0,2,1,3,2,2,3,4,2,2,3,2,2,1,3,2,1,1,4,1,0,3,1,4,2,1,3,1,1,0,1,2,3,0,3,1,1,1,2,3,3,2,0,1,1,3,1,4,2,0,3,3,3,4,3,2,2,3,3,3,3,3,1,2,1,3,2,2,1,1,3,4,3,3,2,4,4,3,3,1,4,0,4,4,1,4,1,3,1,2,3,3,3,1,0,1,0,0,1,1,1,2,4,3,0,1,4,1,2,2,3,3,1,0,0,3,0,0,1,0,4,0,0,0,3,1,0,2,2,3,3,1,1,1,3,1,2,1,3,2,2,3,4,2,3,2,2,1,3,2,1,1,4,0,3,1,4,2,1,3,1,1,0,1,3,3,1,1,1,2,3,2,1,1,1,4,2,0,3,3,3,4,3,2,2,3,3,3,3,1,2,1,3,2,2,1,1,3,4,3,4,4,3,3,1,4,0,4,4,4,2,3,3
RBT-18-0050-1_S34,3,1,1,4,4,1,3,2,4,3,4,3,4,1,2,2,3,3,1,1,2,3,2,2,1,1,3,4,4,1,3,3,2,3,2,2,4,2,1,1,3,2,0,1,2,1,3,2,2,3,4,2,2,3,2,2,1,3,2,1,0,4,1,1,3,4,2,3,3,2,1,1,1,3,3,1,1,1,2,3,2,1,1,1,1,2,2,3,3,3,4,3,2,2,3,3,3,3,2,2,1,3,2,2,1,1,3,3,3,2,4,4,4,3,1,4,0,0,4,0,3,0,3,1,1,4,4,1,3,2,4,4,3,4,1,2,2,3,3,1,1,2,3,2,1,1,3,4,4,1,3,3,2,3,2,2,4,2,1,1,3,0,1,2,1,3,2,2,3,4,2,3,2,2,1,3,2,1,0,4,1,1,3,4,2,3,3,2,1,1,1,3,3,1,1,1,2,3,2,1,1,1,1,2,2,3,3,3,4,3,2,2,3,3,3,3,2,2,1,3,2,2,1,1,3,3,3,4,4,4,3,1,4,0,0,4,0,3,0,2,3,1,1,2,4,4,1,3,2,4,3,4,3,4,1,2,2,3,3,1,1,2,3,2,2,1,1,3,4,4,1,3,4,3,2,3,2,2,4,2,1,1,3,3,2,0,1,3,2,1,3,2,2,3,4,2,2,3,2,2,1,3,2,1,0,4,1,1,1,3,4,2,3,3,2,1,1,1,2,3,2,3,1,1,1,2,3,4,2,2,1,1,3,1,1,2,2,3,3,3,4,3,2,2,3,3,3,3,3,2,2,1,3,2,2,1,1,3,3,3,3,2,4,4,4,3,1,4,0,0,4,1,4,0,3,1,0,3,0,3,1,3,1,1,4,4,1,3,2,4,3,4,3,4,1,2,2,3,3,1,1,2,3,2,1,1,3,4,4,1,3,3,2,3,2,2,4,2,1,1,3,0,1,2,1,3,2,2,3,4,2,3,2,2,1,3,2,1,0,4,1,1,3,4,2,3,3,2,1,1,1,3,3,1,1,1,2,3,2,1,1,1,1,2,2,3,3,3,4,3,2,2,3,3,3,3,2,2,1,3,2,2,1,1,3,3,3,4,4,4,3,1,4,0,0,4,4,0,3,0
RBT-18-0052-1_S35,3,1,1,4,4,1,3,2,4,3,4,3,4,1,2,2,3,3,1,1,2,3,2,2,1,1,3,4,4,1,3,3,2,3,2,2,4,2,1,1,3,2,0,1,2,1,3,2,2,3,4,2,2,3,2,2,1,3,2,1,0,4,1,1,3,4,2,3,3,2,1,1,1,3,3,1,1,1,2,3,2,1,1,1,1,2,2,3,3,3,4,3,2,2,3,3,3,3,2,2,1,3,2,2,1,1,3,3,3,2,4,4,4,3,1,4,0,0,4,0,3,0,3,1,1,4,4,1,3,2,4,4,3,4,1,2,2,3,3,1,1,2,3,2,1,1,3,4,4,1,3,3,2,3,2,2,4,2,1,1,3,0,1,2,1,3,2,2,3,4,2,3,2,2,1,3,2,1,0,4,1,1,3,4,2,3,3,2,1,1,1,3,3,1,1,1,2,3,2,1,1,1,1,2,2,3,3,3,4,3,2,2,3,3,3,3,2,2,1,3,2,2,1,1,3,3,3,4,4,4,3,1,4,0,0,4,0,3,0,2,3,1,1,2,4,4,1,3,2,4,3,4,3,4,1,2,2,3,3,1,1,2,3,2,2,1,1,3,4,4,1,3,4,3,2,3,2,2,4,2,1,1,3,3,2,0,1,3,2,1,3,2,2,3,4,2,2,3,2,2,1,3,2,1,0,4,1,1,1,3,4,2,3,3,2,1,1,1,2,3,2,3,1,1,1,2,3,4,2,2,1,1,3,1,1,2,2,3,3,3,4,3,2,2,3,3,3,3,3,2,2,1,3,2,2,1,1,3,3,3,3,2,4,4,4,3,1,4,0,0,4,1,4,0,3,1,0,3,0,3,1,3,1,1,4,4,1,3,2,4,3,4,3,4,1,2,2,3,3,1,1,2,3,2,1,1,3,4,4,1,3,3,2,3,2,2,4,2,1,1,3,0,1,2,1,3,2,2,3,4,2,3,2,2,1,3,2,1,0,4,1,1,3,4,2,3,3,2,1,1,1,3,3,1,1,1,2,3,2,1,1,1,1,2,2,3,3,3,4,3,2,2,3,3,3,3,2,2,1,3,2,2,1,1,3,3,3,4,4,4,3,1,4,0,0,4,4,0,3,0
RBT-18-0053-1_S36,1,1,1,4,1,1,1,2,2,3,3,1,4,1,2,2,3,3,1,1,2,3,1,1,1,1,3,4,4,1,3,3,1,1,1,2,3,2,1,2,3,2,3,1,2,1,3,2,2,3,4,2,2,3,2,2,1,3,2,1,4,1,1,3,1,4,1,1,2,1,1,1,1,3,1,3,1,1,1,3,1,1,1,1,1,2,2,3,1,2,2,2,2,2,3,3,1,2,1,1,1,3,2,2,1,3,3,4,0,2,4,4,3,0,1,4,4,4,4,2,3,3,1,1,1,4,1,1,1,2,2,3,1,4,1,2,2,3,3,1,1,2,3,1,1,1,3,4,4,1,3,3,1,1,1,2,3,2,1,2,3,3,1,2,1,3,2,2,3,4,2,3,2,2,1,3,2,1,4,1,1,3,1,4,1,1,2,1,1,1,1,3,1,3,1,1,1,3,1,1,1,1,1,2,2,3,1,2,2,2,2,2,3,3,1,2,1,1,1,3,2,2,1,3,3,4,0,4,4,3,0,1,4,4,4,4,2,3,3,0,1,1,1,1,4,1,1,1,2,2,3,3,1,4,1,2,2,3,3,1,1,2,3,1,1,1,1,3,4,4,1,3,1,3,1,1,1,2,3,2,1,2,0,3,2,3,1,3,2,1,3,2,2,3,4,2,2,3,2,2,1,3,2,1,4,1,4,1,3,1,4,1,1,2,1,1,1,1,0,3,2,1,3,1,1,1,3,0,1,2,1,1,0,1,1,2,2,3,1,2,2,2,2,2,3,0,3,1,2,1,1,1,3,2,2,1,3,3,4,0,3,2,4,4,3,0,1,4,4,4,4,0,0,1,0,1,2,3,3,0,0,1,1,1,4,1,1,1,2,2,3,3,1,4,1,2,2,3,3,1,1,2,3,1,1,1,3,4,4,1,3,3,1,1,1,2,3,2,1,2,3,3,1,2,1,3,2,2,3,4,2,3,2,2,1,3,2,1,4,1,1,3,1,4,1,1,2,1,1,1,1,3,1,3,1,1,1,3,1,1,1,1,1,2,2,3,1,2,2,2,2,2,3,3,1,2,1,1,1,3,2,2,1,3,3,4,0,4,4,3,0,1,4,4,4,4,0,2,3,3
RBT-18-0056-1_S37,3,1,2,4,1,1,1,2,2,3,3,1,4,1,4,2,3,3,4,1,2,3,2,2,1,2,3,4,4,1,3,3,1,1,2,4,3,3,1,1,1,0,3,1,2,1,3,2,2,3,4,2,2,3,2,2,1,3,0,1,1,4,2,1,3,1,2,3,3,2,3,3,1,3,3,1,4,3,2,3,1,1,1,0,4,2,2,0,3,3,4,3,4,2,3,3,3,2,1,2,1,3,3,2,1,1,0,3,3,0,3,2,4,3,2,0,1,0,1,2,1,0,3,1,2,4,1,1,1,2,2,3,1,4,1,4,2,3,3,4,1,2,3,2,1,2,3,4,4,1,3,3,1,1,2,4,3,3,1,1,1,3,1,2,1,3,2,2,3,4,2,3,2,2,1,3,0,1,1,4,2,1,3,1,2,3,3,2,3,3,1,3,3,1,4,3,2,3,1,1,1,0,4,2,2,0,3,3,4,3,4,2,3,3,3,2,1,2,1,3,3,2,1,1,0,3,3,3,2,4,3,2,0,1,0,1,2,1,0,3,3,1,2,2,4,1,1,1,2,2,3,3,1,4,1,4,2,3,3,4,1,2,3,2,2,1,2,3,4,4,1,3,4,3,1,1,2,4,3,3,1,1,3,1,0,3,1,3,2,1,3,2,2,3,4,2,2,3,2,2,1,3,0,1,1,4,1,2,1,3,1,2,3,3,2,3,3,1,2,3,2,3,1,4,3,2,3,3,1,2,1,1,3,0,4,2,2,0,3,3,4,3,4,2,3,3,3,3,2,1,2,1,3,3,2,1,1,0,3,3,0,0,3,2,4,3,2,0,1,0,1,1,4,1,3,1,2,1,0,3,1,3,1,2,4,1,1,1,2,2,3,3,1,4,1,4,2,3,3,4,1,2,3,2,1,2,3,4,4,1,3,3,1,1,2,4,3,3,1,1,1,3,1,2,1,3,2,2,3,4,2,3,2,2,1,3,0,1,1,4,2,1,3,1,2,3,3,2,3,3,1,3,3,1,4,3,2,3,1,1,1,0,4,2,2,0,3,3,4,3,4,2,3,3,3,2,1,2,1,3,3,2,1,1,0,3,3,3,2,4,3,2,0,1,0,1,4,2,1,0
RBT-18-0057-1_S38,0,1,2,4,0,1,1,2,4,0,4,1,4,1,0,2,3,3,1,1,2,3,2,0,0,1,3,4,4,1,3,3,0,0,0,2,0,3,0,1,1,2,0,1,2,1,3,2,2,3,4,2,2,3,2,2,1,3,2,1,1,4,0,0,3,0,0,2,0,2,0,0,1,3,0,0,0,1,2,3,2,3,1,0,4,2,2,3,3,3,4,3,2,2,3,3,0,0,0,0,1,3,0,2,0,0,0,4,3,2,3,4,3,3,1,4,4,4,0,2,3,3,0,1,2,4,0,1,1,2,4,4,1,4,1,0,2,3,3,1,1,2,3,2,0,1,3,4,4,1,3,3,0,0,0,2,0,3,0,1,1,0,1,2,1,3,2,2,3,4,2,3,2,2,1,3,2,1,1,4,0,0,3,0,0,2,0,2,0,0,1,3,0,0,0,1,2,3,2,3,1,0,4,2,2,3,3,3,4,3,2,2,3,3,0,0,0,0,1,3,0,2,0,0,0,4,3,3,4,3,3,1,4,4,4,0,2,3,3,3,0,1,2,2,4,0,1,1,2,4,0,4,1,4,1,0,2,3,3,1,1,2,3,2,0,0,1,3,4,4,1,3,0,3,0,0,0,2,0,3,0,1,3,1,2,0,1,3,2,1,3,2,2,3,4,2,2,3,2,2,1,3,2,1,1,4,0,0,0,3,0,0,2,0,2,0,0,1,2,3,2,0,0,0,1,2,3,3,2,2,3,1,3,0,4,2,2,3,3,3,4,3,2,2,3,3,3,0,0,0,0,1,3,0,2,0,0,0,4,3,3,2,3,4,3,3,1,4,4,4,0,0,0,1,3,1,2,3,3,3,1,0,1,2,4,0,1,1,2,4,0,4,1,4,1,0,2,3,3,1,1,2,3,2,0,1,3,4,4,1,3,3,0,0,0,2,0,3,0,1,1,0,1,2,1,3,2,2,3,4,2,3,2,2,1,3,2,1,1,4,0,0,3,0,0,2,0,2,0,0,1,3,0,0,0,1,2,3,2,3,1,0,4,2,2,3,3,3,4,3,2,2,3,3,0,0,0,0,1,3,0,2,0,0,0,4,3,3,4,3,3,1,4,4,4,0,0,2,3,3
RBT-18-0064-1_S15,0,1,0,0,0,1,1,2,4,0,4,1,4,1,2,2,3,0,1,1,2,3,1,2,1,1,3,4,4,0,0,3,1,3,2,2,3,0,1,2,1,2,3,1,2,0,0,0,2,3,4,2,2,3,2,2,1,3,2,1,1,4,1,3,1,4,2,2,3,0,1,1,1,3,3,1,1,1,2,3,2,1,1,1,4,2,1,3,3,3,4,3,2,2,3,3,3,3,1,2,1,3,2,2,1,1,3,3,3,2,4,4,4,3,1,4,1,4,4,2,3,3,0,1,0,0,0,1,1,2,4,4,1,4,1,2,2,3,0,1,1,2,3,1,1,1,3,4,4,0,0,3,1,3,2,2,3,0,1,2,1,3,1,2,0,0,0,2,3,4,2,3,2,2,1,3,2,1,1,4,1,3,1,4,2,2,3,0,1,1,1,3,3,1,1,1,2,3,2,1,1,1,4,2,1,3,3,3,4,3,2,2,3,3,3,3,1,2,1,3,2,2,1,1,3,3,3,4,4,4,3,1,4,1,4,4,2,3,3,3,0,1,0,0,0,0,1,1,2,4,0,4,1,4,1,2,2,3,0,1,1,2,3,1,2,1,1,3,4,4,0,0,0,3,1,3,2,2,3,0,1,2,3,1,2,3,1,3,2,0,0,0,2,3,4,2,2,3,2,2,1,3,2,1,1,4,1,1,3,1,4,2,2,3,0,1,1,1,2,3,0,3,1,1,1,2,3,3,2,2,1,1,3,1,4,2,1,3,3,3,4,3,2,2,3,3,3,3,3,1,2,1,3,2,2,1,1,3,3,3,3,2,4,4,4,3,1,4,1,4,4,1,4,1,3,1,2,3,3,3,1,0,1,0,0,0,1,1,2,4,0,4,1,4,1,2,2,3,0,1,1,2,3,1,1,1,3,4,4,0,0,3,1,3,2,2,3,0,1,2,1,3,1,2,0,0,0,2,3,4,2,3,2,2,1,3,2,1,1,4,1,3,1,4,2,2,3,0,1,1,1,3,3,1,1,1,2,3,2,1,1,1,4,2,1,3,3,3,4,3,2,2,3,3,3,3,1,2,1,3,2,2,1,1,3,3,3,4,4,4,3,1,4,1,4,4,4,2,3,3
RBT-18-0066-1_S40,3,4,2,4,4,1,1,4,3,3,4,1,4,1,2,2,3,3,4,1,2,4,2,2,1,2,3,4,4,1,3,4,2,3,2,4,4,3,3,1,1,2,0,0,2,1,3,2,2,3,4,2,2,3,2,2,2,3,0,0,1,4,2,3,3,1,2,3,3,1,3,3,4,3,3,1,4,3,2,3,2,3,0,1,4,2,2,0,3,3,4,3,4,2,3,3,3,3,1,2,1,3,3,4,1,1,3,3,3,2,3,2,4,3,2,4,1,4,1,0,1,3,3,4,2,4,4,1,1,4,3,4,1,4,1,2,2,3,3,4,1,2,4,2,1,2,3,4,4,1,3,4,2,3,2,4,4,3,3,1,1,0,0,2,1,3,2,2,3,4,2,3,2,2,2,3,0,0,1,4,2,3,3,1,2,3,3,1,3,3,4,3,3,1,4,3,2,3,2,3,0,1,4,2,2,0,3,3,4,3,4,2,3,3,3,3,1,2,1,3,3,4,1,1,3,3,3,3,2,4,3,2,4,1,4,1,0,1,3,3,3,4,2,2,4,4,1,1,4,3,3,4,1,4,1,2,2,3,3,4,1,2,4,2,2,1,2,3,4,4,1,3,4,4,2,3,2,4,4,3,3,1,3,1,2,0,0,3,2,1,3,2,2,3,4,2,2,3,2,2,2,3,0,0,1,4,1,2,3,3,1,2,3,3,1,3,3,4,2,3,2,3,1,4,3,2,3,4,2,2,3,0,3,1,4,2,2,0,3,3,4,3,4,2,3,3,3,3,3,1,2,1,3,3,4,1,1,3,3,3,3,2,3,2,4,3,2,4,1,4,1,1,4,0,3,0,0,1,3,3,1,3,4,2,4,4,1,1,4,3,3,4,1,4,1,2,2,3,3,4,1,2,4,2,1,2,3,4,4,1,3,4,2,3,2,4,4,3,3,1,1,0,0,2,1,3,2,2,3,4,2,3,2,2,2,3,0,0,1,4,2,3,3,1,2,3,3,1,3,3,4,3,3,1,4,3,2,3,2,3,0,1,4,2,2,0,3,3,4,3,4,2,3,3,3,3,1,2,1,3,3,4,1,1,3,3,3,3,2,4,3,2,4,1,4,1,4,0,1,3
RBT-18-0071-1_S41,0,1,2,4,0,1,1,2,4,0,4,1,4,1,0,2,3,3,1,1,2,3,2,0,1,1,3,4,4,1,3,3,0,0,0,2,0,3,0,1,1,2,0,1,2,1,3,2,2,3,4,2,2,3,2,2,1,3,2,1,1,4,0,0,3,0,0,2,0,2,0,0,1,0,0,0,0,1,2,3,2,3,1,0,4,2,2,3,3,3,4,3,2,2,3,3,0,0,0,0,1,3,0,2,1,1,3,4,3,2,3,4,4,3,1,4,0,4,4,2,0,0,0,1,2,4,0,1,1,2,4,4,1,4,1,0,2,3,3,1,1,2,3,2,1,1,3,4,4,1,3,3,0,0,0,2,0,3,0,1,1,0,1,2,1,3,2,2,3,4,2,3,2,2,1,3,2,1,1,4,0,0,3,0,0,2,0,2,0,0,1,0,0,0,0,1,2,3,2,3,1,0,4,2,2,3,3,3,4,3,2,2,3,3,0,0,0,0,1,3,0,2,1,1,3,4,3,3,4,4,3,1,4,0,4,4,2,0,0,3,0,1,2,2,4,0,1,1,2,4,0,4,1,4,1,0,2,3,3,1,1,2,3,2,0,1,1,3,4,4,1,3,0,3,0,0,0,2,0,3,0,1,3,1,2,0,1,3,2,1,3,2,2,3,4,2,2,3,2,2,1,3,2,1,1,4,0,0,0,3,0,0,2,0,2,0,0,1,2,0,0,0,0,0,1,2,3,3,2,2,3,1,3,0,4,2,2,3,3,3,4,3,2,2,3,3,3,0,0,0,0,1,3,0,2,1,1,3,4,3,3,2,3,4,4,3,1,4,0,4,4,0,4,0,0,1,2,0,0,3,1,0,1,2,4,0,1,1,2,4,0,4,1,4,1,0,2,3,3,1,1,2,3,2,1,1,3,4,4,1,3,3,0,0,0,2,0,3,0,1,1,0,1,2,1,3,2,2,3,4,2,3,2,2,1,3,2,1,1,4,0,0,3,0,0,2,0,2,0,0,1,0,0,0,0,1,2,3,2,3,1,0,4,2,2,3,3,3,4,3,2,2,3,3,0,0,0,0,1,3,0,2,1,1,3,4,3,3,4,4,3,1,4,0,4,4,4,2,0,0
RBT-18-0079-1_S16,3,4,2,4,1,1,1,2,3,3,3,1,4,1,4,2,3,3,1,1,2,3,2,2,1,2,3,4,4,1,3,4,1,1,2,2,3,3,3,1,1,0,0,1,2,1,3,2,2,3,4,2,2,3,2,2,1,3,0,0,1,4,1,1,3,1,2,3,3,2,3,3,1,3,1,1,4,1,2,3,2,1,0,0,4,2,2,3,3,3,4,3,4,2,3,3,3,3,1,2,1,3,2,4,1,1,3,4,3,2,3,4,3,3,1,4,1,0,1,2,1,3,3,4,2,4,1,1,1,2,3,3,1,4,1,4,2,3,3,1,1,2,3,2,1,2,3,4,4,1,3,4,1,1,2,2,3,3,3,1,1,0,1,2,1,3,2,2,3,4,2,3,2,2,1,3,0,0,1,4,1,1,3,1,2,3,3,2,3,3,1,3,1,1,4,1,2,3,2,1,0,0,4,2,2,3,3,3,4,3,4,2,3,3,3,3,1,2,1,3,2,4,1,1,3,4,3,3,4,3,3,1,4,1,0,1,2,1,3,3,3,4,2,1,4,1,1,1,2,3,3,3,1,4,1,4,2,3,3,1,1,2,3,2,2,1,2,3,4,4,1,3,4,4,1,1,2,2,3,3,3,1,3,1,0,0,1,3,2,1,3,2,2,3,4,2,2,3,2,2,1,3,0,0,1,4,1,1,1,3,1,2,3,3,2,3,3,1,2,3,3,1,1,4,1,2,3,4,2,2,1,0,3,0,4,2,2,3,3,3,4,3,4,2,3,3,3,3,3,1,2,1,3,2,4,1,1,3,4,3,3,2,3,4,3,3,1,4,1,0,1,1,4,1,3,0,2,1,3,3,1,3,4,2,4,1,1,1,2,3,3,3,1,4,1,4,2,3,3,1,1,2,3,2,1,2,3,4,4,1,3,4,1,1,2,2,3,3,3,1,1,0,1,2,1,3,2,2,3,4,2,3,2,2,1,3,0,0,1,4,1,1,3,1,2,3,3,2,3,3,1,3,1,1,4,1,2,3,2,1,0,0,4,2,2,3,3,3,4,3,4,2,3,3,3,3,1,2,1,3,2,4,1,1,3,4,3,3,4,3,3,1,4,1,0,1,4,2,1,3
RBT-18-0080-1_S49,3,1,1,4,1,1,1,2,3,0,3,1,0,1,2,2,3,3,4,1,2,3,2,2,1,1,3,4,4,1,3,3,1,3,2,2,3,3,1,2,3,2,3,1,0,1,0,0,2,3,4,2,2,3,2,2,1,3,0,1,1,4,1,3,0,4,2,2,3,1,1,1,1,3,3,1,1,1,0,0,2,1,1,1,4,0,0,3,3,3,4,3,2,2,3,3,3,2,0,2,1,3,3,2,0,1,3,3,3,2,3,4,4,3,0,0,0,4,4,2,3,3,3,1,1,4,1,1,1,2,3,3,1,0,1,2,2,3,3,4,1,2,3,2,1,1,3,4,4,1,3,3,1,3,2,2,3,3,1,2,3,3,1,0,1,0,0,2,3,4,2,3,2,2,1,3,0,1,1,4,1,3,0,4,2,2,3,1,1,1,1,3,3,1,1,1,0,0,2,1,1,1,4,0,0,3,3,3,4,3,2,2,3,3,3,2,0,2,1,3,3,2,0,1,3,3,3,3,4,4,3,0,0,0,4,4,2,3,3,3,3,1,1,1,4,1,1,1,2,3,0,3,1,0,1,2,2,3,3,4,1,2,3,2,2,1,1,3,4,4,1,3,4,3,1,3,2,2,3,3,1,2,3,3,2,3,1,0,0,1,0,0,2,3,4,2,2,3,2,2,1,3,0,1,1,4,1,1,3,0,4,2,2,3,1,1,1,1,2,3,2,3,1,1,1,0,0,3,2,2,1,1,3,1,4,0,0,3,3,3,4,3,2,2,3,3,3,3,2,0,2,1,3,3,2,0,1,3,3,3,3,2,3,4,4,3,0,0,0,4,4,1,4,1,3,1,2,3,3,3,1,3,1,1,4,1,1,1,2,3,0,3,1,0,1,2,2,3,3,4,1,2,3,2,1,1,3,4,4,1,3,3,1,3,2,2,3,3,1,2,3,3,1,0,1,0,0,2,3,4,2,3,2,2,1,3,0,1,1,4,1,3,0,4,2,2,3,1,1,1,1,3,3,1,1,1,0,0,2,1,1,1,4,0,0,3,3,3,4,3,2,2,3,3,3,2,0,2,1,3,3,2,0,1,3,3,3,3,4,4,3,0,0,0,4,4,4,2,3,3
RBT-18-0091-1_S42,3,4,2,4,1,1,1,2,3,3,4,1,4,1,4,2,3,3,4,1,2,3,2,1,1,2,3,4,4,1,3,3,1,1,2,4,3,3,1,1,1,2,3,0,2,1,3,2,2,3,4,2,2,3,2,2,1,3,2,0,1,4,2,3,1,1,2,2,3,1,1,3,4,3,1,1,4,1,2,3,2,3,0,1,4,2,2,0,3,3,4,3,4,2,3,3,3,2,1,2,1,3,2,2,1,1,3,3,3,2,3,2,4,3,2,0,1,4,4,2,1,0,3,4,2,4,1,1,1,2,3,4,1,4,1,4,2,3,3,4,1,2,3,2,1,2,3,4,4,1,3,3,1,1,2,4,3,3,1,1,1,3,0,2,1,3,2,2,3,4,2,3,2,2,1,3,2,0,1,4,2,3,1,1,2,2,3,1,1,3,4,3,1,1,4,1,2,3,2,3,0,1,4,2,2,0,3,3,4,3,4,2,3,3,3,2,1,2,1,3,2,2,1,1,3,3,3,3,2,4,3,2,0,1,4,4,2,1,0,3,3,4,2,1,4,1,1,1,2,3,3,4,1,4,1,4,2,3,3,4,1,2,3,2,1,1,2,3,4,4,1,3,4,3,1,1,2,4,3,3,1,1,3,1,2,3,0,3,2,1,3,2,2,3,4,2,2,3,2,2,1,3,2,0,1,4,1,2,3,1,1,2,2,3,1,1,3,4,2,3,2,1,1,4,1,2,3,3,2,2,3,0,3,1,4,2,2,0,3,3,4,3,4,2,3,3,3,3,2,1,2,1,3,2,2,1,1,3,3,3,3,2,3,2,4,3,2,0,1,4,4,1,4,1,3,0,2,1,0,3,1,3,4,2,4,1,1,1,2,3,3,4,1,4,1,4,2,3,3,4,1,2,3,2,1,2,3,4,4,1,3,3,1,1,2,4,3,3,1,1,1,3,0,2,1,3,2,2,3,4,2,3,2,2,1,3,2,0,1,4,2,3,1,1,2,2,3,1,1,3,4,3,1,1,4,1,2,3,2,3,0,1,4,2,2,0,3,3,4,3,4,2,3,3,3,2,1,2,1,3,2,2,1,1,3,3,3,3,2,4,3,2,0,1,4,4,4,2,1,0
RBT-18-0095-1_S19,3,4,2,4,1,1,1,2,2,3,4,1,4,1,4,2,3,3,1,1,2,3,2,2,1,2,3,4,4,1,3,4,2,3,2,2,3,3,1,1,1,2,3,1,2,1,3,2,2,3,4,2,2,3,2,2,1,3,2,0,1,4,2,1,3,1,2,3,3,2,1,3,1,3,3,1,4,3,2,3,1,1,0,0,4,2,2,0,1,3,4,3,4,2,3,3,3,2,1,2,1,3,2,2,1,1,0,3,3,0,3,2,4,3,2,0,1,4,4,2,3,3,3,4,2,4,1,1,1,2,2,4,1,4,1,4,2,3,3,1,1,2,3,2,1,2,3,4,4,1,3,4,2,3,2,2,3,3,1,1,1,3,1,2,1,3,2,2,3,4,2,3,2,2,1,3,2,0,1,4,2,1,3,1,2,3,3,2,1,3,1,3,3,1,4,3,2,3,1,1,0,0,4,2,2,0,1,3,4,3,4,2,3,3,3,2,1,2,1,3,2,2,1,1,0,3,3,3,2,4,3,2,0,1,4,4,2,3,3,3,3,4,2,2,4,1,1,1,2,2,3,4,1,4,1,4,2,3,3,1,1,2,3,2,2,1,2,3,4,4,1,3,4,4,2,3,2,2,3,3,1,1,3,1,2,3,1,3,2,1,3,2,2,3,4,2,2,3,2,2,1,3,2,0,1,4,1,2,1,3,1,2,3,3,2,1,3,1,2,3,2,3,1,4,3,2,3,3,1,2,1,0,3,0,4,2,2,0,1,3,4,3,4,2,3,3,3,3,2,1,2,1,3,2,2,1,1,0,3,3,0,0,3,2,4,3,2,0,1,4,4,1,4,1,3,1,2,3,3,3,1,3,4,2,4,1,1,1,2,2,3,4,1,4,1,4,2,3,3,1,1,2,3,2,1,2,3,4,4,1,3,4,2,3,2,2,3,3,1,1,1,3,1,2,1,3,2,2,3,4,2,3,2,2,1,3,2,0,1,4,2,1,3,1,2,3,3,2,1,3,1,3,3,1,4,3,2,3,1,1,0,0,4,2,2,0,1,3,4,3,4,2,3,3,3,2,1,2,1,3,2,2,1,1,0,3,3,3,2,4,3,2,0,1,4,4,4,2,3,3
RBT-18-0096-1_S20,3,4,2,4,1,1,1,2,2,3,4,1,4,1,4,2,3,3,1,1,2,3,2,2,1,2,3,4,4,1,3,4,2,3,2,2,3,3,1,1,1,0,0,1,2,1,3,2,2,3,4,2,2,3,2,2,1,3,2,0,1,4,2,1,3,1,2,3,3,2,1,3,1,3,3,1,4,3,2,3,1,1,0,0,4,2,2,0,1,3,4,3,4,2,3,3,3,2,1,2,1,3,2,2,1,1,0,3,3,0,3,2,4,3,2,0,1,4,1,2,1,0,3,4,2,4,1,1,1,2,2,4,1,4,1,4,2,3,3,1,1,2,3,2,1,2,3,4,4,1,3,4,2,3,2,2,3,3,1,1,1,0,1,2,1,3,2,2,3,4,2,3,2,2,1,3,2,0,1,4,2,1,3,1,2,3,3,2,1,3,1,3,3,1,4,3,2,3,1,1,0,0,4,2,2,0,1,3,4,3,4,2,3,3,3,2,1,2,1,3,2,2,1,1,0,3,3,3,2,4,3,2,0,1,4,1,2,1,0,3,3,4,2,2,4,1,1,1,2,2,3,4,1,4,1,4,2,3,3,1,1,2,3,2,2,1,2,3,4,4,1,3,4,4,2,3,2,2,3,3,1,1,3,1,0,0,1,3,2,1,3,2,2,3,4,2,2,3,2,2,1,3,2,0,1,4,1,2,1,3,1,2,3,3,2,1,3,1,2,3,2,3,1,4,3,2,3,3,1,2,1,0,3,0,4,2,2,0,1,3,4,3,4,2,3,3,3,3,2,1,2,1,3,2,2,1,1,0,3,3,0,0,3,2,4,3,2,0,1,4,1,1,4,1,3,0,2,1,0,3,1,3,4,2,4,1,1,1,2,2,3,4,1,4,1,4,2,3,3,1,1,2,3,2,1,2,3,4,4,1,3,4,2,3,2,2,3,3,1,1,1,0,1,2,1,3,2,2,3,4,2,3,2,2,1,3,2,0,1,4,2,1,3,1,2,3,3,2,1,3,1,3,3,1,4,3,2,3,1,1,0,0,4,2,2,0,1,3,4,3,4,2,3,3,3,2,1,2,1,3,2,2,1,1,0,3,3,3,2,4,3,2,0,1,4,1,4,2,1,0
RBT-18-0100-1_S21,0,1,0,0,0,0,1,2,4,0,0,1,4,0,0,0,0,0,1,0,0,3,1,2,0,1,0,0,0,0,0,3,1,3,2,2,3,3,1,1,1,2,3,1,2,0,3,2,2,3,4,2,0,3,2,2,1,0,2,1,1,4,0,3,1,4,2,2,3,1,1,0,1,3,3,1,1,1,2,3,2,1,1,1,4,2,1,3,3,3,4,3,2,0,0,0,0,3,1,2,0,3,2,2,1,1,3,3,3,2,4,4,4,3,1,4,0,4,4,2,3,3,0,1,0,0,0,0,1,2,4,0,1,4,0,0,0,0,0,1,0,0,3,1,0,1,0,0,0,0,0,3,1,3,2,2,3,3,1,1,1,3,1,2,0,3,2,2,3,4,2,3,2,2,1,0,2,1,1,4,0,3,1,4,2,2,3,1,1,0,1,3,3,1,1,1,2,3,2,1,1,1,4,2,1,3,3,3,4,3,2,0,0,0,0,3,1,2,0,3,2,2,1,1,3,3,3,4,4,4,3,1,4,0,4,4,2,3,3,3,0,1,0,1,0,0,0,1,2,4,0,0,1,4,0,0,0,0,0,1,0,0,3,1,2,0,1,0,0,0,0,0,4,3,1,3,2,2,3,3,1,1,3,1,2,3,1,3,2,0,3,2,2,3,4,2,0,3,2,2,1,0,2,1,1,4,1,0,3,1,4,2,2,3,1,1,0,1,2,3,0,3,1,1,1,2,3,3,2,0,1,1,3,1,4,2,1,3,3,3,4,3,2,0,0,3,0,0,3,1,2,0,3,2,2,1,1,3,3,3,3,2,4,4,4,3,1,4,0,4,4,1,4,1,3,1,2,3,3,3,1,0,1,0,0,0,0,1,2,4,0,0,1,4,0,0,0,0,0,1,0,0,3,1,0,1,0,0,0,0,0,3,1,3,2,2,3,3,1,1,1,3,1,2,0,3,2,2,3,4,2,3,2,2,1,0,2,1,1,4,0,3,1,4,2,2,3,1,1,0,1,3,3,1,1,1,2,3,2,1,1,1,4,2,1,3,3,3,4,3,2,0,0,0,0,3,1,2,0,3,2,2,1,1,3,3,3,4,4,4,3,1,4,0,4,4,4,2,3,3
RBT-18-0101-1_S22,3,4,1,4,1,1,1,2,4,3,3,1,4,1,4,2,3,3,1,0,0,3,1,2,1,1,3,4,4,1,3,3,2,3,2,2,4,3,3,1,0,0,0,1,2,1,3,2,2,3,4,2,2,3,2,2,1,3,2,1,1,4,1,1,3,1,2,2,3,1,1,3,1,3,3,1,1,1,0,0,2,0,1,1,4,0,2,3,3,2,2,3,4,2,3,3,3,3,0,2,1,3,3,0,0,1,3,3,3,0,3,4,4,3,1,4,1,4,1,2,0,0,3,4,1,4,1,1,1,2,4,3,1,4,1,4,2,3,3,1,0,0,3,1,1,1,3,4,4,1,3,3,2,3,2,2,4,3,3,1,0,0,1,2,1,3,2,2,3,4,2,3,2,2,1,3,2,1,1,4,1,1,3,1,2,2,3,1,1,3,1,3,3,1,1,1,0,0,2,0,1,1,4,0,2,3,3,2,2,3,4,2,3,3,3,3,0,2,1,3,3,0,0,1,3,3,3,3,4,4,3,1,4,1,4,1,2,0,0,3,3,4,1,0,4,1,1,1,2,4,3,3,1,4,1,4,2,3,3,1,0,0,3,1,2,1,1,3,4,4,1,3,4,3,2,3,2,2,4,3,3,1,0,0,0,0,1,3,2,1,3,2,2,3,4,2,2,3,2,2,1,3,2,1,1,4,1,1,1,3,1,2,2,3,1,1,3,1,0,3,2,3,1,1,1,0,0,3,2,2,0,1,3,1,4,0,2,3,3,2,2,3,4,2,3,3,3,3,3,0,2,1,3,3,0,0,1,3,3,3,0,0,3,4,4,3,1,4,1,4,1,1,4,1,3,1,2,0,0,3,0,3,4,1,4,1,1,1,2,4,3,3,1,4,1,4,2,3,3,1,0,0,3,1,1,1,3,4,4,1,3,3,2,3,2,2,4,3,3,1,0,0,1,2,1,3,2,2,3,4,2,3,2,2,1,3,2,1,1,4,1,1,3,1,2,2,3,1,1,3,1,3,3,1,1,1,0,0,2,0,1,1,4,0,2,3,3,2,2,3,4,2,3,3,3,3,0,2,1,3,3,0,0,1,3,3,3,3,4,4,3,1,4,1,4,1,4,2,0,0
RBT-18-0102-1_S23,3,1,2,4,1,1,1,2,2,3,3,1,4,1,4,2,3,3,4,1,2,3,2,2,1,2,3,4,4,1,3,3,1,1,2,4,3,3,1,1,1,0,3,1,2,1,3,2,2,3,4,2,2,3,2,2,1,3,0,1,1,4,2,1,3,1,2,3,3,2,3,3,1,3,3,1,4,3,2,3,1,1,1,0,4,2,2,0,3,3,4,3,4,2,3,3,3,2,1,2,1,3,3,2,1,1,0,3,3,0,3,2,4,3,2,0,1,0,1,2,1,0,3,1,2,4,1,1,1,2,2,3,1,4,1,4,2,3,3,4,1,2,3,2,1,2,3,4,4,1,3,3,1,1,2,4,3,3,1,1,1,3,1,2,1,3,2,2,3,4,2,3,2,2,1,3,0,1,1,4,2,1,3,1,2,3,3,2,3,3,1,3,3,1,4,3,2,3,1,1,1,0,4,2,2,0,3,3,4,3,4,2,3,3,3,2,1,2,1,3,3,2,1,1,0,3,3,3,2,4,3,2,0,1,0,1,2,1,0,3,3,1,2,2,4,1,1,1,2,2,3,3,1,4,1,4,2,3,3,4,1,2,3,2,2,1,2,3,4,4,1,3,4,3,1,1,2,4,3,3,1,1,3,1,0,3,1,3,2,1,3,2,2,3,4,2,2,3,2,2,1,3,0,1,1,4,1,2,1,3,1,2,3,3,2,3,3,1,2,3,2,3,1,4,3,2,3,3,1,2,1,1,3,0,4,2,2,0,3,3,4,3,4,2,3,3,3,3,2,1,2,1,3,3,2,1,1,0,3,3,0,0,3,2,4,3,2,0,1,0,1,1,4,1,3,1,2,1,0,3,1,3,1,2,4,1,1,1,2,2,3,3,1,4,1,4,2,3,3,4,1,2,3,2,1,2,3,4,4,1,3,3,1,1,2,4,3,3,1,1,1,3,1,2,1,3,2,2,3,4,2,3,2,2,1,3,0,1,1,4,2,1,3,1,2,3,3,2,3,3,1,3,3,1,4,3,2,3,1,1,1,0,4,2,2,0,3,3,4,3,4,2,3,3,3,2,1,2,1,3,3,2,1,1,0,3,3,3,2,4,3,2,0,1,0,1,4,2,1,0
RBT-18-0103-1_S24,3,1,1,4,4,1,3,2,4,3,4,3,4,1,2,2,3,3,1,1,2,3,2,2,1,1,3,4,4,1,3,3,2,3,2,2,4,3,1,1,0,2,3,1,2,1,4,2,2,3,4,2,2,3,2,2,1,3,2,1,0,4,1,1,3,4,2,3,3,2,1,1,1,3,3,1,1,1,2,3,2,1,1,1,1,2,2,3,3,3,4,3,2,2,3,3,3,3,2,2,1,3,2,2,1,1,3,3,3,2,3,4,4,3,1,4,0,4,4,0,3,3,3,1,1,4,4,1,3,2,4,4,3,4,1,2,2,3,3,1,1,2,3,2,1,1,3,4,4,1,3,3,2,3,2,2,4,3,1,1,0,3,1,2,1,4,2,2,3,4,2,3,2,2,1,3,2,1,0,4,1,1,3,4,2,3,3,2,1,1,1,3,3,1,1,1,2,3,2,1,1,1,1,2,2,3,3,3,4,3,2,2,3,3,3,3,2,2,1,3,2,2,1,1,3,3,3,3,4,4,3,1,4,0,4,4,0,3,3,2,3,1,1,2,4,4,1,3,2,4,3,4,3,4,1,2,2,3,3,1,1,2,3,2,2,1,1,3,4,4,1,3,4,3,2,3,2,2,4,3,1,1,3,0,2,3,1,3,2,1,4,2,2,3,4,2,2,3,2,2,1,3,2,1,0,4,1,1,1,3,4,2,3,3,2,1,1,1,2,3,2,3,1,1,1,2,3,4,2,2,1,1,3,1,1,2,2,3,3,3,4,3,2,2,3,3,3,3,3,2,2,1,3,2,2,1,1,3,3,3,3,2,3,4,4,3,1,4,0,4,4,1,4,1,3,1,0,3,3,3,1,3,1,1,4,4,1,3,2,4,3,4,3,4,1,2,2,3,3,1,1,2,3,2,1,1,3,4,4,1,3,3,2,3,2,2,4,3,1,1,0,3,1,2,1,4,2,2,3,4,2,3,2,2,1,3,2,1,0,4,1,1,3,4,2,3,3,2,1,1,1,3,3,1,1,1,2,3,2,1,1,1,1,2,2,3,3,3,4,3,2,2,3,3,3,3,2,2,1,3,2,2,1,1,3,3,3,3,4,4,3,1,4,0,4,4,4,0,3,3
RBT-18-0110-1_S27,0,0,0,0,0,0,0,0,0,0,0,0,0,0,0,0,0,0,0,0,0,0,0,0,0,0,0,0,0,0,0,0,0,0,0,0,0,0,0,2,1,2,3,1,0,0,0,0,0,0,0,0,0,0,0,0,0,0,2,1,0,0,1,3,3,4,0,2,0,0,0,0,1,0,0,0,0,0,0,0,0,0,1,1,0,0,0,3,0,0,0,0,0,0,0,0,0,0,0,0,0,0,0,0,0,1,3,4,3,2,3,4,4,3,1,4,4,4,4,2,3,3,0,0,0,0,0,0,0,0,0,0,0,0,0,0,0,0,0,0,0,0,0,0,0,0,0,0,0,0,0,0,0,0,0,0,0,0,0,2,1,3,1,0,0,0,0,0,0,0,0,0,0,0,0,0,2,1,0,0,1,3,3,4,0,2,0,0,0,0,1,0,0,0,0,0,0,0,0,0,1,1,0,0,0,3,0,0,0,0,0,0,0,0,0,0,0,0,0,0,0,0,0,1,3,4,3,3,4,4,3,1,4,4,4,4,2,3,3,3,0,0,0,0,0,0,0,0,0,0,0,0,0,0,0,0,0,0,0,0,0,0,0,0,0,0,0,0,0,0,0,0,0,0,0,0,0,0,0,0,0,2,3,1,2,3,1,0,0,0,0,0,0,0,0,0,0,0,0,0,0,0,2,1,0,0,0,1,3,3,4,0,2,0,0,0,0,1,2,0,0,0,0,0,0,0,0,3,0,0,0,1,3,1,0,0,0,3,0,0,0,0,0,0,0,3,0,0,0,0,0,0,0,0,0,0,1,3,4,3,3,2,3,4,4,3,1,4,4,4,4,1,4,1,3,1,2,3,3,3,1,0,0,0,0,0,0,0,0,0,0,0,0,0,0,0,0,0,0,0,0,0,0,0,0,0,0,0,0,0,0,0,0,0,0,0,0,0,0,2,1,3,1,0,0,0,0,0,0,0,0,0,0,0,0,0,2,1,0,0,1,3,3,4,0,2,0,0,0,0,1,0,0,0,0,0,0,0,0,0,1,1,0,0,0,3,0,0,0,0,0,0,0,0,0,0,0,0,0,0,0,0,0,1,3,4,3,3,4,4,3,1,4,4,4,4,4,2,3,3
RBT-18-0113-1_S44,3,4,2,4,4,1,1,4,3,3,4,1,4,1,2,2,3,3,4,1,2,4,2,2,1,2,3,4,4,1,3,4,2,3,2,4,4,3,3,1,1,2,0,0,2,1,3,2,2,3,4,2,2,3,2,2,2,3,0,0,1,4,2,3,3,1,2,3,3,1,3,3,4,3,3,1,4,3,2,3,2,3,0,1,4,2,2,0,3,3,4,3,4,2,3,3,3,3,1,2,1,3,3,4,1,1,3,3,3,2,3,2,4,3,2,4,1,4,1,0,1,3,3,4,2,4,4,1,1,4,3,4,1,4,1,2,2,3,3,4,1,2,4,2,1,2,3,4,4,1,3,4,2,3,2,4,4,3,3,1,1,0,0,2,1,3,2,2,3,4,2,3,2,2,2,3,0,0,1,4,2,3,3,1,2,3,3,1,3,3,4,3,3,1,4,3,2,3,2,3,0,1,4,2,2,0,3,3,4,3,4,2,3,3,3,3,1,2,1,3,3,4,1,1,3,3,3,3,2,4,3,2,4,1,4,1,0,1,3,3,3,4,2,2,4,4,1,1,4,3,3,4,1,4,1,2,2,3,3,4,1,2,4,2,2,1,2,3,4,4,1,3,4,4,2,3,2,4,4,3,3,1,3,1,2,0,0,3,2,1,3,2,2,3,4,2,2,3,2,2,2,3,0,0,1,4,1,2,3,3,1,2,3,3,1,3,3,4,2,3,2,3,1,4,3,2,3,4,2,2,3,0,3,1,4,2,2,0,3,3,4,3,4,2,3,3,3,3,3,1,2,1,3,3,4,1,1,3,3,3,3,2,3,2,4,3,2,4,1,4,1,1,4,0,3,0,0,1,3,3,1,3,4,2,4,4,1,1,4,3,3,4,1,4,1,2,2,3,3,4,1,2,4,2,1,2,3,4,4,1,3,4,2,3,2,4,4,3,3,1,1,0,0,2,1,3,2,2,3,4,2,3,2,2,2,3,0,0,1,4,2,3,3,1,2,3,3,1,3,3,4,3,3,1,4,3,2,3,2,3,0,1,4,2,2,0,3,3,4,3,4,2,3,3,3,3,1,2,1,3,3,4,1,1,3,3,3,3,2,4,3,2,4,1,4,1,4,0,1,3
RBT-18-0115-1_S45,3,4,2,4,1,1,1,2,3,3,3,1,4,1,2,2,3,3,4,1,2,3,2,2,1,2,3,4,4,1,3,3,1,1,2,4,4,3,3,1,1,0,3,1,2,1,3,2,2,3,4,2,2,3,2,2,1,3,0,1,1,4,1,1,3,1,2,3,3,1,3,3,4,3,1,1,4,1,2,3,2,1,0,1,4,2,2,3,3,3,4,3,4,2,3,3,3,3,1,2,1,3,3,4,1,1,0,3,3,0,3,4,4,3,2,0,1,0,1,0,1,0,3,4,2,4,1,1,1,2,3,3,1,4,1,2,2,3,3,4,1,2,3,2,1,2,3,4,4,1,3,3,1,1,2,4,4,3,3,1,1,3,1,2,1,3,2,2,3,4,2,3,2,2,1,3,0,1,1,4,1,1,3,1,2,3,3,1,3,3,4,3,1,1,4,1,2,3,2,1,0,1,4,2,2,3,3,3,4,3,4,2,3,3,3,3,1,2,1,3,3,4,1,1,0,3,3,3,4,4,3,2,0,1,0,1,0,1,0,3,3,4,2,1,4,1,1,1,2,3,3,3,1,4,1,2,2,3,3,4,1,2,3,2,2,1,2,3,4,4,1,3,1,3,1,1,2,4,4,3,3,1,3,1,0,3,1,3,2,1,3,2,2,3,4,2,2,3,2,2,1,3,0,1,1,4,4,1,1,3,1,2,3,3,1,3,3,4,2,3,2,1,1,4,1,2,3,4,2,2,1,0,3,1,4,2,2,3,3,3,4,3,4,2,3,3,3,3,3,1,2,1,3,3,4,1,1,0,3,3,0,0,3,4,4,3,2,0,1,0,1,1,4,1,3,0,0,1,0,3,1,3,4,2,4,1,1,1,2,3,3,3,1,4,1,2,2,3,3,4,1,2,3,2,1,2,3,4,4,1,3,3,1,1,2,4,4,3,3,1,1,3,1,2,1,3,2,2,3,4,2,3,2,2,1,3,0,1,1,4,1,1,3,1,2,3,3,1,3,3,4,3,1,1,4,1,2,3,2,1,0,1,4,2,2,3,3,3,4,3,4,2,3,3,3,3,1,2,1,3,3,4,1,1,0,3,3,3,4,4,3,2,0,1,0,1,4,0,1,0
RBT-18-0116-1_S46,0,1,0,4,1,1,1,2,0,0,4,1,0,1,2,2,3,0,1,1,2,3,1,0,0,1,3,0,0,0,0,3,1,0,2,2,3,3,1,2,1,2,3,1,2,0,3,2,2,3,0,0,0,3,2,2,0,3,2,1,1,4,0,3,3,4,2,0,3,0,0,0,1,3,3,1,1,1,2,3,2,1,1,1,4,2,0,3,3,3,4,3,2,2,3,0,3,3,1,2,1,3,2,2,1,1,3,4,3,2,3,4,4,3,1,4,1,4,4,2,3,3,0,1,0,4,1,1,1,2,0,4,1,0,1,2,2,3,0,1,1,2,3,1,0,1,3,0,0,0,0,3,1,0,2,2,3,3,1,2,1,3,1,2,0,3,2,2,3,0,0,3,2,2,0,3,2,1,1,4,0,3,3,4,2,0,3,0,0,0,1,3,3,1,1,1,2,3,2,1,1,1,4,2,0,3,3,3,4,3,2,2,3,0,3,3,1,2,1,3,2,2,1,1,3,4,3,3,4,4,3,1,4,1,4,4,2,3,3,3,0,1,0,0,4,1,1,1,2,0,0,4,1,0,1,2,2,3,0,1,1,2,3,1,0,0,1,3,0,0,0,0,0,3,1,0,2,2,3,3,1,2,3,1,2,3,1,3,2,0,3,2,2,3,0,0,0,3,2,2,0,3,2,1,1,4,0,0,3,3,4,2,0,3,0,0,0,1,2,3,2,3,1,1,1,2,3,3,2,0,1,1,3,1,4,2,0,3,3,3,4,3,2,2,3,3,0,3,3,1,2,1,3,2,2,1,1,3,4,3,3,2,3,4,4,3,1,4,1,4,4,1,4,1,3,1,2,3,3,3,1,0,1,0,4,1,1,1,2,0,0,4,1,0,1,2,2,3,0,1,1,2,3,1,0,1,3,0,0,0,0,3,1,0,2,2,3,3,1,2,1,3,1,2,0,3,2,2,3,0,0,3,2,2,0,3,2,1,1,4,0,3,3,4,2,0,3,0,0,0,1,3,3,1,1,1,2,3,2,1,1,1,4,2,0,3,3,3,4,3,2,2,3,0,3,3,1,2,1,3,2,2,1,1,3,4,3,3,4,4,3,1,4,1,4,4,4,2,3,3
RBT-18-0120-1_S48,0,1,0,0,0,0,1,2,4,0,0,1,4,0,0,0,0,0,1,0,0,3,1,2,0,1,0,0,0,0,0,3,1,3,2,2,3,3,1,1,1,2,3,1,2,0,3,2,2,3,4,2,0,3,2,2,1,0,2,1,1,4,0,3,1,4,2,2,3,1,1,0,1,3,3,1,1,1,2,3,2,1,1,1,4,2,1,3,3,3,4,3,2,0,0,0,0,3,1,2,0,3,2,2,1,1,3,3,3,2,4,4,4,3,1,4,0,4,4,2,3,3,0,1,0,0,0,0,1,2,4,0,1,4,0,0,0,0,0,1,0,0,3,1,0,1,0,0,0,0,0,3,1,3,2,2,3,3,1,1,1,3,1,2,0,3,2,2,3,4,2,3,2,2,1,0,2,1,1,4,0,3,1,4,2,2,3,1,1,0,1,3,3,1,1,1,2,3,2,1,1,1,4,2,1,3,3,3,4,3,2,0,0,0,0,3,1,2,0,3,2,2,1,1,3,3,3,4,4,4,3,1,4,0,4,4,2,3,3,3,0,1,0,1,0,0,0,1,2,4,0,0,1,4,0,0,0,0,0,1,0,0,3,1,2,0,1,0,0,0,0,0,4,3,1,3,2,2,3,3,1,1,3,1,2,3,1,3,2,0,3,2,2,3,4,2,0,3,2,2,1,0,2,1,1,4,1,0,3,1,4,2,2,3,1,1,0,1,2,3,0,3,1,1,1,2,3,3,2,0,1,1,3,1,4,2,1,3,3,3,4,3,2,0,0,3,0,0,3,1,2,0,3,2,2,1,1,3,3,3,3,2,4,4,4,3,1,4,0,4,4,1,4,1,3,1,2,3,3,3,1,0,1,0,0,0,0,1,2,4,0,0,1,4,0,0,0,0,0,1,0,0,3,1,0,1,0,0,0,0,0,3,1,3,2,2,3,3,1,1,1,3,1,2,0,3,2,2,3,4,2,3,2,2,1,0,2,1,1,4,0,3,1,4,2,2,3,1,1,0,1,3,3,1,1,1,2,3,2,1,1,1,4,2,1,3,3,3,4,3,2,0,0,0,0,3,1,2,0,3,2,2,1,1,3,3,3,4,4,4,3,1,4,0,4,4,4,2,3,3
RBT-18-0121-1_S28,3,2,2,4,1,1,1,2,3,3,4,1,4,1,4,2,3,3,4,1,2,4,2,2,1,1,3,4,4,1,3,3,1,3,2,2,3,3,3,1,1,0,3,1,2,1,3,2,2,3,4,2,2,3,2,2,1,3,0,0,1,4,2,1,1,4,2,3,3,1,1,3,1,3,3,1,4,1,2,3,2,3,1,1,4,2,2,0,3,2,4,3,4,2,3,3,3,3,1,2,1,3,3,4,1,1,0,3,3,0,3,2,4,3,2,0,1,0,1,2,1,0,3,2,2,4,1,1,1,2,3,4,1,4,1,4,2,3,3,4,1,2,4,2,1,1,3,4,4,1,3,3,1,3,2,2,3,3,3,1,1,3,1,2,1,3,2,2,3,4,2,3,2,2,1,3,0,0,1,4,2,1,1,4,2,3,3,1,1,3,1,3,3,1,4,1,2,3,2,3,1,1,4,2,2,0,3,2,4,3,4,2,3,3,3,3,1,2,1,3,3,4,1,1,0,3,3,3,2,4,3,2,0,1,0,1,2,1,0,3,3,2,2,2,4,1,1,1,2,3,3,4,1,4,1,4,2,3,3,4,1,2,4,2,2,1,1,3,4,4,1,3,4,3,1,3,2,2,3,3,3,1,3,1,0,3,1,3,2,1,3,2,2,3,4,2,2,3,2,2,1,3,0,0,1,4,1,2,1,1,4,2,3,3,1,1,3,1,2,3,2,3,1,4,1,2,3,3,2,2,3,1,3,1,4,2,2,0,3,2,4,3,4,2,3,3,3,3,3,1,2,1,3,3,4,1,1,0,3,3,0,0,3,2,4,3,2,0,1,0,1,1,4,1,3,1,2,1,0,3,1,3,2,2,4,1,1,1,2,3,3,4,1,4,1,4,2,3,3,4,1,2,4,2,1,1,3,4,4,1,3,3,1,3,2,2,3,3,3,1,1,3,1,2,1,3,2,2,3,4,2,3,2,2,1,3,0,0,1,4,2,1,1,4,2,3,3,1,1,3,1,3,3,1,4,1,2,3,2,3,1,1,4,2,2,0,3,2,4,3,4,2,3,3,3,3,1,2,1,3,3,4,1,1,0,3,3,3,2,4,3,2,0,1,0,1,4,2,1,0
RBT-18-0122-1_S63,0,1,1,0,1,0,1,2,0,0,0,1,4,1,0,2,3,0,1,1,2,3,1,2,0,1,3,4,4,0,0,3,1,0,2,2,3,3,1,2,1,0,3,1,2,1,3,0,2,3,4,2,0,3,2,2,1,0,2,1,1,4,1,3,1,4,2,2,3,1,1,1,1,3,0,1,1,1,0,0,2,1,1,1,4,2,0,3,3,3,4,3,2,2,3,0,3,3,1,2,0,3,2,2,1,1,3,3,3,2,4,4,4,3,1,4,1,4,4,2,3,3,0,1,1,0,1,0,1,2,0,0,1,4,1,0,2,3,0,1,1,2,3,1,0,1,3,4,4,0,0,3,1,0,2,2,3,3,1,2,1,3,1,2,1,3,0,2,3,4,2,3,2,2,1,0,2,1,1,4,1,3,1,4,2,2,3,1,1,1,1,3,0,1,1,1,0,0,2,1,1,1,4,2,0,3,3,3,4,3,2,2,3,0,3,3,1,2,0,3,2,2,1,1,3,3,3,4,4,4,3,1,4,1,4,4,2,3,3,3,0,1,1,0,0,1,0,1,2,0,0,0,1,4,1,0,2,3,0,1,1,2,3,1,2,0,1,3,4,4,0,0,0,3,1,0,2,2,3,3,1,2,3,1,0,3,1,0,2,1,3,0,2,3,4,2,0,3,2,2,1,0,2,1,1,4,1,1,3,1,4,2,2,3,1,1,1,1,2,3,0,0,1,1,1,0,0,3,2,2,1,1,3,1,4,2,0,3,3,3,4,3,2,2,3,3,0,3,3,1,2,0,3,2,2,1,1,3,3,3,3,2,4,4,4,3,1,4,1,4,4,1,4,1,3,1,2,3,3,3,1,0,1,1,0,1,0,1,2,0,0,0,1,4,1,0,2,3,0,1,1,2,3,1,0,1,3,4,4,0,0,3,1,0,2,2,3,3,1,2,1,3,1,2,1,3,0,2,3,4,2,3,2,2,1,0,2,1,1,4,1,3,1,4,2,2,3,1,1,1,1,3,0,1,1,1,0,0,2,1,1,1,4,2,0,3,3,3,4,3,2,2,3,0,3,3,1,2,0,3,2,2,1,1,3,3,3,4,4,4,3,1,4,1,4,4,4,2,3,3
RBT-18-0125-1_S50,3,4,2,4,1,1,1,2,3,3,3,1,4,1,2,2,3,3,1,1,2,4,2,2,1,1,3,4,4,1,3,4,1,3,2,4,3,3,1,2,1,0,0,1,2,1,3,2,2,3,4,2,2,3,2,2,1,3,2,0,1,4,2,1,3,1,2,3,3,2,3,3,1,3,1,1,4,1,2,3,2,1,1,1,4,2,2,0,3,2,4,3,4,2,3,3,3,3,1,2,1,3,2,2,1,1,0,3,3,2,3,2,4,3,2,0,1,0,1,0,1,3,3,4,2,4,1,1,1,2,3,3,1,4,1,2,2,3,3,1,1,2,4,2,1,1,3,4,4,1,3,4,1,3,2,4,3,3,1,2,1,0,1,2,1,3,2,2,3,4,2,3,2,2,1,3,2,0,1,4,2,1,3,1,2,3,3,2,3,3,1,3,1,1,4,1,2,3,2,1,1,1,4,2,2,0,3,2,4,3,4,2,3,3,3,3,1,2,1,3,2,2,1,1,0,3,3,3,2,4,3,2,0,1,0,1,0,1,3,3,3,4,2,1,4,1,1,1,2,3,3,3,1,4,1,2,2,3,3,1,1,2,4,2,2,1,1,3,4,4,1,3,4,4,1,3,2,4,3,3,1,2,3,1,0,0,1,3,2,1,3,2,2,3,4,2,2,3,2,2,1,3,2,0,1,4,1,2,1,3,1,2,3,3,2,3,3,1,2,3,2,1,1,4,1,2,3,3,2,2,1,1,3,1,4,2,2,0,3,2,4,3,4,2,3,3,3,3,3,1,2,1,3,2,2,1,1,0,3,3,3,2,3,2,4,3,2,0,1,0,1,1,4,1,3,1,0,1,3,3,1,3,4,2,4,1,1,1,2,3,3,3,1,4,1,2,2,3,3,1,1,2,4,2,1,1,3,4,4,1,3,4,1,3,2,4,3,3,1,2,1,0,1,2,1,3,2,2,3,4,2,3,2,2,1,3,2,0,1,4,2,1,3,1,2,3,3,2,3,3,1,3,1,1,4,1,2,3,2,1,1,1,4,2,2,0,3,2,4,3,4,2,3,3,3,3,1,2,1,3,2,2,1,1,0,3,3,3,2,4,3,2,0,1,0,1,4,0,1,3
RBT-18-0127-1_S51,3,1,1,4,4,1,3,2,4,3,4,3,4,1,2,2,3,3,1,1,2,3,2,2,1,1,3,4,4,1,3,3,2,3,2,2,4,3,1,2,1,0,3,1,2,1,3,2,2,3,4,2,2,3,2,2,1,3,2,1,0,4,1,1,3,4,2,3,3,2,1,1,1,3,3,1,1,1,2,3,2,1,1,1,1,2,2,3,3,3,4,3,2,2,3,3,3,3,2,2,1,3,2,2,1,1,3,3,3,2,4,4,4,3,1,4,0,0,4,0,3,0,3,1,1,4,4,1,3,2,4,4,3,4,1,2,2,3,3,1,1,2,3,2,1,1,3,4,4,1,3,3,2,3,2,2,4,3,1,2,1,3,1,2,1,3,2,2,3,4,2,3,2,2,1,3,2,1,0,4,1,1,3,4,2,3,3,2,1,1,1,3,3,1,1,1,2,3,2,1,1,1,1,2,2,3,3,3,4,3,2,2,3,3,3,3,2,2,1,3,2,2,1,1,3,3,3,4,4,4,3,1,4,0,0,4,0,3,0,2,3,1,1,2,4,4,1,3,2,4,3,4,3,4,1,2,2,3,3,1,1,2,3,2,2,1,1,3,4,4,1,3,4,3,2,3,2,2,4,3,1,2,3,1,0,3,1,3,2,1,3,2,2,3,4,2,2,3,2,2,1,3,2,1,0,4,1,1,1,3,4,2,3,3,2,1,1,1,2,3,2,3,1,1,1,2,3,4,2,2,1,1,3,1,1,2,2,3,3,3,4,3,2,2,3,3,3,3,3,2,2,1,3,2,2,1,1,3,3,3,3,2,4,4,4,3,1,4,0,0,4,1,4,0,3,1,0,3,0,3,1,3,1,1,4,4,1,3,2,4,3,4,3,4,1,2,2,3,3,1,1,2,3,2,1,1,3,4,4,1,3,3,2,3,2,2,4,3,1,2,1,3,1,2,1,3,2,2,3,4,2,3,2,2,1,3,2,1,0,4,1,1,3,4,2,3,3,2,1,1,1,3,3,1,1,1,2,3,2,1,1,1,1,2,2,3,3,3,4,3,2,2,3,3,3,3,2,2,1,3,2,2,1,1,3,3,3,4,4,4,3,1,4,0,0,4,4,0,3,0
RBT-18-0129-1_S52,0,1,1,4,1,1,1,0,4,3,3,1,4,1,4,2,3,3,4,1,2,3,1,2,1,1,3,4,4,1,3,3,2,3,2,2,3,3,1,0,0,0,3,1,2,1,3,2,2,3,4,2,2,3,2,2,1,3,2,1,1,4,1,3,3,4,2,3,3,2,1,3,1,3,3,1,1,1,0,0,2,0,0,1,4,2,2,3,3,2,4,3,2,2,3,3,3,3,0,2,1,3,3,0,0,1,3,3,3,2,3,2,4,3,1,4,1,4,1,2,3,3,0,1,1,4,1,1,1,0,4,3,1,4,1,4,2,3,3,4,1,2,3,1,1,1,3,4,4,1,3,3,2,3,2,2,3,3,1,0,0,3,1,2,1,3,2,2,3,4,2,3,2,2,1,3,2,1,1,4,1,3,3,4,2,3,3,2,1,3,1,3,3,1,1,1,0,0,2,0,0,1,4,2,2,3,3,2,4,3,2,2,3,3,3,3,0,2,1,3,3,0,0,1,3,3,3,3,2,4,3,1,4,1,4,1,2,3,3,3,0,1,1,2,4,1,1,1,0,4,3,3,1,4,1,4,2,3,3,4,1,2,3,1,2,1,1,3,4,4,1,3,4,3,2,3,2,2,3,3,1,0,3,0,0,3,1,3,2,1,3,2,2,3,4,2,2,3,2,2,1,3,2,1,1,4,1,1,3,3,4,2,3,3,2,1,3,1,2,3,2,3,1,1,1,0,0,3,2,2,0,0,3,1,4,2,2,3,3,2,4,3,2,2,3,3,3,3,3,0,2,1,3,3,0,0,1,3,3,3,3,2,3,2,4,3,1,4,1,4,1,1,4,1,3,1,2,3,3,3,1,0,1,1,4,1,1,1,0,4,3,3,1,4,1,4,2,3,3,4,1,2,3,1,1,1,3,4,4,1,3,3,2,3,2,2,3,3,1,0,0,3,1,2,1,3,2,2,3,4,2,3,2,2,1,3,2,1,1,4,1,3,3,4,2,3,3,2,1,3,1,3,3,1,1,1,0,0,2,0,0,1,4,2,2,3,3,2,4,3,2,2,3,3,3,3,0,2,1,3,3,0,0,1,3,3,3,3,2,4,3,1,4,1,4,1,4,2,3,3
RBT-18-0133-1_S30,3,1,2,4,1,1,1,2,3,3,3,1,4,1,2,2,3,3,4,1,2,3,2,2,1,2,3,4,4,1,3,4,1,3,2,2,3,3,3,1,1,0,3,1,2,1,3,2,2,3,4,2,2,3,2,2,1,3,2,0,1,4,1,1,3,1,2,1,3,1,3,3,1,3,1,1,4,1,2,3,1,1,1,1,4,2,2,0,1,3,4,3,4,2,3,3,3,2,1,2,1,3,2,4,1,1,0,3,3,0,3,2,4,3,2,4,1,0,1,2,1,3,3,1,2,4,1,1,1,2,3,3,1,4,1,2,2,3,3,4,1,2,3,2,1,2,3,4,4,1,3,4,1,3,2,2,3,3,3,1,1,3,1,2,1,3,2,2,3,4,2,3,2,2,1,3,2,0,1,4,1,1,3,1,2,1,3,1,3,3,1,3,1,1,4,1,2,3,1,1,1,1,4,2,2,0,1,3,4,3,4,2,3,3,3,2,1,2,1,3,2,4,1,1,0,3,3,3,2,4,3,2,4,1,0,1,2,1,3,3,3,1,2,2,4,1,1,1,2,3,3,3,1,4,1,2,2,3,3,4,1,2,3,2,2,1,2,3,4,4,1,3,4,4,1,3,2,2,3,3,3,1,3,1,0,3,1,3,2,1,3,2,2,3,4,2,2,3,2,2,1,3,2,0,1,4,1,1,1,3,1,2,1,3,1,3,3,1,2,3,2,1,1,4,1,2,3,3,1,2,1,1,3,1,4,2,2,0,1,3,4,3,4,2,3,3,3,3,2,1,2,1,3,2,4,1,1,0,3,3,0,0,3,2,4,3,2,4,1,0,1,1,4,0,3,1,2,1,3,3,1,3,1,2,4,1,1,1,2,3,3,3,1,4,1,2,2,3,3,4,1,2,3,2,1,2,3,4,4,1,3,4,1,3,2,2,3,3,3,1,1,3,1,2,1,3,2,2,3,4,2,3,2,2,1,3,2,0,1,4,1,1,3,1,2,1,3,1,3,3,1,3,1,1,4,1,2,3,1,1,1,1,4,2,2,0,1,3,4,3,4,2,3,3,3,2,1,2,1,3,2,4,1,1,0,3,3,3,2,4,3,2,4,1,0,1,4,2,1,3
RBT-18-0134-1_S29,3,4,2,4,4,1,1,4,3,3,4,1,4,1,2,2,3,3,4,1,2,4,2,2,1,2,3,4,4,1,3,4,2,3,2,4,4,3,3,1,1,2,0,0,2,1,3,2,2,3,4,2,2,3,2,2,2,3,0,0,1,4,2,3,3,1,2,3,3,1,3,3,4,3,3,1,4,3,2,3,2,3,0,1,4,2,2,0,3,3,4,3,4,2,3,3,3,3,1,2,1,3,3,4,1,1,3,3,3,2,3,2,4,3,2,4,1,4,1,0,1,3,3,4,2,4,4,1,1,4,3,4,1,4,1,2,2,3,3,4,1,2,4,2,1,2,3,4,4,1,3,4,2,3,2,4,4,3,3,1,1,0,0,2,1,3,2,2,3,4,2,3,2,2,2,3,0,0,1,4,2,3,3,1,2,3,3,1,3,3,4,3,3,1,4,3,2,3,2,3,0,1,4,2,2,0,3,3,4,3,4,2,3,3,3,3,1,2,1,3,3,4,1,1,3,3,3,3,2,4,3,2,4,1,4,1,0,1,3,3,3,4,2,2,4,4,1,1,4,3,3,4,1,4,1,2,2,3,3,4,1,2,4,2,2,1,2,3,4,4,1,3,4,4,2,3,2,4,4,3,3,1,3,1,2,0,0,3,2,1,3,2,2,3,4,2,2,3,2,2,2,3,0,0,1,4,1,2,3,3,1,2,3,3,1,3,3,4,2,3,2,3,1,4,3,2,3,4,2,2,3,0,3,1,4,2,2,0,3,3,4,3,4,2,3,3,3,3,3,1,2,1,3,3,4,1,1,3,3,3,3,2,3,2,4,3,2,4,1,4,1,1,4,0,3,0,0,1,3,3,1,3,4,2,4,4,1,1,4,3,3,4,1,4,1,2,2,3,3,4,1,2,4,2,1,2,3,4,4,1,3,4,2,3,2,4,4,3,3,1,1,0,0,2,1,3,2,2,3,4,2,3,2,2,2,3,0,0,1,4,2,3,3,1,2,3,3,1,3,3,4,3,3,1,4,3,2,3,2,3,0,1,4,2,2,0,3,3,4,3,4,2,3,3,3,3,1,2,1,3,3,4,1,1,3,3,3,3,2,4,3,2,4,1,4,1,4,0,1,3
RBT-18-0141-1_S32,3,1,2,4,1,1,1,2,2,3,3,1,4,1,4,2,3,3,4,1,2,3,2,2,1,2,3,4,4,1,3,3,1,1,2,4,3,3,1,1,1,0,3,1,2,1,3,2,2,3,4,2,2,3,2,2,1,3,0,1,1,4,2,1,3,1,2,3,3,2,3,3,1,3,3,1,4,3,2,3,1,1,1,0,4,2,2,0,3,3,4,3,4,2,3,3,3,2,1,2,1,3,3,2,1,1,0,3,3,0,3,2,4,3,2,0,1,0,1,2,1,0,3,1,2,4,1,1,1,2,2,3,1,4,1,4,2,3,3,4,1,2,3,2,1,2,3,4,4,1,3,3,1,1,2,4,3,3,1,1,1,3,1,2,1,3,2,2,3,4,2,3,2,2,1,3,0,1,1,4,2,1,3,1,2,3,3,2,3,3,1,3,3,1,4,3,2,3,1,1,1,0,4,2,2,0,3,3,4,3,4,2,3,3,3,2,1,2,1,3,3,2,1,1,0,3,3,3,2,4,3,2,0,1,0,1,2,1,0,3,3,1,2,2,4,1,1,1,2,2,3,3,1,4,1,4,2,3,3,4,1,2,3,2,2,1,2,3,4,4,1,3,4,3,1,1,2,4,3,3,1,1,3,1,0,3,1,3,2,1,3,2,2,3,4,2,2,3,2,2,1,3,0,1,1,4,1,2,1,3,1,2,3,3,2,3,3,1,2,3,2,3,1,4,3,2,3,3,1,2,1,1,3,0,4,2,2,0,3,3,4,3,4,2,3,3,3,3,2,1,2,1,3,3,2,1,1,0,3,3,0,0,3,2,4,3,2,0,1,0,1,1,4,1,3,1,2,1,0,3,1,3,1,2,4,1,1,1,2,2,3,3,1,4,1,4,2,3,3,4,1,2,3,2,1,2,3,4,4,1,3,3,1,1,2,4,3,3,1,1,1,3,1,2,1,3,2,2,3,4,2,3,2,2,1,3,0,1,1,4,2,1,3,1,2,3,3,2,3,3,1,3,3,1,4,3,2,3,1,1,1,0,4,2,2,0,3,3,4,3,4,2,3,3,3,2,1,2,1,3,3,2,1,1,0,3,3,3,2,4,3,2,0,1,0,1,4,2,1,0
RBT-18-0146-1_S55,3,1,1,0,1,0,1,2,0,0,0,1,4,1,0,0,0,0,1,1,2,3,1,2,1,1,3,4,4,0,0,3,1,3,2,2,3,3,1,1,1,2,3,1,2,1,3,2,2,3,4,2,2,3,2,2,0,3,2,1,1,4,1,3,1,4,2,2,3,1,1,1,1,3,0,1,1,1,0,0,2,1,1,1,4,2,0,3,3,3,4,3,2,2,3,0,3,3,1,2,0,3,2,2,1,1,3,3,3,2,4,4,4,3,1,4,1,4,4,2,3,3,3,1,1,0,1,0,1,2,0,0,1,4,1,0,0,0,0,1,1,2,3,1,1,1,3,4,4,0,0,3,1,3,2,2,3,3,1,1,1,3,1,2,1,3,2,2,3,4,2,3,2,2,0,3,2,1,1,4,1,3,1,4,2,2,3,1,1,1,1,3,0,1,1,1,0,0,2,1,1,1,4,2,0,3,3,3,4,3,2,2,3,0,3,3,1,2,0,3,2,2,1,1,3,3,3,4,4,4,3,1,4,1,4,4,2,3,3,3,3,1,1,0,0,1,0,1,2,0,0,0,1,4,1,0,0,0,0,1,1,2,3,1,2,1,1,3,4,4,0,0,0,3,1,3,2,2,3,3,1,1,3,1,2,3,1,3,2,1,3,2,2,3,4,2,2,3,2,2,0,3,2,1,1,4,1,1,3,1,4,2,2,3,1,1,1,1,2,3,0,0,1,1,1,0,0,3,2,0,1,1,3,1,4,2,0,3,3,3,4,3,2,2,3,3,0,3,3,1,2,0,3,2,2,1,1,3,3,3,3,2,4,4,4,3,1,4,1,4,4,1,4,1,3,1,2,3,3,3,1,3,1,1,0,1,0,1,2,0,0,0,1,4,1,0,0,0,0,1,1,2,3,1,1,1,3,4,4,0,0,3,1,3,2,2,3,3,1,1,1,3,1,2,1,3,2,2,3,4,2,3,2,2,0,3,2,1,1,4,1,3,1,4,2,2,3,1,1,1,1,3,0,1,1,1,0,0,2,1,1,1,4,2,0,3,3,3,4,3,2,2,3,0,3,3,1,2,0,3,2,2,1,1,3,3,3,4,4,4,3,1,4,1,4,4,4,2,3,3
RBT-18-0164-1_S34,3,4,2,4,1,1,1,2,3,3,4,1,4,1,2,2,3,3,1,1,2,3,1,2,1,2,3,4,4,1,3,4,1,3,2,2,3,3,3,1,1,0,3,1,2,1,3,2,2,3,4,2,2,3,2,2,1,3,0,0,1,4,1,1,1,1,2,1,3,1,3,3,1,0,0,0,4,1,2,3,2,3,0,1,4,2,2,0,1,3,4,3,4,2,3,3,3,2,1,2,1,3,2,4,1,0,0,4,3,2,3,4,4,3,1,4,1,4,1,2,1,0,3,4,2,4,1,1,1,2,3,4,1,4,1,2,2,3,3,1,1,2,3,1,1,2,3,4,4,1,3,4,1,3,2,2,3,3,3,1,1,3,1,2,1,3,2,2,3,4,2,3,2,2,1,3,0,0,1,4,1,1,1,1,2,1,3,1,3,3,1,0,0,0,4,1,2,3,2,3,0,1,4,2,2,0,1,3,4,3,4,2,3,3,3,2,1,2,1,3,2,4,1,0,0,4,3,3,4,4,3,1,4,1,4,1,2,1,0,3,3,4,2,2,4,1,1,1,2,3,3,4,1,4,1,2,2,3,3,1,1,2,3,1,2,1,2,3,4,4,1,3,4,4,1,3,2,2,3,3,3,1,3,1,0,3,1,3,2,1,3,2,2,3,4,2,2,3,2,2,1,3,0,0,1,4,1,1,1,1,1,2,1,3,1,3,3,1,2,0,0,0,0,4,1,2,3,3,2,2,3,0,3,1,4,2,2,0,1,3,4,3,4,2,3,3,3,3,2,1,2,1,3,2,4,1,0,0,4,3,3,2,3,4,4,3,1,4,1,4,1,1,4,0,3,1,2,1,0,3,1,3,4,2,4,1,1,1,2,3,3,4,1,4,1,2,2,3,3,1,1,2,3,1,1,2,3,4,4,1,3,4,1,3,2,2,3,3,3,1,1,3,1,2,1,3,2,2,3,4,2,3,2,2,1,3,0,0,1,4,1,1,1,1,2,1,3,1,3,3,1,0,0,0,4,1,2,3,2,3,0,1,4,2,2,0,1,3,4,3,4,2,3,3,3,2,1,2,1,3,2,4,1,0,0,4,3,3,4,4,3,1,4,1,4,1,4,2,1,0
RBT-18-0173-1_S35,3,1,1,4,4,1,1,2,4,0,4,1,4,1,2,2,3,3,1,1,2,3,2,2,1,1,3,4,4,1,3,3,1,3,2,2,3,3,3,2,1,2,3,1,2,0,0,2,2,0,4,2,0,3,2,2,1,0,2,1,1,4,1,1,3,4,2,3,2,2,3,1,1,3,3,1,1,1,2,3,2,3,1,1,4,2,2,3,3,2,4,3,2,2,3,3,3,2,1,2,1,3,3,2,0,1,0,3,3,2,3,4,4,3,1,4,1,4,2,0,3,3,3,1,1,4,4,1,1,2,4,4,1,4,1,2,2,3,3,1,1,2,3,2,1,1,3,4,4,1,3,3,1,3,2,2,3,3,3,2,1,3,1,2,0,0,2,2,0,4,2,3,2,2,1,0,2,1,1,4,1,1,3,4,2,3,2,2,3,1,1,3,3,1,1,1,2,3,2,3,1,1,4,2,2,3,3,2,4,3,2,2,3,3,3,2,1,2,1,3,3,2,0,1,0,3,3,3,4,4,3,1,4,1,4,2,0,3,3,3,3,1,1,2,4,4,1,1,2,4,0,4,1,4,1,2,2,3,3,1,1,2,3,2,2,1,1,3,4,4,1,3,4,3,1,3,2,2,3,3,3,2,3,1,2,3,1,3,2,0,0,2,2,0,4,2,0,3,2,2,1,0,2,1,1,4,1,1,1,3,4,2,3,2,2,3,1,1,2,3,2,3,1,1,1,2,3,3,2,2,3,1,3,1,4,2,2,3,3,2,4,3,2,2,3,3,3,3,2,1,2,1,3,3,2,0,1,0,3,3,3,2,3,4,4,3,1,4,1,4,2,1,4,1,3,0,0,3,3,3,1,3,1,1,4,4,1,1,2,4,0,4,1,4,1,2,2,3,3,1,1,2,3,2,1,1,3,4,4,1,3,3,1,3,2,2,3,3,3,2,1,3,1,2,0,0,2,2,0,4,2,3,2,2,1,0,2,1,1,4,1,1,3,4,2,3,2,2,3,1,1,3,3,1,1,1,2,3,2,3,1,1,4,2,2,3,3,2,4,3,2,2,3,3,3,2,1,2,1,3,3,2,0,1,0,3,3,3,4,4,3,1,4,1,4,2,4,0,3,3
RBT-18-0179-1_S37,4,1,2,0,0,1,0,4,4,3,4,1,4,1,0,2,3,3,1,1,2,3,2,0,1,0,0,4,4,0,0,0,1,0,2,2,3,0,0,1,1,2,3,1,2,0,3,2,2,3,4,2,2,3,2,2,0,3,2,1,1,4,0,3,0,0,2,0,3,0,0,1,1,3,3,0,1,0,2,3,0,1,1,0,0,2,2,3,3,3,0,3,2,2,3,0,3,3,1,2,1,0,2,2,1,1,3,4,3,2,3,4,3,3,1,4,1,0,4,0,3,3,4,1,2,0,0,1,0,4,4,4,1,4,1,0,2,3,3,1,1,2,3,2,1,0,0,4,4,0,0,0,1,0,2,2,3,0,0,1,1,3,1,2,0,3,2,2,3,4,2,3,2,2,0,3,2,1,1,4,0,3,0,0,2,0,3,0,0,1,1,3,3,0,1,0,2,3,0,1,1,0,0,2,2,3,3,3,0,3,2,2,3,0,3,3,1,2,1,0,2,2,1,1,3,4,3,3,4,3,3,1,4,1,0,4,0,3,3,0,4,1,2,0,0,0,1,0,4,4,3,4,1,4,1,0,2,3,3,1,1,2,3,2,0,1,0,0,4,4,0,0,0,0,1,0,2,2,3,0,0,1,3,1,2,3,1,3,2,0,3,2,2,3,4,2,2,3,2,2,0,3,2,1,1,4,1,0,3,0,0,2,0,3,0,0,1,1,2,3,2,3,0,1,0,2,3,4,0,2,1,1,3,0,0,2,2,3,3,3,0,3,2,2,3,3,0,3,3,1,2,1,0,2,2,1,1,3,4,3,3,2,3,4,3,3,1,4,1,0,4,0,0,1,3,1,0,3,3,3,1,4,1,2,0,0,1,0,4,4,3,4,1,4,1,0,2,3,3,1,1,2,3,2,1,0,0,4,4,0,0,0,1,0,2,2,3,0,0,1,1,3,1,2,0,3,2,2,3,4,2,3,2,2,0,3,2,1,1,4,0,3,0,0,2,0,3,0,0,1,1,3,3,0,1,0,2,3,0,1,1,0,0,2,2,3,3,3,0,3,2,2,3,0,3,3,1,2,1,0,2,2,1,1,3,4,3,3,4,3,3,1,4,1,0,4,0,0,3,3
RBT-18-0181-1_S61,3,1,1,4,1,1,1,0,4,3,3,1,0,1,4,2,3,3,1,1,2,3,1,2,1,1,3,4,4,1,3,3,2,3,2,2,3,3,3,2,1,2,3,1,2,1,3,2,2,3,4,2,2,3,2,2,1,3,2,1,1,4,1,3,1,4,2,2,3,2,1,3,1,3,3,1,1,1,0,0,2,0,0,1,4,0,2,3,3,2,4,3,2,2,3,3,3,3,0,2,1,3,3,0,0,1,3,3,3,2,3,2,4,3,1,4,1,4,4,2,3,0,3,1,1,4,1,1,1,0,4,3,1,0,1,4,2,3,3,1,1,2,3,1,1,1,3,4,4,1,3,3,2,3,2,2,3,3,3,2,1,3,1,2,1,3,2,2,3,4,2,3,2,2,1,3,2,1,1,4,1,3,1,4,2,2,3,2,1,3,1,3,3,1,1,1,0,0,2,0,0,1,4,0,2,3,3,2,4,3,2,2,3,3,3,3,0,2,1,3,3,0,0,1,3,3,3,3,2,4,3,1,4,1,4,4,2,3,0,3,3,1,1,2,4,1,1,1,0,4,3,3,1,0,1,4,2,3,3,1,1,2,3,1,2,1,1,3,4,4,1,3,4,3,2,3,2,2,3,3,3,2,3,1,2,3,1,3,2,1,3,2,2,3,4,2,2,3,2,2,1,3,2,1,1,4,1,1,3,1,4,2,2,3,2,1,3,1,2,3,2,3,1,1,1,0,0,3,2,2,0,0,3,1,4,0,2,3,3,2,4,3,2,2,3,3,3,3,3,0,2,1,3,3,0,0,1,3,3,3,3,2,3,2,4,3,1,4,1,4,4,1,4,1,3,0,2,3,0,3,0,3,1,1,4,1,1,1,0,4,3,3,1,0,1,4,2,3,3,1,1,2,3,1,1,1,3,4,4,1,3,3,2,3,2,2,3,3,3,2,1,3,1,2,1,3,2,2,3,4,2,3,2,2,1,3,2,1,1,4,1,3,1,4,2,2,3,2,1,3,1,3,3,1,1,1,0,0,2,0,0,1,4,0,2,3,3,2,4,3,2,2,3,3,3,3,0,2,1,3,3,0,0,1,3,3,3,3,2,4,3,1,4,1,4,4,4,2,3,0
RBT-18-0184-1_S38,3,4,2,4,1,1,1,2,3,3,4,1,4,1,2,2,3,3,1,1,2,3,1,2,1,2,3,4,4,1,3,4,1,3,2,2,3,3,3,1,1,0,3,1,2,1,3,2,2,3,4,2,2,3,2,2,1,3,0,0,1,4,1,1,1,1,2,1,3,1,3,3,1,0,0,0,4,1,2,3,2,3,0,1,4,2,2,0,1,3,4,3,4,2,3,3,3,2,1,2,1,3,2,4,1,0,0,4,3,2,3,4,4,3,1,4,1,4,1,2,1,0,3,4,2,4,1,1,1,2,3,4,1,4,1,2,2,3,3,1,1,2,3,1,1,2,3,4,4,1,3,4,1,3,2,2,3,3,3,1,1,3,1,2,1,3,2,2,3,4,2,3,2,2,1,3,0,0,1,4,1,1,1,1,2,1,3,1,3,3,1,0,0,0,4,1,2,3,2,3,0,1,4,2,2,0,1,3,4,3,4,2,3,3,3,2,1,2,1,3,2,4,1,0,0,4,3,3,4,4,3,1,4,1,4,1,2,1,0,3,3,4,2,2,4,1,1,1,2,3,3,4,1,4,1,2,2,3,3,1,1,2,3,1,2,1,2,3,4,4,1,3,4,4,1,3,2,2,3,3,3,1,3,1,0,3,1,3,2,1,3,2,2,3,4,2,2,3,2,2,1,3,0,0,1,4,1,1,1,1,1,2,1,3,1,3,3,1,2,0,0,0,0,4,1,2,3,3,2,2,3,0,3,1,4,2,2,0,1,3,4,3,4,2,3,3,3,3,2,1,2,1,3,2,4,1,0,0,4,3,3,2,3,4,4,3,1,4,1,4,1,1,4,0,3,1,2,1,0,3,1,3,4,2,4,1,1,1,2,3,3,4,1,4,1,2,2,3,3,1,1,2,3,1,1,2,3,4,4,1,3,4,1,3,2,2,3,3,3,1,1,3,1,2,1,3,2,2,3,4,2,3,2,2,1,3,0,0,1,4,1,1,1,1,2,1,3,1,3,3,1,0,0,0,4,1,2,3,2,3,0,1,4,2,2,0,1,3,4,3,4,2,3,3,3,2,1,2,1,3,2,4,1,0,0,4,3,3,4,4,3,1,4,1,4,1,4,2,1,0
RBT-18-0185-1_S39,3,4,2,4,1,1,1,2,2,3,4,1,4,1,4,2,3,3,1,1,2,3,2,2,1,2,3,4,4,1,3,4,2,3,2,2,3,3,1,0,1,0,0,0,2,1,3,2,2,3,4,2,2,3,2,2,1,3,2,0,1,4,2,1,3,1,2,3,3,2,1,3,1,3,3,1,4,3,2,3,1,1,0,0,4,2,2,0,1,3,4,3,4,2,3,3,3,2,1,2,1,3,2,2,1,1,0,3,3,0,3,2,4,3,2,0,1,4,1,2,1,0,3,4,2,4,1,1,1,2,2,4,1,4,1,4,2,3,3,1,1,2,3,2,1,2,3,4,4,1,3,4,2,3,2,2,3,3,1,0,1,0,0,2,1,3,2,2,3,4,2,3,2,2,1,3,2,0,1,4,2,1,3,1,2,3,3,2,1,3,1,3,3,1,4,3,2,3,1,1,0,0,4,2,2,0,1,3,4,3,4,2,3,3,3,2,1,2,1,3,2,2,1,1,0,3,3,3,2,4,3,2,0,1,4,1,2,1,0,3,3,4,2,2,4,1,1,1,2,2,3,4,1,4,1,4,2,3,3,1,1,2,3,2,2,1,2,3,4,4,1,3,4,4,2,3,2,2,3,3,1,0,3,1,0,0,0,3,2,1,3,2,2,3,4,2,2,3,2,2,1,3,2,0,1,4,1,2,1,3,1,2,3,3,2,1,3,1,2,3,2,3,1,4,3,2,3,3,1,2,1,0,3,0,4,2,2,0,1,3,4,3,4,2,3,3,3,3,2,1,2,1,3,2,2,1,1,0,3,3,0,0,3,2,4,3,2,0,1,4,1,1,4,1,3,0,2,1,0,3,1,3,4,2,4,1,1,1,2,2,3,4,1,4,1,4,2,3,3,1,1,2,3,2,1,2,3,4,4,1,3,4,2,3,2,2,3,3,1,0,1,0,0,2,1,3,2,2,3,4,2,3,2,2,1,3,2,0,1,4,2,1,3,1,2,3,3,2,1,3,1,3,3,1,4,3,2,3,1,1,0,0,4,2,2,0,1,3,4,3,4,2,3,3,3,2,1,2,1,3,2,2,1,1,0,3,3,3,2,4,3,2,0,1,4,1,4,2,1,0
RBT-18-0197-1_S40,3,1,1,4,4,1,3,2,4,3,4,3,4,1,2,2,3,3,1,1,2,3,2,2,1,1,3,4,4,1,3,3,2,3,2,2,4,3,1,1,1,2,0,1,2,1,3,2,2,3,4,2,2,3,2,2,1,3,2,1,0,4,1,1,3,4,2,3,3,2,1,1,1,3,3,1,1,1,2,3,2,1,1,1,1,2,2,3,3,3,4,3,2,2,3,3,3,3,2,2,1,3,2,2,1,1,3,3,3,2,3,4,4,3,1,4,0,4,4,0,3,3,3,1,1,4,4,1,3,2,4,4,3,4,1,2,2,3,3,1,1,2,3,2,1,1,3,4,4,1,3,3,2,3,2,2,4,3,1,1,1,0,1,2,1,3,2,2,3,4,2,3,2,2,1,3,2,1,0,4,1,1,3,4,2,3,3,2,1,1,1,3,3,1,1,1,2,3,2,1,1,1,1,2,2,3,3,3,4,3,2,2,3,3,3,3,2,2,1,3,2,2,1,1,3,3,3,3,4,4,3,1,4,0,4,4,0,3,3,2,3,1,1,2,4,4,1,3,2,4,3,4,3,4,1,2,2,3,3,1,1,2,3,2,2,1,1,3,4,4,1,3,4,3,2,3,2,2,4,3,1,1,3,1,2,0,1,3,2,1,3,2,2,3,4,2,2,3,2,2,1,3,2,1,0,4,1,1,1,3,4,2,3,3,2,1,1,1,2,3,2,3,1,1,1,2,3,4,2,2,1,1,3,1,1,2,2,3,3,3,4,3,2,2,3,3,3,3,3,2,2,1,3,2,2,1,1,3,3,3,3,2,3,4,4,3,1,4,0,4,4,1,4,1,3,1,0,3,3,3,1,3,1,1,4,4,1,3,2,4,3,4,3,4,1,2,2,3,3,1,1,2,3,2,1,1,3,4,4,1,3,3,2,3,2,2,4,3,1,1,1,0,1,2,1,3,2,2,3,4,2,3,2,2,1,3,2,1,0,4,1,1,3,4,2,3,3,2,1,1,1,3,3,1,1,1,2,3,2,1,1,1,1,2,2,3,3,3,4,3,2,2,3,3,3,3,2,2,1,3,2,2,1,1,3,3,3,3,4,4,3,1,4,0,4,4,4,0,3,3
RBT-18-0205-1_S6,1,1,1,4,1,1,1,2,2,3,3,1,4,1,2,2,3,3,1,1,2,3,1,1,1,1,3,4,4,1,3,3,1,1,1,2,3,2,1,2,3,2,3,1,2,1,3,2,2,3,4,2,2,3,2,2,1,3,2,1,4,1,1,3,1,4,1,1,2,1,1,1,1,3,1,3,1,1,1,3,1,1,1,1,1,2,2,3,1,2,2,2,2,2,3,3,1,2,1,1,1,0,2,2,1,0,3,4,0,2,4,4,3,0,1,4,4,4,4,2,3,3,1,1,1,4,1,1,1,2,2,3,1,4,1,2,2,3,3,1,1,2,3,1,1,1,3,4,4,1,3,3,1,1,1,2,3,2,1,2,3,3,1,2,1,3,2,2,3,4,2,3,2,2,1,3,2,1,4,1,1,3,1,4,1,1,2,1,1,1,1,3,1,3,1,1,1,3,1,1,1,1,1,2,2,3,1,2,2,2,2,2,3,3,1,2,1,1,1,0,2,2,1,0,3,4,0,4,4,3,0,1,4,4,4,4,2,3,3,0,1,1,1,1,4,1,1,1,2,2,3,3,1,4,1,2,2,3,3,1,1,2,3,1,1,1,1,3,4,4,1,3,1,3,1,1,1,2,3,2,1,2,0,3,2,3,1,3,2,1,3,2,2,3,4,2,2,3,2,2,1,3,2,1,4,1,4,1,3,1,4,1,1,2,1,1,1,1,0,3,2,1,3,1,1,1,3,0,1,2,1,1,0,1,1,2,2,3,1,2,2,2,2,2,3,0,3,1,2,1,1,1,0,2,2,1,0,3,4,0,3,2,4,4,3,0,1,4,4,4,4,0,0,1,0,1,2,3,3,0,0,1,1,1,4,1,1,1,2,2,3,3,1,4,1,2,2,3,3,1,1,2,3,1,1,1,3,4,4,1,3,3,1,1,1,2,3,2,1,2,3,3,1,2,1,3,2,2,3,4,2,3,2,2,1,3,2,1,4,1,1,3,1,4,1,1,2,1,1,1,1,3,1,3,1,1,1,3,1,1,1,1,1,2,2,3,1,2,2,2,2,2,3,3,1,2,1,1,1,0,2,2,1,0,3,4,0,4,4,3,0,1,4,4,4,4,0,2,3,3
RBT-18-0224-1_S43,3,1,1,4,4,1,3,2,4,3,4,3,4,1,2,2,3,3,1,1,2,3,2,2,1,1,3,4,4,1,3,3,2,3,2,2,4,3,1,2,1,0,3,1,2,1,3,2,2,3,4,2,2,3,2,2,1,3,2,1,0,4,1,1,3,4,2,3,3,2,1,1,1,3,3,1,1,1,2,3,2,1,1,1,1,2,2,3,3,3,4,3,2,2,3,3,3,3,2,2,1,3,2,2,1,1,3,3,3,2,4,4,4,3,1,4,0,0,4,0,3,0,3,1,1,4,4,1,3,2,4,4,3,4,1,2,2,3,3,1,1,2,3,2,1,1,3,4,4,1,3,3,2,3,2,2,4,3,1,2,1,3,1,2,1,3,2,2,3,4,2,3,2,2,1,3,2,1,0,4,1,1,3,4,2,3,3,2,1,1,1,3,3,1,1,1,2,3,2,1,1,1,1,2,2,3,3,3,4,3,2,2,3,3,3,3,2,2,1,3,2,2,1,1,3,3,3,4,4,4,3,1,4,0,0,4,0,3,0,2,3,1,1,2,4,4,1,3,2,4,3,4,3,4,1,2,2,3,3,1,1,2,3,2,2,1,1,3,4,4,1,3,4,3,2,3,2,2,4,3,1,2,3,1,0,3,1,3,2,1,3,2,2,3,4,2,2,3,2,2,1,3,2,1,0,4,1,1,1,3,4,2,3,3,2,1,1,1,2,3,2,3,1,1,1,2,3,4,2,2,1,1,3,1,1,2,2,3,3,3,4,3,2,2,3,3,3,3,3,2,2,1,3,2,2,1,1,3,3,3,3,2,4,4,4,3,1,4,0,0,4,1,4,0,3,1,0,3,0,3,1,3,1,1,4,4,1,3,2,4,3,4,3,4,1,2,2,3,3,1,1,2,3,2,1,1,3,4,4,1,3,3,2,3,2,2,4,3,1,2,1,3,1,2,1,3,2,2,3,4,2,3,2,2,1,3,2,1,0,4,1,1,3,4,2,3,3,2,1,1,1,3,3,1,1,1,2,3,2,1,1,1,1,2,2,3,3,3,4,3,2,2,3,3,3,3,2,2,1,3,2,2,1,1,3,3,3,4,4,4,3,1,4,0,0,4,4,0,3,0
RBT-18-0227-1_S46,1,1,1,4,1,1,1,2,2,3,3,1,4,1,2,2,3,3,1,1,2,3,1,1,1,1,3,4,4,1,3,3,1,1,1,2,3,2,1,2,3,2,3,1,2,1,3,2,2,3,4,2,2,3,2,2,1,3,2,1,4,1,1,3,1,4,1,1,2,1,1,1,1,3,1,3,1,1,1,3,1,1,1,1,1,2,2,3,1,2,2,2,2,2,3,3,1,2,1,1,1,3,2,2,1,3,3,4,0,2,4,4,3,0,1,4,4,4,4,2,3,3,1,1,1,4,1,1,1,2,2,3,1,4,1,2,2,3,3,1,1,2,3,1,1,1,3,4,4,1,3,3,1,1,1,2,3,2,1,2,3,3,1,2,1,3,2,2,3,4,2,3,2,2,1,3,2,1,4,1,1,3,1,4,1,1,2,1,1,1,1,3,1,3,1,1,1,3,1,1,1,1,1,2,2,3,1,2,2,2,2,2,3,3,1,2,1,1,1,3,2,2,1,3,3,4,0,4,4,3,0,1,4,4,4,4,2,3,3,0,1,1,1,1,4,1,1,1,2,2,3,3,1,4,1,2,2,3,3,1,1,2,3,1,1,1,1,3,4,4,1,3,1,3,1,1,1,2,3,2,1,2,0,3,2,3,1,3,2,1,3,2,2,3,4,2,2,3,2,2,1,3,2,1,4,1,4,1,3,1,4,1,1,2,1,1,1,1,0,3,2,1,3,1,1,1,3,0,1,2,1,1,0,1,1,2,2,3,1,2,2,2,2,2,3,0,3,1,2,1,1,1,3,2,2,1,3,3,4,0,3,2,4,4,3,0,1,4,4,4,4,0,0,1,0,1,2,3,3,0,0,1,1,1,4,1,1,1,2,2,3,3,1,4,1,2,2,3,3,1,1,2,3,1,1,1,3,4,4,1,3,3,1,1,1,2,3,2,1,2,3,3,1,2,1,3,2,2,3,4,2,3,2,2,1,3,2,1,4,1,1,3,1,4,1,1,2,1,1,1,1,3,1,3,1,1,1,3,1,1,1,1,1,2,2,3,1,2,2,2,2,2,3,3,1,2,1,1,1,3,2,2,1,3,3,4,0,4,4,3,0,1,4,4,4,4,0,2,3,3
RBT-18-0230-1_S45,3,4,2,4,4,1,1,4,3,3,4,1,4,1,2,2,3,3,4,1,2,4,2,2,1,2,3,4,4,1,3,4,2,3,2,4,4,3,3,1,1,2,0,0,2,1,3,2,2,3,4,2,2,3,2,2,2,3,0,0,1,4,2,3,3,1,2,3,3,1,3,3,4,3,3,1,4,3,2,3,2,3,0,1,4,2,2,0,3,3,4,3,4,2,3,3,3,3,1,2,1,3,3,4,1,1,3,3,3,2,3,2,4,3,2,4,1,4,1,0,1,3,3,4,2,4,4,1,1,4,3,4,1,4,1,2,2,3,3,4,1,2,4,2,1,2,3,4,4,1,3,4,2,3,2,4,4,3,3,1,1,0,0,2,1,3,2,2,3,4,2,3,2,2,2,3,0,0,1,4,2,3,3,1,2,3,3,1,3,3,4,3,3,1,4,3,2,3,2,3,0,1,4,2,2,0,3,3,4,3,4,2,3,3,3,3,1,2,1,3,3,4,1,1,3,3,3,3,2,4,3,2,4,1,4,1,0,1,3,3,3,4,2,2,4,4,1,1,4,3,3,4,1,4,1,2,2,3,3,4,1,2,4,2,2,1,2,3,4,4,1,3,4,4,2,3,2,4,4,3,3,1,3,1,2,0,0,3,2,1,3,2,2,3,4,2,2,3,2,2,2,3,0,0,1,4,1,2,3,3,1,2,3,3,1,3,3,4,2,3,2,3,1,4,3,2,3,4,2,2,3,0,3,1,4,2,2,0,3,3,4,3,4,2,3,3,3,3,3,1,2,1,3,3,4,1,1,3,3,3,3,2,3,2,4,3,2,4,1,4,1,1,4,0,3,0,0,1,3,3,1,3,4,2,4,4,1,1,4,3,3,4,1,4,1,2,2,3,3,4,1,2,4,2,1,2,3,4,4,1,3,4,2,3,2,4,4,3,3,1,1,0,0,2,1,3,2,2,3,4,2,3,2,2,2,3,0,0,1,4,2,3,3,1,2,3,3,1,3,3,4,3,3,1,4,3,2,3,2,3,0,1,4,2,2,0,3,3,4,3,4,2,3,3,3,3,1,2,1,3,3,4,1,1,3,3,3,3,2,4,3,2,4,1,4,1,4,0,1,3
RBT-18-0231-1_S14,3,1,1,4,1,1,1,2,4,3,4,1,4,1,2,2,3,3,1,1,2,3,1,2,1,1,3,4,4,1,3,3,0,3,2,2,3,3,1,1,1,2,3,1,0,0,0,0,0,0,0,0,0,0,0,0,0,0,2,1,1,4,0,3,1,4,2,2,3,2,0,1,1,3,0,1,1,1,2,3,2,1,1,1,4,2,1,3,3,3,4,3,2,2,3,3,3,3,1,2,1,3,2,2,1,0,3,3,3,0,4,4,4,3,1,4,1,4,4,2,3,3,3,1,1,4,1,1,1,2,4,4,1,4,1,2,2,3,3,1,1,2,3,1,1,1,3,4,4,1,3,3,0,3,2,2,3,3,1,1,1,3,1,0,0,0,0,0,0,0,0,0,0,0,0,0,2,1,1,4,0,3,1,4,2,2,3,2,0,1,1,3,0,1,1,1,2,3,2,1,1,1,4,2,1,3,3,3,4,3,2,2,3,3,3,3,1,2,1,3,2,2,1,0,3,3,3,4,4,4,3,1,4,1,4,4,2,3,3,3,3,1,1,0,4,1,1,1,2,4,3,4,1,4,1,2,2,3,3,1,1,2,3,1,2,1,1,3,4,4,1,3,0,3,0,3,2,2,3,3,1,1,3,1,2,3,1,0,0,0,0,0,0,0,0,0,0,0,0,0,0,0,2,1,1,4,1,0,3,1,4,2,2,3,2,0,1,1,2,3,2,0,1,1,1,2,3,3,2,2,1,1,3,1,4,2,1,3,3,3,4,3,2,2,3,3,3,3,3,1,2,1,3,2,2,1,0,3,3,3,0,0,4,4,4,3,1,4,1,4,4,1,4,1,3,1,2,3,3,3,1,3,1,1,4,1,1,1,2,4,3,4,1,4,1,2,2,3,3,1,1,2,3,1,1,1,3,4,4,1,3,3,0,3,2,2,3,3,1,1,1,3,1,0,0,0,0,0,0,0,0,0,0,0,0,0,2,1,1,4,0,3,1,4,2,2,3,2,0,1,1,3,0,1,1,1,2,3,2,1,1,1,4,2,1,3,3,3,4,3,2,2,3,3,3,3,1,2,1,3,2,2,1,0,3,3,3,4,4,4,3,1,4,1,4,4,4,2,3,3
RBT-18-0232-1_S47,3,1,1,4,1,1,1,2,4,3,4,1,4,1,2,2,3,3,1,1,2,3,1,0,1,1,3,4,4,1,3,0,1,3,2,2,3,0,0,2,1,2,3,1,0,0,0,0,0,0,0,0,0,0,0,0,0,0,2,1,1,0,1,3,1,4,2,2,3,0,0,1,1,3,3,1,1,1,2,3,2,1,1,1,4,2,1,3,3,3,4,3,2,2,3,3,3,3,1,2,1,3,2,2,1,1,3,4,3,0,4,4,4,3,1,4,0,4,4,2,0,0,3,1,1,4,1,1,1,2,4,4,1,4,1,2,2,3,3,1,1,2,3,1,1,1,3,4,4,1,3,0,1,3,2,2,3,0,0,2,1,3,1,0,0,0,0,0,0,0,0,0,0,0,0,0,2,1,1,0,1,3,1,4,2,2,3,0,0,1,1,3,3,1,1,1,2,3,2,1,1,1,4,2,1,3,3,3,4,3,2,2,3,3,3,3,1,2,1,3,2,2,1,1,3,4,3,4,4,4,3,1,4,0,4,4,2,0,0,3,3,1,1,1,4,1,1,1,2,4,3,4,1,4,1,2,2,3,3,1,1,2,3,1,0,1,1,3,4,4,1,3,4,0,1,3,2,2,3,0,0,2,3,1,2,3,1,0,0,0,0,0,0,0,0,0,0,0,0,0,0,0,2,1,1,0,1,1,3,1,4,2,2,3,0,0,1,1,2,3,2,3,1,1,1,2,3,3,2,0,1,1,3,1,4,2,1,3,3,3,4,3,2,2,3,3,3,3,3,1,2,1,3,2,2,1,1,3,4,3,0,0,4,4,4,3,1,4,0,4,4,0,4,1,3,1,2,0,0,0,1,3,1,1,4,1,1,1,2,4,3,4,1,4,1,2,2,3,3,1,1,2,3,1,1,1,3,4,4,1,3,0,1,3,2,2,3,0,0,2,1,3,1,0,0,0,0,0,0,0,0,0,0,0,0,0,2,1,1,0,1,3,1,4,2,2,3,0,0,1,1,3,3,1,1,1,2,3,2,1,1,1,4,2,1,3,3,3,4,3,2,2,3,3,3,3,1,2,1,3,2,2,1,1,3,4,3,4,4,4,3,1,4,0,4,4,4,2,0,0
RBT-18-0234-1_S15,1,1,1,4,1,1,1,2,2,3,3,1,4,1,2,2,3,3,1,1,2,3,1,1,1,1,3,4,4,1,3,3,1,1,1,2,3,2,1,2,3,2,3,1,2,1,3,2,2,3,4,2,2,3,2,2,1,3,2,1,4,1,1,3,1,4,1,1,2,1,1,1,1,3,1,3,1,1,1,3,1,1,1,1,1,0,2,3,1,2,2,2,2,2,3,3,1,2,1,1,1,3,2,2,1,0,3,4,0,2,4,4,3,0,1,4,4,4,4,2,3,3,1,1,1,4,1,1,1,2,2,3,1,4,1,2,2,3,3,1,1,2,3,1,1,1,3,4,4,1,3,3,1,1,1,2,3,2,1,2,3,3,1,2,1,3,2,2,3,4,2,3,2,2,1,3,2,1,4,1,1,3,1,4,1,1,2,1,1,1,1,3,1,3,1,1,1,3,1,1,1,1,1,0,2,3,1,2,2,2,2,2,3,3,1,2,1,1,1,3,2,2,1,0,3,4,0,4,4,3,0,1,4,4,4,4,2,3,3,0,1,1,1,1,4,1,1,1,2,2,3,3,1,4,1,2,2,3,3,1,1,2,3,1,1,1,1,3,4,4,1,3,1,3,1,1,1,2,3,2,1,2,0,3,2,3,1,3,2,1,3,2,2,3,4,2,2,3,2,2,1,3,2,1,4,1,4,1,3,1,4,1,1,2,1,1,1,1,0,3,2,1,3,1,1,1,3,0,1,2,1,1,0,1,1,0,2,3,1,2,2,2,2,2,3,0,3,1,2,1,1,1,3,2,2,1,0,3,4,0,3,2,4,4,3,0,1,4,4,4,4,0,0,1,0,1,2,3,3,0,0,1,1,1,4,1,1,1,2,2,3,3,1,4,1,2,2,3,3,1,1,2,3,1,1,1,3,4,4,1,3,3,1,1,1,2,3,2,1,2,3,3,1,2,1,3,2,2,3,4,2,3,2,2,1,3,2,1,4,1,1,3,1,4,1,1,2,1,1,1,1,3,1,3,1,1,1,3,1,1,1,1,1,0,2,3,1,2,2,2,2,2,3,3,1,2,1,1,1,3,2,2,1,0,3,4,0,4,4,3,0,1,4,4,4,4,0,2,3,3
RBT-18-0236-1_S48,3,4,2,4,1,1,1,2,3,3,4,1,4,1,2,2,3,3,1,1,2,3,1,2,1,2,3,4,4,1,3,4,1,3,2,2,3,3,3,1,1,0,3,1,2,1,3,2,2,3,4,2,2,3,2,2,1,3,0,0,1,4,1,1,1,1,2,1,3,1,3,3,1,0,0,0,4,1,2,3,2,3,0,1,4,2,2,0,1,3,4,3,4,2,3,3,3,2,1,2,1,3,2,4,1,0,0,4,3,2,3,4,4,3,1,4,1,4,1,2,1,0,3,4,2,4,1,1,1,2,3,4,1,4,1,2,2,3,3,1,1,2,3,1,1,2,3,4,4,1,3,4,1,3,2,2,3,3,3,1,1,3,1,2,1,3,2,2,3,4,2,3,2,2,1,3,0,0,1,4,1,1,1,1,2,1,3,1,3,3,1,0,0,0,4,1,2,3,2,3,0,1,4,2,2,0,1,3,4,3,4,2,3,3,3,2,1,2,1,3,2,4,1,0,0,4,3,3,4,4,3,1,4,1,4,1,2,1,0,3,3,4,2,2,4,1,1,1,2,3,3,4,1,4,1,2,2,3,3,1,1,2,3,1,2,1,2,3,4,4,1,3,4,4,1,3,2,2,3,3,3,1,3,1,0,3,1,3,2,1,3,2,2,3,4,2,2,3,2,2,1,3,0,0,1,4,1,1,1,1,1,2,1,3,1,3,3,1,2,0,0,0,0,4,1,2,3,3,2,2,3,0,3,1,4,2,2,0,1,3,4,3,4,2,3,3,3,3,2,1,2,1,3,2,4,1,0,0,4,3,3,2,3,4,4,3,1,4,1,4,1,1,4,0,3,1,2,1,0,3,1,3,4,2,4,1,1,1,2,3,3,4,1,4,1,2,2,3,3,1,1,2,3,1,1,2,3,4,4,1,3,4,1,3,2,2,3,3,3,1,1,3,1,2,1,3,2,2,3,4,2,3,2,2,1,3,0,0,1,4,1,1,1,1,2,1,3,1,3,3,1,0,0,0,4,1,2,3,2,3,0,1,4,2,2,0,1,3,4,3,4,2,3,3,3,2,1,2,1,3,2,4,1,0,0,4,3,3,4,4,3,1,4,1,4,1,4,2,1,0
RBT-18-0241-1_S50,3,2,1,4,1,1,1,2,2,3,3,1,4,1,0,2,3,3,1,1,2,3,1,2,1,2,3,4,4,1,3,3,1,1,1,2,3,2,1,2,1,0,3,1,2,1,3,2,2,3,4,2,2,3,2,2,1,3,2,1,4,4,1,1,1,1,2,1,3,1,1,3,1,3,1,1,1,1,2,3,1,1,1,0,1,0,2,3,1,3,2,3,4,2,3,3,1,2,1,2,1,3,2,2,1,3,3,3,3,0,3,2,4,3,2,0,1,0,1,2,3,3,3,2,1,4,1,1,1,2,2,3,1,4,1,0,2,3,3,1,1,2,3,1,1,2,3,4,4,1,3,3,1,1,1,2,3,2,1,2,1,3,1,2,1,3,2,2,3,4,2,3,2,2,1,3,2,1,4,4,1,1,1,1,2,1,3,1,1,3,1,3,1,1,1,1,2,3,1,1,1,0,1,0,2,3,1,3,2,3,4,2,3,3,1,2,1,2,1,3,2,2,1,3,3,3,3,3,2,4,3,2,0,1,0,1,2,3,3,3,3,2,1,2,4,1,1,1,2,2,3,3,1,4,1,0,2,3,3,1,1,2,3,1,2,1,2,3,4,4,1,3,1,3,1,1,1,2,3,2,1,2,3,1,0,3,1,3,2,1,3,2,2,3,4,2,2,3,2,2,1,3,2,1,4,4,1,1,1,1,1,2,1,3,1,1,3,1,0,3,2,1,1,1,1,2,3,0,1,2,1,1,0,0,1,0,2,3,1,3,2,3,4,2,3,3,3,1,2,1,2,1,3,2,2,1,3,3,3,3,0,0,3,2,4,3,2,0,1,0,1,1,4,1,3,1,2,3,3,3,1,3,2,1,4,1,1,1,2,2,3,3,1,4,1,0,2,3,3,1,1,2,3,1,1,2,3,4,4,1,3,3,1,1,1,2,3,2,1,2,1,3,1,2,1,3,2,2,3,4,2,3,2,2,1,3,2,1,4,4,1,1,1,1,2,1,3,1,1,3,1,3,1,1,1,1,2,3,1,1,1,0,1,0,2,3,1,3,2,3,4,2,3,3,1,2,1,2,1,3,2,2,1,3,3,3,3,3,2,4,3,2,0,1,0,1,4,2,3,3
RBT-18-0246-1_S52,3,1,1,4,4,1,3,2,4,3,4,3,4,1,2,2,3,3,1,1,2,3,2,2,1,1,3,4,4,1,3,3,2,3,2,2,4,3,1,2,1,0,3,1,2,1,3,2,2,3,4,2,2,3,2,2,0,3,2,1,0,4,1,1,3,4,2,3,3,2,1,1,1,3,3,1,1,1,2,3,2,1,1,1,1,2,2,3,3,3,4,3,2,2,3,3,3,3,2,2,1,3,2,2,1,1,3,3,3,2,4,4,4,3,1,4,0,0,4,0,3,0,3,1,1,4,4,1,3,2,4,4,3,4,1,2,2,3,3,1,1,2,3,2,1,1,3,4,4,1,3,3,2,3,2,2,4,3,1,2,1,3,1,2,1,3,2,2,3,4,2,3,2,2,0,3,2,1,0,4,1,1,3,4,2,3,3,2,1,1,1,3,3,1,1,1,2,3,2,1,1,1,1,2,2,3,3,3,4,3,2,2,3,3,3,3,2,2,1,3,2,2,1,1,3,3,3,4,4,4,3,1,4,0,0,4,0,3,0,2,3,1,1,2,4,4,1,3,2,4,3,4,3,4,1,2,2,3,3,1,1,2,3,2,2,1,1,3,4,4,1,3,4,3,2,3,2,2,4,3,1,2,3,1,0,3,1,0,2,1,3,2,2,3,4,2,2,3,2,2,0,3,2,1,0,4,1,1,1,3,4,2,3,3,2,1,1,1,2,3,2,3,1,1,1,2,3,4,2,2,1,1,3,1,1,2,2,3,3,3,4,3,2,2,3,3,3,3,3,2,2,1,3,2,2,1,1,3,3,3,3,2,4,4,4,3,1,4,0,0,4,1,4,0,3,1,0,3,0,3,1,3,1,1,4,4,1,3,2,4,3,4,3,4,1,2,2,3,3,1,1,2,3,2,1,1,3,4,4,1,3,3,2,3,2,2,4,3,1,2,1,3,1,2,1,3,2,2,3,4,2,3,2,2,0,3,2,1,0,4,1,1,3,4,2,3,3,2,1,1,1,3,3,1,1,1,2,3,2,1,1,1,1,2,2,3,3,3,4,3,2,2,3,3,3,3,2,2,1,3,2,2,1,1,3,3,3,4,4,4,3,1,4,0,0,4,4,0,3,0
RBT-18-0247-1_S16,0,0,0,0,0,0,0,0,0,0,0,0,0,0,0,0,0,0,0,0,0,0,0,0,0,0,0,0,0,0,0,0,0,0,0,0,0,0,0,2,1,2,3,1,0,0,0,0,0,0,0,0,0,0,0,0,0,0,2,1,0,0,0,0,0,0,0,0,0,0,0,0,0,0,0,0,0,0,0,0,0,0,0,1,0,0,0,3,0,0,0,0,0,0,0,0,0,0,0,0,0,0,0,0,0,1,3,4,3,2,3,4,4,3,1,4,4,4,4,2,3,3,0,0,0,0,0,0,0,0,0,0,0,0,0,0,0,0,0,0,0,0,0,0,0,0,0,0,0,0,0,0,0,0,0,0,0,0,0,2,1,3,1,0,0,0,0,0,0,0,0,0,0,0,0,0,2,1,0,0,0,0,0,0,0,0,0,0,0,0,0,0,0,0,0,0,0,0,0,0,0,1,0,0,0,3,0,0,0,0,0,0,0,0,0,0,0,0,0,0,0,0,0,1,3,4,3,3,4,4,3,1,4,4,4,4,2,3,3,3,0,0,0,0,0,0,0,0,0,0,0,0,0,0,0,0,0,0,0,0,0,0,0,0,0,0,0,0,0,0,0,0,0,0,0,0,0,0,0,0,0,2,3,1,2,3,1,0,0,0,0,0,0,0,0,0,0,0,0,0,0,0,2,1,0,0,0,0,0,0,0,0,0,0,0,0,0,0,2,0,0,0,0,0,0,0,0,3,0,0,0,0,3,1,0,0,0,3,0,0,0,0,0,0,0,3,0,0,0,0,0,0,0,0,0,0,1,3,4,3,3,2,3,4,4,3,1,4,4,4,4,1,4,1,3,1,2,3,3,3,1,0,0,0,0,0,0,0,0,0,0,0,0,0,0,0,0,0,0,0,0,0,0,0,0,0,0,0,0,0,0,0,0,0,0,0,0,0,0,2,1,3,1,0,0,0,0,0,0,0,0,0,0,0,0,0,2,1,0,0,0,0,0,0,0,0,0,0,0,0,0,0,0,0,0,0,0,0,0,0,0,1,0,0,0,3,0,0,0,0,0,0,0,0,0,0,0,0,0,0,0,0,0,1,3,4,3,3,4,4,3,1,4,4,4,4,4,2,3,3
RBT-18-0251-1_S7,3,4,2,4,1,1,1,2,2,3,4,1,4,1,4,2,3,3,1,1,2,3,2,2,1,2,3,4,4,1,3,4,2,3,2,2,3,3,1,1,1,0,3,1,2,1,3,2,2,3,4,2,2,3,2,2,1,3,2,0,1,4,2,1,3,1,2,3,3,2,1,3,1,3,3,1,4,3,2,3,1,1,0,0,4,2,2,0,1,3,4,3,4,2,3,3,3,2,1,2,1,3,2,2,1,0,0,3,0,0,4,4,4,3,1,4,1,4,4,2,1,0,3,4,2,4,1,1,1,2,2,4,1,4,1,4,2,3,3,1,1,2,3,2,1,2,3,4,4,1,3,4,2,3,2,2,3,3,1,1,1,3,1,2,1,3,2,2,3,4,2,3,2,2,1,3,2,0,1,4,2,1,3,1,2,3,3,2,1,3,1,3,3,1,4,3,2,3,1,1,0,0,4,2,2,0,1,3,4,3,4,2,3,3,3,2,1,2,1,3,2,2,1,0,0,3,0,4,4,4,3,1,4,1,4,4,2,1,0,3,3,4,2,2,4,1,1,1,2,2,3,4,1,4,1,4,2,3,3,1,1,2,3,2,2,1,2,3,4,4,1,3,4,4,2,3,2,2,3,3,1,1,3,1,0,3,1,3,2,1,3,2,2,3,4,2,2,3,2,2,1,3,2,0,1,4,1,2,1,3,1,2,3,3,2,1,3,1,2,3,2,3,1,4,3,2,3,3,1,2,1,0,3,0,4,2,2,0,1,3,4,3,4,2,3,3,3,3,2,1,2,1,3,2,2,1,0,0,3,0,0,0,4,4,4,3,1,4,1,4,4,1,4,1,3,0,2,1,0,3,1,3,4,2,4,1,1,1,2,2,3,4,1,4,1,4,2,3,3,1,1,2,3,2,1,2,3,4,4,1,3,4,2,3,2,2,3,3,1,1,1,3,1,2,1,3,2,2,3,4,2,3,2,2,1,3,2,0,1,4,2,1,3,1,2,3,3,2,1,3,1,3,3,1,4,3,2,3,1,1,0,0,4,2,2,0,1,3,4,3,4,2,3,3,3,2,1,2,1,3,2,2,1,0,0,3,0,4,4,4,3,1,4,1,4,4,4,2,1,0
RBT-18-0252-1_S53,0,0,0,0,0,0,0,0,0,0,0,0,0,0,0,0,0,0,0,0,0,0,0,0,0,0,0,0,0,0,0,0,0,0,0,0,0,0,0,2,0,2,3,1,0,0,0,0,0,0,0,0,0,0,0,0,0,0,0,1,0,0,0,1,0,4,2,3,3,2,1,0,1,0,3,1,0,0,0,0,0,0,1,1,0,0,0,3,0,0,0,0,0,0,0,0,0,0,0,0,0,0,0,2,0,0,3,3,3,2,3,4,4,3,1,4,1,4,4,2,3,3,0,0,0,0,0,0,0,0,0,0,0,0,0,0,0,0,0,0,0,0,0,0,0,0,0,0,0,0,0,0,0,0,0,0,0,0,0,2,0,3,1,0,0,0,0,0,0,0,0,0,0,0,0,0,0,1,0,0,0,1,0,4,2,3,3,2,1,0,1,0,3,1,0,0,0,0,0,0,1,1,0,0,0,3,0,0,0,0,0,0,0,0,0,0,0,0,0,0,0,2,0,0,3,3,3,3,4,4,3,1,4,1,4,4,2,3,3,3,0,0,0,0,0,0,0,0,0,0,0,0,0,0,0,0,0,0,0,0,0,0,0,0,0,0,0,0,0,0,0,0,0,0,0,0,0,0,0,0,0,2,0,0,2,3,1,0,0,0,0,0,0,0,0,0,0,0,0,0,0,0,0,1,0,0,0,0,1,0,4,2,3,3,2,1,0,1,2,0,0,3,1,0,0,0,0,3,0,0,0,1,3,1,0,0,0,3,0,0,0,0,0,0,0,3,0,0,0,0,0,0,0,0,2,0,0,3,3,3,3,2,3,4,4,3,1,4,1,4,4,1,4,1,3,1,2,3,3,3,1,0,0,0,0,0,0,0,0,0,0,0,0,0,0,0,0,0,0,0,0,0,0,0,0,0,0,0,0,0,0,0,0,0,0,0,0,0,0,2,0,3,1,0,0,0,0,0,0,0,0,0,0,0,0,0,0,1,0,0,0,1,0,4,2,3,3,2,1,0,1,0,3,1,0,0,0,0,0,0,1,1,0,0,0,3,0,0,0,0,0,0,0,0,0,0,0,0,0,0,0,2,0,0,3,3,3,3,4,4,3,1,4,1,4,4,4,2,3,3
RBT-18-0253-1_S54,3,4,1,4,1,1,1,2,4,3,4,0,4,1,2,2,3,3,1,1,2,3,1,2,1,1,3,4,4,1,3,3,1,3,2,2,3,3,3,1,1,2,0,1,2,1,3,2,2,3,4,2,2,3,2,2,1,3,0,1,1,4,1,3,0,4,2,3,3,1,1,3,1,3,3,1,1,1,0,0,2,0,1,1,4,2,2,3,3,2,4,3,2,2,3,3,3,3,0,2,1,3,3,2,0,1,3,3,3,2,3,4,4,3,1,4,1,4,1,2,1,0,3,4,1,4,1,1,1,2,4,4,0,4,1,2,2,3,3,1,1,2,3,1,1,1,3,4,4,1,3,3,1,3,2,2,3,3,3,1,1,0,1,2,1,3,2,2,3,4,2,3,2,2,1,3,0,1,1,4,1,3,0,4,2,3,3,1,1,3,1,3,3,1,1,1,0,0,2,0,1,1,4,2,2,3,3,2,4,3,2,2,3,3,3,3,0,2,1,3,3,2,0,1,3,3,3,3,4,4,3,1,4,1,4,1,2,1,0,3,3,4,1,2,4,1,1,1,2,4,3,4,0,4,1,2,2,3,3,1,1,2,3,1,2,1,1,3,4,4,1,3,4,3,1,3,2,2,3,3,3,1,3,1,2,0,1,3,2,1,3,2,2,3,4,2,2,3,2,2,1,3,0,1,1,4,1,1,3,0,4,2,3,3,1,1,3,1,2,3,2,3,1,1,1,0,0,3,2,2,0,1,3,1,4,2,2,3,3,2,4,3,2,2,3,3,3,3,3,0,2,1,3,3,2,0,1,3,3,3,3,2,3,4,4,3,1,4,1,4,1,1,4,1,3,1,2,1,0,3,0,3,4,1,4,1,1,1,2,4,3,4,0,4,1,2,2,3,3,1,1,2,3,1,1,1,3,4,4,1,3,3,1,3,2,2,3,3,3,1,1,0,1,2,1,3,2,2,3,4,2,3,2,2,1,3,0,1,1,4,1,3,0,4,2,3,3,1,1,3,1,3,3,1,1,1,0,0,2,0,1,1,4,2,2,3,3,2,4,3,2,2,3,3,3,3,0,2,1,3,3,2,0,1,3,3,3,3,4,4,3,1,4,1,4,1,4,2,1,0
RBT-18-0259-1_S55,3,1,1,4,1,1,1,2,4,3,4,1,4,1,2,2,3,3,1,1,2,3,1,0,1,1,3,4,4,1,3,0,1,3,2,2,3,0,0,1,1,2,3,1,2,1,3,2,2,3,4,2,2,3,2,2,1,3,2,1,1,0,1,3,1,4,2,2,3,0,0,1,1,3,3,1,1,1,2,3,2,1,1,1,4,2,1,3,3,3,4,3,2,2,3,3,3,3,1,2,1,3,2,2,1,1,3,4,3,0,4,4,4,3,1,4,0,4,4,2,0,0,3,1,1,4,1,1,1,2,4,4,1,4,1,2,2,3,3,1,1,2,3,1,1,1,3,4,4,1,3,0,1,3,2,2,3,0,0,1,1,3,1,2,1,3,2,2,3,4,2,3,2,2,1,3,2,1,1,0,1,3,1,4,2,2,3,0,0,1,1,3,3,1,1,1,2,3,2,1,1,1,4,2,1,3,3,3,4,3,2,2,3,3,3,3,1,2,1,3,2,2,1,1,3,4,3,4,4,4,3,1,4,0,4,4,2,0,0,3,3,1,1,1,4,1,1,1,2,4,3,4,1,4,1,2,2,3,3,1,1,2,3,1,0,1,1,3,4,4,1,3,4,0,1,3,2,2,3,0,0,1,3,1,2,3,1,0,2,1,3,2,2,3,4,2,2,3,2,2,1,3,2,1,1,0,1,1,3,1,4,2,2,3,0,0,1,1,2,3,2,3,1,1,1,2,3,3,2,0,1,1,3,1,4,2,1,3,3,3,4,3,2,2,3,3,3,3,3,1,2,1,3,2,2,1,1,3,4,3,0,0,4,4,4,3,1,4,0,4,4,1,4,1,0,0,2,0,0,0,1,3,1,1,4,1,1,1,2,4,3,4,1,4,1,2,2,3,3,1,1,2,3,1,1,1,3,4,4,1,3,0,1,3,2,2,3,0,0,1,1,3,1,2,1,3,2,2,3,4,2,3,2,2,1,3,2,1,1,0,1,3,1,4,2,2,3,0,0,1,1,3,3,1,1,1,2,3,2,1,1,1,4,2,1,3,3,3,4,3,2,2,3,3,3,3,1,2,1,3,2,2,1,1,3,4,3,4,4,4,3,1,4,0,4,4,4,2,0,0
RBT-18-0263-1_S58,3,4,2,4,1,1,1,2,2,3,3,1,4,1,0,2,3,3,1,1,2,3,1,1,1,1,3,4,4,1,3,3,1,1,1,2,3,2,1,2,3,0,3,0,2,1,3,2,2,3,4,2,2,3,2,2,1,3,2,1,4,4,1,1,1,4,2,1,3,1,1,1,1,3,1,1,1,1,2,3,1,1,1,0,4,2,2,3,1,3,2,3,4,2,3,3,1,2,1,2,1,3,2,2,1,3,3,3,3,0,3,2,4,3,2,0,1,0,1,2,3,3,3,4,2,4,1,1,1,2,2,3,1,4,1,0,2,3,3,1,1,2,3,1,1,1,3,4,4,1,3,3,1,1,1,2,3,2,1,2,3,3,0,2,1,3,2,2,3,4,2,3,2,2,1,3,2,1,4,4,1,1,1,4,2,1,3,1,1,1,1,3,1,1,1,1,2,3,1,1,1,0,4,2,2,3,1,3,2,3,4,2,3,3,1,2,1,2,1,3,2,2,1,3,3,3,3,3,2,4,3,2,0,1,0,1,2,3,3,3,3,4,2,1,4,1,1,1,2,2,3,3,1,4,1,0,2,3,3,1,1,2,3,1,1,1,1,3,4,4,1,3,4,3,1,1,1,2,3,2,1,2,3,3,0,3,0,3,2,1,3,2,2,3,4,2,2,3,2,2,1,3,2,1,4,4,1,1,1,1,4,2,1,3,1,1,1,1,2,3,2,1,1,1,1,2,3,3,1,2,1,1,3,0,4,2,2,3,1,3,2,3,4,2,3,3,3,1,2,1,2,1,3,2,2,1,3,3,3,3,0,0,3,2,4,3,2,0,1,0,1,1,4,1,0,1,2,3,3,3,1,3,4,2,4,1,1,1,2,2,3,3,1,4,1,0,2,3,3,1,1,2,3,1,1,1,3,4,4,1,3,3,1,1,1,2,3,2,1,2,3,3,0,2,1,3,2,2,3,4,2,3,2,2,1,3,2,1,4,4,1,1,1,4,2,1,3,1,1,1,1,3,1,1,1,1,2,3,1,1,1,0,4,2,2,3,1,3,2,3,4,2,3,3,1,2,1,2,1,3,2,2,1,3,3,3,3,3,2,4,3,2,0,1,0,1,4,2,3,3
RBT-18-0265-1_S59,3,1,1,4,4,1,1,2,4,0,4,1,4,1,2,2,3,3,1,1,2,3,2,2,1,1,3,4,4,1,3,3,1,3,2,2,3,0,1,2,1,0,3,1,0,0,0,0,0,0,0,0,0,0,0,0,0,0,2,1,1,4,1,1,3,4,2,3,2,2,3,1,1,3,3,1,1,1,2,3,2,3,1,1,4,2,2,3,3,2,4,3,2,2,3,3,3,2,1,2,1,3,3,2,0,1,0,3,3,2,3,4,4,3,1,4,1,4,2,0,3,3,3,1,1,4,4,1,1,2,4,4,1,4,1,2,2,3,3,1,1,2,3,2,1,1,3,4,4,1,3,3,1,3,2,2,3,0,1,2,1,3,1,0,0,0,0,0,0,0,0,0,0,0,0,0,2,1,1,4,1,1,3,4,2,3,2,2,3,1,1,3,3,1,1,1,2,3,2,3,1,1,4,2,2,3,3,2,4,3,2,2,3,3,3,2,1,2,1,3,3,2,0,1,0,3,3,3,4,4,3,1,4,1,4,2,0,3,3,3,3,1,1,2,4,4,1,1,2,4,0,4,1,4,1,2,2,3,3,1,1,2,3,2,2,1,1,3,4,4,1,3,4,3,1,3,2,2,3,0,1,2,3,1,0,3,1,0,0,0,0,0,0,0,0,0,0,0,0,0,0,0,2,1,1,4,1,1,1,3,4,2,3,2,2,3,1,1,2,3,2,3,1,1,1,2,3,3,2,2,3,1,3,1,4,2,2,3,3,2,4,3,2,2,3,3,3,3,2,1,2,1,3,3,2,0,1,0,3,3,3,2,3,4,4,3,1,4,1,4,2,1,4,1,3,0,0,3,3,3,1,3,1,1,4,4,1,1,2,4,0,4,1,4,1,2,2,3,3,1,1,2,3,2,1,1,3,4,4,1,3,3,1,3,2,2,3,0,1,2,1,3,1,0,0,0,0,0,0,0,0,0,0,0,0,0,2,1,1,4,1,1,3,4,2,3,2,2,3,1,1,3,3,1,1,1,2,3,2,3,1,1,4,2,2,3,3,2,4,3,2,2,3,3,3,2,1,2,1,3,3,2,0,1,0,3,3,3,4,4,3,1,4,1,4,2,4,0,3,3
RBT-18-0269-1_S61,3,1,1,4,4,1,3,2,4,3,4,3,4,1,2,2,3,3,1,1,2,3,2,2,1,1,3,4,4,1,3,3,2,3,2,2,4,3,1,2,1,2,3,1,2,1,3,2,2,3,4,2,2,3,2,2,1,3,2,1,0,4,1,1,3,4,2,3,3,2,1,1,4,3,3,1,1,1,2,3,2,1,1,1,1,2,2,3,3,3,4,3,2,2,3,3,3,3,2,2,1,3,2,2,1,1,3,3,3,2,3,4,4,3,1,4,0,4,4,0,3,3,3,1,1,4,4,1,3,2,4,4,3,4,1,2,2,3,3,1,1,2,3,2,1,1,3,4,4,1,3,3,2,3,2,2,4,3,1,2,1,3,1,2,1,3,2,2,3,4,2,3,2,2,1,3,2,1,0,4,1,1,3,4,2,3,3,2,1,1,4,3,3,1,1,1,2,3,2,1,1,1,1,2,2,3,3,3,4,3,2,2,3,3,3,3,2,2,1,3,2,2,1,1,3,3,3,3,4,4,3,1,4,0,4,4,0,3,3,2,3,1,1,2,4,4,1,3,2,4,3,4,3,4,1,2,2,3,3,1,1,2,3,2,2,1,1,3,4,4,1,3,4,3,2,3,2,2,4,3,1,2,3,1,2,3,1,3,2,1,3,2,2,3,4,2,2,3,2,2,1,3,2,1,0,4,1,1,1,3,4,2,3,3,2,1,1,4,2,3,2,3,1,1,1,2,3,4,2,2,1,1,3,1,1,2,2,3,3,3,4,3,2,2,3,3,3,3,3,2,2,1,3,2,2,1,1,3,3,3,3,2,3,4,4,3,1,4,0,4,4,1,4,1,3,1,0,3,3,3,1,3,1,1,4,4,1,3,2,4,3,4,3,4,1,2,2,3,3,1,1,2,3,2,1,1,3,4,4,1,3,3,2,3,2,2,4,3,1,2,1,3,1,2,1,3,2,2,3,4,2,3,2,2,1,3,2,1,0,4,1,1,3,4,2,3,3,2,1,1,4,3,3,1,1,1,2,3,2,1,1,1,1,2,2,3,3,3,4,3,2,2,3,3,3,3,2,2,1,3,2,2,1,1,3,3,3,3,4,4,3,1,4,0,4,4,4,0,3,3
RBT-18-0271-1_S62,3,1,1,4,4,1,3,2,4,3,4,3,4,1,2,2,3,3,1,1,2,3,2,2,1,1,3,4,4,1,3,3,2,3,2,2,4,3,1,2,1,0,3,1,2,1,3,2,2,3,4,2,2,3,2,2,1,3,2,1,0,4,1,1,3,4,2,3,3,2,1,1,1,3,3,1,1,1,2,3,2,1,1,1,1,2,2,3,3,3,4,3,2,2,3,3,3,3,2,2,1,3,2,2,1,1,3,3,3,2,4,4,4,3,1,4,0,0,4,0,3,0,3,1,1,4,4,1,3,2,4,4,3,4,1,2,2,3,3,1,1,2,3,2,1,1,3,4,4,1,3,3,2,3,2,2,4,3,1,2,1,3,1,2,1,3,2,2,3,4,2,3,2,2,1,3,2,1,0,4,1,1,3,4,2,3,3,2,1,1,1,3,3,1,1,1,2,3,2,1,1,1,1,2,2,3,3,3,4,3,2,2,3,3,3,3,2,2,1,3,2,2,1,1,3,3,3,4,4,4,3,1,4,0,0,4,0,3,0,2,3,1,1,2,4,4,1,3,2,4,3,4,3,4,1,2,2,3,3,1,1,2,3,2,2,1,1,3,4,4,1,3,4,3,2,3,2,2,4,3,1,2,3,1,0,3,1,3,2,1,3,2,2,3,4,2,2,3,2,2,1,3,2,1,0,4,1,1,1,3,4,2,3,3,2,1,1,1,2,3,2,3,1,1,1,2,3,4,2,2,1,1,3,1,1,2,2,3,3,3,4,3,2,2,3,3,3,3,3,2,2,1,3,2,2,1,1,3,3,3,3,2,4,4,4,3,1,4,0,0,4,1,4,0,3,1,0,3,0,3,1,3,1,1,4,4,1,3,2,4,3,4,3,4,1,2,2,3,3,1,1,2,3,2,1,1,3,4,4,1,3,3,2,3,2,2,4,3,1,2,1,3,1,2,1,3,2,2,3,4,2,3,2,2,1,3,2,1,0,4,1,1,3,4,2,3,3,2,1,1,1,3,3,1,1,1,2,3,2,1,1,1,1,2,2,3,3,3,4,3,2,2,3,3,3,3,2,2,1,3,2,2,1,1,3,3,3,4,4,4,3,1,4,0,0,4,4,0,3,0
RBT-18-0275-1_S63,3,4,2,4,1,1,1,2,3,3,4,1,4,1,2,2,3,3,1,1,2,3,1,2,1,2,3,4,4,1,3,4,1,3,2,2,3,3,3,1,1,0,3,1,2,1,3,2,2,3,4,2,2,3,2,2,1,3,0,0,1,4,1,1,1,1,2,1,3,1,3,3,1,3,1,1,4,1,2,3,2,3,0,1,4,2,2,0,1,3,4,3,4,2,3,3,3,2,1,2,1,3,2,4,1,0,0,4,3,2,3,4,4,3,1,4,1,4,1,2,1,0,3,4,2,4,1,1,1,2,3,4,1,4,1,2,2,3,3,1,1,2,3,1,1,2,3,4,4,1,3,4,1,3,2,2,3,3,3,1,1,3,1,2,1,3,2,2,3,4,2,3,2,2,1,3,0,0,1,4,1,1,1,1,2,1,3,1,3,3,1,3,1,1,4,1,2,3,2,3,0,1,4,2,2,0,1,3,4,3,4,2,3,3,3,2,1,2,1,3,2,4,1,0,0,4,3,3,4,4,3,1,4,1,4,1,2,1,0,3,3,4,2,2,4,1,1,1,2,3,3,4,1,4,1,2,2,3,3,1,1,2,3,1,2,1,2,3,4,4,1,3,4,4,1,3,2,2,3,3,3,1,3,1,0,3,1,3,2,1,3,2,2,3,4,2,2,3,2,2,1,3,0,0,1,4,1,1,1,1,1,2,1,3,1,3,3,1,2,3,2,1,1,4,1,2,3,3,2,2,3,0,3,1,4,2,2,0,1,3,4,3,4,2,3,3,3,3,2,1,2,1,3,2,4,1,0,0,4,3,3,2,3,4,4,3,1,4,1,4,1,1,4,0,3,1,2,1,0,3,1,3,4,2,4,1,1,1,2,3,3,4,1,4,1,2,2,3,3,1,1,2,3,1,1,2,3,4,4,1,3,4,1,3,2,2,3,3,3,1,1,3,1,2,1,3,2,2,3,4,2,3,2,2,1,3,0,0,1,4,1,1,1,1,2,1,3,1,3,3,1,3,1,1,4,1,2,3,2,3,0,1,4,2,2,0,1,3,4,3,4,2,3,3,3,2,1,2,1,3,2,4,1,0,0,4,3,3,4,4,3,1,4,1,4,1,4,2,1,0
RBT-18-0278-1_S64,1,1,1,4,1,1,1,2,2,3,3,1,4,1,2,2,3,3,1,1,2,3,1,1,1,1,3,4,4,1,3,3,1,1,1,2,3,2,1,2,3,2,3,1,2,1,3,2,2,3,4,2,2,3,2,2,1,3,2,1,4,1,1,3,1,4,1,1,2,1,1,1,1,3,1,3,1,1,1,3,1,1,1,1,1,2,2,3,1,2,2,2,2,2,3,3,1,2,1,1,1,3,2,2,1,3,3,4,0,2,4,4,3,0,1,4,4,4,4,2,3,3,1,1,1,4,1,1,1,2,2,3,1,4,1,2,2,3,3,1,1,2,3,1,1,1,3,4,4,1,3,3,1,1,1,2,3,2,1,2,3,3,1,2,1,3,2,2,3,4,2,3,2,2,1,3,2,1,4,1,1,3,1,4,1,1,2,1,1,1,1,3,1,3,1,1,1,3,1,1,1,1,1,2,2,3,1,2,2,2,2,2,3,3,1,2,1,1,1,3,2,2,1,3,3,4,0,4,4,3,0,1,4,4,4,4,2,3,3,0,1,1,1,0,4,1,1,1,2,2,3,3,1,4,1,2,2,3,3,1,1,2,3,1,1,1,1,3,4,4,1,3,1,3,1,1,1,2,3,2,1,2,0,3,2,3,1,3,2,1,3,2,2,3,4,2,2,3,2,2,1,3,2,1,4,1,4,1,3,1,4,1,1,2,1,1,1,1,0,3,2,1,3,1,1,1,3,0,1,2,1,1,0,1,1,2,2,3,1,2,2,2,2,2,3,0,3,1,2,1,1,1,3,2,2,1,3,3,4,0,3,2,4,4,3,0,1,4,4,4,4,0,0,1,0,1,2,3,3,0,0,1,1,1,4,1,1,1,2,2,3,3,1,4,1,2,2,3,3,1,1,2,3,1,1,1,3,4,4,1,3,3,1,1,1,2,3,2,1,2,3,3,1,2,1,3,2,2,3,4,2,3,2,2,1,3,2,1,4,1,1,3,1,4,1,1,2,1,1,1,1,3,1,3,1,1,1,3,1,1,1,1,1,2,2,3,1,2,2,2,2,2,3,3,1,2,1,1,1,3,2,2,1,3,3,4,0,4,4,3,0,1,4,4,4,4,0,2,3,3
RBT-18-0283-1_S65,3,1,2,4,1,1,1,2,2,3,3,1,4,1,4,2,3,3,4,1,2,3,2,2,1,2,3,4,4,1,3,3,1,1,2,4,3,3,1,1,1,2,3,1,2,1,3,2,2,3,4,2,2,3,2,2,1,3,0,1,1,4,2,1,3,1,2,3,3,2,3,3,1,3,3,1,4,3,2,3,1,1,1,0,4,2,2,0,3,3,4,3,4,2,3,3,3,2,1,2,1,3,3,2,1,1,0,3,3,0,3,2,4,3,2,0,1,0,1,2,1,0,3,1,2,4,1,1,1,2,2,3,1,4,1,4,2,3,3,4,1,2,3,2,1,2,3,4,4,1,3,3,1,1,2,4,3,3,1,1,1,3,1,2,1,3,2,2,3,4,2,3,2,2,1,3,0,1,1,4,2,1,3,1,2,3,3,2,3,3,1,3,3,1,4,3,2,3,1,1,1,0,4,2,2,0,3,3,4,3,4,2,3,3,3,2,1,2,1,3,3,2,1,1,0,3,3,3,2,4,3,2,0,1,0,1,2,1,0,3,3,1,2,2,4,1,1,1,2,2,3,3,1,4,1,4,2,3,3,4,1,2,3,2,2,1,2,3,4,4,1,3,4,3,1,1,2,4,3,3,1,1,3,1,2,3,1,3,2,1,3,2,2,3,4,2,2,3,2,2,1,3,0,1,1,4,1,2,1,3,1,2,3,3,2,3,3,1,2,3,2,3,1,4,3,2,3,3,1,2,1,1,3,0,4,2,2,0,3,3,4,3,4,2,3,3,3,3,2,1,2,1,3,3,2,1,1,0,3,3,0,0,3,2,4,3,2,0,1,0,1,1,4,1,3,1,2,1,0,3,1,3,1,2,4,1,1,1,2,2,3,3,1,4,1,4,2,3,3,4,1,2,3,2,1,2,3,4,4,1,3,3,1,1,2,4,3,3,1,1,1,3,1,2,1,3,2,2,3,4,2,3,2,2,1,3,0,1,1,4,2,1,3,1,2,3,3,2,3,3,1,3,3,1,4,3,2,3,1,1,1,0,4,2,2,0,3,3,4,3,4,2,3,3,3,2,1,2,1,3,3,2,1,1,0,3,3,3,2,4,3,2,0,1,0,1,4,2,1,0
RBT-18-0284-1_S66,1,1,1,4,1,1,1,2,2,3,3,1,4,1,2,2,3,3,1,1,2,3,1,1,1,1,3,4,4,1,3,3,1,1,1,2,3,2,1,2,3,2,3,1,2,1,3,2,2,3,4,2,2,3,2,2,1,3,2,1,4,1,1,3,1,4,1,1,2,1,1,1,1,3,1,3,1,1,1,3,1,1,1,1,1,2,2,3,1,2,2,2,2,2,3,3,1,2,1,1,1,3,2,2,1,3,3,4,0,2,4,4,3,0,1,4,4,4,4,2,3,3,1,1,1,4,1,1,1,2,2,3,1,4,1,2,2,3,3,1,1,2,3,1,1,1,3,4,4,1,3,3,1,1,1,2,3,2,1,2,3,3,1,2,1,3,2,2,3,4,2,3,2,2,1,3,2,1,4,1,1,3,1,4,1,1,2,1,1,1,1,3,1,3,1,1,1,3,1,1,1,1,1,2,2,3,1,2,2,2,2,2,3,3,1,2,1,1,1,3,2,2,1,3,3,4,0,4,4,3,0,1,4,4,4,4,2,3,3,0,1,1,1,1,4,1,1,1,2,2,3,3,1,4,1,2,2,3,3,1,1,2,3,1,1,1,1,3,4,4,1,3,1,3,1,1,1,2,3,2,1,2,0,3,2,3,1,3,2,1,3,2,2,3,4,2,2,3,2,2,1,3,2,1,4,1,4,1,3,1,4,1,1,2,1,1,1,1,0,3,2,1,3,1,1,1,3,0,1,2,1,1,0,1,1,2,2,3,1,2,2,2,2,2,3,0,3,1,2,1,1,1,3,2,2,1,3,3,4,0,3,2,4,4,3,0,1,4,4,4,4,0,0,1,0,1,2,3,3,0,0,1,1,1,4,1,1,1,2,2,3,3,1,4,1,2,2,3,3,1,1,2,3,1,1,1,3,4,4,1,3,3,1,1,1,2,3,2,1,2,3,3,1,2,1,3,2,2,3,4,2,3,2,2,1,3,2,1,4,1,1,3,1,4,1,1,2,1,1,1,1,3,1,3,1,1,1,3,1,1,1,1,1,2,2,3,1,2,2,2,2,2,3,3,1,2,1,1,1,3,2,2,1,3,3,4,0,4,4,3,0,1,4,4,4,4,0,2,3,3
RBT-18-0288-1_S68,0,1,0,4,1,1,1,2,0,0,4,1,0,1,2,2,3,0,1,1,2,3,1,0,0,1,3,0,0,0,0,3,1,0,2,2,3,3,1,2,1,2,3,1,2,0,3,2,2,3,0,0,0,3,2,2,0,3,2,1,1,4,0,3,3,4,2,0,3,0,0,0,1,3,3,1,1,1,2,3,2,1,1,1,4,2,0,3,3,3,4,3,2,2,3,0,3,3,1,2,1,3,2,2,1,1,3,4,3,2,3,4,4,3,1,4,1,4,4,2,3,3,0,1,0,4,1,1,1,2,0,4,1,0,1,2,2,3,0,1,1,2,3,1,0,1,3,0,0,0,0,3,1,0,2,2,3,3,1,2,1,3,1,2,0,3,2,2,3,0,0,3,2,2,0,3,2,1,1,4,0,3,3,4,2,0,3,0,0,0,1,3,3,1,1,1,2,3,2,1,1,1,4,2,0,3,3,3,4,3,2,2,3,0,3,3,1,2,1,3,2,2,1,1,3,4,3,3,4,4,3,1,4,1,4,4,2,3,3,3,0,1,0,0,4,1,1,1,2,0,0,4,1,0,1,2,2,3,0,1,1,2,3,1,0,0,1,3,0,0,0,0,0,3,1,0,2,2,3,3,1,2,3,1,2,3,1,3,2,0,3,2,2,3,0,0,0,3,2,2,0,3,2,1,1,4,0,0,3,3,4,2,0,3,0,0,0,1,2,3,2,3,1,1,1,2,3,3,2,0,1,1,3,1,4,2,0,3,3,3,4,3,2,2,3,3,0,3,3,1,2,1,3,2,2,1,1,3,4,3,3,2,3,4,4,3,1,4,1,4,4,1,4,1,3,1,2,3,3,3,1,0,1,0,4,1,1,1,2,0,0,4,1,0,1,2,2,3,0,1,1,2,3,1,0,1,3,0,0,0,0,3,1,0,2,2,3,3,1,2,1,3,1,2,0,3,2,2,3,0,0,3,2,2,0,3,2,1,1,4,0,3,3,4,2,0,3,0,0,0,1,3,3,1,1,1,2,3,2,1,1,1,4,2,0,3,3,3,4,3,2,2,3,0,3,3,1,2,1,3,2,2,1,1,3,4,3,3,4,4,3,1,4,1,4,4,4,2,3,3
RBT-18-0292-1_S70,3,1,2,4,1,1,1,2,3,3,3,1,4,1,2,2,3,3,4,1,2,3,2,2,1,2,3,4,4,1,3,4,1,3,2,2,3,3,3,1,1,0,3,1,2,1,3,2,2,3,4,2,2,3,2,2,1,3,2,0,1,4,1,1,3,1,2,1,3,1,3,3,1,3,1,1,4,1,2,3,1,1,1,1,4,2,2,0,1,3,4,3,4,2,3,3,3,2,1,2,1,3,2,4,1,1,0,3,3,0,3,2,4,3,2,4,1,0,1,2,1,3,3,1,2,4,1,1,1,2,3,3,1,4,1,2,2,3,3,4,1,2,3,2,1,2,3,4,4,1,3,4,1,3,2,2,3,3,3,1,1,3,1,2,1,3,2,2,3,4,2,3,2,2,1,3,2,0,1,4,1,1,3,1,2,1,3,1,3,3,1,3,1,1,4,1,2,3,1,1,1,1,4,2,2,0,1,3,4,3,4,2,3,3,3,2,1,2,1,3,2,4,1,1,0,3,3,3,2,4,3,2,4,1,0,1,2,1,3,3,3,1,2,2,4,1,1,1,2,3,3,3,1,4,1,2,2,3,3,4,1,2,3,2,2,1,2,3,4,4,1,3,4,4,1,3,2,2,3,3,3,1,3,1,0,3,1,3,2,1,3,2,2,3,4,2,2,3,2,2,1,3,2,0,1,4,1,1,1,3,1,2,1,3,1,3,3,1,2,3,2,1,1,4,1,2,3,3,1,2,1,1,3,1,4,2,2,0,1,3,4,3,4,2,3,3,3,3,2,1,2,1,3,2,4,1,1,0,3,3,0,0,3,2,4,3,2,4,1,0,1,1,4,0,3,1,2,1,3,3,1,3,1,2,4,1,1,1,2,3,3,3,1,4,1,2,2,3,3,4,1,2,3,2,1,2,3,4,4,1,3,4,1,3,2,2,3,3,3,1,1,3,1,2,1,3,2,2,3,4,2,3,2,2,1,3,2,0,1,4,1,1,3,1,2,1,3,1,3,3,1,3,1,1,4,1,2,3,1,1,1,1,4,2,2,0,1,3,4,3,4,2,3,3,3,2,1,2,1,3,2,4,1,1,0,3,3,3,2,4,3,2,4,1,0,1,4,2,1,3
RBT-18-0293-1_S71,3,1,1,4,4,1,3,2,4,3,4,3,4,1,2,2,3,3,1,1,2,3,2,2,1,1,3,4,4,1,3,3,2,3,2,2,4,3,1,2,1,0,3,1,2,1,3,2,2,3,4,2,2,3,2,2,1,3,2,1,0,4,1,1,3,4,2,3,3,2,1,1,1,3,3,1,1,1,2,3,2,1,1,1,1,2,2,3,3,3,4,3,2,2,3,3,3,3,2,2,1,3,2,2,1,1,3,3,3,2,4,4,4,3,1,4,0,0,4,0,3,0,3,1,1,4,4,1,3,2,4,4,3,4,1,2,2,3,3,1,1,2,3,2,1,1,3,4,4,1,3,3,2,3,2,2,4,3,1,2,1,3,1,2,1,3,2,2,3,4,2,3,2,2,1,3,2,1,0,4,1,1,3,4,2,3,3,2,1,1,1,3,3,1,1,1,2,3,2,1,1,1,1,2,2,3,3,3,4,3,2,2,3,3,3,3,2,2,1,3,2,2,1,1,3,3,3,4,4,4,3,1,4,0,0,4,0,3,0,2,3,1,1,2,4,4,1,3,2,4,3,4,3,4,1,2,2,3,3,1,1,2,3,2,2,1,1,3,4,4,1,3,4,3,2,3,2,2,4,3,1,2,3,1,0,3,1,3,2,1,3,2,2,3,4,2,2,3,2,2,1,3,2,1,0,4,1,1,1,3,4,2,3,3,2,1,1,1,2,3,2,3,1,1,1,2,3,4,2,2,1,1,3,1,1,2,2,3,3,3,4,3,2,2,3,3,3,3,3,2,2,1,3,2,2,1,1,3,3,3,3,2,4,4,4,3,1,4,0,0,4,1,4,0,3,1,0,3,0,3,1,3,1,1,4,4,1,3,2,4,3,4,3,4,1,2,2,3,3,1,1,2,3,2,1,1,3,4,4,1,3,3,2,3,2,2,4,3,1,2,1,3,1,2,1,3,2,2,3,4,2,3,2,2,1,3,2,1,0,4,1,1,3,4,2,3,3,2,1,1,1,3,3,1,1,1,2,3,2,1,1,1,1,2,2,3,3,3,4,3,2,2,3,3,3,3,2,2,1,3,2,2,1,1,3,3,3,4,4,4,3,1,4,0,0,4,4,0,3,0
RBT-18-0296-1_S72,1,1,1,4,1,1,1,2,2,3,3,1,4,1,2,2,3,3,1,1,2,3,1,1,1,1,3,4,4,1,3,3,1,1,1,2,3,2,1,2,3,2,3,1,2,1,3,2,2,3,4,2,2,3,2,2,1,3,2,1,4,1,1,3,1,4,1,1,2,1,1,1,1,3,1,3,1,1,1,3,1,1,1,1,1,2,2,3,1,2,2,2,2,2,3,3,1,2,1,1,1,3,2,2,1,3,3,4,0,2,4,4,3,0,1,4,4,4,4,2,3,3,1,1,1,4,1,1,1,2,2,3,1,4,1,2,2,3,3,1,1,2,3,1,1,1,3,4,4,1,3,3,1,1,1,2,3,2,1,2,3,3,1,2,1,3,2,2,3,4,2,3,2,2,1,3,2,1,4,1,1,3,1,4,1,1,2,1,1,1,1,3,1,3,1,1,1,3,1,1,1,1,1,2,2,3,1,2,2,2,2,2,3,3,1,2,1,1,1,3,2,2,1,3,3,4,0,4,4,3,0,1,4,4,4,4,2,3,3,0,1,1,1,1,4,1,1,1,2,2,3,3,1,4,1,2,2,3,3,1,1,2,3,1,1,1,1,3,4,4,1,3,1,3,1,1,1,2,3,2,1,2,0,3,2,3,1,3,2,1,3,2,2,3,4,2,2,3,2,2,1,3,2,1,4,1,4,1,3,1,4,1,1,2,1,1,1,1,0,3,2,1,3,1,1,1,3,0,1,2,1,1,0,1,1,2,2,3,1,2,2,2,2,2,3,0,3,1,2,1,1,1,3,2,2,1,3,3,4,0,3,2,4,4,3,0,1,4,4,4,4,0,0,1,0,1,2,3,3,0,0,1,1,1,4,1,1,1,2,2,3,3,1,4,1,2,2,3,3,1,1,2,3,1,1,1,3,4,4,1,3,3,1,1,1,2,3,2,1,2,3,3,1,2,1,3,2,2,3,4,2,3,2,2,1,3,2,1,4,1,1,3,1,4,1,1,2,1,1,1,1,3,1,3,1,1,1,3,1,1,1,1,1,2,2,3,1,2,2,2,2,2,3,3,1,2,1,1,1,3,2,2,1,3,3,4,0,4,4,3,0,1,4,4,4,4,0,2,3,3
RBT-18-0303-1_S20,0,0,0,0,0,0,0,0,0,0,0,0,0,0,0,0,0,0,0,0,0,0,0,0,0,0,0,0,0,0,0,0,0,0,0,0,0,0,0,2,1,2,3,1,0,0,0,0,0,0,0,0,0,0,0,0,0,0,2,1,0,0,0,0,0,0,0,0,0,0,0,0,0,0,0,0,0,0,0,0,0,0,1,1,0,0,0,3,0,0,0,0,0,0,0,0,0,0,0,0,0,0,0,0,0,1,3,4,3,2,3,4,4,3,1,4,4,4,4,2,3,3,0,0,0,0,0,0,0,0,0,0,0,0,0,0,0,0,0,0,0,0,0,0,0,0,0,0,0,0,0,0,0,0,0,0,0,0,0,2,1,3,1,0,0,0,0,0,0,0,0,0,0,0,0,0,2,1,0,0,0,0,0,0,0,0,0,0,0,0,0,0,0,0,0,0,0,0,0,0,1,1,0,0,0,3,0,0,0,0,0,0,0,0,0,0,0,0,0,0,0,0,0,1,3,4,3,3,4,4,3,1,4,4,4,4,2,3,3,3,0,0,0,0,0,0,0,0,0,0,0,0,0,0,0,0,0,0,0,0,0,0,0,0,0,0,0,0,0,0,0,0,0,0,0,0,0,0,0,0,0,2,3,1,2,3,1,0,0,0,0,0,0,0,0,0,0,0,0,0,0,0,2,1,0,0,0,0,0,0,0,0,0,0,0,0,0,0,2,0,0,0,0,0,0,0,0,3,0,0,0,1,3,1,0,0,0,3,0,0,0,0,0,0,0,3,0,0,0,0,0,0,0,0,0,0,1,3,4,3,3,2,3,4,4,3,1,4,4,4,4,1,4,1,3,1,2,3,3,3,1,0,0,0,0,0,0,0,0,0,0,0,0,0,0,0,0,0,0,0,0,0,0,0,0,0,0,0,0,0,0,0,0,0,0,0,0,0,0,2,1,3,1,0,0,0,0,0,0,0,0,0,0,0,0,0,2,1,0,0,0,0,0,0,0,0,0,0,0,0,0,0,0,0,0,0,0,0,0,0,1,1,0,0,0,3,0,0,0,0,0,0,0,0,0,0,0,0,0,0,0,0,0,1,3,4,3,3,4,4,3,1,4,4,4,4,4,2,3,3
RBT-18-0308-1_S34,1,1,1,4,1,1,1,2,2,3,3,1,4,1,2,2,3,3,1,1,2,3,1,1,1,1,3,4,4,1,3,3,1,1,1,2,3,2,1,2,3,2,3,1,2,1,3,2,2,3,4,2,2,3,2,2,1,3,2,1,4,1,1,3,1,4,1,1,2,1,1,1,1,3,1,3,1,1,1,3,1,1,1,1,1,0,2,3,1,2,2,2,2,2,3,3,1,2,1,1,1,3,2,2,1,3,3,3,3,0,3,2,4,3,2,0,1,0,1,2,3,3,1,1,1,4,1,1,1,2,2,3,1,4,1,2,2,3,3,1,1,2,3,1,1,1,3,4,4,1,3,3,1,1,1,2,3,2,1,2,3,3,1,2,1,3,2,2,3,4,2,3,2,2,1,3,2,1,4,1,1,3,1,4,1,1,2,1,1,1,1,3,1,3,1,1,1,3,1,1,1,1,1,0,2,3,1,2,2,2,2,2,3,3,1,2,1,1,1,3,2,2,1,3,3,3,3,3,2,4,3,2,0,1,0,1,2,3,3,0,1,1,1,1,4,1,1,1,2,2,3,3,1,4,1,2,2,3,3,1,1,2,3,1,1,1,1,3,4,4,1,3,1,3,1,1,1,2,3,2,1,2,0,3,2,3,1,3,2,1,3,2,2,3,4,2,2,3,2,2,1,3,2,1,4,1,4,1,3,1,4,1,1,2,1,1,1,1,0,3,2,1,3,1,1,1,3,0,1,2,1,1,0,1,1,0,2,3,1,2,2,2,2,2,3,0,3,1,2,1,1,1,3,2,2,1,3,3,3,3,0,0,3,2,4,3,2,0,1,0,1,1,4,1,0,1,2,3,3,0,0,1,1,1,4,1,1,1,2,2,3,3,1,4,1,2,2,3,3,1,1,2,3,1,1,1,3,4,4,1,3,3,1,1,1,2,3,2,1,2,3,3,1,2,1,3,2,2,3,4,2,3,2,2,1,3,2,1,4,1,1,3,1,4,1,1,2,1,1,1,1,3,1,3,1,1,1,3,1,1,1,1,1,0,2,3,1,2,2,2,2,2,3,3,1,2,1,1,1,3,2,2,1,3,3,3,3,3,2,4,3,2,0,1,0,1,4,2,3,3
RBT-18-0316-1_S43,3,4,2,4,1,1,1,2,3,3,4,1,4,1,4,2,3,3,4,1,2,3,1,1,1,1,3,4,4,1,3,3,1,3,2,2,4,3,1,2,0,0,0,0,2,1,3,2,2,3,4,2,2,3,2,2,2,3,0,0,1,4,1,1,3,4,2,3,3,2,3,3,4,3,1,1,4,3,2,3,2,3,1,0,4,2,2,3,3,3,4,3,4,2,3,3,3,2,1,2,1,3,3,4,1,1,0,3,3,2,3,2,4,3,2,0,4,4,1,2,1,0,3,4,2,4,1,1,1,2,3,4,1,4,1,4,2,3,3,4,1,2,3,1,1,1,3,4,4,1,3,3,1,3,2,2,4,3,1,2,0,0,0,2,1,3,2,2,3,4,2,3,2,2,2,3,0,0,1,4,1,1,3,4,2,3,3,2,3,3,4,3,1,1,4,3,2,3,2,3,1,0,4,2,2,3,3,3,4,3,4,2,3,3,3,2,1,2,1,3,3,4,1,1,0,3,3,3,2,4,3,2,0,4,4,1,2,1,0,3,3,4,2,1,4,1,1,1,2,3,3,4,1,4,1,4,2,3,3,4,1,2,3,1,1,1,1,3,4,4,1,3,4,3,1,3,2,2,4,3,1,2,3,0,0,0,0,3,2,1,3,2,2,3,4,2,2,3,2,2,2,3,0,0,1,4,1,1,1,3,4,2,3,3,2,3,3,4,2,3,2,1,1,4,3,2,3,3,2,2,3,1,3,0,4,2,2,3,3,3,4,3,4,2,3,3,3,3,2,1,2,1,3,3,4,1,1,0,3,3,3,2,3,2,4,3,2,0,4,4,1,1,4,0,3,1,2,1,0,3,1,3,4,2,4,1,1,1,2,3,3,4,1,4,1,4,2,3,3,4,1,2,3,1,1,1,3,4,4,1,3,3,1,3,2,2,4,3,1,2,0,0,0,2,1,3,2,2,3,4,2,3,2,2,2,3,0,0,1,4,1,1,3,4,2,3,3,2,3,3,4,3,1,1,4,3,2,3,2,3,1,0,4,2,2,3,3,3,4,3,4,2,3,3,3,2,1,2,1,3,3,4,1,1,0,3,3,3,2,4,3,2,0,4,4,1,4,2,1,0
RBT-18-0317-1_S27,3,4,2,4,4,1,1,4,3,3,4,1,4,1,2,2,3,3,4,1,2,4,2,2,1,2,3,4,4,1,3,4,2,3,2,4,4,3,3,1,1,2,0,0,2,1,3,2,2,3,4,2,2,3,2,2,2,3,0,0,1,4,2,3,3,1,2,3,3,1,3,3,4,3,3,1,4,3,2,3,2,3,0,1,4,2,2,0,3,3,4,3,4,2,3,3,3,3,1,2,1,3,3,4,1,1,3,3,3,2,3,2,4,3,2,4,1,4,4,2,3,3,3,4,2,4,4,1,1,4,3,4,1,4,1,2,2,3,3,4,1,2,4,2,1,2,3,4,4,1,3,4,2,3,2,4,4,3,3,1,1,0,0,2,1,3,2,2,3,4,2,3,2,2,2,3,0,0,1,4,2,3,3,1,2,3,3,1,3,3,4,3,3,1,4,3,2,3,2,3,0,1,4,2,2,0,3,3,4,3,4,2,3,3,3,3,1,2,1,3,3,4,1,1,3,3,3,3,2,4,3,2,4,1,4,4,2,3,3,3,3,4,2,2,4,4,1,1,4,3,3,4,1,4,1,2,2,3,3,4,1,2,4,2,2,1,2,3,4,4,1,3,4,4,2,3,2,4,4,3,3,1,3,1,2,0,0,3,2,1,3,2,2,3,4,2,2,3,2,2,2,3,0,0,1,4,1,2,3,3,1,2,3,3,1,3,3,4,2,3,2,3,1,4,3,2,3,4,2,2,3,0,3,1,4,2,2,0,3,3,4,3,4,2,3,3,3,3,3,1,2,1,3,3,4,1,1,3,3,3,3,2,3,2,4,3,2,4,1,4,4,1,4,1,3,1,2,3,3,3,1,3,4,2,4,4,1,1,4,3,3,4,1,4,1,2,2,3,3,4,1,2,4,2,1,2,3,4,4,1,3,4,2,3,2,4,4,3,3,1,1,0,0,2,1,3,2,2,3,4,2,3,2,2,2,3,0,0,1,4,2,3,3,1,2,3,3,1,3,3,4,3,3,1,4,3,2,3,2,3,0,1,4,2,2,0,3,3,4,3,4,2,3,3,3,3,1,2,1,3,3,4,1,1,3,3,3,3,2,4,3,2,4,1,4,4,4,2,3,3
RBT-18-0324-1_S57,1,1,1,4,1,1,1,2,2,3,3,1,4,1,2,2,3,3,1,1,2,3,1,1,1,1,3,4,4,1,3,3,1,1,1,2,3,2,1,2,3,2,3,1,2,1,3,2,2,3,4,2,2,3,2,2,1,3,2,1,4,1,1,3,1,4,1,1,2,1,1,1,1,3,1,3,1,1,1,3,1,1,1,1,1,0,2,3,1,2,2,2,2,2,3,3,1,2,1,1,1,0,2,2,1,3,3,4,0,2,4,4,3,0,1,4,4,4,4,2,3,3,1,1,1,4,1,1,1,2,2,3,1,4,1,2,2,3,3,1,1,2,3,1,1,1,3,4,4,1,3,3,1,1,1,2,3,2,1,2,3,3,1,2,1,3,2,2,3,4,2,3,2,2,1,3,2,1,4,1,1,3,1,4,1,1,2,1,1,1,1,3,1,3,1,1,1,3,1,1,1,1,1,0,2,3,1,2,2,2,2,2,3,3,1,2,1,1,1,0,2,2,1,3,3,4,0,4,4,3,0,1,4,4,4,4,2,3,3,0,1,1,1,1,4,1,1,1,2,2,3,3,1,4,1,2,2,3,3,1,1,2,3,1,1,1,1,3,4,4,1,3,1,3,1,1,1,2,3,2,1,2,0,3,2,3,1,3,2,1,3,2,2,3,4,2,2,3,2,2,1,3,2,1,4,1,4,1,3,1,4,1,1,2,1,1,1,1,0,3,2,1,3,1,1,1,3,0,1,2,1,1,0,1,1,0,2,3,1,2,2,2,2,2,3,0,3,1,2,1,1,1,0,2,2,1,3,3,4,0,3,2,4,4,3,0,1,4,4,4,4,0,0,1,0,1,2,3,3,0,0,1,1,1,4,1,1,1,2,2,3,3,1,4,1,2,2,3,3,1,1,2,3,1,1,1,3,4,4,1,3,3,1,1,1,2,3,2,1,2,3,3,1,2,1,3,2,2,3,4,2,3,2,2,1,3,2,1,4,1,1,3,1,4,1,1,2,1,1,1,1,3,1,3,1,1,1,3,1,1,1,1,1,0,2,3,1,2,2,2,2,2,3,3,1,2,1,1,1,0,2,2,1,3,3,4,0,4,4,3,0,1,4,4,4,4,0,2,3,3
RBT-18-0325-1_S44,3,1,1,4,4,1,3,2,4,3,4,1,4,1,2,2,3,3,1,1,2,3,2,2,1,1,3,4,4,1,3,3,2,3,2,2,4,3,1,1,3,2,3,1,2,1,4,2,2,3,4,2,2,3,2,2,1,3,2,1,1,4,2,1,0,4,2,3,2,2,1,1,1,3,3,1,1,1,2,0,2,1,1,1,4,2,2,3,3,3,4,3,2,2,3,3,3,3,1,2,1,3,3,2,1,1,3,3,3,2,3,4,4,3,1,4,1,4,4,0,3,0,3,1,1,4,4,1,3,2,4,4,1,4,1,2,2,3,3,1,1,2,3,2,1,1,3,4,4,1,3,3,2,3,2,2,4,3,1,1,3,3,1,2,1,4,2,2,3,4,2,3,2,2,1,3,2,1,1,4,2,1,0,4,2,3,2,2,1,1,1,3,3,1,1,1,2,0,2,1,1,1,4,2,2,3,3,3,4,3,2,2,3,3,3,3,1,2,1,3,3,2,1,1,3,3,3,3,4,4,3,1,4,1,4,4,0,3,0,3,3,1,1,1,4,4,1,3,2,4,3,4,1,4,1,2,2,3,3,1,1,2,3,2,2,1,1,3,4,4,1,3,4,3,2,3,2,2,4,3,1,1,3,3,2,3,1,3,2,1,4,2,2,3,4,2,2,3,2,2,1,3,2,1,1,4,0,2,1,0,4,2,3,2,2,1,1,1,2,3,2,3,1,1,1,2,0,4,2,2,1,1,3,1,4,2,2,3,3,3,4,3,2,2,3,3,3,3,3,1,2,1,3,3,2,1,1,3,3,3,3,2,3,4,4,3,1,4,1,4,4,1,4,0,3,0,0,3,0,3,1,3,1,1,4,4,1,3,2,4,3,4,1,4,1,2,2,3,3,1,1,2,3,2,1,1,3,4,4,1,3,3,2,3,2,2,4,3,1,1,3,3,1,2,1,4,2,2,3,4,2,3,2,2,1,3,2,1,1,4,2,1,0,4,2,3,2,2,1,1,1,3,3,1,1,1,2,0,2,1,1,1,4,2,2,3,3,3,4,3,2,2,3,3,3,3,1,2,1,3,3,2,1,1,3,3,3,3,4,4,3,1,4,1,4,4,4,0,3,0
RBT-18-0331-1_S22,3,1,2,4,1,1,1,2,2,3,3,1,4,1,4,2,3,3,4,1,2,3,2,2,1,2,3,4,4,1,3,3,1,1,2,4,3,3,1,1,1,0,3,1,2,1,3,2,2,3,4,2,2,3,2,2,1,3,0,1,1,4,2,1,3,1,2,3,3,2,3,3,1,3,3,1,4,3,2,3,1,1,1,0,4,2,2,0,3,3,4,3,4,2,3,3,3,2,1,2,1,3,3,2,1,1,0,3,3,0,3,2,4,3,2,0,1,0,1,2,1,0,3,1,2,4,1,1,1,2,2,3,1,4,1,4,2,3,3,4,1,2,3,2,1,2,3,4,4,1,3,3,1,1,2,4,3,3,1,1,1,3,1,2,1,3,2,2,3,4,2,3,2,2,1,3,0,1,1,4,2,1,3,1,2,3,3,2,3,3,1,3,3,1,4,3,2,3,1,1,1,0,4,2,2,0,3,3,4,3,4,2,3,3,3,2,1,2,1,3,3,2,1,1,0,3,3,3,2,4,3,2,0,1,0,1,2,1,0,3,3,1,2,2,4,1,1,1,2,2,3,3,1,4,1,4,2,3,3,4,1,2,3,2,2,1,2,3,4,4,1,3,4,3,1,1,2,4,3,3,1,1,3,1,0,3,1,3,2,1,3,2,2,3,4,2,2,3,2,2,1,3,0,1,1,4,1,2,1,3,1,2,3,3,2,3,3,1,2,3,2,3,1,4,3,2,3,3,1,2,1,1,3,0,4,2,2,0,3,3,4,3,4,2,3,3,3,3,2,1,2,1,3,3,2,1,1,0,3,3,0,0,3,2,4,3,2,0,1,0,1,1,4,1,3,1,2,1,0,3,1,3,1,2,4,1,1,1,2,2,3,3,1,4,1,4,2,3,3,4,1,2,3,2,1,2,3,4,4,1,3,3,1,1,2,4,3,3,1,1,1,3,1,2,1,3,2,2,3,4,2,3,2,2,1,3,0,1,1,4,2,1,3,1,2,3,3,2,3,3,1,3,3,1,4,3,2,3,1,1,1,0,4,2,2,0,3,3,4,3,4,2,3,3,3,2,1,2,1,3,3,2,1,1,0,3,3,3,2,4,3,2,0,1,0,1,4,2,1,0
RBT-18-0334-1_S23,3,1,2,4,1,1,1,2,2,3,3,1,4,1,4,2,3,3,4,1,2,3,2,2,1,2,3,4,4,1,3,3,1,1,2,4,3,3,1,1,1,2,3,1,2,1,3,2,2,3,4,2,2,3,2,2,1,3,0,1,1,4,2,1,3,1,2,3,3,2,3,3,1,3,3,1,4,3,2,3,1,1,1,0,4,2,2,0,3,3,4,3,4,2,3,3,3,2,1,2,1,3,3,2,1,1,0,3,3,0,3,2,4,3,2,0,1,4,4,2,3,3,3,1,2,4,1,1,1,2,2,3,1,4,1,4,2,3,3,4,1,2,3,2,1,2,3,4,4,1,3,3,1,1,2,4,3,3,1,1,1,3,1,2,1,3,2,2,3,4,2,3,2,2,1,3,0,1,1,4,2,1,3,1,2,3,3,2,3,3,1,3,3,1,4,3,2,3,1,1,1,0,4,2,2,0,3,3,4,3,4,2,3,3,3,2,1,2,1,3,3,2,1,1,0,3,3,3,2,4,3,2,0,1,4,4,2,3,3,3,3,1,2,2,4,1,1,1,2,2,3,3,1,4,1,4,2,3,3,4,1,2,3,2,2,1,2,3,4,4,1,3,4,3,1,1,2,4,3,3,1,1,3,1,2,3,1,3,2,1,3,2,2,3,4,2,2,3,2,2,1,3,0,1,1,4,1,2,1,3,1,2,3,3,2,3,3,1,2,3,2,3,1,4,3,2,3,3,1,2,1,1,3,0,4,2,2,0,3,3,4,3,4,2,3,3,3,3,2,1,2,1,3,3,2,1,1,0,3,3,0,0,3,2,4,3,2,0,1,4,4,1,4,1,3,1,2,3,3,3,1,3,1,2,4,1,1,1,2,2,3,3,1,4,1,4,2,3,3,4,1,2,3,2,1,2,3,4,4,1,3,3,1,1,2,4,3,3,1,1,1,3,1,2,1,3,2,2,3,4,2,3,2,2,1,3,0,1,1,4,2,1,3,1,2,3,3,2,3,3,1,3,3,1,4,3,2,3,1,1,1,0,4,2,2,0,3,3,4,3,4,2,3,3,3,2,1,2,1,3,3,2,1,1,0,3,3,3,2,4,3,2,0,1,4,4,4,2,3,3
RBT-18-0335-1_S41,1,1,1,4,1,1,1,2,2,3,3,1,4,1,2,2,3,3,1,1,2,3,1,1,1,1,3,4,4,1,3,3,1,1,1,2,3,2,1,2,3,2,3,1,2,1,3,2,2,3,4,2,2,3,2,2,1,3,2,1,4,1,1,3,1,4,1,1,2,1,1,1,1,3,1,3,1,1,1,3,1,1,1,1,1,2,2,3,1,2,2,2,2,2,3,3,1,2,1,1,1,3,2,2,1,3,3,4,0,2,4,4,3,0,1,4,4,4,4,2,3,3,1,1,1,4,1,1,1,2,2,3,1,4,1,2,2,3,3,1,1,2,3,1,1,1,3,4,4,1,3,3,1,1,1,2,3,2,1,2,3,3,1,2,1,3,2,2,3,4,2,3,2,2,1,3,2,1,4,1,1,3,1,4,1,1,2,1,1,1,1,3,1,3,1,1,1,3,1,1,1,1,1,2,2,3,1,2,2,2,2,2,3,3,1,2,1,1,1,3,2,2,1,3,3,4,0,4,4,3,0,1,4,4,4,4,2,3,3,0,1,1,1,1,4,1,1,1,2,2,3,3,1,4,1,2,2,3,3,1,1,2,3,1,1,1,1,3,4,4,1,3,1,3,1,1,1,2,3,2,1,2,0,3,2,3,1,3,2,1,3,2,2,3,4,2,2,3,2,2,1,3,2,1,4,1,4,1,3,1,4,1,1,2,1,1,1,1,0,3,2,1,3,1,1,1,3,0,1,2,1,1,0,1,1,2,2,3,1,2,2,2,2,2,3,0,3,1,2,1,1,1,3,2,2,1,3,3,4,0,3,2,4,4,3,0,1,4,4,4,4,0,0,1,0,1,2,3,3,0,0,1,1,1,4,1,1,1,2,2,3,3,1,4,1,2,2,3,3,1,1,2,3,1,1,1,3,4,4,1,3,3,1,1,1,2,3,2,1,2,3,3,1,2,1,3,2,2,3,4,2,3,2,2,1,3,2,1,4,1,1,3,1,4,1,1,2,1,1,1,1,3,1,3,1,1,1,3,1,1,1,1,1,2,2,3,1,2,2,2,2,2,3,3,1,2,1,1,1,3,2,2,1,3,3,4,0,4,4,3,0,1,4,4,4,4,0,2,3,3
RBT-18-0337-1_S46,1,1,1,4,1,1,1,2,2,3,3,1,4,1,2,2,3,3,1,1,2,3,1,1,1,1,3,4,4,1,3,3,1,1,1,2,3,2,1,2,3,2,3,1,2,1,3,2,2,3,4,2,2,3,2,2,1,3,2,1,4,1,1,3,1,4,1,1,2,1,1,1,1,3,1,3,1,1,1,3,1,1,1,1,1,2,2,3,1,2,2,2,2,2,3,3,1,2,1,1,1,3,2,2,1,3,3,4,0,2,4,4,3,0,1,4,4,4,4,2,3,3,1,1,1,4,1,1,1,2,2,3,1,4,1,2,2,3,3,1,1,2,3,1,1,1,3,4,4,1,3,3,1,1,1,2,3,2,1,2,3,3,1,2,1,3,2,2,3,4,2,3,2,2,1,3,2,1,4,1,1,3,1,4,1,1,2,1,1,1,1,3,1,3,1,1,1,3,1,1,1,1,1,2,2,3,1,2,2,2,2,2,3,3,1,2,1,1,1,3,2,2,1,3,3,4,0,4,4,3,0,1,4,4,4,4,2,3,3,0,1,1,1,1,4,1,1,1,2,2,3,3,1,4,1,2,2,3,3,1,1,2,3,1,1,1,1,3,4,4,1,3,1,3,1,1,1,2,3,2,1,2,0,3,2,3,1,3,2,1,3,2,2,3,4,2,2,3,2,2,1,3,2,1,4,1,4,1,3,1,4,1,1,2,1,1,1,1,0,3,2,1,3,1,1,1,3,0,1,2,1,1,0,1,1,2,2,3,1,2,2,2,2,2,3,0,3,1,2,1,1,1,3,2,2,1,3,3,4,0,3,2,4,4,3,0,1,4,4,4,4,0,0,1,0,1,2,3,3,0,0,1,1,1,4,1,1,1,2,2,3,3,1,4,1,2,2,3,3,1,1,2,3,1,1,1,3,4,4,1,3,3,1,1,1,2,3,2,1,2,3,3,1,2,1,3,2,2,3,4,2,3,2,2,1,3,2,1,4,1,1,3,1,4,1,1,2,1,1,1,1,3,1,3,1,1,1,3,1,1,1,1,1,2,2,3,1,2,2,2,2,2,3,3,1,2,1,1,1,3,2,2,1,3,3,4,0,4,4,3,0,1,4,4,4,4,0,2,3,3
RBT-18-0338-1_S35,3,4,2,4,1,1,1,2,3,3,3,1,4,1,4,2,3,3,1,1,2,3,2,2,1,2,3,4,4,1,3,4,1,1,2,2,3,3,3,1,1,0,0,1,2,1,3,2,2,3,4,2,2,3,2,2,1,3,0,0,1,4,1,1,3,1,2,3,3,2,3,3,1,3,1,1,4,1,2,3,2,1,0,0,4,2,2,3,3,3,4,3,4,2,3,3,3,3,1,2,1,3,2,4,1,1,0,3,3,0,3,2,4,3,2,0,1,0,1,2,1,3,3,4,2,4,1,1,1,2,3,3,1,4,1,4,2,3,3,1,1,2,3,2,1,2,3,4,4,1,3,4,1,1,2,2,3,3,3,1,1,0,1,2,1,3,2,2,3,4,2,3,2,2,1,3,0,0,1,4,1,1,3,1,2,3,3,2,3,3,1,3,1,1,4,1,2,3,2,1,0,0,4,2,2,3,3,3,4,3,4,2,3,3,3,3,1,2,1,3,2,4,1,1,0,3,3,3,2,4,3,2,0,1,0,1,2,1,3,3,3,4,2,1,4,1,1,1,2,3,3,3,1,4,1,4,2,3,3,1,1,2,3,2,2,1,2,3,4,4,1,3,4,4,1,1,2,2,3,3,3,1,3,1,0,0,1,3,2,1,3,2,2,3,4,2,2,3,2,2,1,3,0,0,1,4,1,1,1,3,1,2,3,3,2,3,3,1,2,3,3,1,1,4,1,2,3,4,2,2,1,0,3,0,4,2,2,3,3,3,4,3,4,2,3,3,3,3,3,1,2,1,3,2,4,1,1,0,3,3,0,0,3,2,4,3,2,0,1,0,1,1,4,1,3,0,2,1,3,3,1,3,4,2,4,1,1,1,2,3,3,3,1,4,1,4,2,3,3,1,1,2,3,2,1,2,3,4,4,1,3,4,1,1,2,2,3,3,3,1,1,0,1,2,1,3,2,2,3,4,2,3,2,2,1,3,0,0,1,4,1,1,3,1,2,3,3,2,3,3,1,3,1,1,4,1,2,3,2,1,0,0,4,2,2,3,3,3,4,3,4,2,3,3,3,3,1,2,1,3,2,4,1,1,0,3,3,3,2,4,3,2,0,1,0,1,4,2,1,3
RBT-18-0339-1_S47,3,1,1,4,4,1,3,2,4,3,4,3,4,1,2,2,3,3,1,1,2,3,2,2,1,1,3,4,4,1,3,3,2,3,2,2,4,3,1,1,1,2,0,1,2,1,3,2,2,3,4,2,2,3,2,2,1,3,2,1,0,4,1,1,3,4,2,3,3,2,1,1,1,3,3,1,1,1,2,3,2,1,1,1,1,2,2,3,3,3,4,3,2,2,3,3,3,3,2,2,1,3,2,2,1,1,3,3,3,2,3,4,4,3,1,4,1,4,1,2,1,3,3,1,1,4,4,1,3,2,4,4,3,4,1,2,2,3,3,1,1,2,3,2,1,1,3,4,4,1,3,3,2,3,2,2,4,3,1,1,1,0,1,2,1,3,2,2,3,4,2,3,2,2,1,3,2,1,0,4,1,1,3,4,2,3,3,2,1,1,1,3,3,1,1,1,2,3,2,1,1,1,1,2,2,3,3,3,4,3,2,2,3,3,3,3,2,2,1,3,2,2,1,1,3,3,3,3,4,4,3,1,4,1,4,1,2,1,3,2,3,1,1,2,4,4,1,3,2,4,3,4,3,4,1,2,2,3,3,1,1,2,3,2,2,1,1,3,4,4,1,3,4,3,2,3,2,2,4,3,1,1,3,1,2,0,1,3,2,1,3,2,2,3,4,2,2,3,2,2,1,3,2,1,0,4,1,1,1,3,4,2,3,3,2,1,1,1,2,3,2,3,1,1,1,2,3,4,2,2,1,1,3,1,1,2,2,3,3,3,4,3,2,2,3,3,3,3,3,2,2,1,3,2,2,1,1,3,3,3,3,2,3,4,4,3,1,4,1,4,1,1,4,0,3,0,2,1,3,3,1,3,1,1,4,4,1,3,2,4,3,4,3,4,1,2,2,3,3,1,1,2,3,2,1,1,3,4,4,1,3,3,2,3,2,2,4,3,1,1,1,0,1,2,1,3,2,2,3,4,2,3,2,2,1,3,2,1,0,4,1,1,3,4,2,3,3,2,1,1,1,3,3,1,1,1,2,3,2,1,1,1,1,2,2,3,3,3,4,3,2,2,3,3,3,3,2,2,1,3,2,2,1,1,3,3,3,3,4,4,3,1,4,1,4,1,4,2,1,3
RBT-18-0340-1_S36,3,1,2,4,1,1,1,2,2,3,3,1,4,1,4,2,3,3,4,1,2,3,2,2,1,2,3,4,4,1,3,3,1,1,2,4,3,3,1,2,1,0,3,1,2,1,3,2,2,3,4,2,2,3,2,2,1,3,0,1,1,4,2,1,3,1,2,3,3,2,3,3,1,3,3,1,4,3,2,3,1,1,1,0,4,2,2,0,3,3,4,3,4,2,3,3,3,2,1,2,1,3,3,2,1,1,0,3,3,0,3,2,4,3,2,0,1,0,0,2,1,0,3,1,2,4,1,1,1,2,2,3,1,4,1,4,2,3,3,4,1,2,3,2,1,2,3,4,4,1,3,3,1,1,2,4,3,3,1,2,1,3,1,2,1,3,2,2,3,4,2,3,2,2,1,3,0,1,1,4,2,1,3,1,2,3,3,2,3,3,1,3,3,1,4,3,2,3,1,1,1,0,4,2,2,0,3,3,4,3,4,2,3,3,3,2,1,2,1,3,3,2,1,1,0,3,3,3,2,4,3,2,0,1,0,0,2,1,0,3,3,1,2,2,4,1,1,1,2,2,3,3,1,4,1,4,2,3,3,4,1,2,3,2,2,1,2,3,4,4,1,3,4,3,1,1,2,4,3,3,1,2,3,1,0,3,1,3,2,1,3,2,2,3,4,2,2,3,2,2,1,3,0,1,1,4,1,2,1,3,1,2,3,3,2,3,3,1,2,3,2,3,1,4,3,2,3,3,1,2,1,1,3,0,4,2,2,0,3,3,4,3,4,2,3,3,3,3,2,1,2,1,3,3,2,1,1,0,3,3,0,0,3,2,4,3,2,0,1,0,0,1,4,1,3,1,2,1,0,3,1,3,1,2,4,1,1,1,2,2,3,3,1,4,1,4,2,3,3,4,1,2,3,2,1,2,3,4,4,1,3,3,1,1,2,4,3,3,1,2,1,3,1,2,1,3,2,2,3,4,2,3,2,2,1,3,0,1,1,4,2,1,3,1,2,3,3,2,3,3,1,3,3,1,4,3,2,3,1,1,1,0,4,2,2,0,3,3,4,3,4,2,3,3,3,2,1,2,1,3,3,2,1,1,0,3,3,3,2,4,3,2,0,1,0,0,4,2,1,0
RBT-18-0341-1_S24,0,1,1,0,1,0,1,2,0,3,0,1,4,1,2,0,0,3,1,0,0,3,1,2,0,1,3,4,0,0,0,0,1,3,2,2,3,3,1,1,1,2,3,1,2,1,3,2,2,3,4,2,2,3,2,2,1,0,2,1,1,4,1,3,1,4,2,2,0,1,1,0,1,3,0,1,1,1,2,3,2,1,1,1,4,2,1,3,3,3,4,3,2,0,0,0,0,3,1,2,1,3,2,2,1,1,3,0,3,2,4,4,4,3,1,4,0,4,4,2,3,3,0,1,1,0,1,0,1,2,0,0,1,4,1,2,0,0,3,1,0,0,3,1,0,1,3,4,0,0,0,0,1,3,2,2,3,3,1,1,1,3,1,2,1,3,2,2,3,4,2,3,2,2,1,0,2,1,1,4,1,3,1,4,2,2,0,1,1,0,1,3,0,1,1,1,2,3,2,1,1,1,4,2,1,3,3,3,4,3,2,0,0,0,0,3,1,2,1,3,2,2,1,1,3,0,3,4,4,4,3,1,4,0,4,4,2,3,3,3,0,1,1,0,0,1,0,1,2,0,3,0,1,4,1,2,0,0,3,1,0,0,3,1,2,0,1,3,4,0,0,0,4,0,1,3,2,2,3,3,1,1,3,1,2,3,1,3,2,1,3,2,2,3,4,2,2,3,2,2,1,0,2,1,1,4,1,1,3,1,4,2,2,0,1,1,0,1,2,3,0,0,1,1,1,2,3,3,2,2,1,1,3,1,4,2,1,3,3,3,4,3,2,0,0,3,0,0,3,1,2,1,3,2,2,1,1,3,0,3,3,2,4,4,4,3,1,4,0,4,4,1,4,1,3,1,2,3,3,3,1,0,1,1,0,1,0,1,2,0,3,0,1,4,1,2,0,0,3,1,0,0,3,1,0,1,3,4,0,0,0,0,1,3,2,2,3,3,1,1,1,3,1,2,1,3,2,2,3,4,2,3,2,2,1,0,2,1,1,4,1,3,1,4,2,2,0,1,1,0,1,3,0,1,1,1,2,3,2,1,1,1,4,2,1,3,3,3,4,3,2,0,0,0,0,3,1,2,1,3,2,2,1,1,3,0,3,4,4,4,3,1,4,0,4,4,4,2,3,3
RBT-18-0351-1_S48,4,1,2,0,0,1,0,4,4,3,4,1,4,1,0,2,3,3,1,1,2,3,2,0,1,0,0,4,4,0,0,0,1,0,2,2,3,0,0,1,1,2,3,1,2,0,3,2,2,3,4,2,2,3,2,2,0,3,2,1,1,4,0,3,0,0,2,0,3,0,0,1,1,3,3,0,1,0,2,3,0,1,1,0,0,2,2,3,3,3,0,3,2,2,3,0,3,3,1,2,1,0,2,2,1,1,3,4,3,2,3,4,3,3,1,4,1,0,4,0,3,3,4,1,2,0,0,1,0,4,4,4,1,4,1,0,2,3,3,1,1,2,3,2,1,0,0,4,4,0,0,0,1,0,2,2,3,0,0,1,1,3,1,2,0,3,2,2,3,4,2,3,2,2,0,3,2,1,1,4,0,3,0,0,2,0,3,0,0,1,1,3,3,0,1,0,2,3,0,1,1,0,0,2,2,3,3,3,0,3,2,2,3,0,3,3,1,2,1,0,2,2,1,1,3,4,3,3,4,3,3,1,4,1,0,4,0,3,3,0,4,1,2,0,0,0,1,0,4,4,3,4,1,4,1,0,2,3,3,1,1,2,3,2,0,1,0,0,4,4,0,0,0,0,1,0,2,2,3,0,0,1,3,1,2,3,1,3,2,0,3,2,2,3,4,2,2,3,2,2,0,3,2,1,1,4,1,0,3,0,0,2,0,3,0,0,1,1,2,3,2,3,0,1,0,2,3,4,0,2,1,1,3,0,0,2,2,3,3,3,0,3,2,2,3,3,0,3,3,1,2,1,0,2,2,1,1,3,4,3,3,2,3,4,3,3,1,4,1,0,4,0,0,1,3,1,0,3,3,3,1,4,1,2,0,0,1,0,4,4,3,4,1,4,1,0,2,3,3,1,1,2,3,2,1,0,0,4,4,0,0,0,1,0,2,2,3,0,0,1,1,3,1,2,0,3,2,2,3,4,2,3,2,2,0,3,2,1,1,4,0,3,0,0,2,0,3,0,0,1,1,3,3,0,1,0,2,3,0,1,1,0,0,2,2,3,3,3,0,3,2,2,3,0,3,3,1,2,1,0,2,2,1,1,3,4,3,3,4,3,3,1,4,1,0,4,0,0,3,3
RBT-18-0357-1_S27,3,1,2,4,1,1,1,2,2,3,3,1,4,1,4,2,3,3,4,1,2,3,2,2,1,2,3,4,4,1,3,3,1,1,2,4,3,3,1,1,1,0,3,1,2,1,3,2,2,3,4,2,2,3,2,2,1,3,0,1,1,4,2,1,3,1,2,3,3,2,3,3,1,3,3,1,4,3,2,3,1,1,1,0,4,2,2,0,3,3,4,3,4,2,3,3,3,2,1,2,1,3,3,2,1,1,0,3,3,0,3,2,4,3,2,0,1,0,1,2,1,0,3,1,2,4,1,1,1,2,2,3,1,4,1,4,2,3,3,4,1,2,3,2,1,2,3,4,4,1,3,3,1,1,2,4,3,3,1,1,1,3,1,2,1,3,2,2,3,4,2,3,2,2,1,3,0,1,1,4,2,1,3,1,2,3,3,2,3,3,1,3,3,1,4,3,2,3,1,1,1,0,4,2,2,0,3,3,4,3,4,2,3,3,3,2,1,2,1,3,3,2,1,1,0,3,3,3,2,4,3,2,0,1,0,1,2,1,0,3,3,1,2,2,4,1,1,1,2,2,3,3,1,4,1,4,2,3,3,4,1,2,3,2,2,1,2,3,4,4,1,3,4,3,1,1,2,4,3,3,1,1,3,1,0,3,1,3,2,1,3,2,2,3,4,2,2,3,2,2,1,3,0,1,1,4,1,2,1,3,1,2,3,3,2,3,3,1,2,3,2,3,1,4,3,2,3,3,1,2,1,1,3,0,4,2,2,0,3,3,4,3,4,2,3,3,3,3,2,1,2,1,3,3,2,1,1,0,3,3,0,0,3,2,4,3,2,0,1,0,1,1,4,1,3,1,2,1,0,3,1,3,1,2,4,1,1,1,2,2,3,3,1,4,1,4,2,3,3,4,1,2,3,2,1,2,3,4,4,1,3,3,1,1,2,4,3,3,1,1,1,3,1,2,1,3,2,2,3,4,2,3,2,2,1,3,0,1,1,4,2,1,3,1,2,3,3,2,3,3,1,3,3,1,4,3,2,3,1,1,1,0,4,2,2,0,3,3,4,3,4,2,3,3,3,2,1,2,1,3,3,2,1,1,0,3,3,3,2,4,3,2,0,1,0,1,4,2,1,0
RBT-18-0358-1_S28,3,4,2,4,1,1,1,2,3,3,3,1,4,1,4,2,3,3,1,1,2,3,2,2,1,2,3,4,4,1,3,4,1,1,2,2,3,3,3,1,1,0,0,1,2,1,3,2,2,3,4,2,2,3,2,2,1,3,0,0,1,4,1,1,3,1,2,3,3,2,3,3,1,3,1,1,4,1,2,3,2,1,0,0,4,2,2,3,3,3,4,3,4,2,3,3,3,3,1,2,1,3,2,4,1,1,0,3,3,0,3,2,4,3,2,0,1,0,1,2,1,3,3,4,2,4,1,1,1,2,3,3,1,4,1,4,2,3,3,1,1,2,3,2,1,2,3,4,4,1,3,4,1,1,2,2,3,3,3,1,1,0,1,2,1,3,2,2,3,4,2,3,2,2,1,3,0,0,1,4,1,1,3,1,2,3,3,2,3,3,1,3,1,1,4,1,2,3,2,1,0,0,4,2,2,3,3,3,4,3,4,2,3,3,3,3,1,2,1,3,2,4,1,1,0,3,3,3,2,4,3,2,0,1,0,1,2,1,3,3,3,4,2,1,4,1,1,1,2,3,3,3,1,4,1,4,2,3,3,1,1,2,3,2,2,1,2,3,4,4,1,3,4,4,1,1,2,2,3,3,3,1,3,1,0,0,1,3,2,1,3,2,2,3,4,2,2,3,2,2,1,3,0,0,1,4,1,1,1,3,1,2,3,3,2,3,3,1,2,3,3,1,1,4,1,2,3,4,2,2,1,0,3,0,4,2,2,3,3,3,4,3,4,2,3,3,3,3,3,1,2,1,3,2,4,1,1,0,3,3,0,0,3,2,4,3,2,0,1,0,1,1,4,1,3,0,2,1,3,3,1,3,4,2,4,1,1,1,2,3,3,3,1,4,1,4,2,3,3,1,1,2,3,2,1,2,3,4,4,1,3,4,1,1,2,2,3,3,3,1,1,0,1,2,1,3,2,2,3,4,2,3,2,2,1,3,0,0,1,4,1,1,3,1,2,3,3,2,3,3,1,3,1,1,4,1,2,3,2,1,0,0,4,2,2,3,3,3,4,3,4,2,3,3,3,3,1,2,1,3,2,4,1,1,0,3,3,3,2,4,3,2,0,1,0,1,4,2,1,3
RBT-18-0360-1_S39,0,0,0,0,0,0,0,0,0,0,0,0,0,0,0,0,0,0,0,0,0,0,0,0,0,0,0,0,0,0,0,0,0,0,0,0,0,0,0,2,1,2,3,1,0,0,0,0,0,0,0,0,0,0,0,0,0,0,2,1,0,0,0,0,0,0,0,0,0,0,0,0,0,0,0,0,0,0,0,0,0,0,1,1,0,0,0,3,0,0,0,0,0,0,0,0,0,0,0,0,0,0,0,0,0,1,3,4,3,2,3,4,4,3,1,4,4,4,4,2,3,3,0,0,0,0,0,0,0,0,0,0,0,0,0,0,0,0,0,0,0,0,0,0,0,0,0,0,0,0,0,0,0,0,0,0,0,0,0,2,1,3,1,0,0,0,0,0,0,0,0,0,0,0,0,0,2,1,0,0,0,0,0,0,0,0,0,0,0,0,0,0,0,0,0,0,0,0,0,0,1,1,0,0,0,3,0,0,0,0,0,0,0,0,0,0,0,0,0,0,0,0,0,1,3,4,3,3,4,4,3,1,4,4,4,4,2,3,3,3,0,0,0,0,0,0,0,0,0,0,0,0,0,0,0,0,0,0,0,0,0,0,0,0,0,0,0,0,0,0,0,0,0,0,0,0,0,0,0,0,0,2,3,1,2,3,1,0,0,0,0,0,0,0,0,0,0,0,0,0,0,0,2,1,0,0,0,0,0,0,0,0,0,0,0,0,0,0,2,0,0,0,0,0,0,0,0,3,0,0,0,1,3,1,0,0,0,3,0,0,0,0,0,0,0,3,0,0,0,0,0,0,0,0,0,0,1,3,4,3,3,2,3,4,4,3,1,4,4,4,4,1,4,1,3,1,2,3,3,3,1,0,0,0,0,0,0,0,0,0,0,0,0,0,0,0,0,0,0,0,0,0,0,0,0,0,0,0,0,0,0,0,0,0,0,0,0,0,0,2,1,3,1,0,0,0,0,0,0,0,0,0,0,0,0,0,2,1,0,0,0,0,0,0,0,0,0,0,0,0,0,0,0,0,0,0,0,0,0,0,1,1,0,0,0,3,0,0,0,0,0,0,0,0,0,0,0,0,0,0,0,0,0,1,3,4,3,3,4,4,3,1,4,4,4,4,4,2,3,3
RBT-18-0361-1_S38,3,1,1,4,4,1,3,2,4,3,4,3,4,1,2,2,3,3,1,1,2,3,2,2,1,1,3,4,4,1,3,3,2,3,2,2,4,2,1,1,3,2,0,1,2,1,3,2,2,3,4,2,2,3,2,2,1,3,2,1,0,4,1,1,3,4,2,3,3,2,1,1,1,3,3,1,1,1,2,3,2,1,1,1,1,2,2,3,3,3,4,3,2,2,3,3,3,3,2,2,1,3,2,2,1,1,3,3,3,2,4,4,4,3,1,4,0,0,4,0,3,0,3,1,1,4,4,1,3,2,4,4,3,4,1,2,2,3,3,1,1,2,3,2,1,1,3,4,4,1,3,3,2,3,2,2,4,2,1,1,3,0,1,2,1,3,2,2,3,4,2,3,2,2,1,3,2,1,0,4,1,1,3,4,2,3,3,2,1,1,1,3,3,1,1,1,2,3,2,1,1,1,1,2,2,3,3,3,4,3,2,2,3,3,3,3,2,2,1,3,2,2,1,1,3,3,3,4,4,4,3,1,4,0,0,4,0,3,0,2,3,1,1,2,4,4,1,3,2,4,3,4,3,4,1,2,2,3,3,1,1,2,3,2,2,1,1,3,4,4,1,3,4,3,2,3,2,2,4,2,1,1,3,3,2,0,1,3,2,1,3,2,2,3,4,2,2,3,2,2,1,3,2,1,0,4,1,1,1,3,4,2,3,3,2,1,1,1,2,3,2,3,1,1,1,2,3,4,2,2,1,1,3,1,1,2,2,3,3,3,4,3,2,2,3,3,3,3,3,2,2,1,3,2,2,1,1,3,3,3,3,2,4,4,4,3,1,4,0,0,4,1,4,0,3,1,0,3,0,3,1,3,1,1,4,4,1,3,2,4,3,4,3,4,1,2,2,3,3,1,1,2,3,2,1,1,3,4,4,1,3,3,2,3,2,2,4,2,1,1,3,0,1,2,1,3,2,2,3,4,2,3,2,2,1,3,2,1,0,4,1,1,3,4,2,3,3,2,1,1,1,3,3,1,1,1,2,3,2,1,1,1,1,2,2,3,3,3,4,3,2,2,3,3,3,3,2,2,1,3,2,2,1,1,3,3,3,4,4,4,3,1,4,0,0,4,4,0,3,0
RBT-18-0363-1_S72,1,1,1,4,1,1,1,2,2,3,3,1,4,1,2,2,3,3,1,1,2,3,1,1,1,1,3,4,4,1,3,3,1,1,1,2,3,2,1,2,3,2,3,1,2,1,3,2,2,3,4,2,2,3,2,2,1,3,2,1,4,1,1,3,1,4,1,1,2,1,1,1,1,3,1,3,1,1,1,3,1,1,1,1,1,2,2,3,1,2,2,2,2,2,3,3,1,2,1,1,1,3,2,2,1,3,3,4,0,2,4,4,3,0,1,4,4,4,4,2,3,3,1,1,1,4,1,1,1,2,2,3,1,4,1,2,2,3,3,1,1,2,3,1,1,1,3,4,4,1,3,3,1,1,1,2,3,2,1,2,3,3,1,2,1,3,2,2,3,4,2,3,2,2,1,3,2,1,4,1,1,3,1,4,1,1,2,1,1,1,1,3,1,3,1,1,1,3,1,1,1,1,1,2,2,3,1,2,2,2,2,2,3,3,1,2,1,1,1,3,2,2,1,3,3,4,0,4,4,3,0,1,4,4,4,4,2,3,3,0,1,1,1,1,4,1,1,1,2,2,3,3,1,4,1,2,2,3,3,1,1,2,3,1,1,1,1,3,4,4,1,3,1,3,1,1,1,2,3,2,1,2,0,3,2,3,1,3,2,1,3,2,2,3,4,2,2,3,2,2,1,3,2,1,4,1,4,1,3,1,4,1,1,2,1,1,1,1,0,3,2,1,3,1,1,1,3,0,1,2,1,1,0,1,1,2,2,3,1,2,2,2,2,2,3,0,3,1,2,1,1,1,3,2,2,1,3,3,4,0,3,2,4,4,3,0,1,4,4,4,4,0,0,1,0,1,2,3,3,0,0,1,1,1,4,1,1,1,2,2,3,3,1,4,1,2,2,3,3,1,1,2,3,1,1,1,3,4,4,1,3,3,1,1,1,2,3,2,1,2,3,3,1,2,1,3,2,2,3,4,2,3,2,2,1,3,2,1,4,1,1,3,1,4,1,1,2,1,1,1,1,3,1,3,1,1,1,3,1,1,1,1,1,2,2,3,1,2,2,2,2,2,3,3,1,2,1,1,1,3,2,2,1,3,3,4,0,4,4,3,0,1,4,4,4,4,0,2,3,3
RBT-18-0364-1_S29,3,1,1,4,1,1,1,2,4,3,4,1,4,1,2,2,3,3,1,1,2,3,1,0,1,1,3,4,4,1,3,0,1,3,2,2,3,0,0,2,1,2,3,1,0,0,0,0,0,0,0,0,0,0,0,0,0,0,2,1,1,0,1,3,1,4,2,2,3,0,0,1,1,3,3,1,1,1,2,3,2,1,1,1,4,2,1,3,3,3,4,3,2,2,3,3,3,3,1,2,1,3,2,2,1,1,3,4,3,0,4,4,4,3,1,4,0,4,4,2,0,3,3,1,1,4,1,1,1,2,4,4,1,4,1,2,2,3,3,1,1,2,3,1,1,1,3,4,4,1,3,0,1,3,2,2,3,0,0,2,1,3,1,0,0,0,0,0,0,0,0,0,0,0,0,0,2,1,1,0,1,3,1,4,2,2,3,0,0,1,1,3,3,1,1,1,2,3,2,1,1,1,4,2,1,3,3,3,4,3,2,2,3,3,3,3,1,2,1,3,2,2,1,1,3,4,3,4,4,4,3,1,4,0,4,4,2,0,3,3,3,1,1,1,4,1,1,1,2,4,3,4,1,4,1,2,2,3,3,1,1,2,3,1,0,1,1,3,4,4,1,3,4,0,1,3,2,2,3,0,0,2,3,1,2,3,1,0,0,0,0,0,0,0,0,0,0,0,0,0,0,0,2,1,1,0,1,1,3,1,4,2,2,3,0,0,1,1,2,3,2,3,1,1,1,2,3,3,2,0,1,1,3,1,4,2,1,3,3,3,4,3,2,2,3,3,3,3,3,1,2,1,3,2,2,1,1,3,4,3,0,0,4,4,4,3,1,4,0,4,4,1,4,1,3,0,2,0,3,3,1,3,1,1,4,1,1,1,2,4,3,4,1,4,1,2,2,3,3,1,1,2,3,1,1,1,3,4,4,1,3,0,1,3,2,2,3,0,0,2,1,3,1,0,0,0,0,0,0,0,0,0,0,0,0,0,2,1,1,0,1,3,1,4,2,2,3,0,0,1,1,3,3,1,1,1,2,3,2,1,1,1,4,2,1,3,3,3,4,3,2,2,3,3,3,3,1,2,1,3,2,2,1,1,3,4,3,4,4,4,3,1,4,0,4,4,4,2,0,3
RBT-18-0365-1_S30,3,1,1,4,1,1,1,2,4,3,4,1,4,1,2,2,3,3,1,1,2,3,1,2,1,1,3,4,4,1,3,3,0,3,2,2,3,3,0,2,1,2,3,1,0,0,0,0,0,0,0,0,0,0,0,0,0,0,2,1,1,4,0,3,1,4,2,2,3,2,0,1,1,3,0,1,1,1,2,3,2,1,1,1,4,2,1,3,3,3,4,3,2,2,3,3,3,3,1,2,1,3,2,2,1,0,3,3,3,0,4,4,4,3,1,4,1,4,4,2,3,3,3,1,1,4,1,1,1,2,4,4,1,4,1,2,2,3,3,1,1,2,3,1,1,1,3,4,4,1,3,3,0,3,2,2,3,3,0,2,1,3,1,0,0,0,0,0,0,0,0,0,0,0,0,0,2,1,1,4,0,3,1,4,2,2,3,2,0,1,1,3,0,1,1,1,2,3,2,1,1,1,4,2,1,3,3,3,4,3,2,2,3,3,3,3,1,2,1,3,2,2,1,0,3,3,3,4,4,4,3,1,4,1,4,4,2,3,3,3,3,1,1,0,4,1,1,1,2,4,3,4,1,4,1,2,2,3,3,1,1,2,3,1,2,1,1,3,4,4,1,3,0,3,0,3,2,2,3,3,0,2,3,1,2,3,1,0,0,0,0,0,0,0,0,0,0,0,0,0,0,0,2,1,1,4,1,0,3,1,4,2,2,3,2,0,1,1,2,3,2,0,1,1,1,2,3,3,2,2,1,1,3,1,4,2,1,3,3,3,4,3,2,2,3,3,3,3,3,1,2,1,3,2,2,1,0,3,3,3,0,0,4,4,4,3,1,4,1,4,4,1,4,1,3,1,2,3,3,3,1,3,1,1,4,1,1,1,2,4,3,4,1,4,1,2,2,3,3,1,1,2,3,1,1,1,3,4,4,1,3,3,0,3,2,2,3,3,0,2,1,3,1,0,0,0,0,0,0,0,0,0,0,0,0,0,2,1,1,4,0,3,1,4,2,2,3,2,0,1,1,3,0,1,1,1,2,3,2,1,1,1,4,2,1,3,3,3,4,3,2,2,3,3,3,3,1,2,1,3,2,2,1,0,3,3,3,4,4,4,3,1,4,1,4,4,4,2,3,3
RBT-18-0368-1_S32,3,4,2,4,1,1,1,2,3,3,3,1,4,1,4,2,3,3,1,1,2,3,2,2,1,2,3,4,4,1,3,4,1,1,2,2,3,3,3,1,1,0,0,1,2,1,3,2,2,3,4,2,2,3,2,2,1,3,0,0,1,4,1,1,3,1,2,3,3,2,3,3,1,3,1,1,4,1,2,3,2,1,0,0,4,2,2,3,3,3,4,3,4,2,3,3,3,3,1,2,1,3,2,4,1,1,0,3,3,0,3,2,4,3,2,0,1,0,1,2,1,3,3,4,2,4,1,1,1,2,3,3,1,4,1,4,2,3,3,1,1,2,3,2,1,2,3,4,4,1,3,4,1,1,2,2,3,3,3,1,1,0,1,2,1,3,2,2,3,4,2,3,2,2,1,3,0,0,1,4,1,1,3,1,2,3,3,2,3,3,1,3,1,1,4,1,2,3,2,1,0,0,4,2,2,3,3,3,4,3,4,2,3,3,3,3,1,2,1,3,2,4,1,1,0,3,3,3,2,4,3,2,0,1,0,1,2,1,3,3,3,4,2,1,4,1,1,1,2,3,3,3,1,4,1,4,2,3,3,1,1,2,3,2,2,1,2,3,4,4,1,3,4,4,1,1,2,2,3,3,3,1,3,1,0,0,1,3,2,1,3,2,2,3,4,2,2,3,2,2,1,3,0,0,1,4,1,1,1,3,1,2,3,3,2,3,3,1,2,3,3,1,1,4,1,2,3,4,2,2,1,0,3,0,4,2,2,3,3,3,4,3,4,2,3,3,3,3,3,1,2,1,3,2,4,1,1,0,3,3,0,0,3,2,4,3,2,0,1,0,1,1,4,1,3,0,2,1,3,3,1,3,4,2,4,1,1,1,2,3,3,3,1,4,1,4,2,3,3,1,1,2,3,2,1,2,3,4,4,1,3,4,1,1,2,2,3,3,3,1,1,0,1,2,1,3,2,2,3,4,2,3,2,2,1,3,0,0,1,4,1,1,3,1,2,3,3,2,3,3,1,3,1,1,4,1,2,3,2,1,0,0,4,2,2,3,3,3,4,3,4,2,3,3,3,3,1,2,1,3,2,4,1,1,0,3,3,3,2,4,3,2,0,1,0,1,4,2,1,3
RBT-18-0370-1_S33,3,1,1,4,1,1,1,2,4,3,4,1,4,1,2,2,3,3,1,1,2,3,1,0,1,1,3,4,4,1,3,0,1,0,2,2,3,3,1,2,1,2,3,1,2,1,3,2,2,3,4,2,2,3,2,2,1,3,2,1,1,0,1,3,1,4,2,2,3,0,0,1,1,3,3,1,1,1,2,3,2,1,1,1,4,2,1,3,3,3,4,3,2,2,3,3,3,3,1,2,1,3,2,2,1,1,3,4,3,0,4,4,4,3,1,4,1,4,4,2,3,3,3,1,1,4,1,1,1,2,4,4,1,4,1,2,2,3,3,1,1,2,3,1,1,1,3,4,4,1,3,0,1,0,2,2,3,3,1,2,1,3,1,2,1,3,2,2,3,4,2,3,2,2,1,3,2,1,1,0,1,3,1,4,2,2,3,0,0,1,1,3,3,1,1,1,2,3,2,1,1,1,4,2,1,3,3,3,4,3,2,2,3,3,3,3,1,2,1,3,2,2,1,1,3,4,3,4,4,4,3,1,4,1,4,4,2,3,3,3,3,1,1,2,4,1,1,1,2,4,3,4,1,4,1,2,2,3,3,1,1,2,3,1,0,1,1,3,4,4,1,3,4,0,1,0,2,2,3,3,1,2,3,1,2,3,1,3,2,1,3,2,2,3,4,2,2,3,2,2,1,3,2,1,1,0,1,1,3,1,4,2,2,3,0,0,1,1,2,3,2,3,1,1,1,2,3,3,2,0,1,1,3,1,4,2,1,3,3,3,4,3,2,2,3,3,3,3,3,1,2,1,3,2,2,1,1,3,4,3,0,0,4,4,4,3,1,4,1,4,4,1,4,1,3,1,2,3,3,3,1,3,1,1,4,1,1,1,2,4,3,4,1,4,1,2,2,3,3,1,1,2,3,1,1,1,3,4,4,1,3,0,1,0,2,2,3,3,1,2,1,3,1,2,1,3,2,2,3,4,2,3,2,2,1,3,2,1,1,0,1,3,1,4,2,2,3,0,0,1,1,3,3,1,1,1,2,3,2,1,1,1,4,2,1,3,3,3,4,3,2,2,3,3,3,3,1,2,1,3,2,2,1,1,3,4,3,4,4,4,3,1,4,1,4,4,4,2,3,3
RBT-18-0372-1_S31,1,1,1,4,1,1,1,2,2,3,3,1,4,1,2,2,3,3,1,1,2,3,1,1,1,1,3,4,4,1,3,3,1,1,1,2,3,2,1,2,3,2,3,1,2,1,3,2,2,3,4,2,2,3,2,2,1,3,2,1,4,1,1,3,1,4,1,1,2,1,1,1,1,3,1,3,1,1,1,3,1,1,1,1,1,0,2,3,1,2,2,2,2,2,3,3,1,2,1,1,1,0,2,2,1,3,3,4,0,2,4,4,3,0,1,4,4,4,4,2,3,3,1,1,1,4,1,1,1,2,2,3,1,4,1,2,2,3,3,1,1,2,3,1,1,1,3,4,4,1,3,3,1,1,1,2,3,2,1,2,3,3,1,2,1,3,2,2,3,4,2,3,2,2,1,3,2,1,4,1,1,3,1,4,1,1,2,1,1,1,1,3,1,3,1,1,1,3,1,1,1,1,1,0,2,3,1,2,2,2,2,2,3,3,1,2,1,1,1,0,2,2,1,3,3,4,0,4,4,3,0,1,4,4,4,4,2,3,3,0,1,1,1,1,4,1,1,1,2,2,3,3,1,4,1,2,2,3,3,1,1,2,3,1,1,1,1,3,4,4,1,3,1,3,1,1,1,2,3,2,1,2,0,3,2,3,1,3,2,1,3,2,2,3,4,2,2,3,2,2,1,3,2,1,4,1,4,1,3,1,4,1,1,2,1,1,1,1,0,3,2,1,3,1,1,1,3,0,1,2,1,1,0,1,1,0,2,3,1,2,2,2,2,2,3,0,3,1,2,1,1,1,0,2,2,1,3,3,4,0,3,2,4,4,3,0,1,4,4,4,4,0,0,1,0,1,2,3,3,0,0,1,1,1,4,1,1,1,2,2,3,3,1,4,1,2,2,3,3,1,1,2,3,1,1,1,3,4,4,1,3,3,1,1,1,2,3,2,1,2,3,3,1,2,1,3,2,2,3,4,2,3,2,2,1,3,2,1,4,1,1,3,1,4,1,1,2,1,1,1,1,3,1,3,1,1,1,3,1,1,1,1,1,0,2,3,1,2,2,2,2,2,3,3,1,2,1,1,1,0,2,2,1,3,3,4,0,4,4,3,0,1,4,4,4,4,0,2,3,3
RBT-18-0377-1_S1,3,1,1,4,1,1,1,2,4,3,4,1,4,1,2,2,3,3,1,1,2,3,1,0,1,1,3,4,4,1,3,0,1,0,2,2,3,3,0,2,3,2,3,1,0,0,0,0,0,0,0,0,0,0,0,0,0,0,2,1,1,0,1,3,1,4,2,2,3,0,0,1,1,3,3,1,1,1,2,3,2,1,1,1,4,2,1,3,3,3,4,3,2,2,3,3,3,3,1,2,1,3,2,2,1,1,3,4,3,0,4,4,4,3,1,4,1,4,4,2,3,3,3,1,1,4,1,1,1,2,4,4,1,4,1,2,2,3,3,1,1,2,3,1,1,1,3,4,4,1,3,0,1,0,2,2,3,3,0,2,3,3,1,0,0,0,0,0,0,0,0,0,0,0,0,0,2,1,1,0,1,3,1,4,2,2,3,0,0,1,1,3,3,1,1,1,2,3,2,1,1,1,4,2,1,3,3,3,4,3,2,2,3,3,3,3,1,2,1,3,2,2,1,1,3,4,3,4,4,4,3,1,4,1,4,4,2,3,3,3,3,1,1,2,4,1,1,1,2,4,3,4,1,4,1,2,2,3,3,1,1,2,3,1,0,1,1,3,4,4,1,3,4,0,1,0,2,2,3,3,0,2,3,3,2,3,1,0,0,0,0,0,0,0,0,0,0,0,0,0,0,0,2,1,1,0,1,1,3,1,4,2,2,3,0,0,1,1,2,3,2,3,1,1,1,2,3,3,2,0,1,1,3,1,4,2,1,3,3,3,4,3,2,2,3,3,3,3,3,1,2,1,3,2,2,1,1,3,4,3,0,0,4,4,4,3,1,4,1,4,4,1,4,1,3,1,2,3,3,3,1,3,1,1,4,1,1,1,2,4,3,4,1,4,1,2,2,3,3,1,1,2,3,1,1,1,3,4,4,1,3,0,1,0,2,2,3,3,0,2,3,3,1,0,0,0,0,0,0,0,0,0,0,0,0,0,2,1,1,0,1,3,1,4,2,2,3,0,0,1,1,3,3,1,1,1,2,3,2,1,1,1,4,2,1,3,3,3,4,3,2,2,3,3,3,3,1,2,1,3,2,2,1,1,3,4,3,4,4,4,3,1,4,1,4,4,4,2,3,3
RBT-18-0384-1_S40,3,4,2,4,1,1,1,2,3,3,4,1,4,1,2,2,3,3,1,1,2,3,1,2,1,2,3,4,4,1,3,4,1,3,2,2,3,3,3,1,1,0,3,1,2,1,3,2,2,3,4,2,2,3,2,2,1,3,0,0,1,4,1,1,1,1,2,1,3,1,3,3,1,3,1,1,4,1,2,3,2,3,0,1,4,2,2,0,1,3,4,3,4,2,3,3,3,2,1,2,1,3,2,4,1,0,0,4,3,2,3,4,4,3,1,4,1,4,1,2,1,0,3,4,2,4,1,1,1,2,3,4,1,4,1,2,2,3,3,1,1,2,3,1,1,2,3,4,4,1,3,4,1,3,2,2,3,3,3,1,1,3,1,2,1,3,2,2,3,4,2,3,2,2,1,3,0,0,1,4,1,1,1,1,2,1,3,1,3,3,1,3,1,1,4,1,2,3,2,3,0,1,4,2,2,0,1,3,4,3,4,2,3,3,3,2,1,2,1,3,2,4,1,0,0,4,3,3,4,4,3,1,4,1,4,1,2,1,0,3,3,4,2,2,4,1,1,1,2,3,3,4,1,4,1,2,2,3,3,1,1,2,3,1,2,1,2,3,4,4,1,3,4,4,1,3,2,2,3,3,3,1,3,1,0,3,1,3,2,1,3,2,2,3,4,2,2,3,2,2,1,3,0,0,1,4,1,1,1,1,1,2,1,3,1,3,3,1,2,3,2,1,1,4,1,2,3,3,2,2,3,0,3,1,4,2,2,0,1,3,4,3,4,2,3,3,3,3,2,1,2,1,3,2,4,1,0,0,4,3,3,2,3,4,4,3,1,4,1,4,1,1,4,0,3,1,2,1,0,3,1,3,4,2,4,1,1,1,2,3,3,4,1,4,1,2,2,3,3,1,1,2,3,1,1,2,3,4,4,1,3,4,1,3,2,2,3,3,3,1,1,3,1,2,1,3,2,2,3,4,2,3,2,2,1,3,0,0,1,4,1,1,1,1,2,1,3,1,3,3,1,3,1,1,4,1,2,3,2,3,0,1,4,2,2,0,1,3,4,3,4,2,3,3,3,2,1,2,1,3,2,4,1,0,0,4,3,3,4,4,3,1,4,1,4,1,4,2,1,0
RBT-18-0385-1_S34,3,1,2,4,1,1,1,2,2,3,3,1,4,1,4,2,3,3,4,1,2,3,2,2,1,2,3,4,4,1,3,3,1,1,2,4,3,3,1,1,1,0,3,1,2,1,3,2,2,3,4,2,2,3,2,2,1,3,0,1,1,4,2,1,3,1,2,3,3,2,3,3,1,3,3,1,4,3,2,3,1,1,1,0,4,2,2,0,3,3,4,3,4,2,3,3,3,2,1,2,1,3,3,2,1,1,0,3,3,0,3,2,4,3,2,0,1,0,1,2,1,0,3,1,2,4,1,1,1,2,2,3,1,4,1,4,2,3,3,4,1,2,3,2,1,2,3,4,4,1,3,3,1,1,2,4,3,3,1,1,1,3,1,2,1,3,2,2,3,4,2,3,2,2,1,3,0,1,1,4,2,1,3,1,2,3,3,2,3,3,1,3,3,1,4,3,2,3,1,1,1,0,4,2,2,0,3,3,4,3,4,2,3,3,3,2,1,2,1,3,3,2,1,1,0,3,3,3,2,4,3,2,0,1,0,1,2,1,0,3,3,1,2,2,4,1,1,1,2,2,3,3,1,4,1,4,2,3,3,4,1,2,3,2,2,1,2,3,4,4,1,3,4,3,1,1,2,4,3,3,1,1,3,1,0,3,1,3,2,1,3,2,2,3,4,2,2,3,2,2,1,3,0,1,1,4,1,2,1,3,1,2,3,3,2,3,3,1,2,3,2,3,1,4,3,2,3,3,1,2,1,1,3,0,4,2,2,0,3,3,4,3,4,2,3,3,3,3,2,1,2,1,3,3,2,1,1,0,3,3,0,0,3,2,4,3,2,0,1,0,1,1,4,1,3,1,2,1,0,3,1,3,1,2,4,1,1,1,2,2,3,3,1,4,1,4,2,3,3,4,1,2,3,2,1,2,3,4,4,1,3,3,1,1,2,4,3,3,1,1,1,3,1,2,1,3,2,2,3,4,2,3,2,2,1,3,0,1,1,4,2,1,3,1,2,3,3,2,3,3,1,3,3,1,4,3,2,3,1,1,1,0,4,2,2,0,3,3,4,3,4,2,3,3,3,2,1,2,1,3,3,2,1,1,0,3,3,3,2,4,3,2,0,1,0,1,4,2,1,0
RBT-18-0391-1_S35,1,1,1,4,1,1,1,2,2,3,3,1,4,1,2,2,3,3,1,1,2,3,1,1,1,1,3,4,4,1,3,3,1,1,1,2,3,2,1,2,3,2,3,1,2,1,3,2,2,3,4,2,2,3,2,2,1,3,2,1,4,1,1,3,1,4,1,1,2,1,1,1,1,3,1,3,1,1,1,3,1,1,1,1,1,2,2,3,1,2,2,2,2,2,3,3,1,2,1,1,1,3,2,2,1,3,3,4,0,2,4,4,3,0,1,4,4,4,4,2,3,3,1,1,1,4,1,1,1,2,2,3,1,4,1,2,2,3,3,1,1,2,3,1,1,1,3,4,4,1,3,3,1,1,1,2,3,2,1,2,3,3,1,2,1,3,2,2,3,4,2,3,2,2,1,3,2,1,4,1,1,3,1,4,1,1,2,1,1,1,1,3,1,3,1,1,1,3,1,1,1,1,1,2,2,3,1,2,2,2,2,2,3,3,1,2,1,1,1,3,2,2,1,3,3,4,0,4,4,3,0,1,4,4,4,4,2,3,3,0,1,1,1,1,4,1,1,1,2,2,3,3,1,4,1,2,2,3,3,1,1,2,3,1,1,1,1,3,4,4,1,3,1,3,1,1,1,2,3,2,1,2,0,3,2,3,1,3,2,1,3,2,2,3,4,2,2,3,2,2,1,3,2,1,4,1,4,1,3,1,4,1,1,2,1,1,1,1,0,3,2,1,3,1,1,1,3,0,1,2,1,1,0,1,1,2,2,3,1,2,2,2,2,2,3,0,3,1,2,1,1,1,3,2,2,1,3,3,4,0,3,2,4,4,3,0,1,4,4,4,4,0,0,1,0,1,2,3,3,0,0,1,1,1,4,1,1,1,2,2,3,3,1,4,1,2,2,3,3,1,1,2,3,1,1,1,3,4,4,1,3,3,1,1,1,2,3,2,1,2,3,3,1,2,1,3,2,2,3,4,2,3,2,2,1,3,2,1,4,1,1,3,1,4,1,1,2,1,1,1,1,3,1,3,1,1,1,3,1,1,1,1,1,2,2,3,1,2,2,2,2,2,3,3,1,2,1,1,1,3,2,2,1,3,3,4,0,4,4,3,0,1,4,4,4,4,0,2,3,3
RBT-18-0392-1_S56,1,1,1,4,1,1,1,2,2,3,3,1,4,1,2,2,3,3,1,1,2,3,1,1,1,1,3,4,4,1,3,3,1,1,1,2,3,2,1,2,3,2,3,1,2,1,3,2,2,3,4,2,2,3,2,2,1,3,2,1,4,1,1,3,1,4,1,1,2,1,1,1,1,3,1,3,1,1,1,3,1,1,1,1,1,0,2,3,1,2,2,2,2,2,3,3,1,2,1,1,1,3,2,2,1,3,3,4,0,2,4,4,3,0,1,4,4,4,4,2,3,3,1,1,1,4,1,1,1,2,2,3,1,4,1,2,2,3,3,1,1,2,3,1,1,1,3,4,4,1,3,3,1,1,1,2,3,2,1,2,3,3,1,2,1,3,2,2,3,4,2,3,2,2,1,3,2,1,4,1,1,3,1,4,1,1,2,1,1,1,1,3,1,3,1,1,1,3,1,1,1,1,1,0,2,3,1,2,2,2,2,2,3,3,1,2,1,1,1,3,2,2,1,3,3,4,0,4,4,3,0,1,4,4,4,4,2,3,3,0,1,1,1,1,4,1,1,1,2,2,3,3,1,4,1,2,2,3,3,1,1,2,3,1,1,1,1,3,4,4,1,3,1,3,1,1,1,2,3,2,1,2,0,3,2,3,1,3,2,1,3,2,2,3,4,2,2,3,2,2,1,3,2,1,4,1,4,1,3,1,4,1,1,2,1,1,1,1,0,3,2,1,3,1,1,1,3,0,1,2,1,1,0,1,1,0,2,3,1,2,2,2,2,2,3,0,3,1,2,1,1,1,3,2,2,1,3,3,4,0,3,2,4,4,3,0,1,4,4,4,4,0,0,1,0,1,2,3,3,0,0,1,1,1,4,1,1,1,2,2,3,3,1,4,1,2,2,3,3,1,1,2,3,1,1,1,3,4,4,1,3,3,1,1,1,2,3,2,1,2,3,3,1,2,1,3,2,2,3,4,2,3,2,2,1,3,2,1,4,1,1,3,1,4,1,1,2,1,1,1,1,3,1,3,1,1,1,3,1,1,1,1,1,0,2,3,1,2,2,2,2,2,3,3,1,2,1,1,1,3,2,2,1,3,3,4,0,4,4,3,0,1,4,4,4,4,0,2,3,3
RBT-18-0401-1_S43,1,1,1,4,1,1,1,2,2,3,3,1,4,1,2,2,3,3,1,1,2,3,1,1,1,1,3,4,4,1,3,3,1,1,1,2,3,2,1,2,3,2,3,1,2,1,3,2,2,3,4,2,2,3,2,2,1,3,2,1,4,1,1,3,1,4,1,1,2,1,1,1,1,3,1,3,1,1,1,3,1,1,1,1,1,2,2,3,1,2,2,2,2,2,3,3,1,2,1,1,1,3,2,2,1,3,3,4,0,2,4,4,3,0,1,4,4,4,4,2,3,3,1,1,1,4,1,1,1,2,2,3,1,4,1,2,2,3,3,1,1,2,3,1,1,1,3,4,4,1,3,3,1,1,1,2,3,2,1,2,3,3,1,2,1,3,2,2,3,4,2,3,2,2,1,3,2,1,4,1,1,3,1,4,1,1,2,1,1,1,1,3,1,3,1,1,1,3,1,1,1,1,1,2,2,3,1,2,2,2,2,2,3,3,1,2,1,1,1,3,2,2,1,3,3,4,0,4,4,3,0,1,4,4,4,4,2,3,3,0,1,1,1,1,4,1,1,1,2,2,3,3,1,4,1,2,2,3,3,1,1,2,3,1,1,1,1,3,4,4,1,3,1,3,1,1,1,2,3,2,1,2,0,3,2,3,1,3,2,1,3,2,2,3,4,2,2,3,2,2,1,3,2,1,4,1,4,1,3,1,4,1,1,2,1,1,1,1,0,3,2,1,3,1,1,1,3,0,1,2,1,1,0,1,1,2,2,3,1,2,2,2,2,2,3,0,3,1,2,1,1,1,3,2,2,1,3,3,4,0,3,2,4,4,3,0,1,4,4,4,4,0,0,1,0,1,2,3,3,0,0,1,1,1,4,1,1,1,2,2,3,3,1,4,1,2,2,3,3,1,1,2,3,1,1,1,3,4,4,1,3,3,1,1,1,2,3,2,1,2,3,3,1,2,1,3,2,2,3,4,2,3,2,2,1,3,2,1,4,1,1,3,1,4,1,1,2,1,1,1,1,3,1,3,1,1,1,3,1,1,1,1,1,2,2,3,1,2,2,2,2,2,3,3,1,2,1,1,1,3,2,2,1,3,3,4,0,4,4,3,0,1,4,4,4,4,0,2,3,3
ResetH1_S1_L001,0,1,0,4,1,1,1,2,0,0,4,1,0,1,2,2,3,0,1,1,2,3,1,0,0,1,3,0,0,0,0,3,1,0,2,2,3,3,1,2,1,2,3,1,2,0,3,2,2,3,0,0,0,3,2,2,0,3,2,1,1,4,0,3,3,4,2,0,3,0,0,0,1,3,3,1,1,1,2,3,2,1,1,1,4,2,0,3,3,3,4,3,2,2,3,0,3,3,1,2,1,3,2,2,1,1,3,4,3,2,3,4,4,3,1,4,1,4,4,2,3,3,0,1,0,4,1,1,1,2,0,4,1,0,1,2,2,3,0,1,1,2,3,1,0,1,3,0,0,0,0,3,1,0,2,2,3,3,1,2,1,3,1,2,0,3,2,2,3,0,0,3,2,2,0,3,2,1,1,4,0,3,3,4,2,0,3,0,0,0,1,3,3,1,1,1,2,3,2,1,1,1,4,2,0,3,3,3,4,3,2,2,3,0,3,3,1,2,1,3,2,2,1,1,3,4,3,3,4,4,3,1,4,1,4,4,2,3,3,3,0,1,0,0,4,1,1,1,2,0,0,4,1,0,1,2,2,3,0,1,1,2,3,1,0,0,1,3,0,0,0,0,0,3,1,0,2,2,3,3,1,2,3,1,2,3,1,3,2,0,3,2,2,3,0,0,0,3,2,2,0,3,2,1,1,4,0,0,3,3,4,2,0,3,0,0,0,1,2,3,2,3,1,1,1,2,3,3,2,0,1,1,3,1,4,2,0,3,3,3,4,3,2,2,3,3,0,3,3,1,2,1,3,2,2,1,1,3,4,3,3,2,3,4,4,3,1,4,1,4,4,1,4,1,3,1,2,3,3,3,1,0,1,0,4,1,1,1,2,0,0,4,1,0,1,2,2,3,0,1,1,2,3,1,0,1,3,0,0,0,0,3,1,0,2,2,3,3,1,2,1,3,1,2,0,3,2,2,3,0,0,3,2,2,0,3,2,1,1,4,0,3,3,4,2,0,3,0,0,0,1,3,3,1,1,1,2,3,2,1,1,1,4,2,0,3,3,3,4,3,2,2,3,0,3,3,1,2,1,3,2,2,1,1,3,4,3,3,4,4,3,1,4,1,4,4,4,2,3,3
ResetH10_S1_L001,3,1,1,0,0,1,1,2,0,0,0,1,4,1,2,2,3,3,1,1,2,3,1,2,0,1,3,4,4,1,3,3,1,3,2,2,0,3,0,1,1,2,3,1,2,1,3,2,2,3,4,2,0,3,2,2,1,3,2,1,1,4,1,3,3,4,2,2,3,1,1,1,1,3,0,1,1,1,2,3,2,1,1,1,4,2,1,3,3,3,4,3,2,2,3,3,3,3,1,2,1,3,2,2,1,1,3,3,3,0,4,0,4,3,1,4,0,4,4,2,3,3,3,1,1,0,0,1,1,2,0,0,1,4,1,2,2,3,3,1,1,2,3,1,0,1,3,4,4,1,3,3,1,3,2,2,0,3,0,1,1,3,1,2,1,3,2,2,3,4,2,3,2,2,1,3,2,1,1,4,1,3,3,4,2,2,3,1,1,1,1,3,0,1,1,1,2,3,2,1,1,1,4,2,1,3,3,3,4,3,2,2,3,3,3,3,1,2,1,3,2,2,1,1,3,3,3,4,0,4,3,1,4,0,4,4,2,3,3,3,3,1,1,0,0,0,1,1,2,0,0,0,1,4,1,2,2,3,3,1,1,2,3,1,2,0,1,3,4,4,1,3,0,3,1,3,2,2,0,3,0,1,3,1,2,3,1,0,2,1,3,2,2,3,4,2,0,3,2,2,1,3,2,1,1,4,1,1,3,3,4,2,2,3,1,1,1,1,2,3,0,0,1,1,1,2,3,3,2,0,1,1,3,1,4,2,1,3,3,3,4,3,2,2,3,3,3,3,3,1,2,1,3,2,2,1,1,3,3,3,0,0,4,0,4,3,1,4,0,4,4,1,4,1,3,1,2,3,3,3,1,3,1,1,0,0,1,1,2,0,0,0,1,4,1,2,2,3,3,1,1,2,3,1,0,1,3,4,4,1,3,3,1,3,2,2,0,3,0,1,1,3,1,2,1,3,2,2,3,4,2,3,2,2,1,3,2,1,1,4,1,3,3,4,2,2,3,1,1,1,1,3,0,1,1,1,2,3,2,1,1,1,4,2,1,3,3,3,4,3,2,2,3,3,3,3,1,2,1,3,2,2,1,1,3,3,3,4,0,4,3,1,4,0,4,4,4,2,3,3
ResetH115_S6_L001,0,0,0,0,0,0,0,0,0,0,0,0,0,0,0,0,0,0,0,0,0,0,0,0,0,0,0,0,0,0,0,0,0,0,0,0,0,0,0,2,1,2,3,1,0,0,0,0,0,0,0,0,0,0,0,0,0,0,2,1,0,0,1,3,3,4,0,2,0,0,0,0,1,0,0,0,0,0,0,0,0,0,1,1,0,0,0,3,0,0,0,0,0,0,0,0,0,0,0,0,0,0,0,0,0,1,3,4,3,2,3,4,4,3,1,4,4,4,4,2,3,3,0,0,0,0,0,0,0,0,0,0,0,0,0,0,0,0,0,0,0,0,0,0,0,0,0,0,0,0,0,0,0,0,0,0,0,0,0,2,1,3,1,0,0,0,0,0,0,0,0,0,0,0,0,0,2,1,0,0,1,3,3,4,0,2,0,0,0,0,1,0,0,0,0,0,0,0,0,0,1,1,0,0,0,3,0,0,0,0,0,0,0,0,0,0,0,0,0,0,0,0,0,1,3,4,3,3,4,4,3,1,4,4,4,4,2,3,3,3,0,0,0,0,0,0,0,0,0,0,0,0,0,0,0,0,0,0,0,0,0,0,0,0,0,0,0,0,0,0,0,0,0,0,0,0,0,0,0,0,0,2,3,1,2,3,1,0,0,0,0,0,0,0,0,0,0,0,0,0,0,0,2,1,0,0,0,1,3,3,4,0,2,0,0,0,0,1,2,0,0,0,0,0,0,0,0,3,0,0,0,1,3,1,0,0,0,3,0,0,0,0,0,0,0,3,0,0,0,0,0,0,0,0,0,0,1,3,4,3,3,2,3,4,4,3,1,4,4,4,4,1,4,1,3,1,2,3,3,3,1,0,0,0,0,0,0,0,0,0,0,0,0,0,0,0,0,0,0,0,0,0,0,0,0,0,0,0,0,0,0,0,0,0,0,0,0,0,0,2,1,3,1,0,0,0,0,0,0,0,0,0,0,0,0,0,2,1,0,0,1,3,3,4,0,2,0,0,0,0,1,0,0,0,0,0,0,0,0,0,1,1,0,0,0,3,0,0,0,0,0,0,0,0,0,0,0,0,0,0,0,0,0,1,3,4,3,3,4,4,3,1,4,4,4,4,4,2,3,3
ResetH127_S6_L001,1,1,1,4,1,1,1,2,2,3,3,1,4,1,2,2,3,3,1,1,2,3,1,1,1,1,3,4,4,1,3,3,1,1,1,2,3,2,1,2,3,2,3,1,2,1,3,2,2,3,4,2,2,3,2,2,1,3,2,1,4,1,1,3,1,4,1,1,2,1,1,1,1,3,1,3,1,1,1,3,1,1,1,1,1,2,2,3,1,2,2,2,2,2,3,3,1,2,1,1,1,3,2,2,1,3,3,4,0,2,4,4,3,0,1,4,4,4,4,2,3,3,1,1,1,4,1,1,1,2,2,3,1,4,1,2,2,3,3,1,1,2,3,1,1,1,3,4,4,1,3,3,1,1,1,2,3,2,1,2,3,3,1,2,1,3,2,2,3,4,2,3,2,2,1,3,2,1,4,1,1,3,1,4,1,1,2,1,1,1,1,3,1,3,1,1,1,3,1,1,1,1,1,2,2,3,1,2,2,2,2,2,3,3,1,2,1,1,1,3,2,2,1,3,3,4,0,4,4,3,0,1,4,4,4,4,2,3,3,0,1,1,1,1,4,1,1,1,2,2,3,3,1,4,1,2,2,3,3,1,1,2,3,1,1,1,1,3,4,4,1,3,1,3,1,1,1,2,3,2,1,2,0,3,2,3,1,3,2,1,3,2,2,3,4,2,2,3,2,2,1,3,2,1,4,1,4,1,3,1,4,1,1,2,1,1,1,1,0,3,2,1,3,1,1,1,3,0,1,2,1,1,0,1,1,2,2,3,1,2,2,2,2,2,3,0,3,1,2,1,1,1,3,2,2,1,3,3,4,0,3,2,4,4,3,0,1,4,4,4,4,0,0,1,0,1,2,3,3,0,0,1,1,1,4,1,1,1,2,2,3,3,1,4,1,2,2,3,3,1,1,2,3,1,1,1,3,4,4,1,3,3,1,1,1,2,3,2,1,2,3,3,1,2,1,3,2,2,3,4,2,3,2,2,1,3,2,1,4,1,1,3,1,4,1,1,2,1,1,1,1,3,1,3,1,1,1,3,1,1,1,1,1,2,2,3,1,2,2,2,2,2,3,3,1,2,1,1,1,3,2,2,1,3,3,4,0,4,4,3,0,1,4,4,4,4,0,2,3,3
ResetH129_S7_L001,1,1,1,4,1,1,1,2,2,3,3,1,4,1,2,2,3,3,1,1,2,3,1,1,1,1,3,4,4,1,3,3,1,1,1,2,3,2,1,2,3,2,3,1,2,1,3,2,2,3,4,2,2,3,2,2,1,3,2,1,4,1,1,3,1,4,1,1,2,1,1,1,1,3,1,3,1,1,1,3,1,1,1,1,1,0,2,3,1,2,2,2,2,2,3,3,1,2,1,1,1,3,2,2,1,3,3,4,0,2,4,4,3,0,1,4,4,4,4,2,3,3,1,1,1,4,1,1,1,2,2,3,1,4,1,2,2,3,3,1,1,2,3,1,1,1,3,4,4,1,3,3,1,1,1,2,3,2,1,2,3,3,1,2,1,3,2,2,3,4,2,3,2,2,1,3,2,1,4,1,1,3,1,4,1,1,2,1,1,1,1,3,1,3,1,1,1,3,1,1,1,1,1,0,2,3,1,2,2,2,2,2,3,3,1,2,1,1,1,3,2,2,1,3,3,4,0,4,4,3,0,1,4,4,4,4,2,3,3,0,1,1,1,1,4,1,1,1,2,2,3,3,1,4,1,2,2,3,3,1,1,2,3,1,1,1,1,3,4,4,1,3,1,3,1,1,1,2,3,2,1,2,0,3,2,3,1,3,2,1,3,2,2,3,4,2,2,3,2,2,1,3,2,1,4,1,4,1,3,1,4,1,1,2,1,1,1,1,0,3,2,1,3,1,1,1,3,0,1,2,1,1,0,1,1,0,2,3,1,2,2,2,2,2,3,0,3,1,2,1,1,1,3,2,2,1,3,3,4,0,3,2,4,4,3,0,1,4,4,4,4,0,0,1,0,1,2,3,3,0,0,1,1,1,4,1,1,1,2,2,3,3,1,4,1,2,2,3,3,1,1,2,3,1,1,1,3,4,4,1,3,3,1,1,1,2,3,2,1,2,3,3,1,2,1,3,2,2,3,4,2,3,2,2,1,3,2,1,4,1,1,3,1,4,1,1,2,1,1,1,1,3,1,3,1,1,1,3,1,1,1,1,1,0,2,3,1,2,2,2,2,2,3,3,1,2,1,1,1,3,2,2,1,3,3,4,0,4,4,3,0,1,4,4,4,4,0,2,3,3
ResetH131_S7_L001,1,1,1,4,1,1,1,2,2,3,3,1,4,1,2,2,3,3,1,1,2,3,1,1,1,1,3,4,4,1,3,3,1,1,1,2,3,2,1,2,3,2,3,1,2,1,3,2,2,3,4,2,2,3,2,2,1,3,2,1,4,1,1,3,1,4,1,1,2,1,1,1,1,3,1,3,1,1,1,3,1,1,1,1,1,2,2,3,1,2,2,2,2,2,3,3,1,2,1,1,1,3,2,2,1,3,3,4,0,2,4,4,3,0,1,4,4,4,4,2,3,3,1,1,1,4,1,1,1,2,2,3,1,4,1,2,2,3,3,1,1,2,3,1,1,1,3,4,4,1,3,3,1,1,1,2,3,2,1,2,3,3,1,2,1,3,2,2,3,4,2,3,2,2,1,3,2,1,4,1,1,3,1,4,1,1,2,1,1,1,1,3,1,3,1,1,1,3,1,1,1,1,1,2,2,3,1,2,2,2,2,2,3,3,1,2,1,1,1,3,2,2,1,3,3,4,0,4,4,3,0,1,4,4,4,4,2,3,3,0,1,1,1,1,4,1,1,1,2,2,3,3,1,4,1,2,2,3,3,1,1,2,3,1,1,1,1,3,4,4,1,3,1,3,1,1,1,2,3,2,1,2,0,3,2,3,1,3,2,1,3,2,2,3,4,2,2,3,2,2,1,3,2,1,4,1,4,1,3,1,4,1,1,2,1,1,1,1,0,3,2,1,3,1,1,1,3,0,1,2,1,1,0,1,1,2,2,3,1,2,2,2,2,2,3,0,3,1,2,1,1,1,3,2,2,1,3,3,4,0,3,2,4,4,3,0,1,4,4,4,4,0,0,1,0,1,2,3,3,0,0,1,1,1,4,1,1,1,2,2,3,3,1,4,1,2,2,3,3,1,1,2,3,1,1,1,3,4,4,1,3,3,1,1,1,2,3,2,1,2,3,3,1,2,1,3,2,2,3,4,2,3,2,2,1,3,2,1,4,1,1,3,1,4,1,1,2,1,1,1,1,3,1,3,1,1,1,3,1,1,1,1,1,2,2,3,1,2,2,2,2,2,3,3,1,2,1,1,1,3,2,2,1,3,3,4,0,4,4,3,0,1,4,4,4,4,0,2,3,3
ResetH132_S1_L001,1,4,1,4,1,1,1,2,2,3,3,1,4,1,2,2,3,3,1,1,2,3,1,1,1,1,3,4,4,1,3,3,1,1,1,2,3,2,1,2,1,0,3,0,2,1,3,2,2,3,4,2,2,3,2,2,1,3,2,1,4,1,1,3,1,4,1,1,3,1,1,1,1,3,1,3,1,1,2,3,1,1,1,1,1,2,2,3,3,3,2,2,2,2,3,3,1,2,1,2,1,3,2,2,1,3,3,3,3,0,3,2,4,3,2,4,1,4,4,2,1,3,1,4,1,4,1,1,1,2,2,3,1,4,1,2,2,3,3,1,1,2,3,1,1,1,3,4,4,1,3,3,1,1,1,2,3,2,1,2,1,3,0,2,1,3,2,2,3,4,2,3,2,2,1,3,2,1,4,1,1,3,1,4,1,1,3,1,1,1,1,3,1,3,1,1,2,3,1,1,1,1,1,2,2,3,3,3,2,2,2,2,3,3,1,2,1,2,1,3,2,2,1,3,3,3,3,3,2,4,3,2,4,1,4,4,2,1,3,3,1,4,1,1,4,1,1,1,2,2,3,3,1,4,1,2,2,3,3,1,1,2,3,1,1,1,1,3,4,4,1,3,1,3,1,1,1,2,3,2,1,2,3,1,0,3,0,3,2,1,3,2,2,3,4,2,2,3,2,2,1,3,2,1,4,1,4,1,3,1,4,1,1,3,1,1,1,1,0,3,2,1,3,1,1,2,3,0,1,2,1,1,0,1,1,2,2,3,3,3,2,2,2,2,3,0,3,1,2,1,2,1,3,2,2,1,3,3,3,3,0,0,3,2,4,3,2,4,1,4,4,1,4,1,3,1,2,1,3,3,1,1,4,1,4,1,1,1,2,2,3,3,1,4,1,2,2,3,3,1,1,2,3,1,1,1,3,4,4,1,3,3,1,1,1,2,3,2,1,2,1,3,0,2,1,3,2,2,3,4,2,3,2,2,1,3,2,1,4,1,1,3,1,4,1,1,3,1,1,1,1,3,1,3,1,1,2,3,1,1,1,1,1,2,2,3,3,3,2,2,2,2,3,3,1,2,1,2,1,3,2,2,1,3,3,3,3,3,2,4,3,2,4,1,4,4,4,2,1,3
ResetH134_S8_L001,3,1,1,4,1,1,1,2,4,3,4,1,4,1,2,2,3,3,1,1,2,3,1,2,1,1,3,4,4,1,3,3,0,3,2,2,3,3,0,2,1,2,3,1,0,0,0,0,0,0,0,0,0,0,0,0,0,0,2,1,1,4,0,3,1,4,2,2,3,2,0,1,1,3,0,1,1,1,2,3,2,1,1,1,4,2,1,3,3,3,4,3,2,2,3,3,3,3,1,2,1,3,2,2,1,0,3,3,3,0,4,4,4,3,1,4,0,4,4,2,3,3,3,1,1,4,1,1,1,2,4,4,1,4,1,2,2,3,3,1,1,2,3,1,1,1,3,4,4,1,3,3,0,3,2,2,3,3,0,2,1,3,1,0,0,0,0,0,0,0,0,0,0,0,0,0,2,1,1,4,0,3,1,4,2,2,3,2,0,1,1,3,0,1,1,1,2,3,2,1,1,1,4,2,1,3,3,3,4,3,2,2,3,3,3,3,1,2,1,3,2,2,1,0,3,3,3,4,4,4,3,1,4,0,4,4,2,3,3,3,3,1,1,0,4,1,1,1,2,4,3,4,1,4,1,2,2,3,3,1,1,2,3,1,2,1,1,3,4,4,1,3,0,3,0,3,2,2,3,3,0,2,3,1,2,3,1,0,0,0,0,0,0,0,0,0,0,0,0,0,0,0,2,1,1,4,1,0,3,1,4,2,2,3,2,0,1,1,2,3,2,0,1,1,1,2,3,3,2,2,1,1,3,1,4,2,1,3,3,3,4,3,2,2,3,3,3,3,3,1,2,1,3,2,2,1,0,3,3,3,0,0,4,4,4,3,1,4,0,4,4,1,4,1,3,1,2,3,3,3,1,3,1,1,4,1,1,1,2,4,3,4,1,4,1,2,2,3,3,1,1,2,3,1,1,1,3,4,4,1,3,3,0,3,2,2,3,3,0,2,1,3,1,0,0,0,0,0,0,0,0,0,0,0,0,0,2,1,1,4,0,3,1,4,2,2,3,2,0,1,1,3,0,1,1,1,2,3,2,1,1,1,4,2,1,3,3,3,4,3,2,2,3,3,3,3,1,2,1,3,2,2,1,0,3,3,3,4,4,4,3,1,4,0,4,4,4,2,3,3
ResetH139_S3_L001,3,1,1,4,1,1,1,2,4,3,4,1,4,1,2,2,3,3,1,1,2,3,1,0,1,1,3,4,4,1,3,0,1,3,2,2,3,3,0,1,1,2,0,1,2,1,3,2,2,3,4,2,0,3,2,2,1,3,2,1,1,4,1,3,1,4,2,2,3,0,0,1,1,3,3,1,1,1,2,3,2,1,1,1,4,2,1,3,3,3,4,3,2,2,3,3,3,3,1,2,1,3,2,2,1,1,3,4,3,2,3,4,4,3,1,4,1,4,4,2,0,0,3,1,1,4,1,1,1,2,4,4,1,4,1,2,2,3,3,1,1,2,3,1,1,1,3,4,4,1,3,0,1,3,2,2,3,3,0,1,1,0,1,2,1,3,2,2,3,4,2,3,2,2,1,3,2,1,1,4,1,3,1,4,2,2,3,0,0,1,1,3,3,1,1,1,2,3,2,1,1,1,4,2,1,3,3,3,4,3,2,2,3,3,3,3,1,2,1,3,2,2,1,1,3,4,3,3,4,4,3,1,4,1,4,4,2,0,0,3,3,1,1,1,4,1,1,1,2,4,3,4,1,4,1,2,2,3,3,1,1,2,3,1,0,1,1,3,4,4,1,3,4,0,1,3,2,2,3,3,0,1,3,1,2,0,1,3,2,1,3,2,2,3,4,2,0,3,2,2,1,3,2,1,1,4,1,1,3,1,4,2,2,3,0,0,1,1,2,3,2,3,1,1,1,2,3,3,2,0,1,1,3,1,4,2,1,3,3,3,4,3,2,2,3,3,3,3,3,1,2,1,3,2,2,1,1,3,4,3,3,2,3,4,4,3,1,4,1,4,4,0,4,1,3,1,2,0,0,0,1,3,1,1,4,1,1,1,2,4,3,4,1,4,1,2,2,3,3,1,1,2,3,1,1,1,3,4,4,1,3,0,1,3,2,2,3,3,0,1,1,0,1,2,1,3,2,2,3,4,2,3,2,2,1,3,2,1,1,4,1,3,1,4,2,2,3,0,0,1,1,3,3,1,1,1,2,3,2,1,1,1,4,2,1,3,3,3,4,3,2,2,3,3,3,3,1,2,1,3,2,2,1,1,3,4,3,3,4,4,3,1,4,1,4,4,4,2,0,0
ResetH152_S4_L001,0,1,0,0,0,0,1,2,4,0,0,1,4,0,0,0,0,0,1,0,0,3,1,2,0,1,0,0,0,0,0,3,1,3,2,2,3,3,1,1,1,2,3,1,2,0,3,2,2,3,4,2,0,3,2,2,1,0,2,1,1,4,0,3,1,4,2,2,3,1,1,0,1,3,3,1,1,1,2,3,2,1,1,1,4,2,1,3,3,3,4,3,2,0,0,0,0,3,1,2,0,3,2,2,1,1,3,3,3,2,4,4,4,3,1,4,0,4,4,2,3,3,0,1,0,0,0,0,1,2,4,0,1,4,0,0,0,0,0,1,0,0,3,1,0,1,0,0,0,0,0,3,1,3,2,2,3,3,1,1,1,3,1,2,0,3,2,2,3,4,2,3,2,2,1,0,2,1,1,4,0,3,1,4,2,2,3,1,1,0,1,3,3,1,1,1,2,3,2,1,1,1,4,2,1,3,3,3,4,3,2,0,0,0,0,3,1,2,0,3,2,2,1,1,3,3,3,4,4,4,3,1,4,0,4,4,2,3,3,3,0,1,0,1,0,0,0,1,2,4,0,0,1,4,0,0,0,0,0,1,0,0,3,1,2,0,1,0,0,0,0,0,4,3,1,3,2,2,3,3,1,1,3,1,2,3,1,3,2,0,3,2,2,3,4,2,0,3,2,2,1,0,2,1,1,4,1,0,3,1,4,2,2,3,1,1,0,1,2,3,0,3,1,1,1,2,3,3,2,0,1,1,3,1,4,2,1,3,3,3,4,3,2,0,0,3,0,0,3,1,2,0,3,2,2,1,1,3,3,3,3,2,4,4,4,3,1,4,0,4,4,1,4,1,3,1,2,3,3,3,1,0,1,0,0,0,0,1,2,4,0,0,1,4,0,0,0,0,0,1,0,0,3,1,0,1,0,0,0,0,0,3,1,3,2,2,3,3,1,1,1,3,1,2,0,3,2,2,3,4,2,3,2,2,1,0,2,1,1,4,0,3,1,4,2,2,3,1,1,0,1,3,3,1,1,1,2,3,2,1,1,1,4,2,1,3,3,3,4,3,2,0,0,0,0,3,1,2,0,3,2,2,1,1,3,3,3,4,4,4,3,1,4,0,4,4,4,2,3,3
ResetH16_S2_L001,0,0,0,0,0,0,0,0,0,0,0,0,0,0,0,0,0,0,0,0,0,0,0,0,0,0,0,0,0,0,0,0,0,0,0,0,0,0,0,2,3,2,3,1,0,0,0,0,0,0,0,0,0,0,0,0,0,0,2,1,0,0,0,0,0,0,0,0,0,0,0,0,0,0,0,0,0,0,0,0,0,0,1,1,0,0,0,3,0,0,0,0,0,0,0,0,0,0,0,0,0,0,0,2,0,0,3,3,3,2,3,4,4,3,1,4,1,4,4,2,3,3,0,0,0,0,0,0,0,0,0,0,0,0,0,0,0,0,0,0,0,0,0,0,0,0,0,0,0,0,0,0,0,0,0,0,0,0,0,2,3,3,1,0,0,0,0,0,0,0,0,0,0,0,0,0,2,1,0,0,0,0,0,0,0,0,0,0,0,0,0,0,0,0,0,0,0,0,0,0,1,1,0,0,0,3,0,0,0,0,0,0,0,0,0,0,0,0,0,0,0,2,0,0,3,3,3,3,4,4,3,1,4,1,4,4,2,3,3,3,0,0,0,0,0,0,0,0,0,0,0,0,0,0,0,0,0,0,0,0,0,0,0,0,0,0,0,0,0,0,0,0,0,0,0,0,0,0,0,0,0,2,3,3,2,3,1,0,0,0,0,0,0,0,0,0,0,0,0,0,0,0,2,1,0,0,0,0,0,0,0,0,0,0,0,0,0,0,2,0,0,0,0,0,0,0,0,3,0,0,0,1,3,1,0,0,0,3,0,0,0,0,0,0,0,3,0,0,0,0,0,0,0,0,2,0,0,3,3,3,3,2,3,4,4,3,1,4,1,4,4,1,4,1,3,1,2,3,3,3,1,0,0,0,0,0,0,0,0,0,0,0,0,0,0,0,0,0,0,0,0,0,0,0,0,0,0,0,0,0,0,0,0,0,0,0,0,0,0,2,3,3,1,0,0,0,0,0,0,0,0,0,0,0,0,0,2,1,0,0,0,0,0,0,0,0,0,0,0,0,0,0,0,0,0,0,0,0,0,0,1,1,0,0,0,3,0,0,0,0,0,0,0,0,0,0,0,0,0,0,0,2,0,0,3,3,3,3,4,4,3,1,4,1,4,4,4,2,3,3
ResetH24a_S3_2_L001,4,1,2,0,0,0,0,0,0,3,4,1,0,0,0,0,0,3,1,1,2,3,2,0,1,1,0,0,0,0,0,3,0,3,0,2,0,3,0,1,0,2,3,1,0,0,0,0,0,0,0,0,0,0,0,0,0,0,2,1,0,0,0,3,1,4,2,0,0,0,0,0,1,0,3,0,0,1,2,3,0,3,1,0,4,2,0,3,0,0,0,3,2,0,0,0,3,0,1,2,0,3,0,0,0,0,0,4,3,2,4,4,4,3,1,4,1,4,4,2,3,3,4,1,2,0,0,0,0,0,0,4,1,0,0,0,0,0,3,1,1,2,3,2,1,1,0,0,0,0,0,3,0,3,0,2,0,3,0,1,0,3,1,0,0,0,0,0,0,0,0,0,0,0,0,0,2,1,0,0,0,3,1,4,2,0,0,0,0,0,1,0,3,0,0,1,2,3,0,3,1,0,4,2,0,3,0,0,0,3,2,0,0,0,3,0,1,2,0,3,0,0,0,0,0,4,3,4,4,4,3,1,4,1,4,4,2,3,3,0,4,1,2,0,0,0,0,0,0,0,3,4,1,0,0,0,0,0,3,1,1,2,3,2,0,1,1,0,0,0,0,0,0,3,0,3,0,2,0,3,0,1,0,0,2,3,1,0,0,0,0,0,0,0,0,0,0,0,0,0,0,0,2,1,0,0,0,0,3,1,4,2,0,0,0,0,0,1,2,0,0,3,0,0,1,2,3,3,0,0,3,1,3,0,4,2,0,3,0,0,0,3,2,0,0,3,0,3,0,1,2,0,3,0,0,0,0,0,4,3,3,2,4,4,4,3,1,4,1,4,4,1,4,1,3,1,2,3,3,3,1,4,1,2,0,0,0,0,0,0,3,4,1,0,0,0,0,0,3,1,1,2,3,2,1,1,0,0,0,0,0,3,0,3,0,2,0,3,0,1,0,3,1,0,0,0,0,0,0,0,0,0,0,0,0,0,2,1,0,0,0,3,1,4,2,0,0,0,0,0,1,0,3,0,0,1,2,3,0,3,1,0,4,2,0,3,0,0,0,3,2,0,0,0,3,0,1,2,0,3,0,0,0,0,0,4,3,4,4,4,3,1,4,1,4,4,4,2,3,3
ResetH30_S4_L001,0,1,2,4,0,1,1,2,4,0,4,1,4,1,0,2,3,3,1,1,2,3,2,0,1,1,3,4,4,1,3,3,0,0,0,2,0,3,0,1,1,2,0,1,2,1,3,2,2,3,4,2,2,3,2,2,1,3,2,1,1,4,0,0,3,0,0,2,0,2,0,0,1,3,0,0,0,1,2,3,2,3,1,0,4,2,2,3,3,3,4,3,2,2,3,3,0,0,0,0,1,3,0,2,1,1,3,4,3,2,3,4,4,3,1,4,1,4,4,2,3,3,0,1,2,4,0,1,1,2,4,4,1,4,1,0,2,3,3,1,1,2,3,2,1,1,3,4,4,1,3,3,0,0,0,2,0,3,0,1,1,0,1,2,1,3,2,2,3,4,2,3,2,2,1,3,2,1,1,4,0,0,3,0,0,2,0,2,0,0,1,3,0,0,0,1,2,3,2,3,1,0,4,2,2,3,3,3,4,3,2,2,3,3,0,0,0,0,1,3,0,2,1,1,3,4,3,3,4,4,3,1,4,1,4,4,2,3,3,3,0,1,2,2,4,0,1,1,2,4,0,4,1,4,1,0,2,3,3,1,1,2,3,2,0,1,1,3,4,4,1,3,0,3,0,0,0,2,0,3,0,1,3,1,2,0,1,3,2,1,3,2,2,3,4,2,2,3,2,2,1,3,2,1,1,4,0,0,0,3,0,0,2,0,2,0,0,1,2,3,2,0,0,0,1,2,3,3,2,2,3,1,3,0,4,2,2,3,3,3,4,3,2,2,3,3,3,0,0,0,0,1,3,0,2,1,1,3,4,3,3,2,3,4,4,3,1,4,1,4,4,1,4,1,3,1,2,3,3,3,1,0,1,2,4,0,1,1,2,4,0,4,1,4,1,0,2,3,3,1,1,2,3,2,1,1,3,4,4,1,3,3,0,0,0,2,0,3,0,1,1,0,1,2,1,3,2,2,3,4,2,3,2,2,1,3,2,1,1,4,0,0,3,0,0,2,0,2,0,0,1,3,0,0,0,1,2,3,2,3,1,0,4,2,2,3,3,3,4,3,2,2,3,3,0,0,0,0,1,3,0,2,1,1,3,4,3,3,4,4,3,1,4,1,4,4,4,2,3,3
ResetH44_S3_L001,0,1,2,0,1,0,0,0,0,0,0,1,0,0,0,0,0,3,0,1,2,3,0,0,0,0,0,0,0,0,0,0,0,0,2,2,3,0,1,2,1,2,0,1,2,0,3,2,2,3,4,2,0,3,2,2,1,3,2,1,0,0,1,0,0,0,0,0,0,0,1,0,0,0,0,0,0,0,0,0,2,0,0,0,0,2,0,3,3,3,0,0,0,2,3,3,0,0,0,0,0,3,2,0,1,1,3,4,0,0,3,0,4,3,1,4,0,0,0,0,0,0,0,1,2,0,1,0,0,0,0,0,1,0,0,0,0,0,3,0,1,2,3,0,0,0,0,0,0,0,0,0,0,0,2,2,3,0,1,2,1,0,1,2,0,3,2,2,3,4,2,3,2,2,1,3,2,1,0,0,1,0,0,0,0,0,0,0,1,0,0,0,0,0,0,0,0,0,2,0,0,0,0,2,0,3,3,3,0,0,0,2,3,3,0,0,0,0,0,3,2,0,1,1,3,4,0,3,0,4,3,1,4,0,0,0,0,0,0,0,0,1,2,0,0,1,0,0,0,0,0,0,1,0,0,0,0,0,3,0,1,2,3,0,0,0,0,0,0,0,0,0,4,0,0,0,2,2,3,0,1,2,3,1,2,0,1,3,2,0,3,2,2,3,4,2,0,3,2,2,1,3,2,1,0,0,0,1,0,0,0,0,0,0,0,1,0,0,2,0,0,0,0,0,0,0,0,3,2,2,0,0,0,0,0,2,0,3,3,3,0,0,0,2,3,3,3,0,0,0,0,0,3,2,0,1,1,3,4,0,0,0,3,0,4,3,1,4,0,0,0,0,0,0,0,0,0,0,0,0,0,0,1,2,0,1,0,0,0,0,0,0,1,0,0,0,0,0,3,0,1,2,3,0,0,0,0,0,0,0,0,0,0,0,2,2,3,0,1,2,1,0,1,2,0,3,2,2,3,4,2,3,2,2,1,3,2,1,0,0,1,0,0,0,0,0,0,0,1,0,0,0,0,0,0,0,0,0,2,0,0,0,0,2,0,3,3,3,0,0,0,2,3,3,0,0,0,0,0,3,2,0,1,1,3,4,0,3,0,4,3,1,4,0,0,0,0,0,0,0
ResetH45_S5_L001,3,1,1,4,4,1,3,2,4,3,4,3,4,1,2,2,3,3,1,1,2,3,2,2,1,1,3,4,4,1,3,3,2,3,2,2,4,3,1,1,1,2,3,1,2,1,3,2,2,3,4,2,2,3,2,2,1,3,2,1,0,4,1,1,3,4,2,3,3,2,1,1,1,0,3,1,1,1,2,3,2,1,1,1,1,2,2,3,3,3,4,3,2,2,3,3,3,3,2,2,1,3,2,2,1,1,3,3,3,2,4,4,4,3,1,4,0,0,4,0,3,0,3,1,1,4,4,1,3,2,4,4,3,4,1,2,2,3,3,1,1,2,3,2,1,1,3,4,4,1,3,3,2,3,2,2,4,3,1,1,1,3,1,2,1,3,2,2,3,4,2,3,2,2,1,3,2,1,0,4,1,1,3,4,2,3,3,2,1,1,1,0,3,1,1,1,2,3,2,1,1,1,1,2,2,3,3,3,4,3,2,2,3,3,3,3,2,2,1,3,2,2,1,1,3,3,3,4,4,4,3,1,4,0,0,4,0,3,0,2,3,1,1,2,4,4,1,3,2,4,3,4,3,4,1,2,2,3,3,1,1,2,3,2,2,1,1,3,4,4,1,3,4,3,2,3,2,2,4,3,1,1,3,1,2,3,1,3,2,1,3,2,2,3,4,2,2,3,2,2,1,3,2,1,0,4,1,1,1,3,4,2,3,3,2,1,1,1,2,0,0,3,1,1,1,2,3,4,2,2,1,1,3,1,1,2,2,3,3,3,4,3,2,2,3,3,3,3,3,2,2,1,3,2,2,1,1,3,3,3,3,2,4,4,4,3,1,4,0,0,4,1,4,0,3,1,0,3,0,3,1,3,1,1,4,4,1,3,2,4,3,4,3,4,1,2,2,3,3,1,1,2,3,2,1,1,3,4,4,1,3,3,2,3,2,2,4,3,1,1,1,3,1,2,1,3,2,2,3,4,2,3,2,2,1,3,2,1,0,4,1,1,3,4,2,3,3,2,1,1,1,0,3,1,1,1,2,3,2,1,1,1,1,2,2,3,3,3,4,3,2,2,3,3,3,3,2,2,1,3,2,2,1,1,3,3,3,4,4,4,3,1,4,0,0,4,4,0,3,0
ResetH49b_S6_L001,1,4,1,4,1,1,1,2,2,3,3,1,4,1,2,2,3,3,1,1,2,3,1,1,1,1,3,4,4,1,3,3,1,1,1,2,3,2,1,2,1,0,3,0,2,1,3,2,2,3,4,2,2,3,2,2,1,3,2,1,4,1,1,3,1,4,1,1,3,1,1,1,1,3,1,3,1,1,2,3,1,1,1,1,1,2,2,3,3,3,2,2,2,2,3,3,1,2,1,2,1,3,2,2,1,3,3,3,3,0,3,2,4,3,2,4,1,4,4,2,1,3,1,4,1,4,1,1,1,2,2,3,1,4,1,2,2,3,3,1,1,2,3,1,1,1,3,4,4,1,3,3,1,1,1,2,3,2,1,2,1,3,0,2,1,3,2,2,3,4,2,3,2,2,1,3,2,1,4,1,1,3,1,4,1,1,3,1,1,1,1,3,1,3,1,1,2,3,1,1,1,1,1,2,2,3,3,3,2,2,2,2,3,3,1,2,1,2,1,3,2,2,1,3,3,3,3,3,2,4,3,2,4,1,4,4,2,1,3,3,1,4,1,1,4,1,1,1,2,2,3,3,1,4,1,2,2,3,3,1,1,2,3,1,1,1,1,3,4,4,1,3,1,3,1,1,1,2,3,2,1,2,3,1,0,3,0,3,2,1,3,2,2,3,4,2,2,3,2,2,1,3,2,1,4,1,4,1,3,1,4,1,1,3,1,1,1,1,0,3,2,1,3,1,1,2,3,0,1,2,1,1,0,1,1,2,2,3,3,3,2,2,2,2,3,0,3,1,2,1,2,1,3,2,2,1,3,3,3,3,0,0,3,2,4,3,2,4,1,4,4,1,4,1,3,1,2,1,3,3,1,1,4,1,4,1,1,1,2,2,3,3,1,4,1,2,2,3,3,1,1,2,3,1,1,1,3,4,4,1,3,3,1,1,1,2,3,2,1,2,1,3,0,2,1,3,2,2,3,4,2,3,2,2,1,3,2,1,4,1,1,3,1,4,1,1,3,1,1,1,1,3,1,3,1,1,2,3,1,1,1,1,1,2,2,3,3,3,2,2,2,2,3,3,1,2,1,2,1,3,2,2,1,3,3,3,3,3,2,4,3,2,4,1,4,4,4,2,1,3
ResetH63_S7_L001,1,1,1,4,1,1,1,2,2,3,3,1,4,1,2,2,3,3,1,1,2,3,1,1,1,1,3,4,4,1,3,3,1,1,1,2,3,2,1,2,3,2,3,1,2,1,3,2,2,3,4,2,2,3,2,2,1,3,2,1,4,1,1,3,1,4,1,1,2,1,1,1,1,3,1,3,1,1,1,3,1,1,1,1,1,2,2,3,1,2,2,2,2,2,3,3,1,2,1,1,1,3,2,2,1,3,3,4,0,2,4,4,3,0,1,4,4,4,4,2,3,3,1,1,1,4,1,1,1,2,2,3,1,4,1,2,2,3,3,1,1,2,3,1,1,1,3,4,4,1,3,3,1,1,1,2,3,2,1,2,3,3,1,2,1,3,2,2,3,4,2,3,2,2,1,3,2,1,4,1,1,3,1,4,1,1,2,1,1,1,1,3,1,3,1,1,1,3,1,1,1,1,1,2,2,3,1,2,2,2,2,2,3,3,1,2,1,1,1,3,2,2,1,3,3,4,0,4,4,3,0,1,4,4,4,4,2,3,3,0,1,1,1,1,4,1,1,1,2,2,3,3,1,4,1,2,2,3,3,1,1,2,3,1,1,1,1,3,4,4,1,3,1,3,1,1,1,2,3,2,1,2,0,3,2,3,1,3,2,1,3,2,2,3,4,2,2,3,2,2,1,3,2,1,4,1,4,1,3,1,4,1,1,2,1,1,1,1,0,3,2,1,3,1,1,1,3,0,1,2,1,1,0,1,1,2,2,3,1,2,2,2,2,2,3,0,3,1,2,1,1,1,3,2,2,1,3,3,4,0,3,2,4,4,3,0,1,4,4,4,4,0,0,1,0,1,2,3,3,0,0,1,1,1,4,1,1,1,2,2,3,3,1,4,1,2,2,3,3,1,1,2,3,1,1,1,3,4,4,1,3,3,1,1,1,2,3,2,1,2,3,3,1,2,1,3,2,2,3,4,2,3,2,2,1,3,2,1,4,1,1,3,1,4,1,1,2,1,1,1,1,3,1,3,1,1,1,3,1,1,1,1,1,2,2,3,1,2,2,2,2,2,3,3,1,2,1,1,1,3,2,2,1,3,3,4,0,4,4,3,0,1,4,4,4,4,0,2,3,3
ResetH68_S1_L001,3,4,2,4,4,1,1,4,3,3,4,1,4,1,2,2,3,3,4,1,2,4,2,2,1,2,3,4,4,1,3,4,2,3,2,4,4,3,3,1,1,2,0,0,2,1,3,2,2,3,4,2,2,3,2,2,2,3,0,0,1,4,2,3,3,1,2,3,3,1,3,3,4,3,3,1,4,3,2,3,2,3,0,1,4,2,2,0,3,3,4,3,4,2,3,3,3,3,1,2,1,3,3,4,1,1,3,3,3,2,3,2,4,3,2,4,1,4,1,0,1,3,3,4,2,4,4,1,1,4,3,4,1,4,1,2,2,3,3,4,1,2,4,2,1,2,3,4,4,1,3,4,2,3,2,4,4,3,3,1,1,0,0,2,1,3,2,2,3,4,2,3,2,2,2,3,0,0,1,4,2,3,3,1,2,3,3,1,3,3,4,3,3,1,4,3,2,3,2,3,0,1,4,2,2,0,3,3,4,3,4,2,3,3,3,3,1,2,1,3,3,4,1,1,3,3,3,3,2,4,3,2,4,1,4,1,0,1,3,3,3,4,2,2,4,4,1,1,4,3,3,4,1,4,1,2,2,3,3,4,1,2,4,2,2,1,2,3,4,4,1,3,4,4,2,3,2,4,4,3,3,1,3,1,2,0,0,3,2,1,3,2,2,3,4,2,2,3,2,2,2,3,0,0,1,4,1,2,3,3,1,2,3,3,1,3,3,4,2,3,2,3,1,4,3,2,3,4,2,2,3,0,3,1,4,2,2,0,3,3,4,3,4,2,3,3,3,3,3,1,2,1,3,3,4,1,1,3,3,3,3,2,3,2,4,3,2,4,1,4,1,1,4,0,3,0,0,1,3,3,1,3,4,2,4,4,1,1,4,3,3,4,1,4,1,2,2,3,3,4,1,2,4,2,1,2,3,4,4,1,3,4,2,3,2,4,4,3,3,1,1,0,0,2,1,3,2,2,3,4,2,3,2,2,2,3,0,0,1,4,2,3,3,1,2,3,3,1,3,3,4,3,3,1,4,3,2,3,2,3,0,1,4,2,2,0,3,3,4,3,4,2,3,3,3,3,1,2,1,3,3,4,1,1,3,3,3,3,2,4,3,2,4,1,4,1,4,0,1,3
ResetH75_S2_L001,1,1,1,4,1,1,1,2,2,3,3,1,4,1,2,2,3,3,1,1,2,3,1,1,1,1,3,4,4,1,3,3,1,1,1,2,3,2,1,2,3,2,3,1,2,1,3,2,2,3,4,2,2,3,2,2,1,3,2,1,4,1,1,3,1,4,1,1,2,1,1,1,1,3,1,3,1,1,1,3,1,1,1,1,1,0,2,3,1,2,2,2,2,2,3,3,1,2,1,1,1,3,2,2,1,3,3,4,0,2,4,4,3,0,1,4,4,4,4,2,3,3,1,1,1,4,1,1,1,2,2,3,1,4,1,2,2,3,3,1,1,2,3,1,1,1,3,4,4,1,3,3,1,1,1,2,3,2,1,2,3,3,1,2,1,3,2,2,3,4,2,3,2,2,1,3,2,1,4,1,1,3,1,4,1,1,2,1,1,1,1,3,1,3,1,1,1,3,1,1,1,1,1,0,2,3,1,2,2,2,2,2,3,3,1,2,1,1,1,3,2,2,1,3,3,4,0,4,4,3,0,1,4,4,4,4,2,3,3,0,1,1,1,1,4,1,1,1,2,2,3,3,1,4,1,2,2,3,3,1,1,2,3,1,1,1,1,3,4,4,1,3,1,3,1,1,1,2,3,2,1,2,0,3,2,3,1,3,2,1,3,2,2,3,4,2,2,3,2,2,1,3,2,1,4,1,4,1,3,1,4,1,1,2,1,1,1,1,0,3,2,1,3,1,1,1,3,0,1,2,1,1,0,1,1,0,2,3,1,2,2,2,2,2,3,0,3,1,2,1,1,1,3,2,2,1,3,3,4,0,3,2,4,4,3,0,1,4,4,4,4,0,0,1,0,1,2,3,3,0,0,1,1,1,4,1,1,1,2,2,3,3,1,4,1,2,2,3,3,1,1,2,3,1,1,1,3,4,4,1,3,3,1,1,1,2,3,2,1,2,3,3,1,2,1,3,2,2,3,4,2,3,2,2,1,3,2,1,4,1,1,3,1,4,1,1,2,1,1,1,1,3,1,3,1,1,1,3,1,1,1,1,1,0,2,3,1,2,2,2,2,2,3,3,1,2,1,1,1,3,2,2,1,3,3,4,0,4,4,3,0,1,4,4,4,4,0,2,3,3
ResetH8_S2_L001,0,1,0,4,0,0,1,2,0,3,4,1,4,1,2,2,3,3,1,1,2,3,1,2,1,1,3,4,4,0,0,3,1,0,2,2,3,3,0,1,0,2,3,1,2,1,3,2,2,3,4,2,2,3,2,2,1,3,2,1,1,4,1,3,1,4,2,2,3,1,1,1,1,3,3,1,1,1,2,3,2,1,1,1,4,2,0,3,3,3,4,3,2,2,3,3,3,3,1,2,0,3,2,2,1,1,3,4,3,2,4,4,4,3,1,4,1,4,4,2,3,3,0,1,0,4,0,0,1,2,0,4,1,4,1,2,2,3,3,1,1,2,3,1,1,1,3,4,4,0,0,3,1,0,2,2,3,3,0,1,0,3,1,2,1,3,2,2,3,4,2,3,2,2,1,3,2,1,1,4,1,3,1,4,2,2,3,1,1,1,1,3,3,1,1,1,2,3,2,1,1,1,4,2,0,3,3,3,4,3,2,2,3,3,3,3,1,2,0,3,2,2,1,1,3,4,3,4,4,4,3,1,4,1,4,4,2,3,3,3,0,1,0,0,4,0,0,1,2,0,3,4,1,4,1,2,2,3,3,1,1,2,3,1,2,1,1,3,4,4,0,0,0,3,1,0,2,2,3,3,0,1,3,0,2,3,1,0,2,1,3,2,2,3,4,2,2,3,2,2,1,3,2,1,1,4,1,1,3,1,4,2,2,3,1,1,1,1,2,3,0,3,1,1,1,2,3,3,2,2,1,1,3,1,4,2,0,3,3,3,4,3,2,2,3,3,3,3,3,1,2,0,3,2,2,1,1,3,4,3,3,2,4,4,4,3,1,4,1,4,4,1,4,1,3,1,2,3,3,3,1,0,1,0,4,0,0,1,2,0,3,4,1,4,1,2,2,3,3,1,1,2,3,1,1,1,3,4,4,0,0,3,1,0,2,2,3,3,0,1,0,3,1,2,1,3,2,2,3,4,2,3,2,2,1,3,2,1,1,4,1,3,1,4,2,2,3,1,1,1,1,3,3,1,1,1,2,3,2,1,1,1,4,2,0,3,3,3,4,3,2,2,3,3,3,3,1,2,0,3,2,2,1,1,3,4,3,4,4,4,3,1,4,1,4,4,4,2,3,3
ResetH89_S3_L001,3,1,1,4,4,1,3,2,4,3,4,1,4,1,2,2,3,3,1,1,2,3,2,2,1,1,3,4,4,1,3,3,1,3,2,2,4,2,1,1,3,2,3,1,2,1,3,2,2,3,4,2,0,3,2,2,1,3,2,1,0,4,2,1,0,4,2,3,2,2,1,1,1,3,3,1,1,1,0,2,2,1,1,1,4,2,2,3,3,3,4,3,2,2,3,3,3,0,1,2,1,3,3,2,1,1,3,3,3,2,3,4,3,3,1,4,1,4,4,2,3,0,3,1,1,4,4,1,3,2,4,4,1,4,1,2,2,3,3,1,1,2,3,2,1,1,3,4,4,1,3,3,1,3,2,2,4,2,1,1,3,3,1,2,1,3,2,2,3,4,2,3,2,2,1,3,2,1,0,4,2,1,0,4,2,3,2,2,1,1,1,3,3,1,1,1,0,2,2,1,1,1,4,2,2,3,3,3,4,3,2,2,3,3,3,0,1,2,1,3,3,2,1,1,3,3,3,3,4,3,3,1,4,1,4,4,2,3,0,3,3,1,1,1,4,4,1,3,2,4,3,4,1,4,1,2,2,3,3,1,1,2,3,2,2,1,1,3,4,4,1,3,4,3,1,3,2,2,4,2,1,1,3,3,2,3,1,3,2,1,3,2,2,3,4,2,0,3,2,2,1,3,2,1,0,4,0,2,1,0,4,2,3,2,2,1,1,1,2,3,0,3,1,1,1,0,2,4,2,2,1,1,3,1,4,2,2,3,3,3,4,3,2,2,3,3,3,3,0,1,2,1,3,3,2,1,1,3,3,3,3,2,3,4,3,3,1,4,1,4,4,1,4,0,3,0,2,3,0,3,1,3,1,1,4,4,1,3,2,4,3,4,1,4,1,2,2,3,3,1,1,2,3,2,1,1,3,4,4,1,3,3,1,3,2,2,4,2,1,1,3,3,1,2,1,3,2,2,3,4,2,3,2,2,1,3,2,1,0,4,2,1,0,4,2,3,2,2,1,1,1,3,3,1,1,1,0,2,2,1,1,1,4,2,2,3,3,3,4,3,2,2,3,3,3,0,1,2,1,3,3,2,1,1,3,3,3,3,4,3,3,1,4,1,4,4,4,2,3,0
ResetH92_S4_L001,0,0,0,0,0,0,0,0,0,0,0,0,0,0,0,0,0,0,0,0,0,0,0,0,0,0,0,0,0,0,0,0,0,0,0,0,0,0,0,2,1,2,3,1,0,0,0,0,0,0,0,0,0,0,0,0,0,0,2,1,0,0,0,0,0,0,0,0,0,0,0,0,0,0,0,0,0,0,0,0,0,0,0,1,0,0,0,3,0,0,0,0,0,0,0,0,0,0,0,0,0,0,0,0,0,1,3,4,3,2,3,4,4,3,1,4,4,4,4,2,3,3,0,0,0,0,0,0,0,0,0,0,0,0,0,0,0,0,0,0,0,0,0,0,0,0,0,0,0,0,0,0,0,0,0,0,0,0,0,2,1,3,1,0,0,0,0,0,0,0,0,0,0,0,0,0,2,1,0,0,0,0,0,0,0,0,0,0,0,0,0,0,0,0,0,0,0,0,0,0,0,1,0,0,0,3,0,0,0,0,0,0,0,0,0,0,0,0,0,0,0,0,0,1,3,4,3,3,4,4,3,1,4,4,4,4,2,3,3,3,0,0,0,0,0,0,0,0,0,0,0,0,0,0,0,0,0,0,0,0,0,0,0,0,0,0,0,0,0,0,0,0,0,0,0,0,0,0,0,0,0,2,3,1,2,3,1,0,0,0,0,0,0,0,0,0,0,0,0,0,0,0,2,1,0,0,0,0,0,0,0,0,0,0,0,0,0,0,2,0,0,0,0,0,0,0,0,3,0,0,0,0,3,1,0,0,0,3,0,0,0,0,0,0,0,3,0,0,0,0,0,0,0,0,0,0,1,3,4,3,3,2,3,4,4,3,1,4,4,4,4,1,4,1,3,1,2,3,3,3,1,0,0,0,0,0,0,0,0,0,0,0,0,0,0,0,0,0,0,0,0,0,0,0,0,0,0,0,0,0,0,0,0,0,0,0,0,0,0,2,1,3,1,0,0,0,0,0,0,0,0,0,0,0,0,0,2,1,0,0,0,0,0,0,0,0,0,0,0,0,0,0,0,0,0,0,0,0,0,0,0,1,0,0,0,3,0,0,0,0,0,0,0,0,0,0,0,0,0,0,0,0,0,1,3,4,3,3,4,4,3,1,4,4,4,4,4,2,3,3
ResetH93_S5_L001,0,1,0,0,0,1,1,2,4,0,4,1,4,1,2,2,3,0,1,1,2,3,1,2,1,1,3,4,4,0,0,3,1,3,2,2,3,0,1,2,1,2,3,1,2,1,3,0,2,3,4,2,2,3,2,2,1,3,2,1,1,4,1,3,1,4,2,2,3,0,1,1,1,3,3,1,1,1,2,3,2,1,1,1,4,2,1,3,3,3,4,3,2,2,3,3,3,3,1,2,1,3,2,2,1,1,3,3,3,2,4,4,4,3,1,4,1,4,4,2,3,3,0,1,0,0,0,1,1,2,4,4,1,4,1,2,2,3,0,1,1,2,3,1,1,1,3,4,4,0,0,3,1,3,2,2,3,0,1,2,1,3,1,2,1,3,0,2,3,4,2,3,2,2,1,3,2,1,1,4,1,3,1,4,2,2,3,0,1,1,1,3,3,1,1,1,2,3,2,1,1,1,4,2,1,3,3,3,4,3,2,2,3,3,3,3,1,2,1,3,2,2,1,1,3,3,3,4,4,4,3,1,4,1,4,4,2,3,3,3,0,1,0,0,0,0,1,1,2,4,0,4,1,4,1,2,2,3,0,1,1,2,3,1,2,1,1,3,4,4,0,0,0,3,1,3,2,2,3,0,1,2,3,1,2,3,1,0,2,1,3,0,2,3,4,2,2,3,2,2,1,3,2,1,1,4,1,1,3,1,4,2,2,3,0,1,1,1,2,3,0,3,1,1,1,2,3,3,2,2,1,1,3,1,4,2,1,3,3,3,4,3,2,2,3,3,3,3,3,1,2,1,3,2,2,1,1,3,3,3,3,2,4,4,4,3,1,4,1,4,4,1,4,1,3,1,2,3,3,3,1,0,1,0,0,0,1,1,2,4,0,4,1,4,1,2,2,3,0,1,1,2,3,1,1,1,3,4,4,0,0,3,1,3,2,2,3,0,1,2,1,3,1,2,1,3,0,2,3,4,2,3,2,2,1,3,2,1,1,4,1,3,1,4,2,2,3,0,1,1,1,3,3,1,1,1,2,3,2,1,1,1,4,2,1,3,3,3,4,3,2,2,3,3,3,3,1,2,1,3,2,2,1,1,3,3,3,4,4,4,3,1,4,1,4,4,4,2,3,3
ResetH98_S4_L001,3,4,2,4,1,1,1,2,3,3,4,1,4,1,4,2,3,3,4,1,2,4,1,2,1,1,3,4,4,1,3,3,2,1,2,2,3,3,3,1,1,2,3,1,2,1,3,2,2,3,4,2,2,3,2,2,1,3,0,0,1,4,2,1,3,4,2,3,3,1,1,3,4,3,1,1,1,1,2,3,2,1,1,1,4,2,2,3,3,3,4,3,4,2,3,3,3,2,1,2,1,3,2,4,1,1,0,3,3,0,3,4,4,3,2,0,1,0,1,2,1,3,3,4,2,4,1,1,1,2,3,4,1,4,1,4,2,3,3,4,1,2,4,1,1,1,3,4,4,1,3,3,2,1,2,2,3,3,3,1,1,3,1,2,1,3,2,2,3,4,2,3,2,2,1,3,0,0,1,4,2,1,3,4,2,3,3,1,1,3,4,3,1,1,1,1,2,3,2,1,1,1,4,2,2,3,3,3,4,3,4,2,3,3,3,2,1,2,1,3,2,4,1,1,0,3,3,3,4,4,3,2,0,1,0,1,2,1,3,3,3,4,2,1,4,1,1,1,2,3,3,4,1,4,1,4,2,3,3,4,1,2,4,1,2,1,1,3,4,4,1,3,4,3,2,1,2,2,3,3,3,1,3,1,2,3,1,3,2,1,3,2,2,3,4,2,2,3,2,2,1,3,0,0,1,4,1,2,1,3,4,2,3,3,1,1,3,4,2,3,2,1,1,1,1,2,3,4,2,2,1,1,3,1,4,2,2,3,3,3,4,3,4,2,3,3,3,3,2,1,2,1,3,2,4,1,1,0,3,3,0,0,3,4,4,3,2,0,1,0,1,1,4,1,3,0,2,1,3,3,1,3,4,2,4,1,1,1,2,3,3,4,1,4,1,4,2,3,3,4,1,2,4,1,1,1,3,4,4,1,3,3,2,1,2,2,3,3,3,1,1,3,1,2,1,3,2,2,3,4,2,3,2,2,1,3,0,0,1,4,2,1,3,4,2,3,3,1,1,3,4,3,1,1,1,1,2,3,2,1,1,1,4,2,2,3,3,3,4,3,4,2,3,3,3,2,1,2,1,3,2,4,1,1,0,3,3,3,4,4,3,2,0,1,0,1,4,2,1,3
ResetH99_S5_L001,3,1,1,4,1,1,1,2,4,3,0,1,4,1,2,2,3,3,1,1,2,3,1,0,1,1,3,4,4,1,3,0,1,3,2,2,3,3,1,2,1,2,3,1,2,1,3,2,2,3,4,2,2,3,2,2,1,3,2,1,1,0,1,3,1,4,2,2,3,0,0,1,1,3,3,1,1,1,2,3,2,1,1,1,4,2,1,3,3,3,4,3,2,2,3,3,3,3,1,2,1,3,2,2,0,1,3,4,3,2,3,4,3,3,1,4,1,4,4,2,3,3,3,1,1,4,1,1,1,2,4,0,1,4,1,2,2,3,3,1,1,2,3,1,1,1,3,4,4,1,3,0,1,3,2,2,3,3,1,2,1,3,1,2,1,3,2,2,3,4,2,3,2,2,1,3,2,1,1,0,1,3,1,4,2,2,3,0,0,1,1,3,3,1,1,1,2,3,2,1,1,1,4,2,1,3,3,3,4,3,2,2,3,3,3,3,1,2,1,3,2,2,0,1,3,4,3,3,4,3,3,1,4,1,4,4,2,3,3,3,3,1,1,1,4,1,1,1,2,4,3,0,1,4,1,2,2,3,3,1,1,2,3,1,0,1,1,3,4,4,1,3,4,0,1,3,2,2,3,3,1,2,3,1,2,3,1,3,2,1,3,2,2,3,4,2,2,3,2,2,1,3,2,1,1,0,1,1,3,1,4,2,2,3,0,0,1,1,2,3,2,3,1,1,1,2,3,3,2,0,1,1,3,1,4,2,1,3,3,3,4,3,2,2,3,3,3,3,3,1,2,1,3,2,2,0,1,3,4,3,3,2,3,4,3,3,1,4,1,4,4,1,4,1,3,1,2,3,3,3,1,3,1,1,4,1,1,1,2,4,3,0,1,4,1,2,2,3,3,1,1,2,3,1,1,1,3,4,4,1,3,0,1,3,2,2,3,3,1,2,1,3,1,2,1,3,2,2,3,4,2,3,2,2,1,3,2,1,1,0,1,3,1,4,2,2,3,0,0,1,1,3,3,1,1,1,2,3,2,1,1,1,4,2,1,3,3,3,4,3,2,2,3,3,3,3,1,2,1,3,2,2,0,1,3,4,3,3,4,3,3,1,4,1,4,4,4,2,3,3
ResetV105_S1_L001,0,0,0,0,0,0,0,0,0,0,0,0,0,0,0,0,0,0,0,0,0,0,0,0,0,0,0,0,0,0,0,0,0,0,0,0,0,0,0,2,1,2,3,1,0,0,0,0,0,0,0,0,0,0,0,0,0,0,2,1,0,0,0,0,0,0,0,0,0,0,1,0,0,0,0,0,0,0,0,0,0,0,1,1,0,0,0,3,0,0,0,0,0,0,0,0,0,0,0,0,0,0,0,0,0,1,3,4,3,2,3,4,4,3,1,4,4,4,2,2,3,3,0,0,0,0,0,0,0,0,0,0,0,0,0,0,0,0,0,0,0,0,0,0,0,0,0,0,0,0,0,0,0,0,0,0,0,0,0,2,1,3,1,0,0,0,0,0,0,0,0,0,0,0,0,0,2,1,0,0,0,0,0,0,0,0,0,0,1,0,0,0,0,0,0,0,0,0,0,0,1,1,0,0,0,3,0,0,0,0,0,0,0,0,0,0,0,0,0,0,0,0,0,1,3,4,3,3,4,4,3,1,4,4,4,2,2,3,3,3,0,0,0,0,0,0,0,0,0,0,0,0,0,0,0,0,0,0,0,0,0,0,0,0,0,0,0,0,0,0,0,0,0,0,0,0,0,0,0,0,0,2,3,1,2,3,1,0,0,0,0,0,0,0,0,0,0,0,0,0,0,0,2,1,0,0,0,0,0,0,0,0,0,0,0,1,0,0,2,0,0,0,0,0,0,0,0,3,0,0,0,1,3,1,0,0,0,3,0,0,0,0,0,0,0,3,0,0,0,0,0,0,0,0,0,0,1,3,4,3,3,2,3,4,4,3,1,4,4,4,2,0,0,1,3,1,2,3,3,3,1,0,0,0,0,0,0,0,0,0,0,0,0,0,0,0,0,0,0,0,0,0,0,0,0,0,0,0,0,0,0,0,0,0,0,0,0,0,0,2,1,3,1,0,0,0,0,0,0,0,0,0,0,0,0,0,2,1,0,0,0,0,0,0,0,0,0,0,1,0,0,0,0,0,0,0,0,0,0,0,1,1,0,0,0,3,0,0,0,0,0,0,0,0,0,0,0,0,0,0,0,0,0,1,3,4,3,3,4,4,3,1,4,4,4,2,0,2,3,3
ResetV143_S2_L001,3,1,1,4,1,1,1,2,4,3,4,1,4,1,2,2,3,3,1,1,2,3,1,0,1,1,3,4,4,1,3,0,1,0,2,2,3,3,0,2,3,2,3,1,0,0,0,0,0,0,0,0,0,0,0,0,0,0,2,1,1,0,1,3,1,4,2,2,3,0,0,1,1,3,3,1,1,1,2,3,2,1,1,1,4,2,1,3,3,3,4,3,2,2,3,3,3,3,1,2,1,3,2,2,1,1,3,4,3,0,4,4,4,3,1,4,1,4,4,2,3,3,3,1,1,4,1,1,1,2,4,4,1,4,1,2,2,3,3,1,1,2,3,1,1,1,3,4,4,1,3,0,1,0,2,2,3,3,0,2,3,3,1,0,0,0,0,0,0,0,0,0,0,0,0,0,2,1,1,0,1,3,1,4,2,2,3,0,0,1,1,3,3,1,1,1,2,3,2,1,1,1,4,2,1,3,3,3,4,3,2,2,3,3,3,3,1,2,1,3,2,2,1,1,3,4,3,4,4,4,3,1,4,1,4,4,2,3,3,3,3,1,1,2,4,1,1,1,2,4,3,4,1,4,1,2,2,3,3,1,1,2,3,1,0,1,1,3,4,4,1,3,4,0,1,0,2,2,3,3,0,2,3,3,2,3,1,0,0,0,0,0,0,0,0,0,0,0,0,0,0,0,2,1,1,0,1,1,3,1,4,2,2,3,0,0,1,1,2,3,2,3,1,1,1,2,3,3,2,0,1,1,3,1,4,2,1,3,3,3,4,3,2,2,3,3,3,3,3,1,2,1,3,2,2,1,1,3,4,3,0,0,4,4,4,3,1,4,1,4,4,1,4,1,3,1,2,3,3,3,1,3,1,1,4,1,1,1,2,4,3,4,1,4,1,2,2,3,3,1,1,2,3,1,1,1,3,4,4,1,3,0,1,0,2,2,3,3,0,2,3,3,1,0,0,0,0,0,0,0,0,0,0,0,0,0,2,1,1,0,1,3,1,4,2,2,3,0,0,1,1,3,3,1,1,1,2,3,2,1,1,1,4,2,1,3,3,3,4,3,2,2,3,3,3,3,1,2,1,3,2,2,1,1,3,4,3,4,4,4,3,1,4,1,4,4,4,2,3,3
ResetV161_S3_L001,3,1,1,4,0,1,1,2,4,0,0,0,4,0,2,2,3,0,0,1,2,3,1,0,0,1,3,4,4,1,3,0,1,3,0,0,0,3,1,0,0,2,3,1,0,0,0,0,0,0,0,0,0,0,0,0,0,0,2,1,1,0,0,3,1,0,2,2,3,0,0,1,1,0,3,1,1,1,2,3,2,0,1,1,0,2,1,3,0,0,4,3,2,0,0,0,3,0,1,2,0,3,0,0,0,0,3,4,3,2,3,4,3,3,1,4,1,4,4,2,3,3,3,1,1,4,0,1,1,2,4,0,0,4,0,2,2,3,0,0,1,2,3,1,0,1,3,4,4,1,3,0,1,3,0,0,0,3,1,0,0,3,1,0,0,0,0,0,0,0,0,0,0,0,0,0,2,1,1,0,0,3,1,0,2,2,3,0,0,1,1,0,3,1,1,1,2,3,2,0,1,1,0,2,1,3,0,0,4,3,2,0,0,0,3,0,1,2,0,3,0,0,0,0,3,4,3,3,4,3,3,1,4,1,4,4,2,3,3,3,3,1,1,1,4,0,1,1,2,4,0,0,0,4,0,2,2,3,0,0,1,2,3,1,0,0,1,3,4,4,1,3,4,0,1,3,0,0,0,3,1,0,0,0,2,3,1,0,0,0,0,0,0,0,0,0,0,0,0,0,0,0,2,1,1,0,0,0,3,1,0,2,2,3,0,0,1,1,2,0,2,3,1,1,1,2,3,0,2,0,0,1,3,1,0,2,1,3,0,0,4,3,2,0,0,0,0,3,0,1,2,0,3,0,0,0,0,3,4,3,3,2,3,4,3,3,1,4,1,4,4,1,4,1,0,0,2,3,3,3,0,3,1,1,4,0,1,1,2,4,0,0,0,4,0,2,2,3,0,0,1,2,3,1,0,1,3,4,4,1,3,0,1,3,0,0,0,3,1,0,0,3,1,0,0,0,0,0,0,0,0,0,0,0,0,0,2,1,1,0,0,3,1,0,2,2,3,0,0,1,1,0,3,1,1,1,2,3,2,0,1,1,0,2,1,3,0,0,4,3,2,0,0,0,3,0,1,2,0,3,0,0,0,0,3,4,3,3,4,3,3,1,4,1,4,4,4,2,3,3
ResetV210_S4_L001,3,1,1,4,1,1,1,2,4,3,0,1,4,1,2,2,3,3,1,1,2,3,1,0,1,1,3,4,4,1,3,0,1,3,2,2,0,3,1,1,0,2,3,1,0,0,0,0,0,0,0,0,0,0,0,0,0,0,2,1,1,0,1,3,1,4,2,2,3,0,0,1,1,0,3,1,1,1,2,3,2,1,1,1,4,2,1,3,3,3,4,3,2,2,3,3,3,3,1,2,1,3,2,2,0,1,3,4,3,2,3,4,3,3,1,4,1,4,4,2,3,3,3,1,1,4,1,1,1,2,4,0,1,4,1,2,2,3,3,1,1,2,3,1,1,1,3,4,4,1,3,0,1,3,2,2,0,3,1,1,0,3,1,0,0,0,0,0,0,0,0,0,0,0,0,0,2,1,1,0,1,3,1,4,2,2,3,0,0,1,1,0,3,1,1,1,2,3,2,1,1,1,4,2,1,3,3,3,4,3,2,2,3,3,3,3,1,2,1,3,2,2,0,1,3,4,3,3,4,3,3,1,4,1,4,4,2,3,3,3,3,1,1,1,4,1,1,1,2,4,3,0,1,4,1,2,2,3,3,1,1,2,3,1,0,1,1,3,4,4,1,3,4,0,1,3,2,2,0,3,1,1,0,0,2,3,1,0,0,0,0,0,0,0,0,0,0,0,0,0,0,0,2,1,1,0,1,1,3,1,4,2,2,3,0,0,1,1,2,0,2,3,1,1,1,2,3,3,2,0,1,1,3,1,4,2,1,3,3,3,4,3,2,2,3,3,3,3,3,1,2,1,3,2,2,0,1,3,4,3,3,2,3,4,3,3,1,4,1,4,4,1,4,1,3,1,2,3,3,3,1,3,1,1,4,1,1,1,2,4,3,0,1,4,1,2,2,3,3,1,1,2,3,1,1,1,3,4,4,1,3,0,1,3,2,2,0,3,1,1,0,3,1,0,0,0,0,0,0,0,0,0,0,0,0,0,2,1,1,0,1,3,1,4,2,2,3,0,0,1,1,0,3,1,1,1,2,3,2,1,1,1,4,2,1,3,3,3,4,3,2,2,3,3,3,3,1,2,1,3,2,2,0,1,3,4,3,3,4,3,3,1,4,1,4,4,4,2,3,3
ResetV260_S5_L001,1,1,1,4,1,1,1,2,2,3,3,1,4,1,2,2,3,3,1,1,2,3,1,1,1,1,3,4,4,1,3,3,1,1,0,2,3,2,1,2,3,2,3,1,2,1,3,2,2,3,4,2,2,3,2,2,1,3,2,1,4,1,1,3,1,4,1,1,2,1,1,1,1,3,1,3,1,1,1,3,1,1,1,1,1,0,2,3,1,2,2,2,2,2,3,3,1,2,1,1,1,3,2,2,1,3,3,4,0,2,4,4,3,0,1,4,4,4,4,2,3,3,1,1,1,4,1,1,1,2,2,3,1,4,1,2,2,3,3,1,1,2,3,1,1,1,3,4,4,1,3,3,1,1,0,2,3,2,1,2,3,3,1,2,1,3,2,2,3,4,2,3,2,2,1,3,2,1,4,1,1,3,1,4,1,1,2,1,1,1,1,3,1,3,1,1,1,3,1,1,1,1,1,0,2,3,1,2,2,2,2,2,3,3,1,2,1,1,1,3,2,2,1,3,3,4,0,4,4,3,0,1,4,4,4,4,2,3,3,0,1,1,1,1,4,1,1,1,2,2,3,3,1,4,1,2,2,3,3,1,1,2,3,1,1,1,1,3,4,4,1,3,1,3,1,1,0,2,3,2,1,2,0,3,2,3,1,3,2,1,3,2,2,3,4,2,2,3,2,2,1,3,2,1,4,1,4,1,3,1,4,1,1,2,1,1,1,1,0,3,2,1,3,1,1,1,3,0,1,2,1,1,0,1,1,0,2,3,1,2,2,2,2,2,3,0,3,1,2,1,1,1,3,2,2,1,3,3,4,0,3,2,4,4,3,0,1,4,4,4,4,0,0,1,0,1,2,3,3,0,0,1,1,1,4,1,1,1,2,2,3,3,1,4,1,2,2,3,3,1,1,2,3,1,1,1,3,4,4,1,3,3,1,1,0,2,3,2,1,2,3,3,1,2,1,3,2,2,3,4,2,3,2,2,1,3,2,1,4,1,1,3,1,4,1,1,2,1,1,1,1,3,1,3,1,1,1,3,1,1,1,1,1,0,2,3,1,2,2,2,2,2,3,3,1,2,1,1,1,3,2,2,1,3,3,4,0,4,4,3,0,1,4,4,4,4,0,2,3,3
ResetV288_S6_L001,3,4,1,4,1,1,1,2,3,3,4,0,0,1,4,2,3,3,1,0,0,3,1,2,1,1,3,4,4,1,3,3,1,3,2,2,4,3,4,1,3,2,3,1,2,1,3,2,2,3,4,2,2,3,2,2,1,3,2,1,1,4,1,3,0,4,2,3,3,1,1,1,1,3,3,1,1,1,0,0,2,0,1,1,4,0,2,3,3,2,4,3,2,2,3,0,3,3,0,2,1,3,0,0,0,1,3,3,3,2,3,2,4,3,1,4,1,4,1,2,3,3,3,4,1,4,1,1,1,2,3,4,0,0,1,4,2,3,3,1,0,0,3,1,1,1,3,4,4,1,3,3,1,3,2,2,4,3,4,1,3,3,1,2,1,3,2,2,3,4,2,3,2,2,1,3,2,1,1,4,1,3,0,4,2,3,3,1,1,1,1,3,3,1,1,1,0,0,2,0,1,1,4,0,2,3,3,2,4,3,2,2,3,0,3,3,0,2,1,3,0,0,0,1,3,3,3,3,2,4,3,1,4,1,4,1,2,3,3,3,3,4,1,1,4,1,1,1,2,3,3,4,0,0,1,4,2,3,3,1,0,0,3,1,2,1,1,3,4,4,1,3,4,3,1,3,2,2,4,3,4,1,3,3,2,3,1,0,2,1,3,2,2,3,4,2,2,3,2,2,1,3,2,1,1,4,1,1,3,0,4,2,3,3,1,1,1,1,2,3,2,3,1,1,1,0,0,3,2,2,0,1,3,1,4,0,2,3,3,2,4,3,2,2,3,3,0,3,3,0,2,1,3,0,0,0,1,3,3,3,3,2,3,2,4,3,1,4,1,4,1,1,4,1,3,1,2,3,3,3,1,3,4,1,4,1,1,1,2,3,3,4,0,0,1,4,2,3,3,1,0,0,3,1,1,1,3,4,4,1,3,3,1,3,2,2,4,3,4,1,3,3,1,2,1,3,2,2,3,4,2,3,2,2,1,3,2,1,1,4,1,3,0,4,2,3,3,1,1,1,1,3,3,1,1,1,0,0,2,0,1,1,4,0,2,3,3,2,4,3,2,2,3,0,3,3,0,2,1,3,0,0,0,1,3,3,3,3,2,4,3,1,4,1,4,1,4,2,3,3
ResetV63_S5_L001,3,1,1,0,1,0,1,2,0,0,0,1,4,1,0,0,0,0,1,1,2,3,1,2,1,1,3,4,4,0,0,3,1,3,2,2,3,3,1,2,1,2,3,1,0,0,0,0,0,0,0,0,0,0,0,0,0,0,2,1,1,4,1,3,1,4,2,2,3,1,1,1,1,3,0,1,1,1,0,0,2,1,1,1,4,2,0,3,3,3,4,3,2,2,3,0,3,3,1,2,0,3,2,2,1,1,3,3,3,2,4,4,4,3,1,4,1,4,4,2,3,3,3,1,1,0,1,0,1,2,0,0,1,4,1,0,0,0,0,1,1,2,3,1,1,1,3,4,4,0,0,3,1,3,2,2,3,3,1,2,1,3,1,0,0,0,0,0,0,0,0,0,0,0,0,0,2,1,1,4,1,3,1,4,2,2,3,1,1,1,1,3,0,1,1,1,0,0,2,1,1,1,4,2,0,3,3,3,4,3,2,2,3,0,3,3,1,2,0,3,2,2,1,1,3,3,3,4,4,4,3,1,4,1,4,4,2,3,3,3,3,1,1,0,0,1,0,1,2,0,0,0,1,4,1,0,0,0,0,1,1,2,3,1,2,1,1,3,4,4,0,0,0,3,1,3,2,2,3,3,1,2,3,1,2,3,1,0,0,0,0,0,0,0,0,0,0,0,0,0,0,0,2,1,1,4,1,1,3,1,4,2,2,3,1,1,1,1,2,3,0,0,1,1,1,0,0,3,2,0,1,1,3,1,4,2,0,3,3,3,4,3,2,2,3,3,0,3,3,1,2,0,3,2,2,1,1,3,3,3,3,2,4,4,4,3,1,4,1,4,4,1,4,1,3,1,2,3,3,3,1,3,1,1,0,1,0,1,2,0,0,0,1,4,1,0,0,0,0,1,1,2,3,1,1,1,3,4,4,0,0,3,1,3,2,2,3,3,1,2,1,3,1,0,0,0,0,0,0,0,0,0,0,0,0,0,2,1,1,4,1,3,1,4,2,2,3,1,1,1,1,3,0,1,1,1,0,0,2,1,1,1,4,2,0,3,3,3,4,3,2,2,3,0,3,3,1,2,0,3,2,2,1,1,3,3,3,4,4,4,3,1,4,1,4,4,4,2,3,3
ResetV70_S6_L001,4,1,2,0,0,0,0,0,0,3,4,1,0,0,0,0,0,3,1,1,2,3,2,0,1,1,0,0,0,0,0,3,0,3,0,2,0,3,0,1,0,2,3,1,0,0,0,0,0,0,0,0,0,0,0,0,0,0,2,1,0,0,0,3,1,4,2,0,0,0,0,0,1,0,3,0,0,1,2,3,0,3,1,0,4,2,0,3,0,0,0,3,2,0,0,0,3,0,1,2,0,3,0,0,0,0,0,4,3,2,4,4,4,3,1,4,1,4,4,2,3,3,4,1,2,0,0,0,0,0,0,4,1,0,0,0,0,0,3,1,1,2,3,2,1,1,0,0,0,0,0,3,0,3,0,2,0,3,0,1,0,3,1,0,0,0,0,0,0,0,0,0,0,0,0,0,2,1,0,0,0,3,1,4,2,0,0,0,0,0,1,0,3,0,0,1,2,3,0,3,1,0,4,2,0,3,0,0,0,3,2,0,0,0,3,0,1,2,0,3,0,0,0,0,0,4,3,4,4,4,3,1,4,1,4,4,2,3,3,0,4,1,2,0,0,0,0,0,0,0,3,4,1,0,0,0,0,0,3,1,1,2,3,2,0,1,1,0,0,0,0,0,0,3,0,3,0,2,0,3,0,1,0,0,2,3,1,0,0,0,0,0,0,0,0,0,0,0,0,0,0,0,2,1,0,0,0,0,3,1,4,2,0,0,0,0,0,1,2,0,0,3,0,0,1,2,3,3,0,0,3,1,3,0,4,2,0,3,0,0,0,3,2,0,0,3,0,3,0,1,2,0,3,0,0,0,0,0,4,3,3,2,4,4,4,3,1,4,1,4,4,1,4,1,3,1,2,3,3,3,1,4,1,2,0,0,0,0,0,0,3,4,1,0,0,0,0,0,3,1,1,2,3,2,1,1,0,0,0,0,0,3,0,3,0,2,0,3,0,1,0,3,1,0,0,0,0,0,0,0,0,0,0,0,0,0,2,1,0,0,0,3,1,4,2,0,0,0,0,0,1,0,3,0,0,1,2,3,0,3,1,0,4,2,0,3,0,0,0,3,2,0,0,0,3,0,1,2,0,3,0,0,0,0,0,4,3,4,4,4,3,1,4,1,4,4,4,2,3,3
ResetV74_S7_L001,0,0,0,0,0,0,0,0,0,0,0,0,0,0,0,0,0,0,0,0,0,0,0,0,0,0,0,0,0,0,0,0,0,0,0,0,0,0,0,2,0,2,3,1,0,0,0,0,0,0,0,0,0,0,0,0,0,0,2,1,0,0,0,1,0,4,2,3,3,2,1,0,1,0,3,1,0,0,0,0,0,0,1,1,0,0,0,3,0,0,0,0,0,0,0,0,0,0,0,0,0,0,0,2,0,0,3,3,3,2,3,2,4,3,1,4,0,4,4,2,3,3,0,0,0,0,0,0,0,0,0,0,0,0,0,0,0,0,0,0,0,0,0,0,0,0,0,0,0,0,0,0,0,0,0,0,0,0,0,2,0,3,1,0,0,0,0,0,0,0,0,0,0,0,0,0,2,1,0,0,0,1,0,4,2,3,3,2,1,0,1,0,3,1,0,0,0,0,0,0,1,1,0,0,0,3,0,0,0,0,0,0,0,0,0,0,0,0,0,0,0,2,0,0,3,3,3,3,2,4,3,1,4,0,4,4,2,3,3,3,0,0,0,0,0,0,0,0,0,0,0,0,0,0,0,0,0,0,0,0,0,0,0,0,0,0,0,0,0,0,0,0,0,0,0,0,0,0,0,0,0,2,0,0,2,3,1,0,0,0,0,0,0,0,0,0,0,0,0,0,0,0,2,1,0,0,0,0,1,0,4,2,3,3,2,1,0,1,2,0,0,3,1,0,0,0,0,3,0,0,0,1,3,1,0,0,0,3,0,0,0,0,0,0,0,3,0,0,0,0,0,0,0,0,2,0,0,3,3,3,3,2,3,2,4,3,1,4,0,4,4,1,4,1,3,1,2,3,3,3,1,0,0,0,0,0,0,0,0,0,0,0,0,0,0,0,0,0,0,0,0,0,0,0,0,0,0,0,0,0,0,0,0,0,0,0,0,0,0,2,0,3,1,0,0,0,0,0,0,0,0,0,0,0,0,0,2,1,0,0,0,1,0,4,2,3,3,2,1,0,1,0,3,1,0,0,0,0,0,0,1,1,0,0,0,3,0,0,0,0,0,0,0,0,0,0,0,0,0,0,0,2,0,0,3,3,3,3,2,4,3,1,4,0,4,4,4,2,3,3
ResetV76_S7_L001,0,1,1,0,0,1,1,2,0,3,3,1,4,1,0,2,3,4,1,1,2,3,1,2,1,1,0,4,4,1,3,3,1,3,2,2,3,0,1,2,1,2,3,1,2,1,3,2,2,3,4,2,2,3,2,2,1,3,2,1,1,0,1,3,3,4,2,2,3,1,1,1,1,3,3,1,1,1,2,3,2,1,1,0,4,2,1,3,3,3,4,3,2,2,3,3,3,3,1,2,1,3,2,2,1,1,3,4,3,2,4,4,4,3,1,4,1,4,4,2,3,3,0,1,1,0,0,1,1,2,0,3,1,4,1,0,2,3,4,1,1,2,3,1,1,1,0,4,4,1,3,3,1,3,2,2,3,0,1,2,1,3,1,2,1,3,2,2,3,4,2,3,2,2,1,3,2,1,1,0,1,3,3,4,2,2,3,1,1,1,1,3,3,1,1,1,2,3,2,1,1,0,4,2,1,3,3,3,4,3,2,2,3,3,3,3,1,2,1,3,2,2,1,1,3,4,3,4,4,4,3,1,4,1,4,4,2,3,3,3,0,1,1,0,0,0,1,1,2,0,3,3,1,4,1,0,2,3,4,1,1,2,3,1,2,1,1,0,4,4,1,3,0,3,1,3,2,2,3,0,1,2,3,1,2,3,1,0,2,1,3,2,2,3,4,2,2,3,2,2,1,3,2,1,1,0,1,1,3,3,4,2,2,3,1,1,1,1,2,3,0,3,1,1,1,2,3,3,2,0,1,1,3,0,4,2,1,3,3,3,4,3,2,2,3,3,3,3,3,1,2,1,3,2,2,1,1,3,4,3,3,2,4,4,4,3,1,4,1,4,4,1,4,1,3,1,2,3,3,3,1,0,1,1,0,0,1,1,2,0,3,3,1,4,1,0,2,3,4,1,1,2,3,1,1,1,0,4,4,1,3,3,1,3,2,2,3,0,1,2,1,3,1,2,1,3,2,2,3,4,2,3,2,2,1,3,2,1,1,0,1,3,3,4,2,2,3,1,1,1,1,3,3,1,1,1,2,3,2,1,1,0,4,2,1,3,3,3,4,3,2,2,3,3,3,3,1,2,1,3,2,2,1,1,3,4,3,4,4,4,3,1,4,1,4,4,4,2,3,3
RPG-18-0435-1_S32,3,1,2,4,1,1,1,2,2,3,3,1,4,1,4,2,3,3,4,1,2,3,2,2,1,2,3,4,4,1,3,3,1,1,2,4,3,3,1,1,1,0,3,1,2,1,3,2,2,3,4,2,2,3,2,2,1,3,0,1,1,4,2,1,3,1,2,3,3,2,3,3,1,3,3,1,4,3,2,3,1,1,1,0,4,2,2,0,3,3,4,3,4,2,3,3,3,2,1,2,1,3,3,2,1,1,0,3,3,0,3,2,4,3,2,0,1,0,1,2,1,0,3,1,2,4,1,1,1,2,2,3,1,4,1,4,2,3,3,4,1,2,3,2,1,2,3,4,4,1,3,3,1,1,2,4,3,3,1,1,1,3,1,2,1,3,2,2,3,4,2,3,2,2,1,3,0,1,1,4,2,1,3,1,2,3,3,2,3,3,1,3,3,1,4,3,2,3,1,1,1,0,4,2,2,0,3,3,4,3,4,2,3,3,3,2,1,2,1,3,3,2,1,1,0,3,3,3,2,4,3,2,0,1,0,1,2,1,0,3,3,1,2,2,4,1,1,1,2,2,3,3,1,4,1,4,2,3,3,4,1,2,3,2,2,1,2,3,4,4,1,3,4,3,1,1,2,4,3,3,1,1,3,1,0,3,1,3,2,1,3,2,2,3,4,2,2,3,2,2,1,3,0,1,1,4,1,2,1,3,1,2,3,3,2,3,3,1,2,3,2,3,1,4,3,2,3,3,1,2,1,1,3,0,4,2,2,0,3,3,4,3,4,2,3,3,3,3,2,1,2,1,3,3,2,1,1,0,3,3,0,0,3,2,4,3,2,0,1,0,1,1,4,1,3,1,2,1,0,3,1,3,1,2,4,1,1,1,2,2,3,3,1,4,1,4,2,3,3,4,1,2,3,2,1,2,3,4,4,1,3,3,1,1,2,4,3,3,1,1,1,3,1,2,1,3,2,2,3,4,2,3,2,2,1,3,0,1,1,4,2,1,3,1,2,3,3,2,3,3,1,3,3,1,4,3,2,3,1,1,1,0,4,2,2,0,3,3,4,3,4,2,3,3,3,2,1,2,1,3,3,2,1,1,0,3,3,3,2,4,3,2,0,1,0,1,4,2,1,0
Survcare0111_S29,0,0,0,0,0,0,0,0,0,0,0,1,4,0,0,0,0,0,0,0,0,0,0,0,0,0,0,0,0,0,0,0,0,0,0,0,0,0,0,2,1,2,3,1,0,0,0,0,0,0,0,0,0,0,0,0,0,0,2,1,0,0,0,0,0,0,0,0,0,0,0,0,0,0,0,0,0,0,0,0,0,0,1,1,0,0,0,3,0,0,0,0,0,0,0,0,0,0,0,0,0,0,0,0,0,1,3,4,3,2,3,4,4,3,1,4,1,4,4,2,3,3,0,0,0,0,0,0,0,0,0,0,1,4,0,0,0,0,0,0,0,0,0,0,0,0,0,0,0,0,0,0,0,0,0,0,0,0,0,2,1,3,1,0,0,0,0,0,0,0,0,0,0,0,0,0,2,1,0,0,0,0,0,0,0,0,0,0,0,0,0,0,0,0,0,0,0,0,0,0,1,1,0,0,0,3,0,0,0,0,0,0,0,0,0,0,0,0,0,0,0,0,0,1,3,4,3,3,4,4,3,1,4,1,4,4,2,3,3,3,0,0,0,0,0,0,0,0,0,0,0,0,1,4,0,0,0,0,0,0,0,0,0,0,0,0,0,0,0,0,0,0,0,0,0,0,0,0,0,0,0,2,3,1,2,3,1,0,0,0,0,0,0,0,0,0,0,0,0,0,0,0,2,1,0,0,0,0,0,0,0,0,0,0,0,0,0,0,2,0,0,0,0,0,0,0,0,3,0,0,0,1,3,1,0,0,0,3,0,0,0,0,0,0,0,3,0,0,0,0,0,0,0,0,0,0,1,3,4,3,3,2,3,4,4,3,1,4,1,4,4,1,4,1,3,1,2,3,3,3,1,0,0,0,0,0,0,0,0,0,0,0,1,4,0,0,0,0,0,0,0,0,0,0,0,0,0,0,0,0,0,0,0,0,0,0,0,0,0,2,1,3,1,0,0,0,0,0,0,0,0,0,0,0,0,0,2,1,0,0,0,0,0,0,0,0,0,0,0,0,0,0,0,0,0,0,0,0,0,0,1,1,0,0,0,3,0,0,0,0,0,0,0,0,0,0,0,0,0,0,0,0,0,1,3,4,3,3,4,4,3,1,4,1,4,4,4,2,3,3
Survcare0114_S37,0,1,0,4,1,1,1,2,0,0,4,1,0,0,2,2,3,0,1,1,2,3,1,0,0,1,3,0,0,0,0,3,1,0,2,2,3,3,1,2,1,2,3,1,2,0,3,2,2,3,0,0,0,3,2,2,0,3,2,1,1,4,0,3,3,4,2,0,3,0,0,0,1,3,3,1,1,1,2,3,2,1,1,1,4,2,0,3,3,3,4,3,2,2,3,0,3,3,1,2,1,3,2,2,1,1,3,4,3,2,3,4,4,3,1,4,1,4,4,2,3,3,0,1,0,4,1,1,1,2,0,4,1,0,0,2,2,3,0,1,1,2,3,1,0,1,3,0,0,0,0,3,1,0,2,2,3,3,1,2,1,3,1,2,0,3,2,2,3,0,0,3,2,2,0,3,2,1,1,4,0,3,3,4,2,0,3,0,0,0,1,3,3,1,1,1,2,3,2,1,1,1,4,2,0,3,3,3,4,3,2,2,3,0,3,3,1,2,1,3,2,2,1,1,3,4,3,3,4,4,3,1,4,1,4,4,2,3,3,3,0,1,0,0,4,1,1,1,2,0,0,4,1,0,0,2,2,3,0,1,1,2,3,1,0,0,1,3,0,0,0,0,0,3,1,0,2,2,3,3,1,2,3,1,2,3,1,3,2,0,3,2,2,3,0,0,0,3,2,2,0,3,2,1,1,4,0,0,3,3,4,2,0,3,0,0,0,1,2,3,2,3,1,1,1,2,3,3,2,0,1,1,3,1,4,2,0,3,3,3,4,3,2,2,3,3,0,3,3,1,2,1,3,2,2,1,1,3,4,3,3,2,3,4,4,3,1,4,1,4,4,1,4,1,3,1,2,3,3,3,1,0,1,0,4,1,1,1,2,0,0,4,1,0,0,2,2,3,0,1,1,2,3,1,0,1,3,0,0,0,0,3,1,0,2,2,3,3,1,2,1,3,1,2,0,3,2,2,3,0,0,3,2,2,0,3,2,1,1,4,0,3,3,4,2,0,3,0,0,0,1,3,3,1,1,1,2,3,2,1,1,1,4,2,0,3,3,3,4,3,2,2,3,0,3,3,1,2,1,3,2,2,1,1,3,4,3,3,4,4,3,1,4,1,4,4,4,2,3,3
Survcare052_S22,0,0,0,0,0,0,0,0,0,0,0,0,0,0,0,0,0,0,0,0,0,0,0,0,0,0,0,0,0,0,0,0,0,0,0,0,0,0,0,2,1,2,3,1,0,0,0,0,0,0,0,0,0,0,0,0,0,0,2,1,0,0,0,1,0,4,2,3,3,2,1,0,1,0,3,1,0,0,0,0,0,0,1,1,0,0,0,3,0,0,0,0,0,0,0,0,0,0,0,0,0,0,0,2,0,0,3,3,3,2,3,4,4,3,1,4,1,4,4,2,3,3,0,0,0,0,0,0,0,0,0,0,0,0,0,0,0,0,0,0,0,0,0,0,0,0,0,0,0,0,0,0,0,0,0,0,0,0,0,2,1,3,1,0,0,0,0,0,0,0,0,0,0,0,0,0,2,1,0,0,0,1,0,4,2,3,3,2,1,0,1,0,3,1,0,0,0,0,0,0,1,1,0,0,0,3,0,0,0,0,0,0,0,0,0,0,0,0,0,0,0,2,0,0,3,3,3,3,4,4,3,1,4,1,4,4,2,3,3,3,0,0,0,0,0,0,0,0,0,0,0,0,0,0,0,0,0,0,0,0,0,0,0,0,0,0,0,0,0,0,0,0,0,0,0,0,0,0,0,0,0,2,3,1,2,3,1,0,0,0,0,0,0,0,0,0,0,0,0,0,0,0,2,1,0,0,0,0,1,0,4,2,3,3,2,1,0,1,2,0,0,3,1,0,0,0,0,3,0,0,0,1,3,1,0,0,0,3,0,0,0,0,0,0,0,3,0,0,0,0,0,0,0,0,2,0,0,3,3,3,3,2,3,4,4,3,1,4,1,4,4,1,4,1,3,1,2,3,3,3,1,0,0,0,0,0,0,0,0,0,0,0,0,0,0,0,0,0,0,0,0,0,0,0,0,0,0,0,0,0,0,0,0,0,0,0,0,0,0,2,1,3,1,0,0,0,0,0,0,0,0,0,0,0,0,0,2,1,0,0,0,1,0,4,2,3,3,2,1,0,1,0,3,1,0,0,0,0,0,0,1,1,0,0,0,3,0,0,0,0,0,0,0,0,0,0,0,0,0,0,0,2,0,0,3,3,3,3,4,4,3,1,4,1,4,4,4,2,3,3
Survcare058_S26,3,0,1,0,4,1,0,2,4,0,4,0,4,1,2,2,3,0,1,1,2,3,2,2,1,1,0,4,4,0,0,3,1,3,2,2,4,3,1,2,3,2,3,1,0,1,0,0,2,3,4,2,2,3,2,2,1,3,2,1,1,4,1,1,0,4,2,3,3,2,1,0,1,0,3,1,1,1,0,0,2,1,1,1,1,2,2,3,3,3,4,3,2,2,0,3,3,3,1,2,0,3,2,2,0,1,3,3,3,2,3,2,4,3,1,4,0,4,4,2,3,3,3,0,1,0,4,1,0,2,4,4,0,4,1,2,2,3,0,1,1,2,3,2,1,1,0,4,4,0,0,3,1,3,2,2,4,3,1,2,3,3,1,0,1,0,0,2,3,4,2,3,2,2,1,3,2,1,1,4,1,1,0,4,2,3,3,2,1,0,1,0,3,1,1,1,0,0,2,1,1,1,1,2,2,3,3,3,4,3,2,2,0,3,3,3,1,2,0,3,2,2,0,1,3,3,3,3,2,4,3,1,4,0,4,4,2,3,3,3,3,0,1,1,0,4,1,0,2,4,0,4,0,4,1,2,2,3,0,1,1,2,3,2,2,1,1,0,4,4,0,0,4,3,1,3,2,2,4,3,1,2,3,3,2,3,1,0,0,1,0,0,2,3,4,2,2,3,2,2,1,3,2,1,1,4,0,1,1,0,4,2,3,3,2,1,0,1,2,0,0,3,1,1,1,0,0,4,2,2,1,1,3,1,1,2,2,3,3,3,4,3,2,2,0,3,3,3,3,1,2,0,3,2,2,0,1,3,3,3,3,2,3,2,4,3,1,4,0,4,4,1,4,1,3,0,2,3,3,3,1,3,0,1,0,4,1,0,2,4,0,4,0,4,1,2,2,3,0,1,1,2,3,2,1,1,0,4,4,0,0,3,1,3,2,2,4,3,1,2,3,3,1,0,1,0,0,2,3,4,2,3,2,2,1,3,2,1,1,4,1,1,0,4,2,3,3,2,1,0,1,0,3,1,1,1,0,0,2,1,1,1,1,2,2,3,3,3,4,3,2,2,0,3,3,3,1,2,0,3,2,2,0,1,3,3,3,3,2,4,3,1,4,0,4,4,4,2,3,3
Survcare104_S16_L001,0,1,1,0,0,0,1,2,4,0,4,1,4,1,0,2,3,3,1,1,2,3,1,2,1,1,3,0,0,1,3,3,1,3,2,2,3,0,1,2,1,2,3,1,2,1,3,2,2,3,4,2,2,3,2,2,0,3,2,1,1,0,1,3,3,4,2,2,3,1,1,1,1,3,3,1,1,1,2,3,2,1,1,1,4,2,1,3,3,3,4,3,2,2,3,3,3,3,1,2,0,3,2,2,1,0,0,4,3,2,3,4,3,3,1,4,1,4,4,2,1,3,0,1,1,0,0,0,1,2,4,4,1,4,1,0,2,3,3,1,1,2,3,1,1,1,3,0,0,1,3,3,1,3,2,2,3,0,1,2,1,3,1,2,1,3,2,2,3,4,2,3,2,2,0,3,2,1,1,0,1,3,3,4,2,2,3,1,1,1,1,3,3,1,1,1,2,3,2,1,1,1,4,2,1,3,3,3,4,3,2,2,3,3,3,3,1,2,0,3,2,2,1,0,0,4,3,3,4,3,3,1,4,1,4,4,2,1,3,3,0,1,1,1,0,0,0,1,2,4,0,4,1,4,1,0,2,3,3,1,1,2,3,1,2,1,1,3,0,0,1,3,0,3,1,3,2,2,3,0,1,2,3,1,2,3,1,3,2,1,3,2,2,3,4,2,2,3,2,2,0,3,2,1,1,0,1,1,3,3,4,2,2,3,1,1,1,1,2,3,0,3,1,1,1,2,3,3,2,2,1,1,3,1,4,2,1,3,3,3,4,3,2,2,3,3,3,3,3,1,2,0,3,2,2,1,0,0,4,3,3,2,3,4,3,3,1,4,1,4,4,1,4,1,3,1,2,1,3,3,1,0,1,1,0,0,0,1,2,4,0,4,1,4,1,0,2,3,3,1,1,2,3,1,1,1,3,0,0,1,3,3,1,3,2,2,3,0,1,2,1,3,1,2,1,3,2,2,3,4,2,3,2,2,0,3,2,1,1,0,1,3,3,4,2,2,3,1,1,1,1,3,3,1,1,1,2,3,2,1,1,1,4,2,1,3,3,3,4,3,2,2,3,3,3,3,1,2,0,3,2,2,1,0,0,4,3,3,4,3,3,1,4,1,4,4,4,2,1,3
Survcare125_S25,3,0,1,4,4,1,1,2,4,3,4,1,4,1,2,2,3,3,1,1,2,3,2,2,1,1,3,4,4,1,3,3,2,3,2,2,4,3,0,1,1,2,3,1,2,1,3,2,2,3,4,2,2,3,2,2,1,3,2,1,1,4,1,1,3,4,2,3,3,2,1,1,1,0,3,1,1,1,0,3,2,3,1,1,0,2,2,3,3,3,4,3,2,2,3,3,3,3,1,2,1,3,2,2,1,1,3,3,3,2,3,4,4,3,1,0,1,0,4,2,3,3,3,0,1,4,4,1,1,2,4,4,1,4,1,2,2,3,3,1,1,2,3,2,1,1,3,4,4,1,3,3,2,3,2,2,4,3,0,1,1,3,1,2,1,3,2,2,3,4,2,3,2,2,1,3,2,1,1,4,1,1,3,4,2,3,3,2,1,1,1,0,3,1,1,1,0,3,2,3,1,1,0,2,2,3,3,3,4,3,2,2,3,3,3,3,1,2,1,3,2,2,1,1,3,3,3,3,4,4,3,1,0,1,0,4,2,3,3,2,3,0,1,1,4,4,1,1,2,4,3,4,1,4,1,2,2,3,3,1,1,2,3,2,2,1,1,3,4,4,1,3,1,3,2,3,2,2,4,3,0,1,3,1,2,3,1,3,2,1,3,2,2,3,4,2,2,3,2,2,1,3,2,1,1,4,0,1,1,3,4,2,3,3,2,1,1,1,2,0,0,3,1,1,1,0,3,4,2,2,3,1,3,1,0,2,2,3,3,3,4,3,2,2,3,3,3,3,3,1,2,1,3,2,2,1,1,3,3,3,3,2,3,4,4,3,1,0,1,0,4,1,4,0,3,0,2,3,3,3,1,3,0,1,4,4,1,1,2,4,3,4,1,4,1,2,2,3,3,1,1,2,3,2,1,1,3,4,4,1,3,3,2,3,2,2,4,3,0,1,1,3,1,2,1,3,2,2,3,4,2,3,2,2,1,3,2,1,1,4,1,1,3,4,2,3,3,2,1,1,1,0,3,1,1,1,0,3,2,3,1,1,0,2,2,3,3,3,4,3,2,2,3,3,3,3,1,2,1,3,2,2,1,1,3,3,3,3,4,4,3,1,0,1,0,4,4,2,3,3
Survcare129_S1,3,4,2,4,1,1,1,2,2,3,4,1,4,1,4,2,3,3,1,1,2,3,2,2,1,2,3,4,4,1,3,4,2,3,2,2,3,3,1,1,1,0,0,0,2,1,3,2,2,3,4,2,2,3,2,2,1,3,2,0,1,4,2,1,3,1,2,3,3,2,1,3,1,3,3,1,4,3,2,3,1,1,0,0,4,2,2,0,1,3,4,3,4,2,3,3,3,2,1,2,1,3,2,2,1,1,0,3,3,0,3,2,4,3,2,0,1,4,1,2,1,0,3,4,2,4,1,1,1,2,2,4,1,4,1,4,2,3,3,1,1,2,3,2,1,2,3,4,4,1,3,4,2,3,2,2,3,3,1,1,1,0,0,2,1,3,2,2,3,4,2,3,2,2,1,3,2,0,1,4,2,1,3,1,2,3,3,2,1,3,1,3,3,1,4,3,2,3,1,1,0,0,4,2,2,0,1,3,4,3,4,2,3,3,3,2,1,2,1,3,2,2,1,1,0,3,3,3,2,4,3,2,0,1,4,1,2,1,0,3,3,4,2,0,4,1,1,1,2,2,3,4,1,4,1,4,2,3,3,1,1,2,3,2,2,1,2,3,4,4,1,3,4,4,2,3,2,2,3,3,1,1,3,1,0,0,0,3,2,1,3,2,2,3,4,2,2,3,2,2,1,3,2,0,1,4,1,2,1,3,1,2,3,3,2,1,3,1,2,3,2,3,1,4,3,2,3,3,1,2,1,0,3,0,4,2,2,0,1,3,4,3,4,2,3,3,3,3,2,1,2,1,3,2,2,1,1,0,3,3,0,0,3,2,4,3,2,0,1,4,1,1,4,1,3,0,2,1,0,3,1,3,4,2,4,1,1,1,2,2,3,4,1,4,1,4,2,3,3,1,1,2,3,2,1,2,3,4,4,1,3,4,2,3,2,2,3,3,1,1,1,0,0,2,1,3,2,2,3,4,2,3,2,2,1,3,2,0,1,4,2,1,3,1,2,3,3,2,1,3,1,3,3,1,4,3,2,3,1,1,0,0,4,2,2,0,1,3,4,3,4,2,3,3,3,2,1,2,1,3,2,2,1,1,0,3,3,3,2,4,3,2,0,1,4,1,4,2,1,0
Survcare130_S2,3,4,2,4,4,1,1,4,3,3,4,1,4,1,2,2,3,3,4,1,2,4,2,2,1,2,3,4,4,1,3,4,2,3,0,4,4,3,3,1,1,2,0,0,2,1,3,2,2,3,4,2,2,3,2,2,2,3,0,0,1,4,2,3,3,1,2,3,3,1,3,3,4,3,3,1,4,3,2,3,2,3,0,1,4,2,2,0,3,3,4,3,4,2,3,3,3,3,1,2,1,3,3,4,1,1,3,3,3,2,3,2,4,3,2,4,1,4,4,2,3,3,3,4,2,4,4,1,1,4,3,4,1,4,1,2,2,3,3,4,1,2,4,2,1,2,3,4,4,1,3,4,2,3,0,4,4,3,3,1,1,0,0,2,1,3,2,2,3,4,2,3,2,2,2,3,0,0,1,4,2,3,3,1,2,3,3,1,3,3,4,3,3,1,4,3,2,3,2,3,0,1,4,2,2,0,3,3,4,3,4,2,3,3,3,3,1,2,1,3,3,4,1,1,3,3,3,3,2,4,3,2,4,1,4,4,2,3,3,3,3,4,2,2,4,4,1,1,4,3,3,4,1,4,1,2,2,3,3,4,1,2,4,2,2,1,2,3,4,4,1,3,4,4,2,3,0,4,4,3,3,1,3,1,2,0,0,3,2,1,3,2,2,3,4,2,2,3,2,2,2,3,0,0,1,4,1,2,3,3,1,2,3,3,1,3,3,4,2,3,2,3,1,4,3,2,3,4,2,2,3,0,3,1,4,2,2,0,3,3,4,3,4,2,3,3,3,3,3,1,2,1,3,3,4,1,1,3,3,3,3,2,3,2,4,3,2,4,1,4,4,1,4,1,3,1,2,3,3,3,1,3,4,2,4,4,1,1,4,3,3,4,1,4,1,2,2,3,3,4,1,2,4,2,1,2,3,4,4,1,3,4,2,3,0,4,4,3,3,1,1,0,0,2,1,3,2,2,3,4,2,3,2,2,2,3,0,0,1,4,2,3,3,1,2,3,3,1,3,3,4,3,3,1,4,3,2,3,2,3,0,1,4,2,2,0,3,3,4,3,4,2,3,3,3,3,1,2,1,3,3,4,1,1,3,3,3,3,2,4,3,2,4,1,4,4,4,2,3,3
Survcare133_S25,3,0,1,4,4,1,1,2,4,3,4,1,4,1,2,2,3,3,1,1,2,3,2,2,1,1,3,4,4,1,3,3,2,3,2,2,4,3,1,1,3,2,3,1,2,1,3,2,2,3,4,2,2,3,2,2,1,3,2,1,1,4,1,1,3,4,2,3,3,2,1,1,1,3,3,1,1,1,0,3,2,3,1,1,0,2,2,3,3,3,4,3,2,2,3,3,3,3,1,2,1,3,2,2,1,1,3,3,3,2,3,4,4,3,1,4,1,4,1,2,1,3,3,0,1,4,4,1,1,2,4,4,1,4,1,2,2,3,3,1,1,2,3,2,1,1,3,4,4,1,3,3,2,3,2,2,4,3,1,1,3,3,1,2,1,3,2,2,3,4,2,3,2,2,1,3,2,1,1,4,1,1,3,4,2,3,3,2,1,1,1,3,3,1,1,1,0,3,2,3,1,1,0,2,2,3,3,3,4,3,2,2,3,3,3,3,1,2,1,3,2,2,1,1,3,3,3,3,4,4,3,1,4,1,4,1,2,1,3,2,3,0,1,1,4,4,1,1,2,4,3,4,1,4,1,2,2,3,3,1,1,2,3,2,2,1,1,3,4,4,1,3,1,3,2,3,2,2,4,3,1,1,3,3,2,3,1,3,2,1,3,2,2,3,4,2,2,3,2,2,1,3,2,1,1,4,0,1,1,3,4,2,3,3,2,1,1,1,2,3,2,3,1,1,1,0,3,4,2,2,3,1,3,1,0,2,2,3,3,3,4,3,2,2,3,3,3,3,3,1,2,1,3,2,2,1,1,3,3,3,3,2,3,4,4,3,1,4,1,4,1,1,4,0,3,0,2,1,3,3,1,3,0,1,4,4,1,1,2,4,3,4,1,4,1,2,2,3,3,1,1,2,3,2,1,1,3,4,4,1,3,3,2,3,2,2,4,3,1,1,3,3,1,2,1,3,2,2,3,4,2,3,2,2,1,3,2,1,1,4,1,1,3,4,2,3,3,2,1,1,1,3,3,1,1,1,0,3,2,3,1,1,0,2,2,3,3,3,4,3,2,2,3,3,3,3,1,2,1,3,2,2,1,1,3,3,3,3,4,4,3,1,4,1,4,1,4,2,1,3
Survcare134_S26,3,0,1,4,4,1,1,2,4,3,4,1,4,1,2,2,3,3,1,1,2,3,2,2,1,1,3,4,4,1,3,3,2,3,2,2,4,3,1,1,3,2,3,1,2,1,3,2,2,3,4,2,2,3,2,2,1,3,2,1,1,4,1,1,3,4,2,3,3,2,1,1,1,3,3,1,1,1,0,3,2,3,1,1,0,2,2,3,3,3,4,3,2,2,3,3,3,3,1,2,1,3,2,2,1,1,3,3,3,2,3,4,4,3,1,4,1,4,1,2,1,3,3,0,1,4,4,1,1,2,4,4,1,4,1,2,2,3,3,1,1,2,3,2,1,1,3,4,4,1,3,3,2,3,2,2,4,3,1,1,3,3,1,2,1,3,2,2,3,4,2,3,2,2,1,3,2,1,1,4,1,1,3,4,2,3,3,2,1,1,1,3,3,1,1,1,0,3,2,3,1,1,0,2,2,3,3,3,4,3,2,2,3,3,3,3,1,2,1,3,2,2,1,1,3,3,3,3,4,4,3,1,4,1,4,1,2,1,3,2,3,0,1,1,4,4,1,1,2,4,3,4,1,4,1,2,2,3,3,1,1,2,3,2,2,1,1,3,4,4,1,3,1,3,2,3,2,2,4,3,1,1,3,3,2,3,1,3,2,1,3,2,2,3,4,2,2,3,2,2,1,3,2,1,1,4,0,1,1,3,4,2,3,3,2,1,1,1,2,3,2,3,1,1,1,0,3,4,2,2,3,1,3,1,0,2,2,3,3,3,4,3,2,2,3,3,3,3,3,1,2,1,3,2,2,1,1,3,3,3,3,2,3,4,4,3,1,4,1,4,1,1,4,0,3,0,2,1,3,3,1,3,0,1,4,4,1,1,2,4,3,4,1,4,1,2,2,3,3,1,1,2,3,2,1,1,3,4,4,1,3,3,2,3,2,2,4,3,1,1,3,3,1,2,1,3,2,2,3,4,2,3,2,2,1,3,2,1,1,4,1,1,3,4,2,3,3,2,1,1,1,3,3,1,1,1,0,3,2,3,1,1,0,2,2,3,3,3,4,3,2,2,3,3,3,3,1,2,1,3,2,2,1,1,3,3,3,3,4,4,3,1,4,1,4,1,4,2,1,3
Survcare140_S4_L001,3,0,1,4,4,1,1,2,4,3,4,1,4,1,2,2,3,3,1,1,2,3,2,2,1,1,3,4,4,1,3,3,2,3,0,2,4,3,1,1,3,2,3,1,2,1,3,2,2,3,4,2,2,3,2,2,1,3,2,1,1,4,1,1,3,4,2,3,3,2,1,1,1,3,3,1,1,1,0,3,2,3,1,1,0,2,2,3,3,3,4,3,2,2,3,3,3,3,1,2,1,3,2,2,1,1,3,3,3,2,3,4,4,3,1,4,1,4,1,2,1,3,3,0,1,4,4,1,1,2,4,4,1,4,1,2,2,3,3,1,1,2,3,2,1,1,3,4,4,1,3,3,2,3,0,2,4,3,1,1,3,3,1,2,1,3,2,2,3,4,2,3,2,2,1,3,2,1,1,4,1,1,3,4,2,3,3,2,1,1,1,3,3,1,1,1,0,3,2,3,1,1,0,2,2,3,3,3,4,3,2,2,3,3,3,3,1,2,1,3,2,2,1,1,3,3,3,3,4,4,3,1,4,1,4,1,2,1,3,2,3,0,1,1,4,4,1,1,2,4,3,4,1,4,1,2,2,3,3,1,1,2,3,2,2,1,1,3,4,4,1,3,1,3,2,3,0,2,4,3,1,1,3,3,2,3,1,3,2,1,3,2,2,3,4,2,2,3,2,2,1,3,2,1,1,4,0,1,1,3,4,2,3,3,2,1,1,1,2,3,2,3,1,1,1,0,3,4,2,2,3,1,3,1,0,2,2,3,3,3,4,3,2,2,3,3,3,3,3,1,2,1,3,2,2,1,1,3,3,3,3,2,3,4,4,3,1,4,1,4,1,1,4,0,3,0,2,1,3,3,1,3,0,1,4,4,1,1,2,4,3,4,1,4,1,2,2,3,3,1,1,2,3,2,1,1,3,4,4,1,3,3,2,3,0,2,4,3,1,1,3,3,1,2,1,3,2,2,3,4,2,3,2,2,1,3,2,1,1,4,1,1,3,4,2,3,3,2,1,1,1,3,3,1,1,1,0,3,2,3,1,1,0,2,2,3,3,3,4,3,2,2,3,3,3,3,1,2,1,3,2,2,1,1,3,3,3,3,4,4,3,1,4,1,4,1,4,2,1,3
Survcare176_S17_L001,0,0,0,0,0,0,0,0,0,0,0,0,0,0,0,0,0,0,0,0,0,0,0,0,0,0,0,0,0,0,0,0,0,0,0,0,0,0,0,2,3,0,3,1,0,0,0,0,0,0,0,0,0,0,0,0,0,0,2,1,1,4,0,0,1,4,2,1,3,1,1,0,1,3,0,0,1,0,0,0,0,0,1,1,0,0,0,3,0,0,0,0,0,0,0,0,0,0,0,0,0,0,0,0,0,0,0,4,3,2,4,4,4,3,1,4,4,4,4,2,3,3,0,0,0,0,0,0,0,0,0,0,0,0,0,0,0,0,0,0,0,0,0,0,0,0,0,0,0,0,0,0,0,0,0,0,0,0,0,2,3,3,1,0,0,0,0,0,0,0,0,0,0,0,0,0,2,1,1,4,0,0,1,4,2,1,3,1,1,0,1,3,0,0,1,0,0,0,0,0,1,1,0,0,0,3,0,0,0,0,0,0,0,0,0,0,0,0,0,0,0,0,0,0,0,4,3,4,4,4,3,1,4,4,4,4,2,3,3,3,0,0,0,0,0,0,0,0,0,0,0,0,0,0,0,0,0,0,0,0,0,0,0,0,0,0,0,0,0,0,0,0,0,0,0,0,0,0,0,0,0,2,0,3,0,3,1,0,0,0,0,0,0,0,0,0,0,0,0,0,0,0,2,1,1,4,1,0,0,1,4,2,1,3,1,1,0,1,0,3,0,0,0,1,0,0,0,3,0,0,0,1,3,1,0,0,0,3,0,0,0,0,0,0,0,0,0,0,0,0,0,0,0,0,0,0,0,0,4,3,3,2,4,4,4,3,1,4,4,4,4,1,4,1,3,1,2,3,3,3,1,0,0,0,0,0,0,0,0,0,0,0,0,0,0,0,0,0,0,0,0,0,0,0,0,0,0,0,0,0,0,0,0,0,0,0,0,0,0,2,3,3,1,0,0,0,0,0,0,0,0,0,0,0,0,0,2,1,1,4,0,0,1,4,2,1,3,1,1,0,1,3,0,0,1,0,0,0,0,0,1,1,0,0,0,3,0,0,0,0,0,0,0,0,0,0,0,0,0,0,0,0,0,0,0,4,3,4,4,4,3,1,4,4,4,4,4,2,3,3
Survcare184_S19,3,1,1,4,4,1,3,2,4,3,4,3,4,1,2,2,3,3,1,1,2,3,2,2,1,1,3,4,4,1,3,3,2,3,0,2,4,3,1,1,1,2,3,1,2,1,4,2,2,3,4,2,2,3,2,2,1,3,2,1,0,4,1,1,3,4,2,3,3,2,1,1,1,3,3,1,1,1,2,3,2,1,1,1,1,2,2,3,3,3,4,3,2,2,3,3,3,3,2,2,1,3,2,2,1,1,3,3,3,2,3,4,4,3,1,4,0,4,4,0,3,0,3,1,1,4,4,1,3,2,4,4,3,4,1,2,2,3,3,1,1,2,3,2,1,1,3,4,4,1,3,3,2,3,0,2,4,3,1,1,1,3,1,2,1,4,2,2,3,4,2,3,2,2,1,3,2,1,0,4,1,1,3,4,2,3,3,2,1,1,1,3,3,1,1,1,2,3,2,1,1,1,1,2,2,3,3,3,4,3,2,2,3,3,3,3,2,2,1,3,2,2,1,1,3,3,3,3,4,4,3,1,4,0,4,4,0,3,0,2,3,1,1,2,4,4,1,3,2,4,3,4,3,4,1,2,2,3,3,1,1,2,3,2,2,1,1,3,4,4,1,3,4,3,2,3,0,2,4,3,1,1,3,1,2,3,1,3,2,1,4,2,2,3,4,2,2,3,2,2,1,3,2,1,0,4,1,1,1,3,4,2,3,3,2,1,1,1,2,3,2,3,1,1,1,2,3,4,2,2,1,1,3,1,1,2,2,3,3,3,4,3,2,2,3,3,3,3,3,2,2,1,3,2,2,1,1,3,3,3,3,2,3,4,4,3,1,4,0,4,4,1,4,0,3,1,0,3,0,3,1,3,1,1,4,4,1,3,2,4,3,4,3,4,1,2,2,3,3,1,1,2,3,2,1,1,3,4,4,1,3,3,2,3,0,2,4,3,1,1,1,3,1,2,1,4,2,2,3,4,2,3,2,2,1,3,2,1,0,4,1,1,3,4,2,3,3,2,1,1,1,3,3,1,1,1,2,3,2,1,1,1,1,2,2,3,3,3,4,3,2,2,3,3,3,3,2,2,1,3,2,2,1,1,3,3,3,3,4,4,3,1,4,0,4,4,4,0,3,0
Survcare187_S32,1,1,1,4,1,1,1,2,2,3,3,1,4,1,2,2,3,3,1,1,2,3,1,1,1,1,3,4,4,1,3,3,1,1,1,2,3,2,1,2,3,2,3,1,2,1,3,2,2,3,4,2,2,3,2,2,1,3,2,1,4,1,1,3,1,4,1,1,2,1,1,1,1,3,1,3,1,1,1,3,1,1,1,1,1,0,2,3,1,2,2,2,2,2,3,3,1,2,1,1,1,0,2,2,1,3,3,4,0,2,4,4,3,0,1,4,4,4,4,2,3,3,1,1,1,4,1,1,1,2,2,3,1,4,1,2,2,3,3,1,1,2,3,1,1,1,3,4,4,1,3,3,1,1,1,2,3,2,1,2,3,3,1,2,1,3,2,2,3,4,2,3,2,2,1,3,2,1,4,1,1,3,1,4,1,1,2,1,1,1,1,3,1,3,1,1,1,3,1,1,1,1,1,0,2,3,1,2,2,2,2,2,3,3,1,2,1,1,1,0,2,2,1,3,3,4,0,4,4,3,0,1,4,4,4,4,2,3,3,0,1,1,1,1,4,1,1,1,2,2,3,3,1,4,1,2,2,3,3,1,1,2,3,1,1,1,1,3,4,4,1,3,1,3,1,1,1,2,3,2,1,2,0,3,2,3,1,3,2,1,3,2,2,3,4,2,2,3,2,2,1,3,2,1,4,1,4,1,3,1,4,1,1,2,1,1,1,1,0,3,2,1,3,1,1,1,3,0,1,2,1,1,0,1,1,0,2,3,1,2,2,2,2,2,3,0,3,1,2,1,1,1,0,2,2,1,3,3,4,0,3,2,4,4,3,0,1,4,4,4,4,0,0,1,0,1,2,3,3,0,0,1,1,1,4,1,1,1,2,2,3,3,1,4,1,2,2,3,3,1,1,2,3,1,1,1,3,4,4,1,3,3,1,1,1,2,3,2,1,2,3,3,1,2,1,3,2,2,3,4,2,3,2,2,1,3,2,1,4,1,1,3,1,4,1,1,2,1,1,1,1,3,1,3,1,1,1,3,1,1,1,1,1,0,2,3,1,2,2,2,2,2,3,3,1,2,1,1,1,0,2,2,1,3,3,4,0,4,4,3,0,1,4,4,4,4,0,2,3,3
Survcare190_S35,3,1,1,4,1,1,1,2,4,3,4,1,4,1,2,2,3,3,1,1,2,3,1,2,1,1,3,4,4,1,3,3,0,3,2,2,3,3,1,1,1,2,3,1,0,0,0,0,0,0,0,0,0,0,0,0,0,0,2,1,1,4,0,3,1,4,2,2,3,2,0,1,1,3,0,1,1,1,2,3,2,1,1,1,4,2,1,3,3,3,4,3,2,2,3,3,3,3,1,2,1,3,2,2,1,0,3,3,3,0,4,4,4,3,1,4,0,4,4,2,3,3,3,1,1,4,1,1,1,2,4,4,1,4,1,2,2,3,3,1,1,2,3,1,1,1,3,4,4,1,3,3,0,3,2,2,3,3,1,1,1,3,1,0,0,0,0,0,0,0,0,0,0,0,0,0,2,1,1,4,0,3,1,4,2,2,3,2,0,1,1,3,0,1,1,1,2,3,2,1,1,1,4,2,1,3,3,3,4,3,2,2,3,3,3,3,1,2,1,3,2,2,1,0,3,3,3,4,4,4,3,1,4,0,4,4,2,3,3,3,3,1,1,0,4,1,1,1,2,4,3,4,1,4,1,2,2,3,3,1,1,2,3,1,2,1,1,3,4,4,1,3,0,3,0,3,2,2,3,3,1,1,3,1,2,3,1,0,0,0,0,0,0,0,0,0,0,0,0,0,0,0,2,1,1,4,1,0,3,1,4,2,2,3,2,0,1,1,2,3,2,0,1,1,1,2,3,3,2,2,1,1,3,1,4,2,1,3,3,3,4,3,2,2,3,3,3,3,3,1,2,1,3,2,2,1,0,3,3,3,0,0,4,4,4,3,1,4,0,4,4,1,4,1,3,1,2,3,3,3,1,3,1,1,4,1,1,1,2,4,3,4,1,4,1,2,2,3,3,1,1,2,3,1,1,1,3,4,4,1,3,3,0,3,2,2,3,3,1,1,1,3,1,0,0,0,0,0,0,0,0,0,0,0,0,0,2,1,1,4,0,3,1,4,2,2,3,2,0,1,1,3,0,1,1,1,2,3,2,1,1,1,4,2,1,3,3,3,4,3,2,2,3,3,3,3,1,2,1,3,2,2,1,0,3,3,3,4,4,4,3,1,4,0,4,4,4,2,3,3
Survcare221_S7_L001,3,1,1,4,4,1,3,2,4,3,4,3,4,1,2,2,3,3,1,1,2,3,2,2,1,1,3,4,4,1,3,3,2,3,2,2,4,3,1,1,1,2,0,1,2,1,3,2,2,3,4,2,2,3,2,2,1,3,2,1,0,4,1,1,3,4,2,3,3,2,1,1,1,3,3,1,1,1,2,3,2,1,1,1,1,2,2,3,3,3,4,3,2,2,3,3,3,3,2,2,1,3,2,2,1,1,3,3,3,2,3,4,4,3,1,4,0,4,4,0,3,3,3,1,1,4,4,1,3,2,4,4,3,4,1,2,2,3,3,1,1,2,3,2,1,1,3,4,4,1,3,3,2,3,2,2,4,3,1,1,1,0,1,2,1,3,2,2,3,4,2,3,2,2,1,3,2,1,0,4,1,1,3,4,2,3,3,2,1,1,1,3,3,1,1,1,2,3,2,1,1,1,1,2,2,3,3,3,4,3,2,2,3,3,3,3,2,2,1,3,2,2,1,1,3,3,3,3,4,4,3,1,4,0,4,4,0,3,3,2,3,1,1,2,4,4,1,3,2,4,3,4,3,4,1,2,2,3,3,1,1,2,3,2,2,1,1,3,4,4,1,3,4,3,2,3,2,2,4,3,1,1,3,1,2,0,1,3,2,1,3,2,2,3,4,2,2,3,2,2,1,3,2,1,0,4,1,1,1,3,4,2,3,3,2,1,1,1,2,3,2,3,1,1,1,2,3,4,2,2,1,1,3,1,1,2,2,3,3,3,4,3,2,2,3,3,3,3,3,2,2,1,3,2,2,1,1,3,3,3,3,2,3,4,4,3,1,4,0,4,4,1,4,1,3,1,0,3,3,3,1,3,1,1,4,4,1,3,2,4,3,4,3,4,1,2,2,3,3,1,1,2,3,2,1,1,3,4,4,1,3,3,2,3,2,2,4,3,1,1,1,0,1,2,1,3,2,2,3,4,2,3,2,2,1,3,2,1,0,4,1,1,3,4,2,3,3,2,1,1,1,3,3,1,1,1,2,3,2,1,1,1,1,2,2,3,3,3,4,3,2,2,3,3,3,3,2,2,1,3,2,2,1,1,3,3,3,3,4,4,3,1,4,0,4,4,4,0,3,3
Survcare230_S17_L001,0,0,0,0,0,0,0,0,0,0,0,0,0,0,0,0,0,0,0,0,0,0,0,0,0,0,0,0,0,0,0,0,0,0,0,0,0,0,0,1,1,2,3,1,0,0,0,0,0,0,0,0,0,0,0,0,0,0,2,1,0,0,0,3,0,0,0,0,0,0,0,0,0,0,0,0,0,0,0,0,0,0,1,1,0,0,0,3,0,0,0,0,0,0,0,0,0,0,0,0,0,0,0,2,0,0,3,3,3,2,3,4,4,3,1,4,1,4,4,2,3,3,0,0,0,0,0,0,0,0,0,0,0,0,0,0,0,0,0,0,0,0,0,0,0,0,0,0,0,0,0,0,0,0,0,0,0,0,0,1,1,3,1,0,0,0,0,0,0,0,0,0,0,0,0,0,2,1,0,0,0,3,0,0,0,0,0,0,0,0,0,0,0,0,0,0,0,0,0,0,1,1,0,0,0,3,0,0,0,0,0,0,0,0,0,0,0,0,0,0,0,2,0,0,3,3,3,3,4,4,3,1,4,1,4,4,2,3,3,3,0,0,0,0,0,0,0,0,0,0,0,0,0,0,0,0,0,0,0,0,0,0,0,0,0,0,0,0,0,0,0,0,0,0,0,0,0,0,0,0,0,1,3,1,2,3,1,0,0,0,0,0,0,0,0,0,0,0,0,0,0,0,2,1,0,0,0,0,3,0,0,0,0,0,0,0,0,0,2,0,2,0,0,0,0,0,0,3,0,0,0,1,3,1,0,0,0,3,0,0,0,0,0,0,0,3,0,0,0,0,0,0,0,0,2,0,0,3,3,3,3,2,3,4,4,3,1,4,1,4,4,1,4,1,3,1,2,3,3,3,1,0,0,0,0,0,0,0,0,0,0,0,0,0,0,0,0,0,0,0,0,0,0,0,0,0,0,0,0,0,0,0,0,0,0,0,0,0,0,1,1,3,1,0,0,0,0,0,0,0,0,0,0,0,0,0,2,1,0,0,0,3,0,0,0,0,0,0,0,0,0,0,0,0,0,0,0,0,0,0,1,1,0,0,0,3,0,0,0,0,0,0,0,0,0,0,0,0,0,0,0,2,0,0,3,3,3,3,4,4,3,1,4,1,4,4,4,2,3,3
Survcare234_S3_L001,3,4,2,4,4,1,1,2,2,3,4,1,4,1,2,2,3,3,4,1,2,4,2,2,1,2,3,4,4,1,3,4,2,3,2,4,4,3,3,1,1,2,3,1,2,1,3,2,2,3,4,2,2,3,2,2,2,3,0,0,1,4,2,3,3,1,2,3,3,1,3,3,4,3,1,1,4,3,2,3,2,3,0,1,4,2,2,0,3,3,4,3,4,2,3,3,3,3,1,2,1,3,3,4,1,1,3,3,3,2,3,2,4,3,2,4,1,4,1,0,1,3,3,4,2,4,4,1,1,2,2,4,1,4,1,2,2,3,3,4,1,2,4,2,1,2,3,4,4,1,3,4,2,3,2,4,4,3,3,1,1,3,1,2,1,3,2,2,3,4,2,3,2,2,2,3,0,0,1,4,2,3,3,1,2,3,3,1,3,3,4,3,1,1,4,3,2,3,2,3,0,1,4,2,2,0,3,3,4,3,4,2,3,3,3,3,1,2,1,3,3,4,1,1,3,3,3,3,2,4,3,2,4,1,4,1,0,1,3,3,3,4,2,1,4,4,1,1,2,2,3,4,1,4,1,2,2,3,3,4,1,2,4,2,2,1,2,3,4,4,1,3,4,4,2,3,2,4,4,3,3,1,3,1,2,3,1,3,2,1,3,2,2,3,4,2,2,3,2,2,2,3,0,0,1,4,1,2,3,3,1,2,3,3,1,3,3,4,2,3,2,1,1,4,3,2,3,4,2,2,3,0,3,1,4,2,2,0,3,3,4,3,4,2,3,3,3,3,3,1,2,1,3,3,4,1,1,3,3,3,3,2,3,2,4,3,2,4,1,4,1,1,4,0,3,0,0,1,3,3,1,3,4,2,4,4,1,1,2,2,3,4,1,4,1,2,2,3,3,4,1,2,4,2,1,2,3,4,4,1,3,4,2,3,2,4,4,3,3,1,1,3,1,2,1,3,2,2,3,4,2,3,2,2,2,3,0,0,1,4,2,3,3,1,2,3,3,1,3,3,4,3,1,1,4,3,2,3,2,3,0,1,4,2,2,0,3,3,4,3,4,2,3,3,3,3,1,2,1,3,3,4,1,1,3,3,3,3,2,4,3,2,4,1,4,1,4,0,1,3
Survcare236_S5_L001,1,1,1,4,1,1,1,2,2,3,3,1,4,1,2,2,3,3,1,1,2,3,1,1,1,1,3,4,4,1,3,3,1,1,0,2,3,2,1,2,3,2,3,1,2,1,3,2,2,3,4,2,2,3,2,2,1,3,2,1,4,1,1,3,1,4,1,1,2,1,1,1,1,3,1,3,1,1,1,3,1,1,1,1,1,2,2,3,1,2,2,2,2,2,3,3,1,2,1,1,1,0,2,2,1,3,3,3,3,0,3,2,4,3,2,0,1,0,1,2,3,3,1,1,1,4,1,1,1,2,2,3,1,4,1,2,2,3,3,1,1,2,3,1,1,1,3,4,4,1,3,3,1,1,0,2,3,2,1,2,3,3,1,2,1,3,2,2,3,4,2,3,2,2,1,3,2,1,4,1,1,3,1,4,1,1,2,1,1,1,1,3,1,3,1,1,1,3,1,1,1,1,1,2,2,3,1,2,2,2,2,2,3,3,1,2,1,1,1,0,2,2,1,3,3,3,3,3,2,4,3,2,0,1,0,1,2,3,3,0,1,1,1,1,4,1,1,1,2,2,3,3,1,4,1,2,2,3,3,1,1,2,3,1,1,1,1,3,4,4,1,3,1,3,1,1,0,2,3,2,1,2,0,3,2,3,1,3,2,1,3,2,2,3,4,2,2,3,2,2,1,3,2,1,4,1,4,1,3,1,4,1,1,2,1,1,1,1,0,3,2,1,3,1,1,1,3,0,1,2,1,1,0,1,1,2,2,3,1,2,2,2,2,2,3,0,3,1,2,1,1,1,0,2,2,1,3,3,3,3,0,0,3,2,4,3,2,0,1,0,1,1,4,1,0,1,2,3,3,0,0,1,1,1,4,1,1,1,2,2,3,3,1,4,1,2,2,3,3,1,1,2,3,1,1,1,3,4,4,1,3,3,1,1,0,2,3,2,1,2,3,3,1,2,1,3,2,2,3,4,2,3,2,2,1,3,2,1,4,1,1,3,1,4,1,1,2,1,1,1,1,3,1,3,1,1,1,3,1,1,1,1,1,2,2,3,1,2,2,2,2,2,3,3,1,2,1,1,1,0,2,2,1,3,3,3,3,3,2,4,3,2,0,1,0,1,4,2,3,3
Survcare244_S9_L001,0,0,0,0,0,0,0,0,0,0,0,1,4,0,0,0,0,0,0,0,0,0,0,0,0,0,3,4,4,0,0,0,0,0,0,0,0,0,0,2,1,2,3,1,0,0,0,0,0,0,0,0,0,0,0,0,0,0,2,1,0,0,0,0,0,0,0,0,0,0,0,0,0,0,0,0,0,0,0,0,0,0,1,1,0,0,0,3,0,0,0,0,0,0,0,0,0,0,0,0,0,0,0,2,0,0,0,3,0,0,4,4,4,3,1,4,1,4,4,2,0,3,0,0,0,0,0,0,0,0,0,0,1,4,0,0,0,0,0,0,0,0,0,0,0,0,3,4,4,0,0,0,0,0,0,0,0,0,0,2,1,3,1,0,0,0,0,0,0,0,0,0,0,0,0,0,2,1,0,0,0,0,0,0,0,0,0,0,0,0,0,0,0,0,0,0,0,0,0,0,1,1,0,0,0,3,0,0,0,0,0,0,0,0,0,0,0,0,0,0,0,2,0,0,0,3,0,4,4,4,3,1,4,1,4,4,2,0,3,0,0,0,0,0,0,0,0,0,0,0,0,0,1,4,0,0,0,0,0,0,0,0,0,0,0,0,0,3,4,4,0,0,0,0,0,0,0,0,0,0,0,2,3,1,2,3,1,0,0,0,0,0,0,0,0,0,0,0,0,0,0,0,2,1,0,0,0,0,0,0,0,0,0,0,0,0,0,0,2,0,0,0,0,0,0,0,0,3,0,0,0,1,3,1,0,0,0,3,0,0,0,0,0,0,0,3,0,0,0,0,0,0,0,0,2,0,0,0,3,0,0,0,4,4,4,3,1,4,1,4,4,1,0,1,3,1,2,0,3,3,1,0,0,0,0,0,0,0,0,0,0,0,1,4,0,0,0,0,0,0,0,0,0,0,0,0,3,4,4,0,0,0,0,0,0,0,0,0,0,2,1,3,1,0,0,0,0,0,0,0,0,0,0,0,0,0,2,1,0,0,0,0,0,0,0,0,0,0,0,0,0,0,0,0,0,0,0,0,0,0,1,1,0,0,0,3,0,0,0,0,0,0,0,0,0,0,0,0,0,0,0,2,0,0,0,3,0,4,4,4,3,1,4,1,4,4,0,2,0,3
Survcare253_S35,3,1,1,4,1,1,1,2,4,3,0,1,4,1,2,2,3,3,1,1,2,3,1,0,1,1,3,4,4,1,3,0,1,3,2,2,3,3,1,2,1,2,3,1,2,0,3,2,2,3,4,2,0,0,0,0,1,3,2,1,1,0,1,3,1,4,2,2,3,0,0,1,1,0,3,1,1,1,2,3,2,1,1,1,4,2,1,3,3,3,4,3,2,2,3,3,3,3,1,2,1,3,2,2,0,1,3,4,3,2,3,4,3,3,1,4,1,4,4,2,3,3,3,1,1,4,1,1,1,2,4,0,1,4,1,2,2,3,3,1,1,2,3,1,1,1,3,4,4,1,3,0,1,3,2,2,3,3,1,2,1,3,1,2,0,3,2,2,3,4,2,0,0,0,1,3,2,1,1,0,1,3,1,4,2,2,3,0,0,1,1,0,3,1,1,1,2,3,2,1,1,1,4,2,1,3,3,3,4,3,2,2,3,3,3,3,1,2,1,3,2,2,0,1,3,4,3,3,4,3,3,1,4,1,4,4,2,3,3,3,3,1,1,1,4,1,1,1,2,4,3,0,1,4,1,2,2,3,3,1,1,2,3,1,0,1,1,3,4,4,1,3,4,0,1,3,2,2,3,3,1,2,3,1,2,3,1,3,2,0,3,2,2,3,4,2,0,0,0,0,1,3,2,1,1,0,1,1,3,1,4,2,2,3,0,0,1,1,2,0,2,3,1,1,1,2,3,3,2,0,1,1,3,1,4,2,1,3,3,3,4,3,2,2,3,3,3,3,3,1,2,1,3,2,2,0,1,3,4,3,3,2,3,4,3,3,1,4,1,4,4,1,4,1,3,1,2,3,3,3,1,3,1,1,4,1,1,1,2,4,3,0,1,4,1,2,2,3,3,1,1,2,3,1,1,1,3,4,4,1,3,0,1,3,2,2,3,3,1,2,1,3,1,2,0,3,2,2,3,4,2,0,0,0,1,3,2,1,1,0,1,3,1,4,2,2,3,0,0,1,1,0,3,1,1,1,2,3,2,1,1,1,4,2,1,3,3,3,4,3,2,2,3,3,3,3,1,2,1,3,2,2,0,1,3,4,3,3,4,3,3,1,4,1,4,4,4,2,3,3
Survcare254_S36,3,0,1,4,4,1,1,2,4,3,4,1,4,1,2,2,3,3,1,1,2,3,2,2,1,1,3,4,4,1,3,3,2,3,2,2,4,3,0,1,3,2,3,1,2,1,3,2,2,3,4,2,2,3,2,2,1,3,2,1,1,4,1,1,3,4,2,3,3,2,1,1,1,3,3,1,1,1,0,3,2,3,1,1,0,2,2,3,3,3,4,3,2,2,3,3,3,3,1,2,1,3,2,2,1,1,3,3,3,2,3,4,4,3,1,0,1,0,4,2,3,3,3,0,1,4,4,1,1,2,4,4,1,4,1,2,2,3,3,1,1,2,3,2,1,1,3,4,4,1,3,3,2,3,2,2,4,3,0,1,3,3,1,2,1,3,2,2,3,4,2,3,2,2,1,3,2,1,1,4,1,1,3,4,2,3,3,2,1,1,1,3,3,1,1,1,0,3,2,3,1,1,0,2,2,3,3,3,4,3,2,2,3,3,3,3,1,2,1,3,2,2,1,1,3,3,3,3,4,4,3,1,0,1,0,4,2,3,3,2,3,0,1,1,4,4,1,1,2,4,3,4,1,4,1,2,2,3,3,1,1,2,3,2,2,1,1,3,4,4,1,3,1,3,2,3,2,2,4,3,0,1,3,3,2,3,1,3,2,1,3,2,2,3,4,2,2,3,2,2,1,3,2,1,1,4,0,1,1,3,4,2,3,3,2,1,1,1,2,3,2,3,1,1,1,0,3,4,2,2,3,1,3,1,0,2,2,3,3,3,4,3,2,2,3,3,3,3,3,1,2,1,3,2,2,1,1,3,3,3,3,2,3,4,4,3,1,0,1,0,4,1,4,0,3,0,2,3,3,3,1,3,0,1,4,4,1,1,2,4,3,4,1,4,1,2,2,3,3,1,1,2,3,2,1,1,3,4,4,1,3,3,2,3,2,2,4,3,0,1,3,3,1,2,1,3,2,2,3,4,2,3,2,2,1,3,2,1,1,4,1,1,3,4,2,3,3,2,1,1,1,3,3,1,1,1,0,3,2,3,1,1,0,2,2,3,3,3,4,3,2,2,3,3,3,3,1,2,1,3,2,2,1,1,3,3,3,3,4,4,3,1,0,1,0,4,4,2,3,3
Survcare262_S23_L001,3,1,1,4,0,1,1,2,4,0,4,1,0,1,2,2,3,3,1,1,2,3,1,2,0,1,3,4,4,0,0,3,1,3,2,2,3,0,1,1,1,2,3,1,0,1,3,0,2,3,4,2,0,3,2,2,1,3,2,1,1,4,1,3,1,4,2,2,3,2,1,0,1,3,0,1,1,1,2,3,2,1,1,1,4,2,1,3,3,3,4,3,2,2,3,3,3,3,1,2,1,3,2,2,1,1,3,4,3,2,4,4,4,3,1,4,1,4,4,2,3,3,3,1,1,4,0,1,1,2,4,4,1,0,1,2,2,3,3,1,1,2,3,1,0,1,3,4,4,0,0,3,1,3,2,2,3,0,1,1,1,3,1,0,1,3,0,2,3,4,2,3,2,2,1,3,2,1,1,4,1,3,1,4,2,2,3,2,1,0,1,3,0,1,1,1,2,3,2,1,1,1,4,2,1,3,3,3,4,3,2,2,3,3,3,3,1,2,1,3,2,2,1,1,3,4,3,4,4,4,3,1,4,1,4,4,2,3,3,3,3,1,1,0,4,0,1,1,2,4,0,4,1,0,1,2,2,3,3,1,1,2,3,1,2,0,1,3,4,4,0,0,0,3,1,3,2,2,3,0,1,1,3,1,2,3,1,0,0,1,3,0,2,3,4,2,0,3,2,2,1,3,2,1,1,4,0,1,3,1,4,2,2,3,2,1,0,1,2,3,0,0,1,1,1,2,3,3,2,2,1,1,3,1,4,2,1,3,3,3,4,3,2,2,3,3,3,3,3,1,2,1,3,2,2,1,1,3,4,3,3,2,4,4,4,3,1,4,1,4,4,0,4,0,0,1,2,3,3,3,1,3,1,1,4,0,1,1,2,4,0,4,1,0,1,2,2,3,3,1,1,2,3,1,0,1,3,4,4,0,0,3,1,3,2,2,3,0,1,1,1,3,1,0,1,3,0,2,3,4,2,3,2,2,1,3,2,1,1,4,1,3,1,4,2,2,3,2,1,0,1,3,0,1,1,1,2,3,2,1,1,1,4,2,1,3,3,3,4,3,2,2,3,3,3,3,1,2,1,3,2,2,1,1,3,4,3,4,4,4,3,1,4,1,4,4,4,2,3,3
Survcare265_S20,1,1,1,4,1,1,1,2,2,3,3,1,4,1,2,2,3,3,1,1,2,3,1,1,1,1,3,4,4,1,3,3,1,1,1,2,3,2,1,2,3,2,3,1,2,1,3,2,2,3,4,2,2,3,2,2,1,3,2,1,4,1,1,3,1,4,1,1,2,1,1,1,1,3,1,3,1,1,1,3,1,1,1,1,1,2,2,3,1,2,2,2,2,2,3,3,1,2,1,1,1,3,2,2,1,3,3,3,3,0,3,2,4,3,2,0,1,0,1,2,3,3,1,1,1,4,1,1,1,2,2,3,1,4,1,2,2,3,3,1,1,2,3,1,1,1,3,4,4,1,3,3,1,1,1,2,3,2,1,2,3,3,1,2,1,3,2,2,3,4,2,3,2,2,1,3,2,1,4,1,1,3,1,4,1,1,2,1,1,1,1,3,1,3,1,1,1,3,1,1,1,1,1,2,2,3,1,2,2,2,2,2,3,3,1,2,1,1,1,3,2,2,1,3,3,3,3,3,2,4,3,2,0,1,0,1,2,3,3,0,1,1,1,1,4,1,1,1,2,2,3,3,1,4,1,2,2,3,3,1,1,2,3,1,1,1,1,3,4,4,1,3,1,3,1,1,1,2,3,2,1,2,0,3,2,3,1,3,2,1,3,2,2,3,4,2,2,3,2,2,1,3,2,1,4,1,4,1,3,1,4,1,1,2,1,1,1,1,0,3,2,1,3,1,1,1,3,0,1,2,1,1,0,1,1,2,2,3,1,2,2,2,2,2,3,0,3,1,2,1,1,1,3,2,2,1,3,3,3,3,0,0,3,2,4,3,2,0,1,0,1,1,4,1,0,1,2,3,3,0,0,1,1,1,4,1,1,1,2,2,3,3,1,4,1,2,2,3,3,1,1,2,3,1,1,1,3,4,4,1,3,3,1,1,1,2,3,2,1,2,3,3,1,2,1,3,2,2,3,4,2,3,2,2,1,3,2,1,4,1,1,3,1,4,1,1,2,1,1,1,1,3,1,3,1,1,1,3,1,1,1,1,1,2,2,3,1,2,2,2,2,2,3,3,1,2,1,1,1,3,2,2,1,3,3,3,3,3,2,4,3,2,0,1,0,1,4,2,3,3
Survcare275_S38,3,1,1,4,4,1,3,2,4,3,4,3,4,1,2,2,3,3,1,1,2,3,2,2,1,1,3,4,4,1,3,3,2,3,2,2,4,3,1,1,1,2,3,1,2,1,4,2,2,3,4,2,2,3,2,2,1,3,2,1,0,4,1,1,3,4,2,3,3,2,1,1,1,3,3,1,1,1,2,3,2,1,1,1,1,2,2,3,3,3,4,3,2,2,3,3,3,3,2,2,1,3,2,2,1,1,3,3,3,2,3,4,4,3,1,4,0,4,4,0,3,0,3,1,1,4,4,1,3,2,4,4,3,4,1,2,2,3,3,1,1,2,3,2,1,1,3,4,4,1,3,3,2,3,2,2,4,3,1,1,1,3,1,2,1,4,2,2,3,4,2,3,2,2,1,3,2,1,0,4,1,1,3,4,2,3,3,2,1,1,1,3,3,1,1,1,2,3,2,1,1,1,1,2,2,3,3,3,4,3,2,2,3,3,3,3,2,2,1,3,2,2,1,1,3,3,3,3,4,4,3,1,4,0,4,4,0,3,0,2,3,1,1,2,4,4,1,3,2,4,3,4,3,4,1,2,2,3,3,1,1,2,3,2,2,1,1,3,4,4,1,3,4,3,2,3,2,2,4,3,1,1,3,1,2,3,1,3,2,1,4,2,2,3,4,2,2,3,2,2,1,3,2,1,0,4,1,1,1,3,4,2,3,3,2,1,1,1,2,3,2,3,1,1,1,2,3,4,2,2,1,1,3,1,1,2,2,3,3,3,4,3,2,2,3,3,3,3,3,2,2,1,3,2,2,1,1,3,3,3,3,2,3,4,4,3,1,4,0,4,4,1,4,0,3,1,0,3,0,3,1,3,1,1,4,4,1,3,2,4,3,4,3,4,1,2,2,3,3,1,1,2,3,2,1,1,3,4,4,1,3,3,2,3,2,2,4,3,1,1,1,3,1,2,1,4,2,2,3,4,2,3,2,2,1,3,2,1,0,4,1,1,3,4,2,3,3,2,1,1,1,3,3,1,1,1,2,3,2,1,1,1,1,2,2,3,3,3,4,3,2,2,3,3,3,3,2,2,1,3,2,2,1,1,3,3,3,3,4,4,3,1,4,0,4,4,4,0,3,0
Survcare278_S62,3,1,1,4,1,1,1,2,3,3,4,0,0,1,4,2,3,3,1,0,0,3,1,2,1,1,3,4,4,1,3,3,1,3,2,2,4,3,1,2,3,2,0,1,2,1,0,0,2,3,4,2,2,3,2,2,1,3,2,1,1,4,1,3,0,4,2,3,3,1,1,1,1,3,3,1,1,1,0,0,2,0,1,1,4,0,2,3,3,2,4,3,2,2,3,0,3,3,0,2,1,3,0,0,0,1,3,3,3,2,3,2,4,3,1,4,1,4,1,2,3,3,3,1,1,4,1,1,1,2,3,4,0,0,1,4,2,3,3,1,0,0,3,1,1,1,3,4,4,1,3,3,1,3,2,2,4,3,1,2,3,0,1,2,1,0,0,2,3,4,2,3,2,2,1,3,2,1,1,4,1,3,0,4,2,3,3,1,1,1,1,3,3,1,1,1,0,0,2,0,1,1,4,0,2,3,3,2,4,3,2,2,3,0,3,3,0,2,1,3,0,0,0,1,3,3,3,3,2,4,3,1,4,1,4,1,2,3,3,3,3,1,1,1,4,1,1,1,2,3,3,4,0,0,1,4,2,3,3,1,0,0,3,1,2,1,1,3,4,4,1,3,4,3,1,3,2,2,4,3,1,2,3,3,2,0,1,3,2,1,0,0,2,3,4,2,2,3,2,2,1,3,2,1,1,4,1,1,3,0,4,2,3,3,1,1,1,1,2,3,2,3,1,1,1,0,0,3,2,2,0,1,3,1,4,0,2,3,3,2,4,3,2,2,3,3,0,3,3,0,2,1,3,0,0,0,1,3,3,3,3,2,3,2,4,3,1,4,1,4,1,1,4,1,3,1,2,3,3,3,1,3,1,1,4,1,1,1,2,3,3,4,0,0,1,4,2,3,3,1,0,0,3,1,1,1,3,4,4,1,3,3,1,3,2,2,4,3,1,2,3,0,1,2,1,0,0,2,3,4,2,3,2,2,1,3,2,1,1,4,1,3,0,4,2,3,3,1,1,1,1,3,3,1,1,1,0,0,2,0,1,1,4,0,2,3,3,2,4,3,2,2,3,0,3,3,0,2,1,3,0,0,0,1,3,3,3,3,2,4,3,1,4,1,4,1,4,2,3,3
Survcare289_S36,0,0,0,0,0,0,0,0,0,0,0,0,0,0,0,0,0,0,0,0,0,0,0,0,0,0,0,0,0,0,0,0,0,0,0,2,3,3,0,2,1,2,3,1,0,0,0,0,0,0,0,0,0,0,0,0,0,0,2,1,1,0,0,1,0,4,2,3,3,2,1,0,1,0,3,1,0,0,0,0,0,0,1,1,0,0,0,3,0,0,0,0,0,0,0,0,0,0,0,0,0,0,0,2,0,0,3,3,3,2,3,4,4,3,1,4,1,4,4,2,3,3,0,0,0,0,0,0,0,0,0,0,0,0,0,0,0,0,0,0,0,0,0,0,0,0,0,0,0,0,0,0,0,0,0,2,3,3,0,2,1,3,1,0,0,0,0,0,0,0,0,0,0,0,0,0,2,1,1,0,0,1,0,4,2,3,3,2,1,0,1,0,3,1,0,0,0,0,0,0,1,1,0,0,0,3,0,0,0,0,0,0,0,0,0,0,0,0,0,0,0,2,0,0,3,3,3,3,4,4,3,1,4,1,4,4,2,3,3,3,0,0,0,0,0,0,0,0,0,0,0,0,0,0,0,0,0,0,0,0,0,0,0,0,0,0,0,0,0,0,0,0,0,0,0,0,0,2,3,3,0,2,3,1,2,3,1,0,0,0,0,0,0,0,0,0,0,0,0,0,0,0,2,1,1,0,0,0,1,0,4,2,3,3,2,1,0,1,2,0,0,3,1,0,0,0,0,3,0,0,0,1,3,1,0,0,0,3,0,0,0,0,0,0,0,3,0,0,0,0,0,0,0,0,2,0,0,3,3,3,3,2,3,4,4,3,1,4,1,4,4,1,4,1,3,1,2,3,3,3,1,0,0,0,0,0,0,0,0,0,0,0,0,0,0,0,0,0,0,0,0,0,0,0,0,0,0,0,0,0,0,0,0,0,0,2,3,3,0,2,1,3,1,0,0,0,0,0,0,0,0,0,0,0,0,0,2,1,1,0,0,1,0,4,2,3,3,2,1,0,1,0,3,1,0,0,0,0,0,0,1,1,0,0,0,3,0,0,0,0,0,0,0,0,0,0,0,0,0,0,0,2,0,0,3,3,3,3,4,4,3,1,4,1,4,4,4,2,3,3
Survcare291_S38,3,1,1,4,4,1,3,2,4,3,4,3,4,1,2,2,3,3,1,1,2,3,2,2,1,1,3,4,4,1,3,3,2,3,0,2,4,3,1,1,1,2,3,1,2,1,4,2,2,3,4,2,2,3,2,2,1,3,2,1,0,4,1,1,3,4,2,3,3,2,1,1,1,3,3,1,1,1,2,3,2,1,1,1,1,2,2,3,3,3,4,3,2,2,3,3,3,3,2,2,1,3,2,2,1,1,3,3,3,2,3,4,4,3,1,4,0,4,4,0,3,0,3,1,1,4,4,1,3,2,4,4,3,4,1,2,2,3,3,1,1,2,3,2,1,1,3,4,4,1,3,3,2,3,0,2,4,3,1,1,1,3,1,2,1,4,2,2,3,4,2,3,2,2,1,3,2,1,0,4,1,1,3,4,2,3,3,2,1,1,1,3,3,1,1,1,2,3,2,1,1,1,1,2,2,3,3,3,4,3,2,2,3,3,3,3,2,2,1,3,2,2,1,1,3,3,3,3,4,4,3,1,4,0,4,4,0,3,0,2,3,1,1,2,4,4,1,3,2,4,3,4,3,4,1,2,2,3,3,1,1,2,3,2,2,1,1,3,4,4,1,3,4,3,2,3,0,2,4,3,1,1,3,1,2,3,1,3,2,1,4,2,2,3,4,2,2,3,2,2,1,3,2,1,0,4,1,1,1,3,4,2,3,3,2,1,1,1,2,3,2,3,1,1,1,2,3,4,2,2,1,1,3,1,1,2,2,3,3,3,4,3,2,2,3,3,3,3,3,2,2,1,3,2,2,1,1,3,3,3,3,2,3,4,4,3,1,4,0,4,4,1,4,0,3,1,0,3,0,3,1,3,1,1,4,4,1,3,2,4,3,4,3,4,1,2,2,3,3,1,1,2,3,2,1,1,3,4,4,1,3,3,2,3,0,2,4,3,1,1,1,3,1,2,1,4,2,2,3,4,2,3,2,2,1,3,2,1,0,4,1,1,3,4,2,3,3,2,1,1,1,3,3,1,1,1,2,3,2,1,1,1,1,2,2,3,3,3,4,3,2,2,3,3,3,3,2,2,1,3,2,2,1,1,3,3,3,3,4,4,3,1,4,0,4,4,4,0,3,0
Survcare292_S39,3,1,2,0,0,0,0,4,4,3,4,1,0,1,0,0,0,3,1,1,2,3,2,0,1,0,3,4,4,1,3,0,0,0,2,2,3,0,1,1,1,2,3,1,0,0,3,0,0,0,0,0,0,0,0,0,0,0,2,1,1,4,1,3,0,4,2,2,3,0,0,0,1,3,3,0,0,1,2,3,2,1,1,0,4,2,0,3,3,0,0,3,2,0,0,0,3,0,0,0,1,0,0,2,0,1,3,4,3,2,3,4,3,3,1,4,0,4,4,2,3,3,3,1,2,0,0,0,0,4,4,4,1,0,1,0,0,0,3,1,1,2,3,2,1,0,3,4,4,1,3,0,0,0,2,2,3,0,1,1,1,3,1,0,0,3,0,0,0,0,0,0,0,0,0,0,2,1,1,4,1,3,0,4,2,2,3,0,0,0,1,3,3,0,0,1,2,3,2,1,1,0,4,2,0,3,3,0,0,3,2,0,0,0,3,0,0,0,1,0,0,2,0,1,3,4,3,3,4,3,3,1,4,0,4,4,2,3,3,3,3,1,2,2,0,0,0,0,4,4,3,4,1,0,1,0,0,0,3,1,1,2,3,2,0,1,0,3,4,4,1,3,4,0,0,0,2,2,3,0,1,1,3,1,2,3,1,0,0,0,3,0,0,0,0,0,0,0,0,0,0,0,2,1,1,4,0,1,3,0,4,2,2,3,0,0,0,1,2,3,2,3,0,0,1,2,3,3,2,2,1,1,3,0,4,2,0,3,3,0,0,3,2,0,0,3,0,3,0,0,0,1,0,0,2,0,1,3,4,3,3,2,3,4,3,3,1,4,0,4,4,1,4,1,3,1,2,3,3,3,1,3,1,2,0,0,0,0,4,4,3,4,1,0,1,0,0,0,3,1,1,2,3,2,1,0,3,4,4,1,3,0,0,0,2,2,3,0,1,1,1,3,1,0,0,3,0,0,0,0,0,0,0,0,0,0,2,1,1,4,1,3,0,4,2,2,3,0,0,0,1,3,3,0,0,1,2,3,2,1,1,0,4,2,0,3,3,0,0,3,2,0,0,0,3,0,0,0,1,0,0,2,0,1,3,4,3,3,4,3,3,1,4,0,4,4,4,2,3,3
Survcare293_S40,0,0,0,0,0,0,0,0,0,0,0,0,0,0,0,0,0,0,0,0,0,0,0,0,0,0,0,0,0,0,0,0,0,0,0,2,3,3,0,2,1,2,3,1,0,0,0,0,0,0,0,0,0,0,0,0,0,0,2,1,1,0,0,1,0,4,2,3,3,2,1,0,1,0,3,1,0,0,0,0,0,0,1,1,0,0,0,3,0,0,0,0,0,0,0,0,0,0,0,0,0,0,0,2,0,0,3,3,3,2,3,4,4,3,1,4,1,4,4,2,3,3,0,0,0,0,0,0,0,0,0,0,0,0,0,0,0,0,0,0,0,0,0,0,0,0,0,0,0,0,0,0,0,0,0,2,3,3,0,2,1,3,1,0,0,0,0,0,0,0,0,0,0,0,0,0,2,1,1,0,0,1,0,4,2,3,3,2,1,0,1,0,3,1,0,0,0,0,0,0,1,1,0,0,0,3,0,0,0,0,0,0,0,0,0,0,0,0,0,0,0,2,0,0,3,3,3,3,4,4,3,1,4,1,4,4,2,3,3,3,0,0,0,0,0,0,0,0,0,0,0,0,0,0,0,0,0,0,0,0,0,0,0,0,0,0,0,0,0,0,0,0,0,0,0,0,0,2,3,3,0,2,3,1,2,3,1,0,0,0,0,0,0,0,0,0,0,0,0,0,0,0,2,1,1,0,0,0,1,0,4,2,3,3,2,1,0,1,2,0,0,3,1,0,0,0,0,3,0,0,0,1,3,1,0,0,0,3,0,0,0,0,0,0,0,3,0,0,0,0,0,0,0,0,2,0,0,3,3,3,3,2,3,4,4,3,1,4,1,4,4,1,4,1,3,1,2,3,3,3,1,0,0,0,0,0,0,0,0,0,0,0,0,0,0,0,0,0,0,0,0,0,0,0,0,0,0,0,0,0,0,0,0,0,0,2,3,3,0,2,1,3,1,0,0,0,0,0,0,0,0,0,0,0,0,0,2,1,1,0,0,1,0,4,2,3,3,2,1,0,1,0,3,1,0,0,0,0,0,0,1,1,0,0,0,3,0,0,0,0,0,0,0,0,0,0,0,0,0,0,0,2,0,0,3,3,3,3,4,4,3,1,4,1,4,4,4,2,3,3
Survcare295_S8_L001,3,0,1,4,4,1,1,2,4,3,4,0,4,1,2,2,3,3,1,1,2,3,2,2,1,1,3,4,4,1,3,3,2,3,2,2,4,3,0,2,1,2,3,1,2,1,3,2,2,3,4,2,2,3,2,2,0,3,2,1,1,4,1,1,3,4,2,3,3,2,1,1,1,3,3,1,1,1,0,3,2,3,1,1,0,2,2,3,3,3,4,3,2,2,3,3,3,3,1,2,1,3,2,2,1,1,3,3,3,2,3,4,3,3,1,4,1,4,4,2,3,3,3,0,1,4,4,1,1,2,4,4,0,4,1,2,2,3,3,1,1,2,3,2,1,1,3,4,4,1,3,3,2,3,2,2,4,3,0,2,1,3,1,2,1,3,2,2,3,4,2,3,2,2,0,3,2,1,1,4,1,1,3,4,2,3,3,2,1,1,1,3,3,1,1,1,0,3,2,3,1,1,0,2,2,3,3,3,4,3,2,2,3,3,3,3,1,2,1,3,2,2,1,1,3,3,3,3,4,3,3,1,4,1,4,4,2,3,3,3,3,0,1,1,4,4,1,1,2,4,3,4,0,4,1,2,2,3,3,1,1,2,3,2,2,1,1,3,4,4,1,3,1,3,2,3,2,2,4,3,0,2,3,1,2,3,1,0,2,1,3,2,2,3,4,2,2,3,2,2,0,3,2,1,1,4,0,1,1,3,4,2,3,3,2,1,1,1,2,3,2,3,1,1,1,0,3,4,2,2,3,1,3,1,0,2,2,3,3,3,4,3,2,2,3,3,3,3,3,1,2,1,3,2,2,1,1,3,3,3,3,2,3,4,3,3,1,4,1,4,4,1,4,0,3,0,2,3,3,3,1,3,0,1,4,4,1,1,2,4,3,4,0,4,1,2,2,3,3,1,1,2,3,2,1,1,3,4,4,1,3,3,2,3,2,2,4,3,0,2,1,3,1,2,1,3,2,2,3,4,2,3,2,2,0,3,2,1,1,4,1,1,3,4,2,3,3,2,1,1,1,3,3,1,1,1,0,3,2,3,1,1,0,2,2,3,3,3,4,3,2,2,3,3,3,3,1,2,1,3,2,2,1,1,3,3,3,3,4,3,3,1,4,1,4,4,4,2,3,3
Survcare303_S15_L001,3,0,1,4,4,1,1,2,4,3,4,1,4,1,2,2,3,3,1,1,2,3,2,2,1,1,3,4,4,1,3,3,2,3,2,2,4,3,1,1,3,2,3,1,2,1,3,2,2,3,4,2,2,3,2,2,1,3,2,1,1,4,1,1,3,4,2,3,3,2,1,1,1,3,3,1,1,1,0,3,2,3,1,1,0,2,2,3,3,3,4,3,2,2,3,3,3,3,1,2,1,3,2,2,1,1,3,3,3,2,3,4,4,3,1,4,1,4,1,2,1,3,3,0,1,4,4,1,1,2,4,4,1,4,1,2,2,3,3,1,1,2,3,2,1,1,3,4,4,1,3,3,2,3,2,2,4,3,1,1,3,3,1,2,1,3,2,2,3,4,2,3,2,2,1,3,2,1,1,4,1,1,3,4,2,3,3,2,1,1,1,3,3,1,1,1,0,3,2,3,1,1,0,2,2,3,3,3,4,3,2,2,3,3,3,3,1,2,1,3,2,2,1,1,3,3,3,3,4,4,3,1,4,1,4,1,2,1,3,2,3,0,1,1,4,4,1,1,2,4,3,4,1,4,1,2,2,3,3,1,1,2,3,2,2,1,1,3,4,4,1,3,1,3,2,3,2,2,4,3,1,1,3,3,2,3,1,3,2,1,3,2,2,3,4,2,2,3,2,2,1,3,2,1,1,4,0,1,1,3,4,2,3,3,2,1,1,1,2,3,2,3,1,1,1,0,3,4,2,2,3,1,3,1,0,2,2,3,3,3,4,3,2,2,3,3,3,3,3,1,2,1,3,2,2,1,1,3,3,3,3,2,3,4,4,3,1,4,1,4,1,1,4,0,3,0,2,1,3,3,1,3,0,1,4,4,1,1,2,4,3,4,1,4,1,2,2,3,3,1,1,2,3,2,1,1,3,4,4,1,3,3,2,3,2,2,4,3,1,1,3,3,1,2,1,3,2,2,3,4,2,3,2,2,1,3,2,1,1,4,1,1,3,4,2,3,3,2,1,1,1,3,3,1,1,1,0,3,2,3,1,1,0,2,2,3,3,3,4,3,2,2,3,3,3,3,1,2,1,3,2,2,1,1,3,3,3,3,4,4,3,1,4,1,4,1,4,2,1,3
Survcare309_S20_L001,0,0,0,0,0,0,0,0,0,0,0,0,0,0,0,0,0,0,0,0,0,0,0,0,0,0,0,0,0,0,0,0,0,0,0,2,3,3,0,2,1,2,3,1,0,0,0,0,0,0,0,0,0,0,0,0,0,0,2,1,1,0,0,1,0,4,2,3,3,2,1,0,1,0,3,1,0,0,0,0,0,0,1,1,0,0,0,3,0,0,0,0,0,0,0,0,0,0,0,0,0,0,0,2,0,0,3,3,3,2,3,4,4,3,1,4,1,4,4,2,3,3,0,0,0,0,0,0,0,0,0,0,0,0,0,0,0,0,0,0,0,0,0,0,0,0,0,0,0,0,0,0,0,0,0,2,3,3,0,2,1,3,1,0,0,0,0,0,0,0,0,0,0,0,0,0,2,1,1,0,0,1,0,4,2,3,3,2,1,0,1,0,3,1,0,0,0,0,0,0,1,1,0,0,0,3,0,0,0,0,0,0,0,0,0,0,0,0,0,0,0,2,0,0,3,3,3,3,4,4,3,1,4,1,4,4,2,3,3,3,0,0,0,0,0,0,0,0,0,0,0,0,0,0,0,0,0,0,0,0,0,0,0,0,0,0,0,0,0,0,0,0,0,0,0,0,0,2,3,3,0,2,3,1,2,3,1,0,0,0,0,0,0,0,0,0,0,0,0,0,0,0,2,1,1,0,0,0,1,0,4,2,3,3,2,1,0,1,2,0,0,3,1,0,0,0,0,3,0,0,0,1,3,1,0,0,0,3,0,0,0,0,0,0,0,3,0,0,0,0,0,0,0,0,2,0,0,3,3,3,3,2,3,4,4,3,1,4,1,4,4,1,4,1,3,1,2,3,3,3,1,0,0,0,0,0,0,0,0,0,0,0,0,0,0,0,0,0,0,0,0,0,0,0,0,0,0,0,0,0,0,0,0,0,0,2,3,3,0,2,1,3,1,0,0,0,0,0,0,0,0,0,0,0,0,0,2,1,1,0,0,1,0,4,2,3,3,2,1,0,1,0,3,1,0,0,0,0,0,0,1,1,0,0,0,3,0,0,0,0,0,0,0,0,0,0,0,0,0,0,0,2,0,0,3,3,3,3,4,4,3,1,4,1,4,4,4,2,3,3
Survcare310_S21_L001,0,1,2,0,1,1,0,0,4,3,4,1,0,1,0,0,0,3,0,1,2,3,2,0,1,0,3,4,4,1,3,3,0,3,0,2,3,3,0,1,1,2,3,1,2,1,3,0,2,3,4,2,2,3,2,2,0,0,2,1,1,0,0,3,1,0,2,2,3,0,1,0,1,3,3,0,0,0,2,3,2,1,1,1,0,2,2,3,3,3,0,3,2,2,3,0,0,3,1,2,0,3,0,2,0,0,3,4,3,2,4,4,3,3,1,4,1,4,4,2,3,3,0,1,2,0,1,1,0,0,4,4,1,0,1,0,0,0,3,0,1,2,3,2,1,0,3,4,4,1,3,3,0,3,0,2,3,3,0,1,1,3,1,2,1,3,0,2,3,4,2,3,2,2,0,0,2,1,1,0,0,3,1,0,2,2,3,0,1,0,1,3,3,0,0,0,2,3,2,1,1,1,0,2,2,3,3,3,0,3,2,2,3,0,0,3,1,2,0,3,0,2,0,0,3,4,3,4,4,3,3,1,4,1,4,4,2,3,3,0,0,1,2,0,0,1,1,0,0,4,3,4,1,0,1,0,0,0,3,0,1,2,3,2,0,1,0,3,4,4,1,3,0,3,0,3,0,2,3,3,0,1,3,1,2,3,1,3,2,1,3,0,2,3,4,2,2,3,2,2,0,0,2,1,1,0,0,0,3,1,0,2,2,3,0,1,0,1,2,3,2,3,0,0,0,2,3,3,2,2,1,1,3,1,0,2,2,3,3,3,0,3,2,2,3,3,0,0,3,1,2,0,3,0,2,0,0,3,4,3,3,2,4,4,3,3,1,4,1,4,4,1,4,1,3,1,2,3,3,3,1,0,1,2,0,1,1,0,0,4,3,4,1,0,1,0,0,0,3,0,1,2,3,2,1,0,3,4,4,1,3,3,0,3,0,2,3,3,0,1,1,3,1,2,1,3,0,2,3,4,2,3,2,2,0,0,2,1,1,0,0,3,1,0,2,2,3,0,1,0,1,3,3,0,0,0,2,3,2,1,1,1,0,2,2,3,3,3,0,3,2,2,3,0,0,3,1,2,0,3,0,2,0,0,3,4,3,4,4,3,3,1,4,1,4,4,4,2,3,3
Survcare313_S24_L001,3,0,1,4,4,1,1,2,4,3,4,1,4,1,2,2,3,3,1,1,2,3,2,2,1,1,3,4,4,1,3,3,2,3,2,2,4,3,0,1,1,2,3,1,2,1,3,2,2,3,4,2,2,3,2,2,0,3,2,1,1,4,1,1,3,4,2,3,3,2,1,1,1,3,3,1,1,1,0,3,2,3,1,1,0,2,2,3,3,3,4,3,2,2,3,3,3,3,1,2,1,3,2,2,1,1,3,3,3,2,3,4,4,3,1,0,1,0,4,2,3,3,3,0,1,4,4,1,1,2,4,4,1,4,1,2,2,3,3,1,1,2,3,2,1,1,3,4,4,1,3,3,2,3,2,2,4,3,0,1,1,3,1,2,1,3,2,2,3,4,2,3,2,2,0,3,2,1,1,4,1,1,3,4,2,3,3,2,1,1,1,3,3,1,1,1,0,3,2,3,1,1,0,2,2,3,3,3,4,3,2,2,3,3,3,3,1,2,1,3,2,2,1,1,3,3,3,3,4,4,3,1,0,1,0,4,2,3,3,2,3,0,1,1,4,4,1,1,2,4,3,4,1,4,1,2,2,3,3,1,1,2,3,2,2,1,1,3,4,4,1,3,1,3,2,3,2,2,4,3,0,1,3,1,2,3,1,3,2,1,3,2,2,3,4,2,2,3,2,2,0,3,2,1,1,4,0,1,1,3,4,2,3,3,2,1,1,1,2,3,2,3,1,1,1,0,3,4,2,2,3,1,3,1,0,2,2,3,3,3,4,3,2,2,3,3,3,3,3,1,2,1,3,2,2,1,1,3,3,3,3,2,3,4,4,3,1,0,1,0,4,1,4,0,3,0,2,3,3,3,1,3,0,1,4,4,1,1,2,4,3,4,1,4,1,2,2,3,3,1,1,2,3,2,1,1,3,4,4,1,3,3,2,3,2,2,4,3,0,1,1,3,1,2,1,3,2,2,3,4,2,3,2,2,0,3,2,1,1,4,1,1,3,4,2,3,3,2,1,1,1,3,3,1,1,1,0,3,2,3,1,1,0,2,2,3,3,3,4,3,2,2,3,3,3,3,1,2,1,3,2,2,1,1,3,3,3,3,4,4,3,1,0,1,0,4,4,2,3,3
Survcare317_S5_L001,3,1,1,0,1,1,1,2,3,0,3,1,0,1,2,2,3,3,4,1,2,3,2,2,1,1,3,4,4,1,3,3,1,3,2,2,3,3,3,2,3,0,3,1,2,1,3,2,2,3,4,2,2,3,2,2,1,3,0,1,1,4,1,3,0,4,2,2,3,1,1,1,1,3,3,1,1,1,0,0,2,1,1,1,4,0,0,3,3,3,4,3,2,2,3,3,3,2,0,2,1,3,3,2,0,1,3,4,3,2,3,4,3,3,0,0,0,4,4,2,3,3,3,1,1,0,1,1,1,2,3,3,1,0,1,2,2,3,3,4,1,2,3,2,1,1,3,4,4,1,3,3,1,3,2,2,3,3,3,2,3,3,1,2,1,3,2,2,3,4,2,3,2,2,1,3,0,1,1,4,1,3,0,4,2,2,3,1,1,1,1,3,3,1,1,1,0,0,2,1,1,1,4,0,0,3,3,3,4,3,2,2,3,3,3,2,0,2,1,3,3,2,0,1,3,4,3,3,4,3,3,0,0,0,4,4,2,3,3,3,3,1,1,0,0,1,1,1,2,3,0,3,1,0,1,2,2,3,3,4,1,2,3,2,2,1,1,3,4,4,1,3,4,3,1,3,2,2,3,3,3,2,3,3,0,3,1,3,2,1,3,2,2,3,4,2,2,3,2,2,1,3,0,1,1,4,1,1,3,0,4,2,2,3,1,1,1,1,2,3,2,3,1,1,1,0,0,3,2,2,1,1,3,1,4,0,0,3,3,3,4,3,2,2,3,3,3,3,2,0,2,1,3,3,2,0,1,3,4,3,3,2,3,4,3,3,0,0,0,4,4,1,4,1,3,1,2,3,3,3,0,3,1,1,0,1,1,1,2,3,0,3,1,0,1,2,2,3,3,4,1,2,3,2,1,1,3,4,4,1,3,3,1,3,2,2,3,3,3,2,3,3,1,2,1,3,2,2,3,4,2,3,2,2,1,3,0,1,1,4,1,3,0,4,2,2,3,1,1,1,1,3,3,1,1,1,0,0,2,1,1,1,4,0,0,3,3,3,4,3,2,2,3,3,3,2,0,2,1,3,3,2,0,1,3,4,3,3,4,3,3,0,0,0,4,4,4,2,3,3
Survcare318_S20_L001,3,0,1,4,4,1,1,2,4,3,4,1,4,1,2,2,3,3,1,1,2,3,2,2,1,1,3,4,4,1,3,3,2,3,2,2,4,3,0,1,1,0,3,1,2,0,3,2,2,3,4,2,2,3,2,2,0,3,2,1,1,4,1,1,3,4,2,3,3,2,1,1,1,3,3,1,1,1,0,3,2,3,1,1,0,2,2,3,3,3,4,3,2,2,3,3,3,3,1,2,1,3,2,2,1,1,3,3,3,2,3,4,4,3,1,0,1,0,4,2,3,3,3,0,1,4,4,1,1,2,4,4,1,4,1,2,2,3,3,1,1,2,3,2,1,1,3,4,4,1,3,3,2,3,2,2,4,3,0,1,1,3,1,2,0,3,2,2,3,4,2,3,2,2,0,3,2,1,1,4,1,1,3,4,2,3,3,2,1,1,1,3,3,1,1,1,0,3,2,3,1,1,0,2,2,3,3,3,4,3,2,2,3,3,3,3,1,2,1,3,2,2,1,1,3,3,3,3,4,4,3,1,0,1,0,4,2,3,3,2,3,0,1,1,4,4,1,1,2,4,3,4,1,4,1,2,2,3,3,1,1,2,3,2,2,1,1,3,4,4,1,3,1,3,2,3,2,2,4,3,0,1,3,1,0,3,1,3,2,0,3,2,2,3,4,2,2,3,2,2,0,3,2,1,1,4,0,1,1,3,4,2,3,3,2,1,1,1,0,3,2,3,1,1,1,0,3,4,2,2,3,1,3,1,0,2,2,3,3,3,4,3,2,2,3,3,3,3,3,1,2,1,3,2,2,1,1,3,3,3,3,2,3,4,4,3,1,0,1,0,4,1,4,0,3,0,2,3,3,3,1,3,0,1,4,4,1,1,2,4,3,4,1,4,1,2,2,3,3,1,1,2,3,2,1,1,3,4,4,1,3,3,2,3,2,2,4,3,0,1,1,3,1,2,0,3,2,2,3,4,2,3,2,2,0,3,2,1,1,4,1,1,3,4,2,3,3,2,1,1,1,3,3,1,1,1,0,3,2,3,1,1,0,2,2,3,3,3,4,3,2,2,3,3,3,3,1,2,1,3,2,2,1,1,3,3,3,3,4,4,3,1,0,1,0,4,4,2,3,3
Survcare319_S16,3,0,1,4,4,1,1,2,4,3,4,1,4,1,2,2,3,3,1,1,2,3,2,2,1,1,3,4,4,1,3,3,2,3,2,2,4,3,0,1,1,0,3,1,2,0,3,2,2,3,4,2,2,3,2,2,0,3,2,1,1,4,1,1,3,4,2,3,3,2,1,1,1,3,3,1,1,1,0,3,2,3,1,1,0,2,2,3,3,3,4,3,2,2,3,3,3,3,1,2,1,3,2,2,1,1,3,3,3,2,3,4,4,3,1,0,1,0,4,2,3,3,3,0,1,4,4,1,1,2,4,4,1,4,1,2,2,3,3,1,1,2,3,2,1,1,3,4,4,1,3,3,2,3,2,2,4,3,0,1,1,3,1,2,0,3,2,2,3,4,2,3,2,2,0,3,2,1,1,4,1,1,3,4,2,3,3,2,1,1,1,3,3,1,1,1,0,3,2,3,1,1,0,2,2,3,3,3,4,3,2,2,3,3,3,3,1,2,1,3,2,2,1,1,3,3,3,3,4,4,3,1,0,1,0,4,2,3,3,2,3,0,1,1,4,4,1,1,2,4,3,4,1,4,1,2,2,3,3,1,1,2,3,2,2,1,1,3,4,4,1,3,1,3,2,3,2,2,4,3,0,1,3,1,0,3,1,3,2,0,3,2,2,3,4,2,2,3,2,2,0,3,2,1,1,4,0,1,1,3,4,2,3,3,2,1,1,1,2,3,2,3,1,1,1,0,3,4,2,2,3,1,3,1,0,2,2,3,3,3,4,3,2,2,3,3,3,3,3,1,2,1,3,2,2,1,1,3,3,3,3,2,3,4,4,3,1,0,1,0,4,1,4,0,3,0,2,3,3,3,1,3,0,1,4,4,1,1,2,4,3,4,1,4,1,2,2,3,3,1,1,2,3,2,1,1,3,4,4,1,3,3,2,3,2,2,4,3,0,1,1,3,1,2,0,3,2,2,3,4,2,3,2,2,0,3,2,1,1,4,1,1,3,4,2,3,3,2,1,1,1,3,3,1,1,1,0,3,2,3,1,1,0,2,2,3,3,3,4,3,2,2,3,3,3,3,1,2,1,3,2,2,1,1,3,3,3,3,4,4,3,1,0,1,0,4,4,2,3,3
Survcare321_S18,3,0,1,0,4,1,0,2,4,0,4,0,4,1,2,2,3,0,1,1,2,3,2,2,1,1,0,4,4,0,0,3,1,3,2,2,4,3,1,2,3,2,3,1,0,1,0,0,2,3,4,2,2,3,2,2,1,3,2,1,1,4,1,1,0,4,2,3,3,2,1,0,1,0,3,1,1,1,0,0,2,1,1,1,1,2,2,3,3,3,4,3,2,2,0,3,3,3,1,2,0,3,2,2,0,1,3,3,3,2,3,2,4,3,1,4,0,4,4,2,3,3,3,0,1,0,4,1,0,2,4,4,0,4,1,2,2,3,0,1,1,2,3,2,1,1,0,4,4,0,0,3,1,3,2,2,4,3,1,2,3,3,1,0,1,0,0,2,3,4,2,3,2,2,1,3,2,1,1,4,1,1,0,4,2,3,3,2,1,0,1,0,3,1,1,1,0,0,2,1,1,1,1,2,2,3,3,3,4,3,2,2,0,3,3,3,1,2,0,3,2,2,0,1,3,3,3,3,2,4,3,1,4,0,4,4,2,3,3,3,3,0,1,1,0,4,1,0,2,4,0,4,0,4,1,2,2,3,0,1,1,2,3,2,2,1,1,0,4,4,0,0,4,3,1,3,2,2,4,3,1,2,3,3,2,3,1,0,0,1,0,0,2,3,4,2,2,3,2,2,1,3,2,1,1,4,0,1,1,0,4,2,3,3,2,1,0,1,2,0,0,3,1,1,1,0,0,4,2,2,1,1,3,1,1,2,2,3,3,3,4,3,2,2,0,3,3,3,3,1,2,0,3,2,2,0,1,3,3,3,3,2,3,2,4,3,1,4,0,4,4,1,4,1,3,0,2,3,3,3,1,3,0,1,0,4,1,0,2,4,0,4,0,4,1,2,2,3,0,1,1,2,3,2,1,1,0,4,4,0,0,3,1,3,2,2,4,3,1,2,3,3,1,0,1,0,0,2,3,4,2,3,2,2,1,3,2,1,1,4,1,1,0,4,2,3,3,2,1,0,1,0,3,1,1,1,0,0,2,1,1,1,1,2,2,3,3,3,4,3,2,2,0,3,3,3,1,2,0,3,2,2,0,1,3,3,3,3,2,4,3,1,4,0,4,4,4,2,3,3
Survcare327_S1,1,1,1,4,1,1,1,2,2,3,3,1,4,1,2,2,3,3,1,1,2,3,1,1,1,1,3,4,4,1,3,3,1,1,1,2,3,2,1,2,3,2,3,1,2,1,3,2,2,3,4,2,2,3,2,2,1,3,2,1,4,1,1,3,1,4,1,1,2,1,1,1,1,3,1,3,1,1,1,3,1,1,1,1,1,0,2,3,1,2,2,2,2,2,3,3,1,2,1,1,1,0,2,2,1,3,3,4,0,2,4,4,3,0,1,4,4,4,4,2,3,3,1,1,1,4,1,1,1,2,2,3,1,4,1,2,2,3,3,1,1,2,3,1,1,1,3,4,4,1,3,3,1,1,1,2,3,2,1,2,3,3,1,2,1,3,2,2,3,4,2,3,2,2,1,3,2,1,4,1,1,3,1,4,1,1,2,1,1,1,1,3,1,3,1,1,1,3,1,1,1,1,1,0,2,3,1,2,2,2,2,2,3,3,1,2,1,1,1,0,2,2,1,3,3,4,0,4,4,3,0,1,4,4,4,4,2,3,3,0,1,1,1,1,4,1,1,1,2,2,3,3,1,4,1,2,2,3,3,1,1,2,3,1,1,1,1,3,4,4,1,3,1,3,1,1,1,2,3,2,1,2,0,3,2,3,1,3,2,1,3,2,2,3,4,2,2,3,2,2,1,3,2,1,4,1,4,1,3,1,4,1,1,2,1,1,1,1,0,3,2,1,3,1,1,1,3,0,1,2,1,1,0,1,1,0,2,3,1,2,2,2,2,2,3,0,3,1,2,1,1,1,0,2,2,1,3,3,4,0,3,2,4,4,3,0,1,4,4,4,4,0,0,1,0,1,2,3,3,0,0,1,1,1,4,1,1,1,2,2,3,3,1,4,1,2,2,3,3,1,1,2,3,1,1,1,3,4,4,1,3,3,1,1,1,2,3,2,1,2,3,3,1,2,1,3,2,2,3,4,2,3,2,2,1,3,2,1,4,1,1,3,1,4,1,1,2,1,1,1,1,3,1,3,1,1,1,3,1,1,1,1,1,0,2,3,1,2,2,2,2,2,3,3,1,2,1,1,1,0,2,2,1,3,3,4,0,4,4,3,0,1,4,4,4,4,0,2,3,3
Survcare329_S3,3,1,2,4,1,0,0,4,4,3,4,1,4,1,0,0,0,3,1,1,2,0,1,0,1,1,3,4,4,1,3,3,0,3,2,2,0,3,0,1,1,2,3,1,2,1,3,2,2,3,4,2,2,3,2,2,1,0,2,1,0,4,1,3,0,4,2,0,0,0,1,0,1,3,0,0,1,1,2,3,2,0,1,1,4,2,1,3,3,3,4,3,2,2,3,3,3,3,1,2,1,0,0,2,1,0,3,3,3,2,3,4,4,3,1,4,1,4,4,2,1,3,3,1,2,4,1,0,0,4,4,4,1,4,1,0,0,0,3,1,1,2,0,1,1,1,3,4,4,1,3,3,0,3,2,2,0,3,0,1,1,3,1,2,1,3,2,2,3,4,2,3,2,2,1,0,2,1,0,4,1,3,0,4,2,0,0,0,1,0,1,3,0,0,1,1,2,3,2,0,1,1,4,2,1,3,3,3,4,3,2,2,3,3,3,3,1,2,1,0,0,2,1,0,3,3,3,3,4,4,3,1,4,1,4,4,2,1,3,3,3,1,2,1,4,1,0,0,4,4,3,4,1,4,1,0,0,0,3,1,1,2,0,1,0,1,1,3,4,4,1,3,4,3,0,3,2,2,0,3,0,1,3,1,2,3,1,0,2,1,3,2,2,3,4,2,2,3,2,2,1,0,2,1,0,4,1,1,3,0,4,2,0,0,0,1,0,1,2,3,0,0,0,1,1,2,3,4,2,2,0,1,3,1,4,2,1,3,3,3,4,3,2,2,3,3,3,3,3,1,2,1,0,0,2,1,0,3,3,3,3,2,3,4,4,3,1,4,1,4,4,1,4,1,3,1,2,1,3,3,1,3,1,2,4,1,0,0,4,4,3,4,1,4,1,0,0,0,3,1,1,2,0,1,1,1,3,4,4,1,3,3,0,3,2,2,0,3,0,1,1,3,1,2,1,3,2,2,3,4,2,3,2,2,1,0,2,1,0,4,1,3,0,4,2,0,0,0,1,0,1,3,0,0,1,1,2,3,2,0,1,1,4,2,1,3,3,3,4,3,2,2,3,3,3,3,1,2,1,0,0,2,1,0,3,3,3,3,4,4,3,1,4,1,4,4,4,2,1,3
Survcare334_S10,3,0,1,4,4,1,1,2,4,3,4,1,4,1,2,2,3,3,1,1,2,3,2,2,1,1,3,4,4,1,3,3,2,3,2,2,4,3,0,1,1,2,3,1,2,1,3,2,2,3,4,2,2,3,2,2,1,3,2,1,1,4,1,1,3,4,2,3,3,2,1,1,1,0,3,1,1,1,0,3,2,3,1,1,0,2,2,3,3,3,4,3,2,2,3,3,3,3,1,2,1,3,2,2,1,1,3,3,3,2,3,4,4,3,1,0,1,0,4,2,3,3,3,0,1,4,4,1,1,2,4,4,1,4,1,2,2,3,3,1,1,2,3,2,1,1,3,4,4,1,3,3,2,3,2,2,4,3,0,1,1,3,1,2,1,3,2,2,3,4,2,3,2,2,1,3,2,1,1,4,1,1,3,4,2,3,3,2,1,1,1,0,3,1,1,1,0,3,2,3,1,1,0,2,2,3,3,3,4,3,2,2,3,3,3,3,1,2,1,3,2,2,1,1,3,3,3,3,4,4,3,1,0,1,0,4,2,3,3,2,3,0,1,1,4,4,1,1,2,4,3,4,1,4,1,2,2,3,3,1,1,2,3,2,2,1,1,3,4,4,1,3,1,3,2,3,2,2,4,3,0,1,3,1,2,3,1,3,2,1,3,2,2,3,4,2,2,3,2,2,1,3,2,1,1,4,0,1,1,3,4,2,3,3,2,1,1,1,2,0,0,3,1,1,1,0,3,4,2,2,3,1,3,1,0,2,2,3,3,3,4,3,2,2,3,3,3,3,3,1,2,1,3,2,2,1,1,3,3,3,3,2,3,4,4,3,1,0,1,0,4,1,4,0,3,0,2,3,3,3,1,3,0,1,4,4,1,1,2,4,3,4,1,4,1,2,2,3,3,1,1,2,3,2,1,1,3,4,4,1,3,3,2,3,2,2,4,3,0,1,1,3,1,2,1,3,2,2,3,4,2,3,2,2,1,3,2,1,1,4,1,1,3,4,2,3,3,2,1,1,1,0,3,1,1,1,0,3,2,3,1,1,0,2,2,3,3,3,4,3,2,2,3,3,3,3,1,2,1,3,2,2,1,1,3,3,3,3,4,4,3,1,0,1,0,4,4,2,3,3
Survcare335_S11,3,0,1,4,4,1,1,2,4,3,4,1,4,1,2,2,3,3,1,1,2,3,2,2,1,1,3,4,4,1,3,3,2,3,2,2,4,3,1,2,3,2,3,1,0,1,0,0,2,3,4,2,2,3,2,2,1,3,2,1,1,4,1,1,3,4,2,3,3,2,1,1,1,0,3,1,1,1,0,3,2,3,1,1,0,2,2,3,3,3,4,3,2,2,3,3,3,3,1,2,1,3,2,2,1,1,3,3,3,2,3,4,4,3,1,0,1,0,4,2,3,3,3,0,1,4,4,1,1,2,4,4,1,4,1,2,2,3,3,1,1,2,3,2,1,1,3,4,4,1,3,3,2,3,2,2,4,3,1,2,3,3,1,0,1,0,0,2,3,4,2,3,2,2,1,3,2,1,1,4,1,1,3,4,2,3,3,2,1,1,1,0,3,1,1,1,0,3,2,3,1,1,0,2,2,3,3,3,4,3,2,2,3,3,3,3,1,2,1,3,2,2,1,1,3,3,3,3,4,4,3,1,0,1,0,4,2,3,3,2,3,0,1,1,4,4,1,1,2,4,3,4,1,4,1,2,2,3,3,1,1,2,3,2,2,1,1,3,4,4,1,3,1,3,2,3,2,2,4,3,1,2,3,3,2,3,1,0,0,1,0,0,2,3,4,2,2,3,2,2,1,3,2,1,1,4,0,1,1,3,4,2,3,3,2,1,1,1,2,0,0,3,1,1,1,0,3,4,2,2,3,1,3,1,0,2,2,3,3,3,4,3,2,2,3,3,3,3,3,1,2,1,3,2,2,1,1,3,3,3,3,2,3,4,4,3,1,0,1,0,4,1,4,0,3,0,2,3,3,3,1,3,0,1,4,4,1,1,2,4,3,4,1,4,1,2,2,3,3,1,1,2,3,2,1,1,3,4,4,1,3,3,2,3,2,2,4,3,1,2,3,3,1,0,1,0,0,2,3,4,2,3,2,2,1,3,2,1,1,4,1,1,3,4,2,3,3,2,1,1,1,0,3,1,1,1,0,3,2,3,1,1,0,2,2,3,3,3,4,3,2,2,3,3,3,3,1,2,1,3,2,2,1,1,3,3,3,3,4,4,3,1,0,1,0,4,4,2,3,3
Survcare337_S12,3,1,1,4,4,1,3,2,4,3,4,1,4,1,2,2,3,3,1,1,2,3,2,2,1,1,3,4,4,1,3,3,1,3,2,2,4,2,1,1,3,2,3,1,2,1,3,2,2,3,4,2,0,3,2,2,1,3,2,1,0,4,2,1,0,4,2,3,2,2,1,1,1,3,3,1,1,1,0,2,2,1,1,1,4,2,2,3,3,3,4,3,2,2,3,3,3,0,1,2,1,3,3,2,1,1,3,3,3,2,3,4,4,3,1,0,1,4,4,2,3,0,3,1,1,4,4,1,3,2,4,4,1,4,1,2,2,3,3,1,1,2,3,2,1,1,3,4,4,1,3,3,1,3,2,2,4,2,1,1,3,3,1,2,1,3,2,2,3,4,2,3,2,2,1,3,2,1,0,4,2,1,0,4,2,3,2,2,1,1,1,3,3,1,1,1,0,2,2,1,1,1,4,2,2,3,3,3,4,3,2,2,3,3,3,0,1,2,1,3,3,2,1,1,3,3,3,3,4,4,3,1,0,1,4,4,2,3,0,3,3,1,1,1,4,4,1,3,2,4,3,4,1,4,1,2,2,3,3,1,1,2,3,2,2,1,1,3,4,4,1,3,4,3,1,3,2,2,4,2,1,1,3,3,2,3,1,3,2,1,3,2,2,3,4,2,0,3,2,2,1,3,2,1,0,4,0,2,1,0,4,2,3,2,2,1,1,1,2,3,0,3,1,1,1,0,2,4,2,2,1,1,3,1,4,2,2,3,3,3,4,3,2,2,3,3,3,3,0,1,2,1,3,3,2,1,1,3,3,3,3,2,3,4,4,3,1,0,1,4,4,1,4,1,3,0,2,3,0,3,1,3,1,1,4,4,1,3,2,4,3,4,1,4,1,2,2,3,3,1,1,2,3,2,1,1,3,4,4,1,3,3,1,3,2,2,4,2,1,1,3,3,1,2,1,3,2,2,3,4,2,3,2,2,1,3,2,1,0,4,2,1,0,4,2,3,2,2,1,1,1,3,3,1,1,1,0,2,2,1,1,1,4,2,2,3,3,3,4,3,2,2,3,3,3,0,1,2,1,3,3,2,1,1,3,3,3,3,4,4,3,1,0,1,4,4,4,2,3,0
Survcare341_S25,1,1,1,4,1,1,1,2,2,3,3,1,4,1,2,2,3,3,1,1,2,3,1,1,1,1,3,4,4,1,3,3,1,1,1,2,3,2,1,2,3,2,3,1,2,1,3,2,2,3,4,2,2,3,2,2,1,3,2,1,4,1,1,3,1,4,1,1,2,1,1,1,1,3,1,3,1,1,1,3,1,1,1,1,1,0,2,3,1,2,2,2,2,2,3,3,1,2,1,1,1,3,2,2,1,3,3,4,0,2,4,4,3,0,1,4,4,4,4,2,3,3,1,1,1,4,1,1,1,2,2,3,1,4,1,2,2,3,3,1,1,2,3,1,1,1,3,4,4,1,3,3,1,1,1,2,3,2,1,2,3,3,1,2,1,3,2,2,3,4,2,3,2,2,1,3,2,1,4,1,1,3,1,4,1,1,2,1,1,1,1,3,1,3,1,1,1,3,1,1,1,1,1,0,2,3,1,2,2,2,2,2,3,3,1,2,1,1,1,3,2,2,1,3,3,4,0,4,4,3,0,1,4,4,4,4,2,3,3,0,1,1,1,1,4,1,1,1,2,2,3,3,1,4,1,2,2,3,3,1,1,2,3,1,1,1,1,3,4,4,1,3,1,3,1,1,1,2,3,2,1,2,0,3,2,3,1,3,2,1,3,2,2,3,4,2,2,3,2,2,1,3,2,1,4,1,4,1,3,1,4,1,1,2,1,1,1,1,0,3,2,1,3,1,1,1,3,0,1,2,1,1,0,1,1,0,2,3,1,2,2,2,2,2,3,0,3,1,2,1,1,1,3,2,2,1,3,3,4,0,3,2,4,4,3,0,1,4,4,4,4,0,0,1,0,1,2,3,3,0,0,1,1,1,4,1,1,1,2,2,3,3,1,4,1,2,2,3,3,1,1,2,3,1,1,1,3,4,4,1,3,3,1,1,1,2,3,2,1,2,3,3,1,2,1,3,2,2,3,4,2,3,2,2,1,3,2,1,4,1,1,3,1,4,1,1,2,1,1,1,1,3,1,3,1,1,1,3,1,1,1,1,1,0,2,3,1,2,2,2,2,2,3,3,1,2,1,1,1,3,2,2,1,3,3,4,0,4,4,3,0,1,4,4,4,4,0,2,3,3
Survcare350_S44,3,1,1,4,1,1,1,2,4,3,4,1,4,1,2,2,3,3,1,1,2,3,1,2,1,1,3,4,4,1,3,3,0,3,2,2,3,3,0,1,0,2,3,1,0,0,0,0,0,0,0,0,0,0,0,0,0,0,2,1,1,4,0,3,1,4,2,2,3,2,0,1,1,3,0,1,1,1,2,3,2,1,1,1,4,2,1,3,3,3,4,3,2,2,3,3,3,3,1,2,1,3,2,2,1,0,3,3,3,0,4,4,4,3,1,4,1,4,4,2,3,3,3,1,1,4,1,1,1,2,4,4,1,4,1,2,2,3,3,1,1,2,3,1,1,1,3,4,4,1,3,3,0,3,2,2,3,3,0,1,0,3,1,0,0,0,0,0,0,0,0,0,0,0,0,0,2,1,1,4,0,3,1,4,2,2,3,2,0,1,1,3,0,1,1,1,2,3,2,1,1,1,4,2,1,3,3,3,4,3,2,2,3,3,3,3,1,2,1,3,2,2,1,0,3,3,3,4,4,4,3,1,4,1,4,4,2,3,3,3,3,1,1,0,4,1,1,1,2,4,3,4,1,4,1,2,2,3,3,1,1,2,3,1,2,1,1,3,4,4,1,3,0,3,0,3,2,2,3,3,0,1,3,0,2,3,1,0,0,0,0,0,0,0,0,0,0,0,0,0,0,0,2,1,1,4,1,0,3,1,4,2,2,3,2,0,1,1,2,3,2,0,1,1,1,2,3,3,2,2,1,1,3,1,4,2,1,3,3,3,4,3,2,2,3,3,3,3,3,1,2,1,3,2,2,1,0,3,3,3,0,0,4,4,4,3,1,4,1,4,4,1,4,1,3,1,2,3,3,3,1,3,1,1,4,1,1,1,2,4,3,4,1,4,1,2,2,3,3,1,1,2,3,1,1,1,3,4,4,1,3,3,0,3,2,2,3,3,0,1,0,3,1,0,0,0,0,0,0,0,0,0,0,0,0,0,2,1,1,4,0,3,1,4,2,2,3,2,0,1,1,3,0,1,1,1,2,3,2,1,1,1,4,2,1,3,3,3,4,3,2,2,3,3,3,3,1,2,1,3,2,2,1,0,3,3,3,4,4,4,3,1,4,1,4,4,4,2,3,3
Survcare360_S84,3,1,1,4,1,1,1,2,3,0,3,1,0,1,2,2,3,3,4,1,2,3,2,2,1,1,3,4,4,1,3,3,1,3,2,2,3,3,1,2,3,2,3,1,0,1,0,2,2,3,4,2,2,3,2,2,1,3,0,1,1,4,1,3,0,4,2,2,3,1,1,1,1,3,3,1,1,1,0,0,2,1,1,1,4,0,0,3,3,3,4,3,2,2,3,3,3,2,0,2,1,3,3,2,0,1,3,3,3,2,3,4,4,3,0,0,0,4,4,2,3,3,3,1,1,4,1,1,1,2,3,3,1,0,1,2,2,3,3,4,1,2,3,2,1,1,3,4,4,1,3,3,1,3,2,2,3,3,1,2,3,3,1,0,1,0,2,2,3,4,2,3,2,2,1,3,0,1,1,4,1,3,0,4,2,2,3,1,1,1,1,3,3,1,1,1,0,0,2,1,1,1,4,0,0,3,3,3,4,3,2,2,3,3,3,2,0,2,1,3,3,2,0,1,3,3,3,3,4,4,3,0,0,0,4,4,2,3,3,3,3,1,1,1,4,1,1,1,2,3,0,3,1,0,1,2,2,3,3,4,1,2,3,2,2,1,1,3,4,4,1,3,4,3,1,3,2,2,3,3,1,2,3,3,2,3,1,0,0,1,0,2,2,3,4,2,2,3,2,2,1,3,0,1,1,4,1,1,3,0,4,2,2,3,1,1,1,1,2,3,2,3,1,1,1,0,0,3,2,2,1,1,3,1,4,0,0,3,3,3,4,3,2,2,3,3,3,3,2,0,2,1,3,3,2,0,1,3,3,3,3,2,3,4,4,3,0,0,0,4,4,1,4,1,3,1,2,3,3,3,1,3,1,1,4,1,1,1,2,3,0,3,1,0,1,2,2,3,3,4,1,2,3,2,1,1,3,4,4,1,3,3,1,3,2,2,3,3,1,2,3,3,1,0,1,0,2,2,3,4,2,3,2,2,1,3,0,1,1,4,1,3,0,4,2,2,3,1,1,1,1,3,3,1,1,1,0,0,2,1,1,1,4,0,0,3,3,3,4,3,2,2,3,3,3,2,0,2,1,3,3,2,0,1,3,3,3,3,4,4,3,0,0,0,4,4,4,2,3,3
V1_S6_L001,3,4,1,4,1,1,1,2,3,3,4,0,0,1,4,2,3,3,1,0,0,3,1,2,1,1,3,4,4,1,3,3,1,3,2,2,4,3,1,2,1,2,3,1,2,1,3,2,2,3,4,2,2,3,2,2,1,3,2,1,1,4,1,3,0,4,2,3,3,1,1,1,1,3,3,1,1,1,0,0,2,0,1,1,4,0,2,3,3,2,4,3,2,2,3,0,3,3,0,2,1,3,0,0,0,1,3,3,3,2,3,2,4,3,1,4,1,4,1,2,3,3,3,4,1,4,1,1,1,2,3,4,0,0,1,4,2,3,3,1,0,0,3,1,1,1,3,4,4,1,3,3,1,3,2,2,4,3,1,2,1,3,1,2,1,3,2,2,3,4,2,3,2,2,1,3,2,1,1,4,1,3,0,4,2,3,3,1,1,1,1,3,3,1,1,1,0,0,2,0,1,1,4,0,2,3,3,2,4,3,2,2,3,0,3,3,0,2,1,3,0,0,0,1,3,3,3,3,2,4,3,1,4,1,4,1,2,3,3,3,3,4,1,1,4,1,1,1,2,3,3,4,0,0,1,4,2,3,3,1,0,0,3,1,2,1,1,3,4,4,1,3,4,3,1,3,2,2,4,3,1,2,3,1,2,3,1,0,2,1,3,2,2,3,4,2,2,3,2,2,1,3,2,1,1,4,1,1,3,0,4,2,3,3,1,1,1,1,2,3,2,3,1,1,1,0,0,3,2,2,0,1,3,1,4,0,2,3,3,2,4,3,2,2,3,3,0,3,3,0,2,1,3,0,0,0,1,3,3,3,3,2,3,2,4,3,1,4,1,4,1,1,4,1,3,1,2,3,3,3,1,3,4,1,4,1,1,1,2,3,3,4,0,0,1,4,2,3,3,1,0,0,3,1,1,1,3,4,4,1,3,3,1,3,2,2,4,3,1,2,1,3,1,2,1,3,2,2,3,4,2,3,2,2,1,3,2,1,1,4,1,3,0,4,2,3,3,1,1,1,1,3,3,1,1,1,0,0,2,0,1,1,4,0,2,3,3,2,4,3,2,2,3,0,3,3,0,2,1,3,0,0,0,1,3,3,3,3,2,4,3,1,4,1,4,1,4,2,3,3
V108_S2_L001,4,2,2,4,1,1,0,2,4,0,4,1,0,1,2,2,3,3,1,1,2,3,2,0,1,1,3,4,4,1,3,3,1,3,1,2,0,0,1,2,0,2,3,1,0,1,3,2,2,3,4,2,2,3,2,2,1,3,2,1,1,4,1,0,0,0,2,2,0,0,1,1,1,3,3,1,1,1,2,0,2,1,0,0,4,2,2,3,3,3,0,3,2,0,0,3,3,3,1,2,1,3,2,2,1,0,3,3,0,0,3,4,4,3,1,4,1,4,4,2,0,0,4,2,2,4,1,1,0,2,4,4,1,0,1,2,2,3,3,1,1,2,3,2,1,1,3,4,4,1,3,3,1,3,1,2,0,0,1,2,0,3,1,0,1,3,2,2,3,4,2,3,2,2,1,3,2,1,1,4,1,0,0,0,2,2,0,0,1,1,1,3,3,1,1,1,2,0,2,1,0,0,4,2,2,3,3,3,0,3,2,0,0,3,3,3,1,2,1,3,2,2,1,0,3,3,0,3,4,4,3,1,4,1,4,4,2,0,0,3,4,2,2,2,4,1,1,0,2,4,0,4,1,0,1,2,2,3,3,1,1,2,3,2,0,1,1,3,4,4,1,3,4,3,1,3,1,2,0,0,1,2,3,0,2,3,1,3,0,1,3,2,2,3,4,2,2,3,2,2,1,3,2,1,1,4,1,1,0,0,0,2,2,0,0,1,1,1,0,3,2,3,1,1,1,2,0,4,2,2,1,0,3,0,4,2,2,3,3,3,0,3,2,0,0,3,3,3,3,1,2,1,3,2,2,1,0,3,3,0,0,0,3,4,4,3,1,4,1,4,4,1,4,0,3,0,2,0,0,3,1,4,2,2,4,1,1,0,2,4,0,4,1,0,1,2,2,3,3,1,1,2,3,2,1,1,3,4,4,1,3,3,1,3,1,2,0,0,1,2,0,3,1,0,1,3,2,2,3,4,2,3,2,2,1,3,2,1,1,4,1,0,0,0,2,2,0,0,1,1,1,3,3,1,1,1,2,0,2,1,0,0,4,2,2,3,3,3,0,3,2,0,0,3,3,3,1,2,1,3,2,2,1,0,3,3,0,3,4,4,3,1,4,1,4,4,4,2,0,0
V111_S3_L001,0,0,0,0,0,0,0,0,0,0,0,0,0,0,0,0,0,0,0,0,0,0,0,0,0,0,0,0,0,0,0,0,0,0,0,0,0,0,1,2,3,2,3,1,2,1,3,2,2,3,4,2,2,3,2,2,1,3,2,1,0,0,0,0,0,0,0,0,0,0,0,0,0,0,0,0,0,0,0,0,0,0,1,1,0,0,0,3,0,0,0,0,0,0,0,0,0,0,0,0,0,0,0,0,0,1,3,4,3,2,3,4,4,3,1,4,0,4,1,2,3,3,0,0,0,0,0,0,0,0,0,0,0,0,0,0,0,0,0,0,0,0,0,0,0,0,0,0,0,0,0,0,0,0,0,0,0,0,1,2,3,3,1,2,1,3,2,2,3,4,2,3,2,2,1,3,2,1,0,0,0,0,0,0,0,0,0,0,0,0,0,0,0,0,0,0,0,0,0,0,1,1,0,0,0,3,0,0,0,0,0,0,0,0,0,0,0,0,0,0,0,0,0,1,3,4,3,3,4,4,3,1,4,0,4,1,2,3,3,3,0,0,0,0,0,0,0,0,0,0,0,0,0,0,0,0,0,0,0,0,0,0,0,0,0,0,0,0,0,0,0,0,0,0,0,0,0,0,0,0,1,2,3,3,2,3,1,3,2,1,3,2,2,3,4,2,2,3,2,2,1,3,2,1,0,0,0,0,0,0,0,0,0,0,0,0,0,0,2,0,0,0,0,0,0,0,0,3,0,0,0,1,3,1,0,0,0,3,0,0,0,0,0,0,0,3,0,0,0,0,0,0,0,0,0,0,1,3,4,3,3,2,3,4,4,3,1,4,0,4,1,0,0,1,3,1,2,3,3,3,1,0,0,0,0,0,0,0,0,0,0,0,0,0,0,0,0,0,0,0,0,0,0,0,0,0,0,0,0,0,0,0,0,0,0,0,0,0,1,2,3,3,1,2,1,3,2,2,3,4,2,3,2,2,1,3,2,1,0,0,0,0,0,0,0,0,0,0,0,0,0,0,0,0,0,0,0,0,0,0,1,1,0,0,0,3,0,0,0,0,0,0,0,0,0,0,0,0,0,0,0,0,0,1,3,4,3,3,4,4,3,1,4,0,4,1,0,2,3,3
V113_S3_L001,4,1,2,4,1,1,1,4,4,0,4,0,0,1,2,2,3,3,1,0,0,3,1,2,1,1,3,4,4,1,3,3,1,3,2,2,0,0,1,2,0,0,3,1,2,1,3,2,2,3,4,2,2,3,2,2,1,3,2,1,1,4,1,0,0,4,2,2,0,2,1,1,1,3,3,0,1,1,2,0,2,1,0,1,4,2,1,3,3,3,4,3,2,2,3,3,3,3,1,2,1,0,2,2,1,0,0,3,0,0,3,4,4,3,1,4,0,4,4,2,0,0,4,1,2,4,1,1,1,4,4,4,0,0,1,2,2,3,3,1,0,0,3,1,1,1,3,4,4,1,3,3,1,3,2,2,0,0,1,2,0,3,1,2,1,3,2,2,3,4,2,3,2,2,1,3,2,1,1,4,1,0,0,4,2,2,0,2,1,1,1,3,3,0,1,1,2,0,2,1,0,1,4,2,1,3,3,3,4,3,2,2,3,3,3,3,1,2,1,0,2,2,1,0,0,3,0,3,4,4,3,1,4,0,4,4,2,0,0,0,4,1,2,1,4,1,1,1,4,4,0,4,0,0,1,2,2,3,3,1,0,0,3,1,2,1,1,3,4,4,1,3,1,3,1,3,2,2,0,0,1,2,3,0,0,3,1,3,2,1,3,2,2,3,4,2,2,3,2,2,1,3,2,1,1,4,1,1,0,0,4,2,2,0,2,1,1,1,2,3,0,3,0,1,1,2,0,4,2,2,1,0,3,1,4,2,1,3,3,3,4,3,2,2,3,3,3,3,3,1,2,1,0,2,2,1,0,0,3,0,0,0,3,4,4,3,1,4,0,4,4,0,4,1,0,0,2,0,0,3,1,4,1,2,4,1,1,1,4,4,0,4,0,0,1,2,2,3,3,1,0,0,3,1,1,1,3,4,4,1,3,3,1,3,2,2,0,0,1,2,0,3,1,2,1,3,2,2,3,4,2,3,2,2,1,3,2,1,1,4,1,0,0,4,2,2,0,2,1,1,1,3,3,0,1,1,2,0,2,1,0,1,4,2,1,3,3,3,4,3,2,2,3,3,3,3,1,2,1,0,2,2,1,0,0,3,0,3,4,4,3,1,4,0,4,4,4,2,0,0
V114_S5_L001,0,1,0,0,1,1,1,2,4,3,0,1,4,1,2,2,3,3,1,0,0,3,0,2,0,1,0,4,0,0,0,3,1,0,2,2,3,3,0,1,1,2,3,1,2,1,0,2,2,3,4,2,2,3,2,2,1,3,2,1,1,4,0,3,1,4,2,1,3,1,1,0,1,3,3,1,1,1,2,3,2,1,1,1,4,2,0,3,3,3,4,3,2,2,3,3,3,3,1,2,1,3,2,2,1,1,3,4,3,2,4,4,3,3,1,4,0,4,4,2,3,3,0,1,0,0,1,1,1,2,4,0,1,4,1,2,2,3,3,1,0,0,3,0,0,1,0,4,0,0,0,3,1,0,2,2,3,3,0,1,1,3,1,2,1,0,2,2,3,4,2,3,2,2,1,3,2,1,1,4,0,3,1,4,2,1,3,1,1,0,1,3,3,1,1,1,2,3,2,1,1,1,4,2,0,3,3,3,4,3,2,2,3,3,3,3,1,2,1,3,2,2,1,1,3,4,3,4,4,3,3,1,4,0,4,4,2,3,3,3,0,1,0,1,0,1,1,1,2,4,3,0,1,4,1,2,2,3,3,1,0,0,3,0,2,0,1,0,4,0,0,0,0,3,1,0,2,2,3,3,0,1,3,1,2,3,1,3,2,1,0,2,2,3,4,2,2,3,2,2,1,3,2,1,1,4,1,0,3,1,4,2,1,3,1,1,0,1,2,3,0,3,1,1,1,2,3,3,2,0,1,1,3,1,4,2,0,3,3,3,4,3,2,2,3,3,3,3,3,1,2,1,3,2,2,1,1,3,4,3,3,2,4,4,3,3,1,4,0,4,4,1,4,1,3,1,2,3,3,3,1,0,1,0,0,1,1,1,2,4,3,0,1,4,1,2,2,3,3,1,0,0,3,0,0,1,0,4,0,0,0,3,1,0,2,2,3,3,0,1,1,3,1,2,1,0,2,2,3,4,2,3,2,2,1,3,2,1,1,4,0,3,1,4,2,1,3,1,1,0,1,3,3,1,1,1,2,3,2,1,1,1,4,2,0,3,3,3,4,3,2,2,3,3,3,3,1,2,1,3,2,2,1,1,3,4,3,4,4,3,3,1,4,0,4,4,4,2,3,3
V116_S6_L001,0,0,0,0,0,0,0,0,0,0,0,0,0,0,0,0,0,0,0,0,0,0,0,0,0,0,0,0,0,0,0,0,0,0,0,0,0,0,0,2,1,2,3,1,0,0,0,0,0,0,0,0,0,0,0,0,0,0,2,1,0,0,0,3,0,0,0,0,0,0,0,0,0,0,0,0,0,0,0,0,0,0,1,1,0,0,0,3,0,0,0,0,0,0,0,0,0,0,0,0,0,0,0,0,0,1,3,4,3,2,3,4,4,3,1,4,4,4,4,2,3,3,0,0,0,0,0,0,0,0,0,0,0,0,0,0,0,0,0,0,0,0,0,0,0,0,0,0,0,0,0,0,0,0,0,0,0,0,0,2,1,3,1,0,0,0,0,0,0,0,0,0,0,0,0,0,2,1,0,0,0,3,0,0,0,0,0,0,0,0,0,0,0,0,0,0,0,0,0,0,1,1,0,0,0,3,0,0,0,0,0,0,0,0,0,0,0,0,0,0,0,0,0,1,3,4,3,3,4,4,3,1,4,4,4,4,2,3,3,3,0,0,0,0,0,0,0,0,0,0,0,0,0,0,0,0,0,0,0,0,0,0,0,0,0,0,0,0,0,0,0,0,0,0,0,0,0,0,0,0,0,2,3,1,2,3,1,0,0,0,0,0,0,0,0,0,0,0,0,0,0,0,2,1,0,0,0,0,3,0,0,0,0,0,0,0,0,0,2,0,2,0,0,0,0,0,0,3,0,0,0,1,3,1,0,0,0,3,0,0,0,0,0,0,0,3,0,0,0,0,0,0,0,0,0,0,1,3,4,3,3,2,3,4,4,3,1,4,4,4,4,1,4,1,3,1,2,3,3,3,1,0,0,0,0,0,0,0,0,0,0,0,0,0,0,0,0,0,0,0,0,0,0,0,0,0,0,0,0,0,0,0,0,0,0,0,0,0,0,2,1,3,1,0,0,0,0,0,0,0,0,0,0,0,0,0,2,1,0,0,0,3,0,0,0,0,0,0,0,0,0,0,0,0,0,0,0,0,0,0,1,1,0,0,0,3,0,0,0,0,0,0,0,0,0,0,0,0,0,0,0,0,0,1,3,4,3,3,4,4,3,1,4,4,4,4,4,2,3,3
V120_S5_L001,0,1,0,0,0,0,1,2,4,0,0,1,4,0,0,0,0,0,1,0,0,3,1,2,0,1,0,0,0,0,0,3,1,3,2,2,3,3,1,1,1,2,3,1,2,0,3,2,2,3,4,2,0,3,2,2,1,0,2,1,1,4,0,3,1,4,2,2,3,1,1,0,1,3,3,1,1,1,2,3,2,1,1,1,4,2,1,3,3,3,4,3,2,0,0,0,0,3,1,2,0,3,2,2,1,1,3,3,3,2,4,4,4,3,1,4,0,4,4,2,3,3,0,1,0,0,0,0,1,2,4,0,1,4,0,0,0,0,0,1,0,0,3,1,0,1,0,0,0,0,0,3,1,3,2,2,3,3,1,1,1,3,1,2,0,3,2,2,3,4,2,3,2,2,1,0,2,1,1,4,0,3,1,4,2,2,3,1,1,0,1,3,3,1,1,1,2,3,2,1,1,1,4,2,1,3,3,3,4,3,2,0,0,0,0,3,1,2,0,3,2,2,1,1,3,3,3,4,4,4,3,1,4,0,4,4,2,3,3,3,0,1,0,1,0,0,0,1,2,4,0,0,1,4,0,0,0,0,0,1,0,0,3,1,2,0,1,0,0,0,0,0,4,3,1,3,2,2,3,3,1,1,3,1,2,3,1,3,2,0,3,2,2,3,4,2,0,3,2,2,1,0,2,1,1,4,1,0,3,1,4,2,2,3,1,1,0,1,2,3,0,3,1,1,1,2,3,3,2,0,1,1,3,1,4,2,1,3,3,3,4,3,2,0,0,3,0,0,3,1,2,0,3,2,2,1,1,3,3,3,3,2,4,4,4,3,1,4,0,4,4,1,4,1,3,1,2,3,3,3,1,0,1,0,0,0,0,1,2,4,0,0,1,4,0,0,0,0,0,1,0,0,3,1,0,1,0,0,0,0,0,3,1,3,2,2,3,3,1,1,1,3,1,2,0,3,2,2,3,4,2,3,2,2,1,0,2,1,1,4,0,3,1,4,2,2,3,1,1,0,1,3,3,1,1,1,2,3,2,1,1,1,4,2,1,3,3,3,4,3,2,0,0,0,0,3,1,2,0,3,2,2,1,1,3,3,3,4,4,4,3,1,4,0,4,4,4,2,3,3
V123_S1_L001,3,1,1,4,1,1,1,2,4,3,4,1,4,1,2,2,3,3,1,1,2,3,1,2,1,1,3,4,4,1,3,3,0,3,2,2,3,3,1,1,1,2,3,1,0,0,0,0,0,0,0,0,0,0,0,0,0,0,2,1,1,4,0,3,1,4,2,2,3,2,0,1,1,3,0,1,1,1,2,3,2,1,1,1,4,2,1,3,3,3,4,3,2,2,3,3,3,3,1,2,1,3,2,2,1,0,3,3,3,0,4,4,4,3,1,4,0,4,4,2,3,3,3,1,1,4,1,1,1,2,4,4,1,4,1,2,2,3,3,1,1,2,3,1,1,1,3,4,4,1,3,3,0,3,2,2,3,3,1,1,1,3,1,0,0,0,0,0,0,0,0,0,0,0,0,0,2,1,1,4,0,3,1,4,2,2,3,2,0,1,1,3,0,1,1,1,2,3,2,1,1,1,4,2,1,3,3,3,4,3,2,2,3,3,3,3,1,2,1,3,2,2,1,0,3,3,3,4,4,4,3,1,4,0,4,4,2,3,3,3,3,1,1,0,4,1,1,1,2,4,3,4,1,4,1,2,2,3,3,1,1,2,3,1,2,1,1,3,4,4,1,3,0,3,0,3,2,2,3,3,1,1,3,1,2,3,1,0,0,0,0,0,0,0,0,0,0,0,0,0,0,0,2,1,1,4,1,0,3,1,4,2,2,3,2,0,1,1,2,3,0,0,1,1,1,2,3,3,2,2,1,1,3,1,4,2,1,3,3,3,4,3,2,2,3,3,3,3,3,1,2,1,3,2,2,1,0,3,3,3,0,0,4,4,4,3,1,4,0,4,4,1,4,1,3,1,2,3,3,3,1,3,1,1,4,1,1,1,2,4,3,4,1,4,1,2,2,3,3,1,1,2,3,1,1,1,3,4,4,1,3,3,0,3,2,2,3,3,1,1,1,3,1,0,0,0,0,0,0,0,0,0,0,0,0,0,2,1,1,4,0,3,1,4,2,2,3,2,0,1,1,3,0,1,1,1,2,3,2,1,1,1,4,2,1,3,3,3,4,3,2,2,3,3,3,3,1,2,1,3,2,2,1,0,3,3,3,4,4,4,3,1,4,0,4,4,4,2,3,3
V130_S5_L001,3,1,1,4,1,1,1,2,4,3,0,1,4,1,2,2,3,3,1,1,2,3,1,0,1,1,3,4,4,1,3,0,1,3,2,2,0,3,1,1,0,2,3,1,0,0,0,0,0,0,0,0,0,0,0,0,0,0,2,1,1,0,1,3,1,4,2,2,3,0,0,1,1,0,3,1,1,1,2,3,2,1,1,1,4,2,1,3,3,3,4,3,2,2,3,3,3,3,1,2,1,3,2,2,0,1,3,4,3,2,3,4,3,3,1,4,1,4,4,2,3,3,3,1,1,4,1,1,1,2,4,0,1,4,1,2,2,3,3,1,1,2,3,1,1,1,3,4,4,1,3,0,1,3,2,2,0,3,1,1,0,3,1,0,0,0,0,0,0,0,0,0,0,0,0,0,2,1,1,0,1,3,1,4,2,2,3,0,0,1,1,0,3,1,1,1,2,3,2,1,1,1,4,2,1,3,3,3,4,3,2,2,3,3,3,3,1,2,1,3,2,2,0,1,3,4,3,3,4,3,3,1,4,1,4,4,2,3,3,3,3,1,1,1,4,1,1,1,2,4,3,0,1,4,1,2,2,3,3,1,1,2,3,1,0,1,1,3,4,4,1,3,4,0,1,3,2,2,0,3,1,1,0,0,2,3,1,0,0,0,0,0,0,0,0,0,0,0,0,0,0,0,2,1,1,0,1,1,3,1,4,2,2,3,0,0,1,1,2,0,2,3,1,1,1,2,3,3,2,0,1,1,3,1,4,2,1,3,3,3,4,3,2,2,3,3,3,3,3,1,2,1,3,2,2,0,1,3,4,3,3,2,3,4,3,3,1,4,1,4,4,1,4,1,3,1,2,3,3,3,1,3,1,1,4,1,1,1,2,4,3,0,1,4,1,2,2,3,3,1,1,2,3,1,1,1,3,4,4,1,3,0,1,3,2,2,0,3,1,1,0,3,1,0,0,0,0,0,0,0,0,0,0,0,0,0,2,1,1,0,1,3,1,4,2,2,3,0,0,1,1,0,3,1,1,1,2,3,2,1,1,1,4,2,1,3,3,3,4,3,2,2,3,3,3,3,1,2,1,3,2,2,0,1,3,4,3,3,4,3,3,1,4,1,4,4,4,2,3,3
V131_S7_L001,3,1,1,4,1,1,1,2,4,3,4,1,4,1,2,2,3,3,1,1,2,3,1,0,1,1,3,4,4,1,3,0,1,3,2,2,3,3,1,2,1,2,3,1,2,1,3,2,2,3,4,2,2,3,2,2,1,3,2,1,1,0,1,3,1,4,2,2,3,0,0,1,1,3,3,1,1,1,2,3,2,1,1,1,4,2,1,3,3,3,4,3,2,2,3,3,3,3,1,2,1,3,2,2,1,1,3,4,3,2,3,4,4,3,1,4,0,4,4,2,3,3,3,1,1,4,1,1,1,2,4,4,1,4,1,2,2,3,3,1,1,2,3,1,1,1,3,4,4,1,3,0,1,3,2,2,3,3,1,2,1,3,1,2,1,3,2,2,3,4,2,3,2,2,1,3,2,1,1,0,1,3,1,4,2,2,3,0,0,1,1,3,3,1,1,1,2,3,2,1,1,1,4,2,1,3,3,3,4,3,2,2,3,3,3,3,1,2,1,3,2,2,1,1,3,4,3,3,4,4,3,1,4,0,4,4,2,3,3,3,3,1,1,1,4,1,1,1,2,4,3,4,1,4,1,2,2,3,3,1,1,2,3,1,0,1,1,3,4,4,1,3,4,0,1,3,2,2,3,3,1,2,3,1,2,3,1,3,2,1,3,2,2,3,4,2,2,3,2,2,1,3,2,1,1,0,1,1,3,1,4,2,2,3,0,0,1,1,2,3,2,3,1,1,1,2,3,3,2,0,1,1,3,1,4,2,1,3,3,3,4,3,2,2,3,3,3,3,3,1,2,1,3,2,2,1,1,3,4,3,3,2,3,4,4,3,1,4,0,4,4,1,4,1,3,1,2,3,3,3,1,3,1,1,4,1,1,1,2,4,3,4,1,4,1,2,2,3,3,1,1,2,3,1,1,1,3,4,4,1,3,0,1,3,2,2,3,3,1,2,1,3,1,2,1,3,2,2,3,4,2,3,2,2,1,3,2,1,1,0,1,3,1,4,2,2,3,0,0,1,1,3,3,1,1,1,2,3,2,1,1,1,4,2,1,3,3,3,4,3,2,2,3,3,3,3,1,2,1,3,2,2,1,1,3,4,3,3,4,4,3,1,4,0,4,4,4,2,3,3
V139_S7_L001,3,1,1,4,1,1,1,2,4,3,0,1,4,1,2,2,3,3,1,1,2,3,1,0,1,1,3,4,4,1,3,0,1,3,2,2,0,3,1,1,0,2,3,1,0,0,0,0,0,0,0,0,0,0,0,0,0,0,2,1,1,0,1,3,1,4,2,2,3,0,0,1,1,0,3,1,1,1,2,3,2,1,1,1,4,2,1,3,3,3,4,3,2,2,3,3,3,3,1,2,1,3,2,2,0,1,3,4,3,2,3,4,3,3,1,4,1,4,4,2,3,3,3,1,1,4,1,1,1,2,4,0,1,4,1,2,2,3,3,1,1,2,3,1,1,1,3,4,4,1,3,0,1,3,2,2,0,3,1,1,0,3,1,0,0,0,0,0,0,0,0,0,0,0,0,0,2,1,1,0,1,3,1,4,2,2,3,0,0,1,1,0,3,1,1,1,2,3,2,1,1,1,4,2,1,3,3,3,4,3,2,2,3,3,3,3,1,2,1,3,2,2,0,1,3,4,3,3,4,3,3,1,4,1,4,4,2,3,3,3,3,1,1,1,4,1,1,1,2,4,3,0,1,4,1,2,2,3,3,1,1,2,3,1,0,1,1,3,4,4,1,3,4,0,1,3,2,2,0,3,1,1,0,0,2,3,1,0,0,0,0,0,0,0,0,0,0,0,0,0,0,0,2,1,1,0,1,1,3,1,4,2,2,3,0,0,1,1,2,0,2,3,1,1,1,2,3,3,2,0,1,1,3,1,4,2,1,3,3,3,4,3,2,2,3,3,3,3,3,1,2,1,3,2,2,0,1,3,4,3,3,2,3,4,3,3,1,4,1,4,4,1,4,1,3,1,2,3,3,3,1,3,1,1,4,1,1,1,2,4,3,0,1,4,1,2,2,3,3,1,1,2,3,1,1,1,3,4,4,1,3,0,1,3,2,2,0,3,1,1,0,3,1,0,0,0,0,0,0,0,0,0,0,0,0,0,2,1,1,0,1,3,1,4,2,2,3,0,0,1,1,0,3,1,1,1,2,3,2,1,1,1,4,2,1,3,3,3,4,3,2,2,3,3,3,3,1,2,1,3,2,2,0,1,3,4,3,3,4,3,3,1,4,1,4,4,4,2,3,3
V152_S3_L001,3,1,2,4,1,1,1,2,3,3,3,1,4,1,2,2,3,3,4,1,2,3,2,2,1,2,3,4,4,1,3,4,1,3,2,2,3,3,3,1,1,0,3,1,2,1,3,2,2,3,4,2,2,3,2,2,1,3,2,0,1,4,1,1,3,1,2,1,3,1,3,3,1,3,1,1,4,1,2,3,1,1,1,1,4,2,2,0,1,3,4,3,4,2,3,3,3,2,1,2,1,3,2,4,1,1,0,3,3,0,3,2,4,3,2,4,1,0,1,2,1,3,3,1,2,4,1,1,1,2,3,3,1,4,1,2,2,3,3,4,1,2,3,2,1,2,3,4,4,1,3,4,1,3,2,2,3,3,3,1,1,3,1,2,1,3,2,2,3,4,2,3,2,2,1,3,2,0,1,4,1,1,3,1,2,1,3,1,3,3,1,3,1,1,4,1,2,3,1,1,1,1,4,2,2,0,1,3,4,3,4,2,3,3,3,2,1,2,1,3,2,4,1,1,0,3,3,3,2,4,3,2,4,1,0,1,2,1,3,3,3,1,2,2,4,1,1,1,2,3,3,3,1,4,1,2,2,3,3,4,1,2,3,2,2,1,2,3,4,4,1,3,4,4,1,3,2,2,3,3,3,1,3,1,0,3,1,3,2,1,3,2,2,3,4,2,2,3,2,2,1,3,2,0,1,4,1,1,1,3,1,2,1,3,1,3,3,1,2,3,2,1,1,4,1,2,3,3,1,2,1,1,3,1,4,2,2,0,1,3,4,3,4,2,3,3,3,3,2,1,2,1,3,2,4,1,1,0,3,3,0,0,3,2,4,3,2,4,1,0,1,1,4,0,3,1,2,1,3,3,1,3,1,2,4,1,1,1,2,3,3,3,1,4,1,2,2,3,3,4,1,2,3,2,1,2,3,4,4,1,3,4,1,3,2,2,3,3,3,1,1,3,1,2,1,3,2,2,3,4,2,3,2,2,1,3,2,0,1,4,1,1,3,1,2,1,3,1,3,3,1,3,1,1,4,1,2,3,1,1,1,1,4,2,2,0,1,3,4,3,4,2,3,3,3,2,1,2,1,3,2,4,1,1,0,3,3,3,2,4,3,2,4,1,0,1,4,2,1,3
V153_S4_L001,4,1,1,4,1,1,1,2,4,3,4,1,0,1,2,2,3,3,0,0,0,3,2,2,1,1,3,4,4,1,3,3,1,3,2,2,3,0,1,2,0,2,3,1,2,1,3,2,2,3,4,2,0,3,2,2,1,3,2,1,1,4,1,0,1,4,2,2,0,0,1,1,1,3,3,1,1,1,1,0,2,1,1,1,4,2,1,3,3,3,0,3,2,2,0,3,3,3,1,2,1,3,2,2,1,0,0,3,3,0,3,4,3,3,1,4,1,4,4,2,0,3,4,1,1,4,1,1,1,2,4,4,1,0,1,2,2,3,3,0,0,0,3,2,1,1,3,4,4,1,3,3,1,3,2,2,3,0,1,2,0,3,1,2,1,3,2,2,3,4,2,3,2,2,1,3,2,1,1,4,1,0,1,4,2,2,0,0,1,1,1,3,3,1,1,1,1,0,2,1,1,1,4,2,1,3,3,3,0,3,2,2,0,3,3,3,1,2,1,3,2,2,1,0,0,3,3,3,4,3,3,1,4,1,4,4,2,0,3,3,4,1,1,1,4,1,1,1,2,4,3,4,1,0,1,2,2,3,3,0,0,0,3,2,2,1,1,3,4,4,1,3,4,3,1,3,2,2,3,0,1,2,3,0,2,3,1,3,2,1,3,2,2,3,4,2,0,3,2,2,1,3,2,1,1,4,0,1,0,1,4,2,2,0,0,1,1,1,2,3,2,3,1,1,1,1,0,4,2,2,1,1,3,1,4,2,1,3,3,3,0,3,2,2,0,3,3,3,3,1,2,1,3,2,2,1,0,0,3,3,0,0,3,4,3,3,1,4,1,4,4,0,0,0,3,0,2,0,3,3,0,4,1,1,4,1,1,1,2,4,3,4,1,0,1,2,2,3,3,0,0,0,3,2,1,1,3,4,4,1,3,3,1,3,2,2,3,0,1,2,0,3,1,2,1,3,2,2,3,4,2,3,2,2,1,3,2,1,1,4,1,0,1,4,2,2,0,0,1,1,1,3,3,1,1,1,1,0,2,1,1,1,4,2,1,3,3,3,0,3,2,2,0,3,3,3,1,2,1,3,2,2,1,0,0,3,3,3,4,3,3,1,4,1,4,4,0,2,0,3
V155_S5_L001,4,1,1,4,1,1,1,2,4,3,4,1,0,1,2,2,3,3,0,0,0,3,2,2,1,1,3,4,4,1,3,3,1,3,2,2,3,0,1,2,0,2,3,1,2,1,3,2,2,3,4,2,0,3,2,2,1,3,2,1,1,4,1,0,1,4,2,2,0,0,1,1,1,3,3,1,1,1,1,0,2,1,1,1,4,2,1,3,3,3,0,3,2,2,0,3,3,3,1,2,1,3,2,2,1,0,0,3,3,0,3,4,3,3,1,4,1,4,4,2,0,3,4,1,1,4,1,1,1,2,4,4,1,0,1,2,2,3,3,0,0,0,3,2,1,1,3,4,4,1,3,3,1,3,2,2,3,0,1,2,0,3,1,2,1,3,2,2,3,4,2,3,2,2,1,3,2,1,1,4,1,0,1,4,2,2,0,0,1,1,1,3,3,1,1,1,1,0,2,1,1,1,4,2,1,3,3,3,0,3,2,2,0,3,3,3,1,2,1,3,2,2,1,0,0,3,3,3,4,3,3,1,4,1,4,4,2,0,3,3,4,1,1,1,4,1,1,1,2,4,3,4,1,0,1,2,2,3,3,0,0,0,3,2,2,1,1,3,4,4,1,3,4,3,1,3,2,2,3,0,1,2,3,0,2,3,1,3,2,1,3,2,2,3,4,2,0,3,2,2,1,3,2,1,1,4,0,1,0,1,4,2,2,0,0,1,1,1,2,3,2,3,1,1,1,1,0,4,2,2,1,1,3,1,4,2,1,3,3,3,0,3,2,2,0,3,3,3,3,1,2,1,3,2,2,1,0,0,3,3,0,0,3,4,3,3,1,4,1,4,4,0,0,0,3,0,2,0,3,3,0,4,1,1,4,1,1,1,2,4,3,4,1,0,1,2,2,3,3,0,0,0,3,2,1,1,3,4,4,1,3,3,1,3,2,2,3,0,1,2,0,3,1,2,1,3,2,2,3,4,2,3,2,2,1,3,2,1,1,4,1,0,1,4,2,2,0,0,1,1,1,3,3,1,1,1,1,0,2,1,1,1,4,2,1,3,3,3,0,3,2,2,0,3,3,3,1,2,1,3,2,2,1,0,0,3,3,3,4,3,3,1,4,1,4,4,0,2,0,3
V158_S4_L001,3,1,1,4,1,1,1,2,4,3,4,1,4,1,2,2,3,3,1,1,2,3,1,0,1,1,3,4,4,1,3,0,1,0,2,2,3,3,0,2,3,2,3,1,0,0,0,0,0,0,0,0,0,0,0,0,0,0,2,1,1,0,1,3,1,4,2,2,3,0,0,1,1,3,3,1,1,1,2,3,2,1,1,1,4,2,1,3,3,3,4,3,2,2,3,3,3,3,1,2,1,3,2,2,1,1,3,4,3,0,4,4,4,3,1,4,1,4,4,2,3,3,3,1,1,4,1,1,1,2,4,4,1,4,1,2,2,3,3,1,1,2,3,1,1,1,3,4,4,1,3,0,1,0,2,2,3,3,0,2,3,3,1,0,0,0,0,0,0,0,0,0,0,0,0,0,2,1,1,0,1,3,1,4,2,2,3,0,0,1,1,3,3,1,1,1,2,3,2,1,1,1,4,2,1,3,3,3,4,3,2,2,3,3,3,3,1,2,1,3,2,2,1,1,3,4,3,4,4,4,3,1,4,1,4,4,2,3,3,3,3,1,1,2,4,1,1,1,2,4,3,4,1,4,1,2,2,3,3,1,1,2,3,1,0,1,1,3,4,4,1,3,4,0,1,0,2,2,3,3,0,2,3,3,2,3,1,0,0,0,0,0,0,0,0,0,0,0,0,0,0,0,2,1,1,0,1,1,3,1,4,2,2,3,0,0,1,1,2,3,2,3,1,1,1,2,3,3,2,0,1,1,3,1,4,2,1,3,3,3,4,3,2,2,3,3,3,3,3,1,2,1,3,2,2,1,1,3,4,3,0,0,4,4,4,3,1,4,1,4,4,1,4,1,3,1,2,3,3,3,1,3,1,1,4,1,1,1,2,4,3,4,1,4,1,2,2,3,3,1,1,2,3,1,1,1,3,4,4,1,3,0,1,0,2,2,3,3,0,2,3,3,1,0,0,0,0,0,0,0,0,0,0,0,0,0,2,1,1,0,1,3,1,4,2,2,3,0,0,1,1,3,3,1,1,1,2,3,2,1,1,1,4,2,1,3,3,3,4,3,2,2,3,3,3,3,1,2,1,3,2,2,1,1,3,4,3,4,4,4,3,1,4,1,4,4,4,2,3,3
V163_S6_L001,0,1,2,0,1,0,0,0,0,0,0,1,0,1,0,0,0,3,0,1,2,3,0,0,0,0,0,0,0,0,0,0,0,0,2,2,3,0,0,1,1,2,3,1,2,1,3,2,2,3,4,2,2,3,2,2,0,0,2,1,0,0,1,0,0,0,0,0,0,0,1,0,0,0,0,0,0,0,0,0,2,0,0,0,0,2,0,3,3,3,0,0,0,2,3,3,0,0,0,0,0,3,2,0,1,1,3,4,0,0,3,0,4,3,1,4,0,0,0,0,0,0,0,1,2,0,1,0,0,0,0,0,1,0,1,0,0,0,3,0,1,2,3,0,0,0,0,0,0,0,0,0,0,0,2,2,3,0,0,1,1,3,1,2,1,3,2,2,3,4,2,3,2,2,0,0,2,1,0,0,1,0,0,0,0,0,0,0,1,0,0,0,0,0,0,0,0,0,2,0,0,0,0,2,0,3,3,3,0,0,0,2,3,3,0,0,0,0,0,3,2,0,1,1,3,4,0,3,0,4,3,1,4,0,0,0,0,0,0,0,0,1,2,0,0,1,0,0,0,0,0,0,1,0,1,0,0,0,3,0,1,2,3,0,0,0,0,0,0,0,0,0,4,0,0,0,2,2,3,0,0,1,3,1,2,3,1,3,2,1,3,2,2,3,4,2,2,3,2,2,0,0,2,1,0,0,0,1,0,0,0,0,0,0,0,1,0,0,2,0,0,0,0,0,0,0,0,3,2,2,0,0,0,0,0,2,0,3,3,3,0,0,0,2,3,3,3,0,0,0,0,0,3,2,0,1,1,3,4,0,0,0,3,0,4,3,1,4,0,0,0,0,0,0,0,0,0,0,0,0,0,0,1,2,0,1,0,0,0,0,0,0,1,0,1,0,0,0,3,0,1,2,3,0,0,0,0,0,0,0,0,0,0,0,2,2,3,0,0,1,1,3,1,2,1,3,2,2,3,4,2,3,2,2,0,0,2,1,0,0,1,0,0,0,0,0,0,0,1,0,0,0,0,0,0,0,0,0,2,0,0,0,0,2,0,3,3,3,0,0,0,2,3,3,0,0,0,0,0,3,2,0,1,1,3,4,0,3,0,4,3,1,4,0,0,0,0,0,0,0
V168_S9_L001,0,0,0,0,0,0,0,0,0,0,0,0,0,0,0,0,0,0,0,0,0,0,0,0,0,0,0,0,0,0,0,0,0,0,0,0,0,0,0,2,1,2,3,1,0,0,0,0,0,0,0,0,0,0,0,0,0,0,2,1,1,0,0,1,0,4,2,3,3,2,1,0,1,0,3,1,0,0,0,0,0,0,1,1,0,0,0,3,0,0,0,0,0,0,0,0,0,0,0,0,0,0,0,2,0,0,3,3,3,2,3,4,4,3,1,4,1,4,4,2,3,3,0,0,0,0,0,0,0,0,0,0,0,0,0,0,0,0,0,0,0,0,0,0,0,0,0,0,0,0,0,0,0,0,0,0,0,0,0,2,1,3,1,0,0,0,0,0,0,0,0,0,0,0,0,0,2,1,1,0,0,1,0,4,2,3,3,2,1,0,1,0,3,1,0,0,0,0,0,0,1,1,0,0,0,3,0,0,0,0,0,0,0,0,0,0,0,0,0,0,0,2,0,0,3,3,3,3,4,4,3,1,4,1,4,4,2,3,3,3,0,0,0,0,0,0,0,0,0,0,0,0,0,0,0,0,0,0,0,0,0,0,0,0,0,0,0,0,0,0,0,0,0,0,0,0,0,0,0,0,0,2,3,1,2,3,1,0,0,0,0,0,0,0,0,0,0,0,0,0,0,0,2,1,1,0,0,0,1,0,4,2,3,3,2,1,0,1,2,0,0,3,1,0,0,0,0,3,0,0,0,1,3,1,0,0,0,3,0,0,0,0,0,0,0,3,0,0,0,0,0,0,0,0,2,0,0,3,3,3,3,2,3,4,4,3,1,4,1,4,4,1,4,1,3,1,2,3,3,3,1,0,0,0,0,0,0,0,0,0,0,0,0,0,0,0,0,0,0,0,0,0,0,0,0,0,0,0,0,0,0,0,0,0,0,0,0,0,0,2,1,3,1,0,0,0,0,0,0,0,0,0,0,0,0,0,2,1,1,0,0,1,0,4,2,3,3,2,1,0,1,0,3,1,0,0,0,0,0,0,1,1,0,0,0,3,0,0,0,0,0,0,0,0,0,0,0,0,0,0,0,2,0,0,3,3,3,3,4,4,3,1,4,1,4,4,4,2,3,3
V172_S5_L001,3,1,1,4,0,1,1,2,4,0,4,1,4,1,2,2,3,0,1,1,2,3,1,2,1,1,3,4,4,0,0,3,1,0,2,2,3,3,1,1,1,2,3,1,2,0,3,2,2,3,4,2,2,3,2,2,0,3,2,1,1,4,0,3,1,4,2,2,3,2,1,1,1,3,3,1,1,1,2,3,2,1,1,1,4,2,1,3,3,3,4,3,2,2,3,0,3,3,1,2,1,3,0,2,1,1,3,4,3,2,4,4,4,3,1,4,1,4,4,2,3,3,3,1,1,4,0,1,1,2,4,4,1,4,1,2,2,3,0,1,1,2,3,1,1,1,3,4,4,0,0,3,1,0,2,2,3,3,1,1,1,3,1,2,0,3,2,2,3,4,2,3,2,2,0,3,2,1,1,4,0,3,1,4,2,2,3,2,1,1,1,3,3,1,1,1,2,3,2,1,1,1,4,2,1,3,3,3,4,3,2,2,3,0,3,3,1,2,1,3,0,2,1,1,3,4,3,4,4,4,3,1,4,1,4,4,2,3,3,3,3,1,1,2,4,0,1,1,2,4,0,4,1,4,1,2,2,3,0,1,1,2,3,1,2,1,1,3,4,4,0,0,0,3,1,0,2,2,3,3,1,1,3,1,2,3,1,3,2,0,3,2,2,3,4,2,2,3,2,2,0,3,2,1,1,4,1,0,3,1,4,2,2,3,2,1,1,1,2,3,2,3,1,1,1,2,3,3,2,0,1,1,3,1,4,2,1,3,3,3,4,3,2,2,3,3,0,3,3,1,2,1,3,0,2,1,1,3,4,3,3,2,4,4,4,3,1,4,1,4,4,1,4,1,3,1,2,3,3,3,1,3,1,1,4,0,1,1,2,4,0,4,1,4,1,2,2,3,0,1,1,2,3,1,1,1,3,4,4,0,0,3,1,0,2,2,3,3,1,1,1,3,1,2,0,3,2,2,3,4,2,3,2,2,0,3,2,1,1,4,0,3,1,4,2,2,3,2,1,1,1,3,3,1,1,1,2,3,2,1,1,1,4,2,1,3,3,3,4,3,2,2,3,0,3,3,1,2,1,3,0,2,1,1,3,4,3,4,4,4,3,1,4,1,4,4,4,2,3,3
V173_S6_L001,0,1,0,4,1,1,1,2,0,0,4,1,0,1,2,2,3,0,1,1,2,3,1,0,0,1,3,0,0,0,0,3,1,0,2,2,3,3,0,1,0,2,3,1,2,1,3,2,2,3,4,2,2,3,2,2,1,3,2,1,1,4,0,3,3,4,2,0,3,0,0,0,1,3,3,1,1,1,2,3,2,1,1,1,4,2,0,3,3,3,4,3,2,2,3,0,3,3,1,2,1,3,2,2,1,0,0,4,3,2,4,4,4,3,1,4,1,4,4,2,3,3,0,1,0,4,1,1,1,2,0,4,1,0,1,2,2,3,0,1,1,2,3,1,0,1,3,0,0,0,0,3,1,0,2,2,3,3,0,1,0,3,1,2,1,3,2,2,3,4,2,3,2,2,1,3,2,1,1,4,0,3,3,4,2,0,3,0,0,0,1,3,3,1,1,1,2,3,2,1,1,1,4,2,0,3,3,3,4,3,2,2,3,0,3,3,1,2,1,3,2,2,1,0,0,4,3,4,4,4,3,1,4,1,4,4,2,3,3,3,0,1,0,0,4,1,1,1,2,0,0,4,1,0,1,2,2,3,0,1,1,2,3,1,0,0,1,3,0,0,0,0,0,3,1,0,2,2,3,3,0,1,3,0,2,3,1,3,2,1,3,2,2,3,4,2,2,3,2,2,1,3,2,1,1,4,0,0,3,3,4,2,0,3,0,0,0,1,2,3,2,3,1,1,1,2,3,3,2,0,1,1,3,1,4,2,0,3,3,3,4,3,2,2,3,3,0,3,3,1,2,1,3,2,2,1,0,0,4,3,3,2,4,4,4,3,1,4,1,4,4,1,4,1,3,1,2,3,3,3,1,0,1,0,4,1,1,1,2,0,0,4,1,0,1,2,2,3,0,1,1,2,3,1,0,1,3,0,0,0,0,3,1,0,2,2,3,3,0,1,0,3,1,2,1,3,2,2,3,4,2,3,2,2,1,3,2,1,1,4,0,3,3,4,2,0,3,0,0,0,1,3,3,1,1,1,2,3,2,1,1,1,4,2,0,3,3,3,4,3,2,2,3,0,3,3,1,2,1,3,2,2,1,0,0,4,3,4,4,4,3,1,4,1,4,4,4,2,3,3
V177_S6_L001,3,1,1,4,1,1,1,2,4,3,0,1,4,1,2,2,3,3,1,1,2,3,1,0,1,1,3,4,4,1,3,0,1,3,2,2,3,3,1,2,1,2,3,1,2,1,3,2,2,3,4,2,2,3,2,2,1,3,2,1,1,0,1,3,1,4,2,2,3,0,0,1,1,0,3,1,1,1,2,3,2,1,1,1,4,2,1,3,3,3,4,3,2,2,3,3,3,3,1,2,1,3,2,2,0,1,3,4,3,2,3,4,3,3,1,4,1,4,4,2,3,3,3,1,1,4,1,1,1,2,4,0,1,4,1,2,2,3,3,1,1,2,3,1,1,1,3,4,4,1,3,0,1,3,2,2,3,3,1,2,1,3,1,2,1,3,2,2,3,4,2,3,2,2,1,3,2,1,1,0,1,3,1,4,2,2,3,0,0,1,1,0,3,1,1,1,2,3,2,1,1,1,4,2,1,3,3,3,4,3,2,2,3,3,3,3,1,2,1,3,2,2,0,1,3,4,3,3,4,3,3,1,4,1,4,4,2,3,3,3,3,1,1,1,4,1,1,1,2,4,3,0,1,4,1,2,2,3,3,1,1,2,3,1,0,1,1,3,4,4,1,3,4,0,1,3,2,2,3,3,1,2,3,1,2,3,1,3,2,1,3,2,2,3,4,2,2,3,2,2,1,3,2,1,1,0,1,1,3,1,4,2,2,3,0,0,1,1,2,0,2,3,1,1,1,2,3,3,2,0,1,1,3,1,4,2,1,3,3,3,4,3,2,2,3,3,3,3,3,1,2,1,3,2,2,0,1,3,4,3,3,2,3,4,3,3,1,4,1,4,4,1,4,1,3,1,2,3,3,3,1,3,1,1,4,1,1,1,2,4,3,0,1,4,1,2,2,3,3,1,1,2,3,1,1,1,3,4,4,1,3,0,1,3,2,2,3,3,1,2,1,3,1,2,1,3,2,2,3,4,2,3,2,2,1,3,2,1,1,0,1,3,1,4,2,2,3,0,0,1,1,0,3,1,1,1,2,3,2,1,1,1,4,2,1,3,3,3,4,3,2,2,3,3,3,3,1,2,1,3,2,2,0,1,3,4,3,3,4,3,3,1,4,1,4,4,4,2,3,3
V182_S6_L001,0,0,0,0,0,0,0,0,0,0,0,0,0,0,0,0,0,0,0,0,0,0,0,0,0,0,0,0,0,0,0,0,0,0,0,0,0,0,0,2,1,2,3,1,0,0,0,0,0,0,0,0,0,0,0,0,0,0,2,1,0,0,0,0,0,0,0,0,0,0,0,0,0,0,0,0,0,0,0,0,0,0,0,1,0,0,0,3,0,0,0,0,0,0,0,0,0,0,0,0,0,0,0,0,0,1,3,4,3,2,3,4,4,3,1,4,4,4,4,2,3,3,0,0,0,0,0,0,0,0,0,0,0,0,0,0,0,0,0,0,0,0,0,0,0,0,0,0,0,0,0,0,0,0,0,0,0,0,0,2,1,3,1,0,0,0,0,0,0,0,0,0,0,0,0,0,2,1,0,0,0,0,0,0,0,0,0,0,0,0,0,0,0,0,0,0,0,0,0,0,0,1,0,0,0,3,0,0,0,0,0,0,0,0,0,0,0,0,0,0,0,0,0,1,3,4,3,3,4,4,3,1,4,4,4,4,2,3,3,3,0,0,0,0,0,0,0,0,0,0,0,0,0,0,0,0,0,0,0,0,0,0,0,0,0,0,0,0,0,0,0,0,0,0,0,0,0,0,0,0,0,2,3,1,2,3,1,0,0,0,0,0,0,0,0,0,0,0,0,0,0,0,2,1,0,0,0,0,0,0,0,0,0,0,0,0,0,0,2,0,0,0,0,0,0,0,0,3,0,0,0,0,3,1,0,0,0,3,0,0,0,0,0,0,0,3,0,0,0,0,0,0,0,0,0,0,1,3,4,3,3,2,3,4,4,3,1,4,4,4,4,1,4,1,3,1,2,3,3,3,1,0,0,0,0,0,0,0,0,0,0,0,0,0,0,0,0,0,0,0,0,0,0,0,0,0,0,0,0,0,0,0,0,0,0,0,0,0,0,2,1,3,1,0,0,0,0,0,0,0,0,0,0,0,0,0,2,1,0,0,0,0,0,0,0,0,0,0,0,0,0,0,0,0,0,0,0,0,0,0,0,1,0,0,0,3,0,0,0,0,0,0,0,0,0,0,0,0,0,0,0,0,0,1,3,4,3,3,4,4,3,1,4,4,4,4,4,2,3,3
V183_S7_L001,0,1,0,4,1,1,1,2,4,0,0,1,0,1,2,2,3,4,1,1,2,3,1,2,1,1,3,4,4,1,3,3,1,3,2,2,3,3,1,1,1,2,3,1,2,1,3,2,2,3,4,2,2,3,2,2,1,3,2,1,1,4,1,3,1,4,2,0,3,1,1,0,1,3,3,1,1,1,2,3,2,1,1,1,4,2,0,3,3,3,4,3,2,2,3,0,3,3,1,2,1,3,2,2,1,0,3,3,3,2,4,4,4,3,1,4,1,4,4,2,3,3,0,1,0,4,1,1,1,2,4,0,1,0,1,2,2,3,4,1,1,2,3,1,1,1,3,4,4,1,3,3,1,3,2,2,3,3,1,1,1,3,1,2,1,3,2,2,3,4,2,3,2,2,1,3,2,1,1,4,1,3,1,4,2,0,3,1,1,0,1,3,3,1,1,1,2,3,2,1,1,1,4,2,0,3,3,3,4,3,2,2,3,0,3,3,1,2,1,3,2,2,1,0,3,3,3,4,4,4,3,1,4,1,4,4,2,3,3,3,0,1,0,2,4,1,1,1,2,4,0,0,1,0,1,2,2,3,4,1,1,2,3,1,2,1,1,3,4,4,1,3,0,3,1,3,2,2,3,3,1,1,3,1,2,3,1,3,2,1,3,2,2,3,4,2,2,3,2,2,1,3,2,1,1,4,1,1,3,1,4,2,0,3,1,1,0,1,2,3,2,3,1,1,1,2,3,3,2,2,1,1,3,1,4,2,0,3,3,3,4,3,2,2,3,3,0,3,3,1,2,1,3,2,2,1,0,3,3,3,3,2,4,4,4,3,1,4,1,4,4,1,4,1,3,1,2,3,3,3,1,0,1,0,4,1,1,1,2,4,0,0,1,0,1,2,2,3,4,1,1,2,3,1,1,1,3,4,4,1,3,3,1,3,2,2,3,3,1,1,1,3,1,2,1,3,2,2,3,4,2,3,2,2,1,3,2,1,1,4,1,3,1,4,2,0,3,1,1,0,1,3,3,1,1,1,2,3,2,1,1,1,4,2,0,3,3,3,4,3,2,2,3,0,3,3,1,2,1,3,2,2,1,0,3,3,3,4,4,4,3,1,4,1,4,4,4,2,3,3
V195_S1_L001,0,1,0,0,0,1,1,2,0,3,4,1,4,1,2,2,3,0,1,1,2,3,1,2,1,1,0,4,4,1,3,3,1,3,2,2,3,3,1,2,1,2,3,1,2,1,3,2,2,3,4,2,2,3,2,2,0,0,2,1,1,4,1,3,1,4,2,2,3,1,1,0,1,3,0,1,1,1,2,3,2,3,1,1,4,2,1,3,3,3,4,3,2,2,3,3,3,3,1,2,1,3,2,2,1,1,3,4,3,2,4,4,3,3,1,4,1,4,4,2,3,3,0,1,0,0,0,1,1,2,0,4,1,4,1,2,2,3,0,1,1,2,3,1,1,1,0,4,4,1,3,3,1,3,2,2,3,3,1,2,1,3,1,2,1,3,2,2,3,4,2,3,2,2,0,0,2,1,1,4,1,3,1,4,2,2,3,1,1,0,1,3,0,1,1,1,2,3,2,3,1,1,4,2,1,3,3,3,4,3,2,2,3,3,3,3,1,2,1,3,2,2,1,1,3,4,3,4,4,3,3,1,4,1,4,4,2,3,3,3,0,1,0,0,0,0,1,1,2,0,3,4,1,4,1,2,2,3,0,1,1,2,3,1,2,1,1,0,4,4,1,3,4,3,1,3,2,2,3,3,1,2,3,1,2,3,1,0,2,1,3,2,2,3,4,2,2,3,2,2,0,0,2,1,1,4,1,1,3,1,4,2,2,3,1,1,0,1,2,3,0,0,1,1,1,2,3,3,2,0,3,1,3,1,4,2,1,3,3,3,4,3,2,2,3,3,3,3,3,1,2,1,3,2,2,1,1,3,4,3,3,2,4,4,3,3,1,4,1,4,4,1,4,1,3,1,2,3,3,3,1,0,1,0,0,0,1,1,2,0,3,4,1,4,1,2,2,3,0,1,1,2,3,1,1,1,0,4,4,1,3,3,1,3,2,2,3,3,1,2,1,3,1,2,1,3,2,2,3,4,2,3,2,2,0,0,2,1,1,4,1,3,1,4,2,2,3,1,1,0,1,3,0,1,1,1,2,3,2,3,1,1,4,2,1,3,3,3,4,3,2,2,3,3,3,3,1,2,1,3,2,2,1,1,3,4,3,4,4,3,3,1,4,1,4,4,4,2,3,3
V201_S4_L001,0,1,0,0,1,1,1,2,4,3,0,1,4,1,2,2,3,3,1,0,0,3,0,2,0,1,0,4,0,0,0,3,1,0,2,2,3,3,0,1,1,2,3,1,2,1,0,2,2,3,4,2,2,3,2,2,1,3,2,1,1,4,0,3,1,4,2,1,3,1,1,0,1,3,3,1,1,1,2,3,2,1,1,1,4,2,0,3,3,3,4,3,2,2,3,3,3,3,1,2,1,3,2,2,1,1,3,4,3,2,4,4,3,3,1,4,0,4,4,2,3,3,0,1,0,0,1,1,1,2,4,0,1,4,1,2,2,3,3,1,0,0,3,0,0,1,0,4,0,0,0,3,1,0,2,2,3,3,0,1,1,3,1,2,1,0,2,2,3,4,2,3,2,2,1,3,2,1,1,4,0,3,1,4,2,1,3,1,1,0,1,3,3,1,1,1,2,3,2,1,1,1,4,2,0,3,3,3,4,3,2,2,3,3,3,3,1,2,1,3,2,2,1,1,3,4,3,4,4,3,3,1,4,0,4,4,2,3,3,3,0,1,0,1,0,1,1,1,2,4,3,0,1,4,1,2,2,3,3,1,0,0,3,0,2,0,1,0,4,0,0,0,0,3,1,0,2,2,3,3,0,1,3,1,2,3,1,3,2,1,0,2,2,3,4,2,2,3,2,2,1,3,2,1,1,4,1,0,3,1,4,2,1,3,1,1,0,1,2,3,0,3,1,1,1,2,3,3,2,0,1,1,3,1,4,2,0,3,3,3,4,3,2,2,3,3,3,3,3,1,2,1,3,2,2,1,1,3,4,3,3,2,4,4,3,3,1,4,0,4,4,1,4,1,3,1,2,3,3,3,1,0,1,0,0,1,1,1,2,4,3,0,1,4,1,2,2,3,3,1,0,0,3,0,0,1,0,4,0,0,0,3,1,0,2,2,3,3,0,1,1,3,1,2,1,0,2,2,3,4,2,3,2,2,1,3,2,1,1,4,0,3,1,4,2,1,3,1,1,0,1,3,3,1,1,1,2,3,2,1,1,1,4,2,0,3,3,3,4,3,2,2,3,3,3,3,1,2,1,3,2,2,1,1,3,4,3,4,4,3,3,1,4,0,4,4,4,2,3,3
V205_S3_L001,0,1,0,0,0,0,1,2,4,0,0,1,4,0,0,0,0,0,1,0,0,3,1,2,0,1,0,0,0,0,0,3,1,3,2,2,3,3,1,1,1,2,3,1,2,0,3,2,2,3,4,2,0,3,2,2,1,0,2,1,1,4,0,3,1,4,2,2,3,1,1,0,1,3,3,1,1,1,2,3,2,1,1,1,4,2,1,3,3,3,4,3,2,0,0,0,0,3,1,2,0,3,2,2,1,1,3,3,3,2,4,4,4,3,1,4,0,4,4,2,3,3,0,1,0,0,0,0,1,2,4,0,1,4,0,0,0,0,0,1,0,0,3,1,0,1,0,0,0,0,0,3,1,3,2,2,3,3,1,1,1,3,1,2,0,3,2,2,3,4,2,3,2,2,1,0,2,1,1,4,0,3,1,4,2,2,3,1,1,0,1,3,3,1,1,1,2,3,2,1,1,1,4,2,1,3,3,3,4,3,2,0,0,0,0,3,1,2,0,3,2,2,1,1,3,3,3,4,4,4,3,1,4,0,4,4,2,3,3,3,0,1,0,1,0,0,0,1,2,4,0,0,1,4,0,0,0,0,0,1,0,0,3,1,2,0,1,0,0,0,0,0,4,3,1,3,2,2,3,3,1,1,3,1,2,3,1,3,2,0,3,2,2,3,4,2,0,3,2,2,1,0,2,1,1,4,1,0,3,1,4,2,2,3,1,1,0,1,2,3,0,3,1,1,1,2,3,3,2,0,1,1,3,1,4,2,1,3,3,3,4,3,2,0,0,3,0,0,3,1,2,0,3,2,2,1,1,3,3,3,3,2,4,4,4,3,1,4,0,4,4,1,4,1,3,1,2,3,3,3,1,0,1,0,0,0,0,1,2,4,0,0,1,4,0,0,0,0,0,1,0,0,3,1,0,1,0,0,0,0,0,3,1,3,2,2,3,3,1,1,1,3,1,2,0,3,2,2,3,4,2,3,2,2,1,0,2,1,1,4,0,3,1,4,2,2,3,1,1,0,1,3,3,1,1,1,2,3,2,1,1,1,4,2,1,3,3,3,4,3,2,0,0,0,0,3,1,2,0,3,2,2,1,1,3,3,3,4,4,4,3,1,4,0,4,4,4,2,3,3
V215_S2_L001,0,1,2,0,1,1,0,2,4,3,0,1,4,1,0,2,3,3,1,1,2,3,2,0,1,0,3,4,4,1,3,3,0,0,2,2,0,3,1,1,1,2,3,1,2,1,3,0,2,3,4,2,2,3,2,2,1,3,2,1,0,4,1,3,3,4,2,2,0,1,1,1,1,0,3,0,1,0,2,3,0,1,1,1,0,2,2,3,3,3,0,3,2,2,3,0,3,3,0,0,1,3,2,2,1,1,3,3,3,2,3,2,4,3,1,4,0,4,4,0,3,3,0,1,2,0,1,1,0,2,4,0,1,4,1,0,2,3,3,1,1,2,3,2,1,0,3,4,4,1,3,3,0,0,2,2,0,3,1,1,1,3,1,2,1,3,0,2,3,4,2,3,2,2,1,3,2,1,0,4,1,3,3,4,2,2,0,1,1,1,1,0,3,0,1,0,2,3,0,1,1,1,0,2,2,3,3,3,0,3,2,2,3,0,3,3,0,0,1,3,2,2,1,1,3,3,3,3,2,4,3,1,4,0,4,4,0,3,3,3,0,1,2,1,0,1,1,0,2,4,3,0,1,4,1,0,2,3,3,1,1,2,3,2,0,1,0,3,4,4,1,3,0,3,0,0,2,2,0,3,1,1,3,1,2,3,1,3,2,1,3,0,2,3,4,2,2,3,2,2,1,3,2,1,0,4,1,1,3,3,4,2,2,0,1,1,1,1,2,0,2,3,0,1,0,2,3,3,0,2,1,1,3,1,0,2,2,3,3,3,0,3,2,2,3,3,0,3,3,0,0,1,3,2,2,1,1,3,3,3,3,2,3,2,4,3,1,4,0,4,4,1,4,1,3,1,0,3,3,0,1,0,1,2,0,1,1,0,2,4,3,0,1,4,1,0,2,3,3,1,1,2,3,2,1,0,3,4,4,1,3,3,0,0,2,2,0,3,1,1,1,3,1,2,1,3,0,2,3,4,2,3,2,2,1,3,2,1,0,4,1,3,3,4,2,2,0,1,1,1,1,0,3,0,1,0,2,3,0,1,1,1,0,2,2,3,3,3,0,3,2,2,3,0,3,3,0,0,1,3,2,2,1,1,3,3,3,3,2,4,3,1,4,0,4,4,4,0,3,3
V228_S8_L001,0,0,0,0,0,0,0,0,0,0,0,0,0,0,0,0,0,0,0,0,0,0,0,0,0,0,0,0,0,0,0,0,0,0,0,0,0,0,0,2,1,2,3,1,0,0,0,0,0,0,0,0,0,0,0,0,0,0,2,1,0,0,0,0,0,0,0,0,0,0,0,0,0,0,0,0,0,0,0,0,0,0,1,1,0,0,0,3,0,0,0,0,0,0,0,0,0,0,0,0,0,0,0,0,1,1,3,3,3,2,3,4,3,3,1,4,1,4,4,2,3,3,0,0,0,0,0,0,0,0,0,0,0,0,0,0,0,0,0,0,0,0,0,0,0,0,0,0,0,0,0,0,0,0,0,0,0,0,0,2,1,3,1,0,0,0,0,0,0,0,0,0,0,0,0,0,2,1,0,0,0,0,0,0,0,0,0,0,0,0,0,0,0,0,0,0,0,0,0,0,1,1,0,0,0,3,0,0,0,0,0,0,0,0,0,0,0,0,0,0,0,0,1,1,3,3,3,3,4,3,3,1,4,1,4,4,2,3,3,3,0,0,0,0,0,0,0,0,0,0,0,0,0,0,0,0,0,0,0,0,0,0,0,0,0,0,0,0,0,0,0,0,0,0,0,0,0,0,0,0,0,2,3,1,2,3,1,0,0,0,0,0,0,0,0,0,0,0,0,0,0,0,2,1,0,0,0,0,0,0,0,0,0,0,0,0,0,0,2,0,0,0,0,0,0,0,0,3,0,0,0,1,3,1,0,0,0,3,0,0,0,0,0,0,0,3,0,0,0,0,0,0,0,0,0,1,1,3,3,3,3,2,3,4,3,3,1,4,1,4,4,1,4,1,3,1,2,3,3,3,1,0,0,0,0,0,0,0,0,0,0,0,0,0,0,0,0,0,0,0,0,0,0,0,0,0,0,0,0,0,0,0,0,0,0,0,0,0,0,2,1,3,1,0,0,0,0,0,0,0,0,0,0,0,0,0,2,1,0,0,0,0,0,0,0,0,0,0,0,0,0,0,0,0,0,0,0,0,0,0,1,1,0,0,0,3,0,0,0,0,0,0,0,0,0,0,0,0,0,0,0,0,1,1,3,3,3,3,4,3,3,1,4,1,4,4,4,2,3,3
V229_S10_L001,0,0,0,0,0,0,0,0,0,0,0,0,0,0,0,0,0,0,0,0,0,0,0,0,0,0,0,0,0,0,0,0,0,0,0,0,0,0,0,2,1,2,3,1,0,0,0,0,0,0,0,0,0,0,0,0,0,0,2,1,0,0,0,0,0,0,0,0,0,0,0,0,0,0,0,0,0,0,0,0,0,0,1,1,0,0,0,3,0,0,0,0,0,0,0,0,0,0,0,0,0,0,0,0,1,1,3,3,3,2,3,4,3,3,1,4,1,4,4,2,3,3,0,0,0,0,0,0,0,0,0,0,0,0,0,0,0,0,0,0,0,0,0,0,0,0,0,0,0,0,0,0,0,0,0,0,0,0,0,2,1,3,1,0,0,0,0,0,0,0,0,0,0,0,0,0,2,1,0,0,0,0,0,0,0,0,0,0,0,0,0,0,0,0,0,0,0,0,0,0,1,1,0,0,0,3,0,0,0,0,0,0,0,0,0,0,0,0,0,0,0,0,1,1,3,3,3,3,4,3,3,1,4,1,4,4,2,3,3,3,0,0,0,0,0,0,0,0,0,0,0,0,0,0,0,0,0,0,0,0,0,0,0,0,0,0,0,0,0,0,0,0,0,0,0,0,0,0,0,0,0,2,3,1,2,3,1,0,0,0,0,0,0,0,0,0,0,0,0,0,0,0,2,1,0,0,0,0,0,0,0,0,0,0,0,0,0,0,2,0,0,0,0,0,0,0,0,3,0,0,0,1,3,1,0,0,0,3,0,0,0,0,0,0,0,3,0,0,0,0,0,0,0,0,0,1,1,3,3,3,3,2,3,4,3,3,1,4,1,4,4,1,4,1,3,1,2,3,3,3,1,0,0,0,0,0,0,0,0,0,0,0,0,0,0,0,0,0,0,0,0,0,0,0,0,0,0,0,0,0,0,0,0,0,0,0,0,0,0,2,1,3,1,0,0,0,0,0,0,0,0,0,0,0,0,0,2,1,0,0,0,0,0,0,0,0,0,0,0,0,0,0,0,0,0,0,0,0,0,0,1,1,0,0,0,3,0,0,0,0,0,0,0,0,0,0,0,0,0,0,0,0,1,1,3,3,3,3,4,3,3,1,4,1,4,4,4,2,3,3
V232_S3_L001,3,4,2,4,1,1,1,2,3,3,3,1,4,1,2,2,3,3,4,1,2,3,2,2,1,2,3,4,4,1,3,3,1,1,2,4,3,3,3,1,1,0,3,1,2,0,3,2,2,3,4,2,2,3,2,2,1,3,0,1,1,4,1,1,3,1,2,3,3,1,3,3,4,3,1,1,4,1,2,3,2,1,0,1,4,2,2,3,3,3,4,3,4,2,3,3,3,3,1,2,1,3,3,4,1,1,0,3,3,0,3,4,4,3,2,0,1,0,1,0,1,0,3,4,2,4,1,1,1,2,3,3,1,4,1,2,2,3,3,4,1,2,3,2,1,2,3,4,4,1,3,3,1,1,2,4,3,3,3,1,1,3,1,2,0,3,2,2,3,4,2,3,2,2,1,3,0,1,1,4,1,1,3,1,2,3,3,1,3,3,4,3,1,1,4,1,2,3,2,1,0,1,4,2,2,3,3,3,4,3,4,2,3,3,3,3,1,2,1,3,3,4,1,1,0,3,3,3,4,4,3,2,0,1,0,1,0,1,0,3,3,4,2,1,4,1,1,1,2,3,3,3,1,4,1,2,2,3,3,4,1,2,3,2,2,1,2,3,4,4,1,3,1,3,1,1,2,4,3,3,3,1,3,1,0,3,1,3,2,0,3,2,2,3,4,2,2,3,2,2,1,3,0,1,1,4,4,1,1,3,1,2,3,3,1,3,3,4,2,3,2,1,1,4,1,2,3,4,2,2,1,0,3,1,4,2,2,3,3,3,4,3,4,2,3,3,3,3,3,1,2,1,3,3,4,1,1,0,3,3,0,0,3,4,4,3,2,0,1,0,1,1,4,1,3,0,0,1,0,3,1,3,4,2,4,1,1,1,2,3,3,3,1,4,1,2,2,3,3,4,1,2,3,2,1,2,3,4,4,1,3,3,1,1,2,4,3,3,3,1,1,3,1,2,0,3,2,2,3,4,2,3,2,2,1,3,0,1,1,4,1,1,3,1,2,3,3,1,3,3,4,3,1,1,4,1,2,3,2,1,0,1,4,2,2,3,3,3,4,3,4,2,3,3,3,3,1,2,1,3,3,4,1,1,0,3,3,3,4,4,3,2,0,1,0,1,4,0,1,0
V238_S11_L001,0,0,0,0,0,0,0,0,0,0,0,0,0,0,0,0,0,0,0,0,0,0,0,0,0,0,0,0,0,0,0,0,0,0,0,0,0,0,0,2,1,2,3,1,0,0,0,0,0,0,0,0,0,0,0,0,0,0,2,1,0,0,0,3,0,0,0,0,0,0,0,0,0,0,0,0,0,0,0,0,0,0,1,1,0,0,0,3,0,0,0,0,0,0,0,0,0,0,0,0,0,0,0,0,0,1,3,4,3,2,3,4,4,3,1,4,4,4,4,2,3,3,0,0,0,0,0,0,0,0,0,0,0,0,0,0,0,0,0,0,0,0,0,0,0,0,0,0,0,0,0,0,0,0,0,0,0,0,0,2,1,3,1,0,0,0,0,0,0,0,0,0,0,0,0,0,2,1,0,0,0,3,0,0,0,0,0,0,0,0,0,0,0,0,0,0,0,0,0,0,1,1,0,0,0,3,0,0,0,0,0,0,0,0,0,0,0,0,0,0,0,0,0,1,3,4,3,3,4,4,3,1,4,4,4,4,2,3,3,3,0,0,0,0,0,0,0,0,0,0,0,0,0,0,0,0,0,0,0,0,0,0,0,0,0,0,0,0,0,0,0,0,0,0,0,0,0,0,0,0,0,2,3,1,2,3,1,0,0,0,0,0,0,0,0,0,0,0,0,0,0,0,2,1,0,0,0,0,3,0,0,0,0,0,0,0,0,0,2,0,2,0,0,0,0,0,0,3,0,0,0,1,3,1,0,0,0,3,0,0,0,0,0,0,0,3,0,0,0,0,0,0,0,0,0,0,1,3,4,3,3,2,3,4,4,3,1,4,4,4,4,1,4,1,3,1,2,3,3,3,1,0,0,0,0,0,0,0,0,0,0,0,0,0,0,0,0,0,0,0,0,0,0,0,0,0,0,0,0,0,0,0,0,0,0,0,0,0,0,2,1,3,1,0,0,0,0,0,0,0,0,0,0,0,0,0,2,1,0,0,0,3,0,0,0,0,0,0,0,0,0,0,0,0,0,0,0,0,0,0,1,1,0,0,0,3,0,0,0,0,0,0,0,0,0,0,0,0,0,0,0,0,0,1,3,4,3,3,4,4,3,1,4,4,4,4,4,2,3,3
V268_S12_L001,3,1,1,4,1,1,1,2,4,3,0,1,4,1,2,2,3,3,1,1,2,3,1,0,1,1,3,4,4,1,3,0,1,3,2,2,0,3,1,1,0,2,3,1,0,0,0,0,0,0,0,0,0,0,0,0,0,0,2,1,1,0,1,3,1,4,2,2,3,0,0,1,1,0,3,1,1,1,2,3,2,1,1,1,4,2,1,3,3,3,4,3,2,2,3,3,3,3,1,2,1,3,2,2,0,1,3,4,3,2,3,4,3,3,1,4,1,4,4,2,3,3,3,1,1,4,1,1,1,2,4,0,1,4,1,2,2,3,3,1,1,2,3,1,1,1,3,4,4,1,3,0,1,3,2,2,0,3,1,1,0,3,1,0,0,0,0,0,0,0,0,0,0,0,0,0,2,1,1,0,1,3,1,4,2,2,3,0,0,1,1,0,3,1,1,1,2,3,2,1,1,1,4,2,1,3,3,3,4,3,2,2,3,3,3,3,1,2,1,3,2,2,0,1,3,4,3,3,4,3,3,1,4,1,4,4,2,3,3,3,3,1,1,1,4,1,1,1,2,4,3,0,1,4,1,2,2,3,3,1,1,2,3,1,0,1,1,3,4,4,1,3,4,0,1,3,2,2,0,3,1,1,0,0,2,3,1,0,0,0,0,0,0,0,0,0,0,0,0,0,0,0,2,1,1,0,1,1,3,1,4,2,2,3,0,0,1,1,2,0,2,3,1,1,1,2,3,3,2,0,1,1,3,1,4,2,1,3,3,3,4,3,2,2,3,3,3,3,3,1,2,1,3,2,2,0,1,3,4,3,3,2,3,4,3,3,1,4,1,4,4,1,4,1,3,1,2,3,3,3,1,3,1,1,4,1,1,1,2,4,3,0,1,4,1,2,2,3,3,1,1,2,3,1,1,1,3,4,4,1,3,0,1,3,2,2,0,3,1,1,0,3,1,0,0,0,0,0,0,0,0,0,0,0,0,0,2,1,1,0,1,3,1,4,2,2,3,0,0,1,1,0,3,1,1,1,2,3,2,1,1,1,4,2,1,3,3,3,4,3,2,2,3,3,3,3,1,2,1,3,2,2,0,1,3,4,3,3,4,3,3,1,4,1,4,4,4,2,3,3
V271_S13_L001,3,1,1,4,1,1,1,2,4,3,0,1,4,1,2,2,3,3,1,1,2,3,1,0,1,1,3,4,4,1,3,0,1,3,2,2,0,3,1,1,0,2,3,1,0,0,0,0,0,0,0,0,0,0,0,0,0,0,2,1,1,0,1,3,1,4,2,2,3,0,0,1,1,0,3,1,1,1,2,3,2,1,1,1,4,2,1,3,3,3,4,3,2,2,3,3,3,3,1,2,1,3,2,2,0,1,3,4,3,2,3,4,3,3,1,4,1,4,4,2,3,3,3,1,1,4,1,1,1,2,4,0,1,4,1,2,2,3,3,1,1,2,3,1,1,1,3,4,4,1,3,0,1,3,2,2,0,3,1,1,0,3,1,0,0,0,0,0,0,0,0,0,0,0,0,0,2,1,1,0,1,3,1,4,2,2,3,0,0,1,1,0,3,1,1,1,2,3,2,1,1,1,4,2,1,3,3,3,4,3,2,2,3,3,3,3,1,2,1,3,2,2,0,1,3,4,3,3,4,3,3,1,4,1,4,4,2,3,3,3,3,1,1,1,4,1,1,1,2,4,3,0,1,4,1,2,2,3,3,1,1,2,3,1,0,1,1,3,4,4,1,3,4,0,1,3,2,2,0,3,1,1,0,0,2,3,1,0,0,0,0,0,0,0,0,0,0,0,0,0,0,0,2,1,1,0,1,1,3,1,4,2,2,3,0,0,1,1,2,0,2,3,1,1,1,2,3,3,2,0,1,1,3,1,4,2,1,3,3,3,4,3,2,2,3,3,3,3,3,1,2,1,3,2,2,0,1,3,4,3,3,2,3,4,3,3,1,4,1,4,4,1,4,1,3,1,2,3,3,3,1,3,1,1,4,1,1,1,2,4,3,0,1,4,1,2,2,3,3,1,1,2,3,1,1,1,3,4,4,1,3,0,1,3,2,2,0,3,1,1,0,3,1,0,0,0,0,0,0,0,0,0,0,0,0,0,2,1,1,0,1,3,1,4,2,2,3,0,0,1,1,0,3,1,1,1,2,3,2,1,1,1,4,2,1,3,3,3,4,3,2,2,3,3,3,3,1,2,1,3,2,2,0,1,3,4,3,3,4,3,3,1,4,1,4,4,4,2,3,3
V279_S8_L001,3,1,1,4,1,1,1,2,4,3,4,1,4,1,2,2,3,3,1,1,2,3,1,0,1,1,3,4,4,1,3,0,1,3,2,2,3,0,0,2,1,2,3,1,0,0,0,0,0,0,0,0,0,0,0,0,0,0,2,1,1,0,1,3,1,4,2,2,3,0,0,1,1,3,3,1,1,1,2,3,2,1,1,1,4,2,1,3,3,3,4,3,2,2,3,3,3,3,1,2,1,3,2,2,1,1,3,4,3,0,3,2,4,3,1,4,0,4,4,2,0,0,3,1,1,4,1,1,1,2,4,4,1,4,1,2,2,3,3,1,1,2,3,1,1,1,3,4,4,1,3,0,1,3,2,2,3,0,0,2,1,3,1,0,0,0,0,0,0,0,0,0,0,0,0,0,2,1,1,0,1,3,1,4,2,2,3,0,0,1,1,3,3,1,1,1,2,3,2,1,1,1,4,2,1,3,3,3,4,3,2,2,3,3,3,3,1,2,1,3,2,2,1,1,3,4,3,3,2,4,3,1,4,0,4,4,2,0,0,3,3,1,1,1,4,1,1,1,2,4,3,4,1,4,1,2,2,3,3,1,1,2,3,1,0,1,1,3,4,4,1,3,4,0,1,3,2,2,3,0,0,2,3,1,2,3,1,0,0,0,0,0,0,0,0,0,0,0,0,0,0,0,2,1,1,0,1,1,3,1,4,2,2,3,0,0,1,1,2,3,2,3,1,1,1,2,3,3,2,0,1,1,3,1,4,2,1,3,3,3,4,3,2,2,3,3,3,3,3,1,2,1,3,2,2,1,1,3,4,3,0,0,3,2,4,3,1,4,0,4,4,0,4,1,3,1,2,0,0,0,1,3,1,1,4,1,1,1,2,4,3,4,1,4,1,2,2,3,3,1,1,2,3,1,1,1,3,4,4,1,3,0,1,3,2,2,3,0,0,2,1,3,1,0,0,0,0,0,0,0,0,0,0,0,0,0,2,1,1,0,1,3,1,4,2,2,3,0,0,1,1,3,3,1,1,1,2,3,2,1,1,1,4,2,1,3,3,3,4,3,2,2,3,3,3,3,1,2,1,3,2,2,1,1,3,4,3,3,2,4,3,1,4,0,4,4,4,2,0,0
V282_S4_L001,1,1,1,4,1,1,1,2,2,3,3,1,4,1,2,2,3,3,1,1,2,3,1,1,1,1,3,4,4,1,3,3,1,1,1,2,3,2,1,2,3,2,3,1,2,1,3,2,2,3,4,2,2,3,2,2,1,3,2,1,4,1,1,3,1,4,1,1,2,1,1,1,1,3,1,3,1,1,1,3,1,1,1,1,1,0,2,3,1,2,2,2,2,2,3,3,1,2,1,1,1,3,2,2,1,3,3,4,0,2,4,4,3,0,1,4,4,4,4,2,3,3,1,1,1,4,1,1,1,2,2,3,1,4,1,2,2,3,3,1,1,2,3,1,1,1,3,4,4,1,3,3,1,1,1,2,3,2,1,2,3,3,1,2,1,3,2,2,3,4,2,3,2,2,1,3,2,1,4,1,1,3,1,4,1,1,2,1,1,1,1,3,1,3,1,1,1,3,1,1,1,1,1,0,2,3,1,2,2,2,2,2,3,3,1,2,1,1,1,3,2,2,1,3,3,4,0,4,4,3,0,1,4,4,4,4,2,3,3,0,1,1,1,1,4,1,1,1,2,2,3,3,1,4,1,2,2,3,3,1,1,2,3,1,1,1,1,3,4,4,1,3,1,3,1,1,1,2,3,2,1,2,0,3,2,3,1,3,2,1,3,2,2,3,4,2,2,3,2,2,1,3,2,1,4,1,4,1,3,1,4,1,1,2,1,1,1,1,0,3,2,1,3,1,1,1,3,0,1,2,1,1,0,1,1,0,2,3,1,2,2,2,2,2,3,0,3,1,2,1,1,1,3,2,2,1,3,3,4,0,3,2,4,4,3,0,1,4,4,4,4,0,0,1,0,1,2,3,3,0,0,1,1,1,4,1,1,1,2,2,3,3,1,4,1,2,2,3,3,1,1,2,3,1,1,1,3,4,4,1,3,3,1,1,1,2,3,2,1,2,3,3,1,2,1,3,2,2,3,4,2,3,2,2,1,3,2,1,4,1,1,3,1,4,1,1,2,1,1,1,1,3,1,3,1,1,1,3,1,1,1,1,1,0,2,3,1,2,2,2,2,2,3,3,1,2,1,1,1,3,2,2,1,3,3,4,0,4,4,3,0,1,4,4,4,4,0,2,3,3
V283_S5_L001,3,1,1,4,1,1,1,2,4,3,4,1,4,1,2,2,3,3,1,1,2,3,1,0,1,1,3,4,4,1,3,0,0,3,2,2,3,0,0,2,1,2,3,1,0,0,0,0,0,0,0,0,0,0,0,0,0,0,2,1,1,0,1,3,1,4,2,2,3,0,0,1,1,3,3,1,1,1,2,3,2,1,1,1,4,2,1,3,3,3,4,3,2,2,3,3,3,3,1,2,1,3,2,2,1,1,3,4,3,0,3,2,4,3,1,4,0,4,4,2,0,0,3,1,1,4,1,1,1,2,4,4,1,4,1,2,2,3,3,1,1,2,3,1,1,1,3,4,4,1,3,0,0,3,2,2,3,0,0,2,1,3,1,0,0,0,0,0,0,0,0,0,0,0,0,0,2,1,1,0,1,3,1,4,2,2,3,0,0,1,1,3,3,1,1,1,2,3,2,1,1,1,4,2,1,3,3,3,4,3,2,2,3,3,3,3,1,2,1,3,2,2,1,1,3,4,3,3,2,4,3,1,4,0,4,4,2,0,0,3,3,1,1,1,4,1,1,1,2,4,3,4,1,4,1,2,2,3,3,1,1,2,3,1,0,1,1,3,4,4,1,3,4,0,0,3,2,2,3,0,0,2,3,1,2,3,1,0,0,0,0,0,0,0,0,0,0,0,0,0,0,0,2,1,1,0,1,1,3,1,4,2,2,3,0,0,1,1,2,3,2,3,1,1,1,2,3,3,2,0,1,1,3,1,4,2,1,3,3,3,4,3,2,2,3,3,3,3,3,1,2,1,3,2,2,1,1,3,4,3,0,0,3,2,4,3,1,4,0,4,4,0,4,1,3,1,2,0,0,0,1,3,1,1,4,1,1,1,2,4,3,4,1,4,1,2,2,3,3,1,1,2,3,1,1,1,3,4,4,1,3,0,0,3,2,2,3,0,0,2,1,3,1,0,0,0,0,0,0,0,0,0,0,0,0,0,2,1,1,0,1,3,1,4,2,2,3,0,0,1,1,3,3,1,1,1,2,3,2,1,1,1,4,2,1,3,3,3,4,3,2,2,3,3,3,3,1,2,1,3,2,2,1,1,3,4,3,3,2,4,3,1,4,0,4,4,4,2,0,0
V289_S5_L001,3,4,1,4,1,1,1,2,3,3,4,0,0,1,4,2,3,3,1,0,0,3,1,2,1,1,3,4,4,1,3,3,1,3,2,2,4,3,4,1,3,2,3,1,2,1,3,2,2,3,4,2,2,3,2,2,1,3,2,1,1,4,1,3,0,4,2,3,3,1,1,1,1,3,3,1,1,1,0,0,2,0,1,1,4,0,2,3,3,2,4,3,2,2,3,0,3,3,0,2,1,3,0,0,0,1,3,3,3,2,3,2,4,3,1,4,1,4,1,2,3,3,3,4,1,4,1,1,1,2,3,4,0,0,1,4,2,3,3,1,0,0,3,1,1,1,3,4,4,1,3,3,1,3,2,2,4,3,4,1,3,3,1,2,1,3,2,2,3,4,2,3,2,2,1,3,2,1,1,4,1,3,0,4,2,3,3,1,1,1,1,3,3,1,1,1,0,0,2,0,1,1,4,0,2,3,3,2,4,3,2,2,3,0,3,3,0,2,1,3,0,0,0,1,3,3,3,3,2,4,3,1,4,1,4,1,2,3,3,3,3,4,1,1,4,1,1,1,2,3,3,4,0,0,1,4,2,3,3,1,0,0,3,1,2,1,1,3,4,4,1,3,4,3,1,3,2,2,4,3,4,1,3,3,2,3,1,0,2,1,3,2,2,3,4,2,2,3,2,2,1,3,2,1,1,4,1,1,3,0,4,2,3,3,1,1,1,1,2,3,2,3,1,1,1,0,0,3,2,2,0,1,3,1,4,0,2,3,3,2,4,3,2,2,3,3,0,3,3,0,2,1,3,0,0,0,1,3,3,3,3,2,3,2,4,3,1,4,1,4,1,1,4,1,3,1,2,3,3,3,1,3,4,1,4,1,1,1,2,3,3,4,0,0,1,4,2,3,3,1,0,0,3,1,1,1,3,4,4,1,3,3,1,3,2,2,4,3,4,1,3,3,1,2,1,3,2,2,3,4,2,3,2,2,1,3,2,1,1,4,1,3,0,4,2,3,3,1,1,1,1,3,3,1,1,1,0,0,2,0,1,1,4,0,2,3,3,2,4,3,2,2,3,0,3,3,0,2,1,3,0,0,0,1,3,3,3,3,2,4,3,1,4,1,4,1,4,2,3,3
V291_S5_L001,1,1,1,4,1,1,1,2,2,3,3,1,4,1,2,2,3,3,1,1,2,3,1,1,1,1,3,4,4,1,3,3,1,1,1,2,3,2,1,2,3,2,3,1,2,1,3,2,2,3,4,2,2,3,2,2,1,3,2,1,4,1,1,3,1,4,1,1,2,1,1,1,1,3,1,3,1,1,1,3,1,1,1,1,1,0,2,3,1,2,2,2,2,2,3,3,1,2,1,1,1,3,2,2,1,3,3,4,0,2,4,4,3,0,1,4,4,4,4,2,3,3,1,1,1,4,1,1,1,2,2,3,1,4,1,2,2,3,3,1,1,2,3,1,1,1,3,4,4,1,3,3,1,1,1,2,3,2,1,2,3,3,1,2,1,3,2,2,3,4,2,3,2,2,1,3,2,1,4,1,1,3,1,4,1,1,2,1,1,1,1,3,1,3,1,1,1,3,1,1,1,1,1,0,2,3,1,2,2,2,2,2,3,3,1,2,1,1,1,3,2,2,1,3,3,4,0,4,4,3,0,1,4,4,4,4,2,3,3,0,1,1,1,1,4,1,1,1,2,2,3,3,1,4,1,2,2,3,3,1,1,2,3,1,1,1,1,3,4,4,1,3,1,3,1,1,1,2,3,2,1,2,0,3,2,3,1,3,2,1,3,2,2,3,4,2,2,3,2,2,1,3,2,1,4,1,4,1,3,1,4,1,1,2,1,1,1,1,0,3,2,1,3,1,1,1,3,0,1,2,1,1,0,1,1,0,2,3,1,2,2,2,2,2,3,0,3,1,2,1,1,1,3,2,2,1,3,3,4,0,3,2,4,4,3,0,1,4,4,4,4,0,0,1,0,1,2,3,3,0,0,1,1,1,4,1,1,1,2,2,3,3,1,4,1,2,2,3,3,1,1,2,3,1,1,1,3,4,4,1,3,3,1,1,1,2,3,2,1,2,3,3,1,2,1,3,2,2,3,4,2,3,2,2,1,3,2,1,4,1,1,3,1,4,1,1,2,1,1,1,1,3,1,3,1,1,1,3,1,1,1,1,1,0,2,3,1,2,2,2,2,2,3,3,1,2,1,1,1,3,2,2,1,3,3,4,0,4,4,3,0,1,4,4,4,4,0,2,3,3
V292_S6_L001,3,0,1,0,4,1,0,2,4,0,4,0,4,1,2,2,3,0,1,1,2,3,2,2,1,1,0,4,4,1,3,3,1,3,2,2,4,3,1,2,3,2,3,1,0,1,0,0,2,3,4,2,2,3,2,2,1,3,2,1,1,4,1,1,0,4,2,3,3,2,1,0,1,0,3,1,1,1,0,0,2,1,1,1,1,2,2,3,3,3,4,3,2,2,0,3,3,3,1,2,0,3,2,2,0,1,3,3,3,2,3,2,4,3,1,4,0,4,4,2,3,3,3,0,1,0,4,1,0,2,4,4,0,4,1,2,2,3,0,1,1,2,3,2,1,1,0,4,4,1,3,3,1,3,2,2,4,3,1,2,3,3,1,0,1,0,0,2,3,4,2,3,2,2,1,3,2,1,1,4,1,1,0,4,2,3,3,2,1,0,1,0,3,1,1,1,0,0,2,1,1,1,1,2,2,3,3,3,4,3,2,2,0,3,3,3,1,2,0,3,2,2,0,1,3,3,3,3,2,4,3,1,4,0,4,4,2,3,3,3,3,0,1,1,0,4,1,0,2,4,0,4,0,4,1,2,2,3,0,1,1,2,3,2,2,1,1,0,4,4,1,3,4,3,1,3,2,2,4,3,1,2,3,3,2,3,1,0,0,1,0,0,2,3,4,2,2,3,2,2,1,3,2,1,1,4,0,1,1,0,4,2,3,3,2,1,0,1,2,0,0,3,1,1,1,0,0,4,2,2,1,1,3,1,1,2,2,3,3,3,4,3,2,2,0,3,3,3,3,1,2,0,3,2,2,0,1,3,3,3,3,2,3,2,4,3,1,4,0,4,4,1,4,1,3,0,2,3,3,3,1,3,0,1,0,4,1,0,2,4,0,4,0,4,1,2,2,3,0,1,1,2,3,2,1,1,0,4,4,1,3,3,1,3,2,2,4,3,1,2,3,3,1,0,1,0,0,2,3,4,2,3,2,2,1,3,2,1,1,4,1,1,0,4,2,3,3,2,1,0,1,0,3,1,1,1,0,0,2,1,1,1,1,2,2,3,3,3,4,3,2,2,0,3,3,3,1,2,0,3,2,2,0,1,3,3,3,3,2,4,3,1,4,0,4,4,4,2,3,3
V295_S7_L001,1,1,1,4,1,1,1,2,2,3,3,1,4,1,2,2,3,3,1,1,2,3,1,1,1,1,3,4,4,1,3,3,1,1,1,2,3,2,1,2,3,2,3,1,2,1,3,2,2,3,4,2,2,3,2,2,1,3,2,1,4,1,1,3,1,4,1,1,2,1,1,1,1,3,1,3,1,1,1,3,1,1,1,1,1,0,2,3,1,2,2,2,2,2,3,3,1,2,1,1,1,3,2,2,1,3,3,4,0,2,4,4,3,0,1,4,4,4,4,2,3,3,1,1,1,4,1,1,1,2,2,3,1,4,1,2,2,3,3,1,1,2,3,1,1,1,3,4,4,1,3,3,1,1,1,2,3,2,1,2,3,3,1,2,1,3,2,2,3,4,2,3,2,2,1,3,2,1,4,1,1,3,1,4,1,1,2,1,1,1,1,3,1,3,1,1,1,3,1,1,1,1,1,0,2,3,1,2,2,2,2,2,3,3,1,2,1,1,1,3,2,2,1,3,3,4,0,4,4,3,0,1,4,4,4,4,2,3,3,0,1,1,1,1,4,1,1,1,2,2,3,3,1,4,1,2,2,3,3,1,1,2,3,1,1,1,1,3,4,4,1,3,1,3,1,1,1,2,3,2,1,2,0,3,2,3,1,3,2,1,3,2,2,3,4,2,2,3,2,2,1,3,2,1,4,1,4,1,3,1,4,1,1,2,1,1,1,1,0,3,2,1,3,1,1,1,3,0,1,2,1,1,0,1,1,0,2,3,1,2,2,2,2,2,3,0,3,1,2,1,1,1,3,2,2,1,3,3,4,0,3,2,4,4,3,0,1,4,4,4,4,0,0,1,0,1,2,3,3,0,0,1,1,1,4,1,1,1,2,2,3,3,1,4,1,2,2,3,3,1,1,2,3,1,1,1,3,4,4,1,3,3,1,1,1,2,3,2,1,2,3,3,1,2,1,3,2,2,3,4,2,3,2,2,1,3,2,1,4,1,1,3,1,4,1,1,2,1,1,1,1,3,1,3,1,1,1,3,1,1,1,1,1,0,2,3,1,2,2,2,2,2,3,3,1,2,1,1,1,3,2,2,1,3,3,4,0,4,4,3,0,1,4,4,4,4,0,2,3,3
V40_S2_L001,0,0,0,0,0,0,0,0,0,0,0,0,0,0,0,0,0,0,0,0,0,0,0,0,0,0,0,0,0,0,0,0,0,0,0,0,0,0,0,2,1,2,3,1,0,0,0,0,0,0,0,0,0,0,0,0,0,0,2,1,1,0,0,0,0,0,0,0,0,0,0,0,0,0,0,0,0,0,0,0,0,0,1,1,0,0,0,3,0,0,0,0,0,0,0,0,0,0,0,0,0,0,0,2,0,0,3,3,3,2,3,4,4,3,1,4,1,4,4,2,3,3,0,0,0,0,0,0,0,0,0,0,0,0,0,0,0,0,0,0,0,0,0,0,0,0,0,0,0,0,0,0,0,0,0,0,0,0,0,2,1,3,1,0,0,0,0,0,0,0,0,0,0,0,0,0,2,1,1,0,0,0,0,0,0,0,0,0,0,0,0,0,0,0,0,0,0,0,0,0,1,1,0,0,0,3,0,0,0,0,0,0,0,0,0,0,0,0,0,0,0,2,0,0,3,3,3,3,4,4,3,1,4,1,4,4,2,3,3,3,0,0,0,0,0,0,0,0,0,0,0,0,0,0,0,0,0,0,0,0,0,0,0,0,0,0,0,0,0,0,0,0,0,0,0,0,0,0,0,0,0,2,3,1,2,3,1,0,0,0,0,0,0,0,0,0,0,0,0,0,0,0,2,1,1,0,0,0,0,0,0,0,0,0,0,0,0,0,2,0,0,0,0,0,0,0,0,3,0,0,0,1,3,1,0,0,0,3,0,0,0,0,0,0,0,3,0,0,0,0,0,0,0,0,2,0,0,3,3,3,3,2,3,4,4,3,1,4,1,4,4,1,4,1,3,1,2,3,3,3,1,0,0,0,0,0,0,0,0,0,0,0,0,0,0,0,0,0,0,0,0,0,0,0,0,0,0,0,0,0,0,0,0,0,0,0,0,0,0,2,1,3,1,0,0,0,0,0,0,0,0,0,0,0,0,0,2,1,1,0,0,0,0,0,0,0,0,0,0,0,0,0,0,0,0,0,0,0,0,0,1,1,0,0,0,3,0,0,0,0,0,0,0,0,0,0,0,0,0,0,0,2,0,0,3,3,3,3,4,4,3,1,4,1,4,4,4,2,3,3
V41_S2_L001,0,0,0,0,0,0,0,0,0,0,0,0,0,0,0,0,0,0,0,0,0,0,0,0,0,0,0,0,0,0,0,0,0,0,0,0,0,0,0,2,1,2,3,1,0,0,0,0,0,0,0,0,0,0,0,0,0,0,2,1,0,0,0,0,0,0,0,0,0,0,0,0,0,0,0,0,0,0,0,0,0,0,1,1,0,0,0,3,0,0,0,0,0,0,0,0,0,0,0,0,0,0,0,0,0,1,3,4,3,2,3,4,4,3,1,4,4,4,4,2,3,3,0,0,0,0,0,0,0,0,0,0,0,0,0,0,0,0,0,0,0,0,0,0,0,0,0,0,0,0,0,0,0,0,0,0,0,0,0,2,1,3,1,0,0,0,0,0,0,0,0,0,0,0,0,0,2,1,0,0,0,0,0,0,0,0,0,0,0,0,0,0,0,0,0,0,0,0,0,0,1,1,0,0,0,3,0,0,0,0,0,0,0,0,0,0,0,0,0,0,0,0,0,1,3,4,3,3,4,4,3,1,4,4,4,4,2,3,3,3,0,0,0,0,0,0,0,0,0,0,0,0,0,0,0,0,0,0,0,0,0,0,0,0,0,0,0,0,0,0,0,0,0,0,0,0,0,0,0,0,0,2,3,1,2,3,1,0,0,0,0,0,0,0,0,0,0,0,0,0,0,0,2,1,0,0,0,0,0,0,0,0,0,0,0,0,0,0,2,0,0,0,0,0,0,0,0,3,0,0,0,1,3,1,0,0,0,3,0,0,0,0,0,0,0,3,0,0,0,0,0,0,0,0,0,0,1,3,4,3,3,2,3,4,4,3,1,4,4,4,4,1,4,1,3,1,2,3,3,3,1,0,0,0,0,0,0,0,0,0,0,0,0,0,0,0,0,0,0,0,0,0,0,0,0,0,0,0,0,0,0,0,0,0,0,0,0,0,0,2,1,3,1,0,0,0,0,0,0,0,0,0,0,0,0,0,2,1,0,0,0,0,0,0,0,0,0,0,0,0,0,0,0,0,0,0,0,0,0,0,1,1,0,0,0,3,0,0,0,0,0,0,0,0,0,0,0,0,0,0,0,0,0,1,3,4,3,3,4,4,3,1,4,4,4,4,4,2,3,3
V64_S3_L001,3,1,1,0,1,0,1,2,0,0,0,1,4,1,0,0,0,0,1,1,2,3,1,2,1,1,3,4,4,0,0,3,1,3,2,2,3,3,1,2,1,2,3,1,0,0,0,0,0,0,0,0,0,0,0,0,0,0,2,1,1,4,1,3,1,4,2,2,3,1,1,1,1,3,0,1,1,1,0,0,2,1,1,1,4,2,0,3,3,3,4,3,2,2,3,0,3,3,1,2,0,3,2,2,1,1,3,3,3,2,4,4,4,3,1,4,1,4,4,2,3,3,3,1,1,0,1,0,1,2,0,0,1,4,1,0,0,0,0,1,1,2,3,1,1,1,3,4,4,0,0,3,1,3,2,2,3,3,1,2,1,3,1,0,0,0,0,0,0,0,0,0,0,0,0,0,2,1,1,4,1,3,1,4,2,2,3,1,1,1,1,3,0,1,1,1,0,0,2,1,1,1,4,2,0,3,3,3,4,3,2,2,3,0,3,3,1,2,0,3,2,2,1,1,3,3,3,4,4,4,3,1,4,1,4,4,2,3,3,3,3,1,1,0,0,1,0,1,2,0,0,0,1,4,1,0,0,0,0,1,1,2,3,1,2,1,1,3,4,4,0,0,0,3,1,3,2,2,3,3,1,2,3,1,2,3,1,0,0,0,0,0,0,0,0,0,0,0,0,0,0,0,2,1,1,4,1,1,3,1,4,2,2,3,1,1,1,1,2,3,0,0,1,1,1,0,0,3,2,0,1,1,3,1,4,2,0,3,3,3,4,3,2,2,3,3,0,3,3,1,2,0,3,2,2,1,1,3,3,3,3,2,4,4,4,3,1,4,1,4,4,1,4,1,3,1,2,3,3,3,1,3,1,1,0,1,0,1,2,0,0,0,1,4,1,0,0,0,0,1,1,2,3,1,1,1,3,4,4,0,0,3,1,3,2,2,3,3,1,2,1,3,1,0,0,0,0,0,0,0,0,0,0,0,0,0,2,1,1,4,1,3,1,4,2,2,3,1,1,1,1,3,0,1,1,1,0,0,2,1,1,1,4,2,0,3,3,3,4,3,2,2,3,0,3,3,1,2,0,3,2,2,1,1,3,3,3,4,4,4,3,1,4,1,4,4,4,2,3,3
V71_S4_L001,0,0,0,0,0,0,0,0,0,0,0,0,0,0,0,0,0,0,0,0,0,0,0,0,0,0,0,0,0,0,0,0,0,0,0,2,3,3,1,2,1,2,3,1,0,0,0,0,0,0,0,0,0,0,0,0,0,0,2,1,0,0,0,1,0,4,2,3,3,2,1,0,1,0,3,1,0,0,0,0,0,0,1,1,0,0,0,3,0,0,0,0,0,0,0,0,0,0,0,0,0,0,0,2,0,0,3,3,3,2,3,4,4,3,1,4,1,4,4,2,3,3,0,0,0,0,0,0,0,0,0,0,0,0,0,0,0,0,0,0,0,0,0,0,0,0,0,0,0,0,0,0,0,0,0,2,3,3,1,2,1,3,1,0,0,0,0,0,0,0,0,0,0,0,0,0,2,1,0,0,0,1,0,4,2,3,3,2,1,0,1,0,3,1,0,0,0,0,0,0,1,1,0,0,0,3,0,0,0,0,0,0,0,0,0,0,0,0,0,0,0,2,0,0,3,3,3,3,4,4,3,1,4,1,4,4,2,3,3,3,0,0,0,0,0,0,0,0,0,0,0,0,0,0,0,0,0,0,0,0,0,0,0,0,0,0,0,0,0,0,0,0,0,0,0,0,0,2,3,3,1,2,3,1,2,3,1,0,0,0,0,0,0,0,0,0,0,0,0,0,0,0,2,1,0,0,0,0,1,0,4,2,3,3,2,1,0,1,2,0,0,3,1,0,0,0,0,3,0,0,0,1,3,1,0,0,0,3,0,0,0,0,0,0,0,3,0,0,0,0,0,0,0,0,2,0,0,3,3,3,3,2,3,4,4,3,1,4,1,4,4,1,4,1,3,1,2,3,3,3,1,0,0,0,0,0,0,0,0,0,0,0,0,0,0,0,0,0,0,0,0,0,0,0,0,0,0,0,0,0,0,0,0,0,0,2,3,3,1,2,1,3,1,0,0,0,0,0,0,0,0,0,0,0,0,0,2,1,0,0,0,1,0,4,2,3,3,2,1,0,1,0,3,1,0,0,0,0,0,0,1,1,0,0,0,3,0,0,0,0,0,0,0,0,0,0,0,0,0,0,0,2,0,0,3,3,3,3,4,4,3,1,4,1,4,4,4,2,3,3
V73_S5_L001,3,1,1,4,1,1,1,2,3,0,3,1,0,1,2,2,3,3,4,1,2,3,2,2,1,1,3,4,4,1,3,3,1,3,2,2,3,3,1,2,1,2,0,1,2,1,3,2,2,3,4,2,2,3,2,2,1,3,0,1,1,4,1,3,0,4,2,2,3,1,1,1,1,3,3,1,1,1,0,0,2,1,1,1,4,0,0,3,3,3,4,3,2,2,3,3,3,2,0,2,1,3,3,2,0,1,3,3,3,2,3,4,4,3,1,4,0,0,4,2,3,3,3,1,1,4,1,1,1,2,3,3,1,0,1,2,2,3,3,4,1,2,3,2,1,1,3,4,4,1,3,3,1,3,2,2,3,3,1,2,1,0,1,2,1,3,2,2,3,4,2,3,2,2,1,3,0,1,1,4,1,3,0,4,2,2,3,1,1,1,1,3,3,1,1,1,0,0,2,1,1,1,4,0,0,3,3,3,4,3,2,2,3,3,3,2,0,2,1,3,3,2,0,1,3,3,3,3,4,4,3,1,4,0,0,4,2,3,3,3,3,1,1,1,4,1,1,1,2,3,0,3,1,0,1,2,2,3,3,4,1,2,3,2,2,1,1,3,4,4,1,3,4,3,1,3,2,2,3,3,1,2,3,1,2,0,1,3,2,1,3,2,2,3,4,2,2,3,2,2,1,3,0,1,1,4,1,1,3,0,4,2,2,3,1,1,1,1,2,3,2,3,1,1,1,0,0,3,2,2,1,1,3,1,4,0,0,3,3,3,4,3,2,2,3,3,3,3,2,0,2,1,3,3,2,0,1,3,3,3,3,2,3,4,4,3,1,4,0,0,4,1,4,1,3,1,2,3,3,3,0,3,1,1,4,1,1,1,2,3,0,3,1,0,1,2,2,3,3,4,1,2,3,2,1,1,3,4,4,1,3,3,1,3,2,2,3,3,1,2,1,0,1,2,1,3,2,2,3,4,2,3,2,2,1,3,0,1,1,4,1,3,0,4,2,2,3,1,1,1,1,3,3,1,1,1,0,0,2,1,1,1,4,0,0,3,3,3,4,3,2,2,3,3,3,2,0,2,1,3,3,2,0,1,3,3,3,3,4,4,3,1,4,0,0,4,4,2,3,3
V79_S6_L001,0,0,0,0,0,0,1,2,4,3,0,1,4,0,0,0,0,0,1,1,2,3,1,2,0,1,0,0,0,0,0,3,0,3,2,2,3,3,1,2,1,2,3,1,2,1,3,2,2,3,4,2,2,3,2,2,1,3,2,1,1,4,0,3,1,0,2,2,3,1,1,0,1,3,3,1,1,0,2,3,2,1,1,1,4,2,0,3,3,3,4,3,2,2,3,0,3,3,1,2,0,3,2,2,1,1,3,0,3,2,4,4,4,3,1,4,0,4,4,2,3,3,0,0,0,0,0,0,1,2,4,0,1,4,0,0,0,0,0,1,1,2,3,1,0,1,0,0,0,0,0,3,0,3,2,2,3,3,1,2,1,3,1,2,1,3,2,2,3,4,2,3,2,2,1,3,2,1,1,4,0,3,1,0,2,2,3,1,1,0,1,3,3,1,1,0,2,3,2,1,1,1,4,2,0,3,3,3,4,3,2,2,3,0,3,3,1,2,0,3,2,2,1,1,3,0,3,4,4,4,3,1,4,0,4,4,2,3,3,3,0,0,0,1,0,0,0,1,2,4,3,0,1,4,0,0,0,0,0,1,1,2,3,1,2,0,1,0,0,0,0,0,4,3,0,3,2,2,3,3,1,2,3,1,2,3,1,0,2,1,3,2,2,3,4,2,2,3,2,2,1,3,2,1,1,4,1,0,3,1,0,2,2,3,1,1,0,1,2,3,0,3,1,1,0,2,3,3,2,2,1,1,3,1,4,2,0,3,3,3,4,3,2,2,3,3,0,3,3,1,2,0,3,2,2,1,1,3,0,3,3,2,4,4,4,3,1,4,0,4,4,1,4,1,3,1,2,3,3,0,1,0,0,0,0,0,0,1,2,4,3,0,1,4,0,0,0,0,0,1,1,2,3,1,0,1,0,0,0,0,0,3,0,3,2,2,3,3,1,2,1,3,1,2,1,3,2,2,3,4,2,3,2,2,1,3,2,1,1,4,0,3,1,0,2,2,3,1,1,0,1,3,3,1,1,0,2,3,2,1,1,1,4,2,0,3,3,3,4,3,2,2,3,0,3,3,1,2,0,3,2,2,1,1,3,0,3,4,4,4,3,1,4,0,4,4,4,2,3,3
V8_S7_L001,3,0,1,4,4,1,1,2,4,3,4,0,4,1,2,2,3,3,1,1,2,3,2,2,1,1,3,4,4,1,3,3,2,3,2,2,4,3,1,2,1,2,3,1,2,1,3,2,2,3,4,2,2,3,2,2,1,3,2,1,1,4,1,1,3,4,2,3,3,2,1,1,1,3,3,1,1,1,0,3,2,3,1,1,0,2,2,3,3,3,4,3,2,2,3,3,3,3,1,2,1,3,2,2,1,1,3,3,3,2,3,4,4,3,1,0,1,0,4,2,3,3,3,0,1,4,4,1,1,2,4,4,0,4,1,2,2,3,3,1,1,2,3,2,1,1,3,4,4,1,3,3,2,3,2,2,4,3,1,2,1,3,1,2,1,3,2,2,3,4,2,3,2,2,1,3,2,1,1,4,1,1,3,4,2,3,3,2,1,1,1,3,3,1,1,1,0,3,2,3,1,1,0,2,2,3,3,3,4,3,2,2,3,3,3,3,1,2,1,3,2,2,1,1,3,3,3,3,4,4,3,1,0,1,0,4,2,3,3,3,3,0,1,1,4,4,1,1,2,4,3,4,0,4,1,2,2,3,3,1,1,2,3,2,2,1,1,3,4,4,1,3,1,3,2,3,2,2,4,3,1,2,3,1,2,3,1,3,2,1,3,2,2,3,4,2,2,3,2,2,1,3,2,1,1,4,0,1,1,3,4,2,3,3,2,1,1,1,2,3,2,3,1,1,1,0,3,4,2,2,3,1,3,1,0,2,2,3,3,3,4,3,2,2,3,3,3,3,3,1,2,1,3,2,2,1,1,3,3,3,3,2,3,4,4,3,1,0,1,0,4,1,4,0,3,0,2,3,3,3,1,3,0,1,4,4,1,1,2,4,3,4,0,4,1,2,2,3,3,1,1,2,3,2,1,1,3,4,4,1,3,3,2,3,2,2,4,3,1,2,1,3,1,2,1,3,2,2,3,4,2,3,2,2,1,3,2,1,1,4,1,1,3,4,2,3,3,2,1,1,1,3,3,1,1,1,0,3,2,3,1,1,0,2,2,3,3,3,4,3,2,2,3,3,3,3,1,2,1,3,2,2,1,1,3,3,3,3,4,4,3,1,0,1,0,4,4,2,3,3
V80_S7_L001,4,0,0,0,0,1,0,0,0,0,0,1,4,1,0,0,0,3,0,1,2,3,0,0,0,0,0,0,0,0,0,3,0,0,0,2,3,0,0,2,1,2,3,1,2,0,3,2,2,3,4,2,2,3,2,2,1,3,2,1,1,0,1,3,3,4,0,0,0,0,0,0,0,3,0,0,0,0,2,3,0,1,1,0,4,0,0,3,0,0,0,0,2,2,3,0,3,0,0,0,0,3,0,2,0,1,3,4,3,2,3,4,3,3,1,4,1,0,4,2,3,3,4,0,0,0,0,1,0,0,0,0,1,4,1,0,0,0,3,0,1,2,3,0,0,0,0,0,0,0,0,3,0,0,0,2,3,0,0,2,1,3,1,2,0,3,2,2,3,4,2,3,2,2,1,3,2,1,1,0,1,3,3,4,0,0,0,0,0,0,0,3,0,0,0,0,2,3,0,1,1,0,4,0,0,3,0,0,0,0,2,2,3,0,3,0,0,0,0,3,0,2,0,1,3,4,3,3,4,3,3,1,4,1,0,4,2,3,3,3,4,0,0,0,0,0,1,0,0,0,0,0,1,4,1,0,0,0,3,0,1,2,3,0,0,0,0,0,0,0,0,0,0,3,0,0,0,2,3,0,0,2,3,1,2,3,1,3,2,0,3,2,2,3,4,2,2,3,2,2,1,3,2,1,1,0,0,1,3,3,4,0,0,0,0,0,0,0,2,3,0,0,0,0,0,2,3,3,0,2,1,1,0,0,4,0,0,3,0,0,0,0,2,2,3,3,0,3,0,0,0,0,3,0,2,0,1,3,4,3,3,2,3,4,3,3,1,4,1,0,4,1,4,1,3,1,2,3,3,3,1,4,0,0,0,0,1,0,0,0,0,0,1,4,1,0,0,0,3,0,1,2,3,0,0,0,0,0,0,0,0,3,0,0,0,2,3,0,0,2,1,3,1,2,0,3,2,2,3,4,2,3,2,2,1,3,2,1,1,0,1,3,3,4,0,0,0,0,0,0,0,3,0,0,0,0,2,3,0,1,1,0,4,0,0,3,0,0,0,0,2,2,3,0,3,0,0,0,0,3,0,2,0,1,3,4,3,3,4,3,3,1,4,1,0,4,4,2,3,3
V86_S1_L001,3,1,1,4,1,1,1,2,3,0,3,1,0,1,2,2,3,3,4,1,2,3,2,2,1,1,3,4,4,1,3,3,1,3,2,2,3,3,1,2,1,2,0,1,2,1,3,2,2,3,4,2,2,3,2,2,1,3,0,1,1,4,1,3,0,4,2,2,3,1,1,1,1,3,3,1,1,1,0,0,2,1,1,1,4,0,0,3,3,3,4,3,2,2,3,3,3,2,0,2,1,3,3,2,0,1,3,3,3,2,3,4,4,3,1,4,0,0,4,2,3,3,3,1,1,4,1,1,1,2,3,3,1,0,1,2,2,3,3,4,1,2,3,2,1,1,3,4,4,1,3,3,1,3,2,2,3,3,1,2,1,0,1,2,1,3,2,2,3,4,2,3,2,2,1,3,0,1,1,4,1,3,0,4,2,2,3,1,1,1,1,3,3,1,1,1,0,0,2,1,1,1,4,0,0,3,3,3,4,3,2,2,3,3,3,2,0,2,1,3,3,2,0,1,3,3,3,3,4,4,3,1,4,0,0,4,2,3,3,3,3,1,1,1,4,1,1,1,2,3,0,3,1,0,1,2,2,3,3,4,1,2,3,2,2,1,1,3,4,4,1,3,4,3,1,3,2,2,3,3,1,2,3,1,2,0,1,3,2,1,3,2,2,3,4,2,2,3,2,2,1,3,0,1,1,4,1,1,3,0,4,2,2,3,1,1,1,1,2,3,2,3,1,1,1,0,0,3,2,2,1,1,3,1,4,0,0,3,3,3,4,3,2,2,3,3,3,3,2,0,2,1,3,3,2,0,1,3,3,3,3,2,3,4,4,3,1,4,0,0,4,1,4,1,3,1,2,3,3,3,0,3,1,1,4,1,1,1,2,3,0,3,1,0,1,2,2,3,3,4,1,2,3,2,1,1,3,4,4,1,3,3,1,3,2,2,3,3,1,2,1,0,1,2,1,3,2,2,3,4,2,3,2,2,1,3,0,1,1,4,1,3,0,4,2,2,3,1,1,1,1,3,3,1,1,1,0,0,2,1,1,1,4,0,0,3,3,3,4,3,2,2,3,3,3,2,0,2,1,3,3,2,0,1,3,3,3,3,4,4,3,1,4,0,0,4,4,2,3,3
V89_S1_L001,0,0,0,0,1,0,0,0,0,0,0,1,4,1,0,2,3,3,0,1,2,3,0,0,0,0,0,0,0,0,0,0,0,0,0,0,3,0,1,2,0,0,3,1,2,1,3,2,2,3,4,2,2,3,2,2,1,3,2,1,0,0,1,0,0,0,0,0,0,0,1,0,1,0,0,0,0,0,0,0,2,0,0,0,0,2,0,3,3,3,0,0,0,2,3,0,0,3,0,0,0,3,2,0,1,1,3,4,3,2,4,4,3,3,1,4,1,4,4,2,3,3,0,0,0,0,1,0,0,0,0,0,1,4,1,0,2,3,3,0,1,2,3,0,0,0,0,0,0,0,0,0,0,0,0,0,3,0,1,2,0,3,1,2,1,3,2,2,3,4,2,3,2,2,1,3,2,1,0,0,1,0,0,0,0,0,0,0,1,0,1,0,0,0,0,0,0,0,2,0,0,0,0,2,0,3,3,3,0,0,0,2,3,0,0,3,0,0,0,3,2,0,1,1,3,4,3,4,4,3,3,1,4,1,4,4,2,3,3,0,0,0,0,0,0,1,0,0,0,0,0,0,1,4,1,0,2,3,3,0,1,2,3,0,0,0,0,0,0,0,0,0,4,0,0,0,0,0,3,0,1,2,3,0,0,3,1,3,2,1,3,2,2,3,4,2,2,3,2,2,1,3,2,1,0,0,0,1,0,0,0,0,0,0,0,1,0,1,2,0,0,0,0,0,0,0,0,3,2,2,0,0,0,0,0,2,0,3,3,3,0,0,0,2,3,3,0,0,3,0,0,0,3,2,0,1,1,3,4,3,3,2,4,4,3,3,1,4,1,4,4,1,4,1,3,1,2,3,3,3,1,0,0,0,0,1,0,0,0,0,0,0,1,4,1,0,2,3,3,0,1,2,3,0,0,0,0,0,0,0,0,0,0,0,0,0,3,0,1,2,0,3,1,2,1,3,2,2,3,4,2,3,2,2,1,3,2,1,0,0,1,0,0,0,0,0,0,0,1,0,1,0,0,0,0,0,0,0,2,0,0,0,0,2,0,3,3,3,0,0,0,2,3,0,0,3,0,0,0,3,2,0,1,1,3,4,3,4,4,3,3,1,4,1,4,4,4,2,3,3
V9_S1_L001,0,0,0,0,0,0,0,0,0,0,0,0,0,0,0,0,0,0,0,0,0,0,0,0,0,0,0,0,0,0,0,0,0,0,0,0,0,0,0,2,1,2,3,1,0,0,0,0,0,0,0,0,0,0,0,0,0,0,2,1,1,0,0,0,0,0,0,0,0,0,0,0,0,0,0,0,0,0,0,0,0,0,1,1,0,0,0,3,0,0,0,0,0,0,0,0,0,0,0,0,0,0,0,2,0,0,3,3,3,2,3,4,4,3,1,4,1,4,4,2,3,3,0,0,0,0,0,0,0,0,0,0,0,0,0,0,0,0,0,0,0,0,0,0,0,0,0,0,0,0,0,0,0,0,0,0,0,0,0,2,1,3,1,0,0,0,0,0,0,0,0,0,0,0,0,0,2,1,1,0,0,0,0,0,0,0,0,0,0,0,0,0,0,0,0,0,0,0,0,0,1,1,0,0,0,3,0,0,0,0,0,0,0,0,0,0,0,0,0,0,0,2,0,0,3,3,3,3,4,4,3,1,4,1,4,4,2,3,3,3,0,0,0,0,0,0,0,0,0,0,0,0,0,0,0,0,0,0,0,0,0,0,0,0,0,0,0,0,0,0,0,0,0,0,0,0,0,0,0,0,0,2,3,1,2,3,1,0,0,0,0,0,0,0,0,0,0,0,0,0,0,0,2,1,1,0,0,0,0,0,0,0,0,0,0,0,0,0,2,0,0,0,0,0,0,0,0,3,0,0,0,1,3,1,0,0,0,3,0,0,0,0,0,0,0,3,0,0,0,0,0,0,0,0,2,0,0,3,3,3,3,2,3,4,4,3,1,4,1,4,4,1,4,1,3,1,2,3,3,3,1,0,0,0,0,0,0,0,0,0,0,0,0,0,0,0,0,0,0,0,0,0,0,0,0,0,0,0,0,0,0,0,0,0,0,0,0,0,0,2,1,3,1,0,0,0,0,0,0,0,0,0,0,0,0,0,2,1,1,0,0,0,0,0,0,0,0,0,0,0,0,0,0,0,0,0,0,0,0,0,1,1,0,0,0,3,0,0,0,0,0,0,0,0,0,0,0,0,0,0,0,2,0,0,3,3,3,3,4,4,3,1,4,1,4,4,4,2,3,3
V96_S2_L001,3,1,1,4,1,1,1,2,3,0,3,1,0,1,2,2,3,3,4,1,2,3,2,2,1,1,3,4,4,1,3,3,1,3,2,2,3,3,1,2,1,2,0,1,2,1,3,2,2,3,4,2,2,3,2,2,1,3,0,1,1,4,1,3,0,4,2,2,3,1,1,1,1,3,3,1,1,1,0,0,2,1,1,1,4,0,0,3,3,3,4,3,2,2,3,3,3,2,0,2,1,3,3,2,0,1,3,3,3,2,3,4,4,3,1,4,0,0,4,2,3,3,3,1,1,4,1,1,1,2,3,3,1,0,1,2,2,3,3,4,1,2,3,2,1,1,3,4,4,1,3,3,1,3,2,2,3,3,1,2,1,0,1,2,1,3,2,2,3,4,2,3,2,2,1,3,0,1,1,4,1,3,0,4,2,2,3,1,1,1,1,3,3,1,1,1,0,0,2,1,1,1,4,0,0,3,3,3,4,3,2,2,3,3,3,2,0,2,1,3,3,2,0,1,3,3,3,3,4,4,3,1,4,0,0,4,2,3,3,3,3,1,1,1,4,1,1,1,2,3,0,3,1,0,1,2,2,3,3,4,1,2,3,2,2,1,1,3,4,4,1,3,4,3,1,3,2,2,3,3,1,2,3,1,2,0,1,3,2,1,3,2,2,3,4,2,2,3,2,2,1,3,0,1,1,4,1,1,3,0,4,2,2,3,1,1,1,1,2,3,2,3,1,1,1,0,0,3,2,2,1,1,3,1,4,0,0,3,3,3,4,3,2,2,3,3,3,3,2,0,2,1,3,3,2,0,1,3,3,3,3,2,3,4,4,3,1,4,0,0,4,1,4,1,3,1,2,3,3,3,0,3,1,1,4,1,1,1,2,3,0,3,1,0,1,2,2,3,3,4,1,2,3,2,1,1,3,4,4,1,3,3,1,3,2,2,3,3,1,2,1,0,1,2,1,3,2,2,3,4,2,3,2,2,1,3,0,1,1,4,1,3,0,4,2,2,3,1,1,1,1,3,3,1,1,1,0,0,2,1,1,1,4,0,0,3,3,3,4,3,2,2,3,3,3,2,0,2,1,3,3,2,0,1,3,3,3,3,4,4,3,1,4,0,0,4,4,2,3,3
V98_S3_L001,4,1,2,0,0,0,0,0,0,3,4,1,0,0,0,0,0,3,1,1,2,3,2,0,1,1,0,0,0,0,0,3,0,3,0,2,0,3,0,1,0,2,3,1,0,0,0,0,0,0,0,0,0,0,0,0,0,0,2,1,0,0,0,3,1,4,2,0,0,0,0,0,1,0,3,0,0,1,2,3,0,3,1,0,4,2,0,3,0,0,0,3,2,0,0,0,3,0,1,2,0,3,0,0,0,0,0,4,3,2,4,4,4,3,1,4,1,4,4,2,3,3,4,1,2,0,0,0,0,0,0,4,1,0,0,0,0,0,3,1,1,2,3,2,1,1,0,0,0,0,0,3,0,3,0,2,0,3,0,1,0,3,1,0,0,0,0,0,0,0,0,0,0,0,0,0,2,1,0,0,0,3,1,4,2,0,0,0,0,0,1,0,3,0,0,1,2,3,0,3,1,0,4,2,0,3,0,0,0,3,2,0,0,0,3,0,1,2,0,3,0,0,0,0,0,4,3,4,4,4,3,1,4,1,4,4,2,3,3,0,4,1,2,0,0,0,0,0,0,0,3,4,1,0,0,0,0,0,3,1,1,2,3,2,0,1,1,0,0,0,0,0,0,3,0,3,0,2,0,3,0,1,0,0,2,3,1,0,0,0,0,0,0,0,0,0,0,0,0,0,0,0,2,1,0,0,0,0,3,1,4,2,0,0,0,0,0,1,2,0,0,3,0,0,1,2,3,3,0,0,3,1,3,0,4,2,0,3,0,0,0,3,2,0,0,3,0,3,0,1,2,0,3,0,0,0,0,0,4,3,3,2,4,4,4,3,1,4,1,4,4,1,4,1,3,1,2,3,3,3,1,4,1,2,0,0,0,0,0,0,3,4,1,0,0,0,0,0,3,1,1,2,3,2,1,1,0,0,0,0,0,3,0,3,0,2,0,3,0,1,0,3,1,0,0,0,0,0,0,0,0,0,0,0,0,0,2,1,0,0,0,3,1,4,2,0,0,0,0,0,1,0,3,0,0,1,2,3,0,3,1,0,4,2,0,3,0,0,0,3,2,0,0,0,3,0,1,2,0,3,0,0,0,0,0,4,3,4,4,4,3,1,4,1,4,4,4,2,3,3
W2RBF-17-090-1_S26,3,4,1,4,1,1,1,2,4,3,3,1,4,1,4,2,3,3,1,0,0,3,1,2,1,1,3,4,4,1,3,3,2,3,2,2,4,3,3,1,0,0,0,1,2,1,3,2,2,3,4,2,2,3,2,2,1,3,2,1,1,4,1,1,3,1,2,2,3,1,1,3,1,3,3,1,1,1,0,0,2,0,1,1,4,0,2,3,3,2,2,3,4,2,3,3,3,3,0,2,1,3,3,0,0,1,3,3,3,0,3,4,4,3,1,4,1,4,1,2,0,0,3,4,1,4,1,1,1,2,4,3,1,4,1,4,2,3,3,1,0,0,3,1,1,1,3,4,4,1,3,3,2,3,2,2,4,3,3,1,0,0,1,2,1,3,2,2,3,4,2,3,2,2,1,3,2,1,1,4,1,1,3,1,2,2,3,1,1,3,1,3,3,1,1,1,0,0,2,0,1,1,4,0,2,3,3,2,2,3,4,2,3,3,3,3,0,2,1,3,3,0,0,1,3,3,3,3,4,4,3,1,4,1,4,1,2,0,0,3,3,4,1,0,4,1,1,1,2,4,3,3,1,4,1,4,2,3,3,1,0,0,3,1,2,1,1,3,4,4,1,3,4,3,2,3,2,2,4,3,3,1,0,0,0,0,1,3,2,1,3,2,2,3,4,2,2,3,2,2,1,3,2,1,1,4,1,1,1,3,1,2,2,3,1,1,3,1,0,3,2,3,1,1,1,0,0,3,2,2,0,1,3,1,4,0,2,3,3,2,2,3,4,2,3,3,3,3,3,0,2,1,3,3,0,0,1,3,3,3,0,0,3,4,4,3,1,4,1,4,1,1,4,1,3,1,2,0,0,3,0,3,4,1,4,1,1,1,2,4,3,3,1,4,1,4,2,3,3,1,0,0,3,1,1,1,3,4,4,1,3,3,2,3,2,2,4,3,3,1,0,0,1,2,1,3,2,2,3,4,2,3,2,2,1,3,2,1,1,4,1,1,3,1,2,2,3,1,1,3,1,3,3,1,1,1,0,0,2,0,1,1,4,0,2,3,3,2,2,3,4,2,3,3,3,3,0,2,1,3,3,0,0,1,3,3,3,3,4,4,3,1,4,1,4,1,4,2,0,0
W2RBF-17-133-1_S28,0,1,2,0,0,0,1,2,0,3,4,1,4,1,0,0,0,3,0,0,0,3,0,1,1,0,0,4,0,1,3,3,0,3,0,2,3,3,1,0,0,2,3,1,2,0,0,0,2,3,4,2,2,0,2,2,1,3,0,0,1,0,0,3,3,0,1,2,0,2,1,1,0,3,3,0,1,1,0,3,2,0,1,0,4,0,2,0,3,3,4,3,4,2,0,4,2,2,2,2,0,3,0,2,2,0,3,0,3,2,4,0,3,0,1,4,1,0,0,2,0,3,0,1,2,0,0,0,1,2,0,4,1,4,1,0,0,0,3,0,0,0,3,0,1,0,0,4,0,1,3,3,0,3,0,2,3,3,1,0,0,3,1,2,0,0,0,2,3,4,2,0,2,2,1,3,0,0,1,0,0,3,3,0,1,2,0,2,1,1,0,3,3,0,1,1,0,3,2,0,1,0,4,0,2,0,3,3,4,3,4,2,0,4,2,2,2,2,0,3,0,2,2,0,3,0,3,4,0,3,0,1,4,1,0,0,2,0,3,3,0,1,2,2,0,0,0,1,2,0,3,4,1,4,1,0,0,0,3,0,0,0,3,0,1,1,0,0,4,0,1,3,1,3,0,3,0,2,3,3,1,0,3,0,2,3,1,3,2,0,0,0,2,3,4,2,2,0,2,2,1,3,0,0,1,0,0,0,3,3,0,1,2,0,2,1,1,0,2,3,0,3,0,1,1,0,3,3,2,2,0,1,3,0,4,0,2,0,3,3,4,3,4,2,0,0,4,2,2,2,2,0,3,0,2,2,0,3,0,3,0,2,4,0,3,0,1,4,1,0,0,1,4,0,0,0,2,0,3,0,0,0,1,2,0,0,0,1,2,0,3,4,1,4,1,0,0,0,3,0,0,0,3,0,1,0,0,4,0,1,3,3,0,3,0,2,3,3,1,0,0,3,1,2,0,0,0,2,3,4,2,0,2,2,1,3,0,0,1,0,0,3,3,0,1,2,0,2,1,1,0,3,3,0,1,1,0,3,2,0,1,0,4,0,2,0,3,3,4,3,4,2,0,4,2,2,2,2,0,3,0,2,2,0,3,0,3,4,0,3,0,1,4,1,0,0,4,2,0,3
w2RBG-16-037-1_S34,0,0,0,0,0,0,0,0,0,0,0,0,0,0,0,0,0,0,0,0,0,0,0,0,0,0,0,0,0,0,0,0,0,0,0,0,0,0,0,2,1,2,3,1,0,0,0,0,0,0,0,0,0,0,0,0,0,0,2,1,0,0,1,3,3,4,0,2,0,0,0,0,1,0,0,0,0,0,0,0,0,0,1,1,0,0,0,3,0,0,0,0,0,0,0,0,0,0,0,0,0,0,0,0,0,1,3,4,3,2,3,4,4,3,1,4,4,4,4,2,3,3,0,0,0,0,0,0,0,0,0,0,0,0,0,0,0,0,0,0,0,0,0,0,0,0,0,0,0,0,0,0,0,0,0,0,0,0,0,2,1,3,1,0,0,0,0,0,0,0,0,0,0,0,0,0,2,1,0,0,1,3,3,4,0,2,0,0,0,0,1,0,0,0,0,0,0,0,0,0,1,1,0,0,0,3,0,0,0,0,0,0,0,0,0,0,0,0,0,0,0,0,0,1,3,4,3,3,4,4,3,1,4,4,4,4,2,3,3,3,0,0,0,0,0,0,0,0,0,0,0,0,0,0,0,0,0,0,0,0,0,0,0,0,0,0,0,0,0,0,0,0,0,0,0,0,0,0,0,0,0,2,3,1,2,3,1,0,0,0,0,0,0,0,0,0,0,0,0,0,0,0,2,1,0,0,0,1,3,3,4,0,2,0,0,0,0,1,2,0,0,0,0,0,0,0,0,3,0,0,0,1,3,1,0,0,0,3,0,0,0,0,0,0,0,3,0,0,0,0,0,0,0,0,0,0,1,3,4,3,3,2,3,4,4,3,1,4,4,4,4,1,4,1,3,1,2,3,3,3,1,0,0,0,0,0,0,0,0,0,0,0,0,0,0,0,0,0,0,0,0,0,0,0,0,0,0,0,0,0,0,0,0,0,0,0,0,0,0,2,1,3,1,0,0,0,0,0,0,0,0,0,0,0,0,0,2,1,0,0,1,3,3,4,0,2,0,0,0,0,1,0,0,0,0,0,0,0,0,0,1,1,0,0,0,3,0,0,0,0,0,0,0,0,0,0,0,0,0,0,0,0,0,1,3,4,3,3,4,4,3,1,4,4,4,4,4,2,3,3
W2RBK-17-168-1_S33,1,1,1,4,1,1,1,2,2,3,3,1,4,1,2,2,3,3,1,1,2,3,1,1,1,1,3,4,4,1,3,0,1,1,1,2,3,2,1,2,3,2,3,1,2,1,3,2,2,3,4,2,2,3,2,2,1,3,2,1,4,1,1,3,1,4,1,1,2,1,1,1,1,3,1,3,1,1,1,3,1,1,1,1,1,2,2,3,1,2,2,2,2,2,3,3,1,2,1,1,1,3,2,2,1,3,3,4,0,2,4,4,3,0,1,4,4,4,4,2,3,3,1,1,1,4,1,1,1,2,2,3,1,4,1,2,2,3,3,1,1,2,3,1,1,1,3,4,4,1,3,0,1,1,1,2,3,2,1,2,3,3,1,2,1,3,2,2,3,4,2,3,2,2,1,3,2,1,4,1,1,3,1,4,1,1,2,1,1,1,1,3,1,3,1,1,1,3,1,1,1,1,1,2,2,3,1,2,2,2,2,2,3,3,1,2,1,1,1,3,2,2,1,3,3,4,0,4,4,3,0,1,4,4,4,4,2,3,3,0,1,1,1,1,4,1,1,1,2,2,3,3,1,4,1,2,2,3,3,1,1,2,3,1,1,1,1,3,4,4,1,3,1,0,1,1,1,2,3,2,1,2,0,3,2,3,1,3,2,1,3,2,2,3,4,2,2,3,2,2,1,3,2,1,4,1,4,1,3,1,4,1,1,2,1,1,1,1,0,3,2,1,3,1,1,1,3,0,1,2,1,1,0,1,1,2,2,3,1,2,2,2,2,2,3,0,3,1,2,1,1,1,3,2,2,1,3,3,4,0,3,2,4,4,3,0,1,4,4,4,4,0,0,1,0,1,2,3,3,0,0,1,1,1,4,1,1,1,2,2,3,3,1,4,1,2,2,3,3,1,1,2,3,1,1,1,3,4,4,1,3,0,1,1,1,2,3,2,1,2,3,3,1,2,1,3,2,2,3,4,2,3,2,2,1,3,2,1,4,1,1,3,1,4,1,1,2,1,1,1,1,3,1,3,1,1,1,3,1,1,1,1,1,2,2,3,1,2,2,2,2,2,3,3,1,2,1,1,1,3,2,2,1,3,3,4,0,4,4,3,0,1,4,4,4,4,0,2,3,3
W2RBK-17-169-1_S34,1,1,1,4,1,1,1,2,2,3,3,1,4,1,2,2,3,3,1,1,2,3,1,1,1,1,3,4,4,1,3,3,1,1,0,2,3,2,1,2,3,2,3,1,2,1,3,2,2,3,4,2,2,3,2,2,1,3,2,1,4,1,1,3,1,4,1,1,2,1,1,1,1,3,1,3,1,1,1,3,1,1,1,1,1,0,2,3,1,2,2,2,2,2,3,3,1,2,1,1,1,3,2,2,1,3,3,4,0,2,4,4,3,0,1,4,4,4,4,2,3,3,1,1,1,4,1,1,1,2,2,3,1,4,1,2,2,3,3,1,1,2,3,1,1,1,3,4,4,1,3,3,1,1,0,2,3,2,1,2,3,3,1,2,1,3,2,2,3,4,2,3,2,2,1,3,2,1,4,1,1,3,1,4,1,1,2,1,1,1,1,3,1,3,1,1,1,3,1,1,1,1,1,0,2,3,1,2,2,2,2,2,3,3,1,2,1,1,1,3,2,2,1,3,3,4,0,4,4,3,0,1,4,4,4,4,2,3,3,0,1,1,1,1,4,1,1,1,2,2,3,3,1,4,1,2,2,3,3,1,1,2,3,1,1,1,1,3,4,4,1,3,1,3,1,1,0,2,3,2,1,2,0,3,2,3,1,3,2,1,3,2,2,3,4,2,2,3,2,2,1,3,2,1,4,1,4,1,3,1,4,1,1,2,1,1,1,1,0,3,2,1,3,1,1,1,3,0,1,2,1,1,0,1,1,0,2,3,1,2,2,2,2,2,3,0,3,1,2,1,1,1,3,2,2,1,3,3,4,0,3,2,4,4,3,0,1,4,4,4,4,0,0,1,0,1,2,3,3,0,0,1,1,1,4,1,1,1,2,2,3,3,1,4,1,2,2,3,3,1,1,2,3,1,1,1,3,4,4,1,3,3,1,1,0,2,3,2,1,2,3,3,1,2,1,3,2,2,3,4,2,3,2,2,1,3,2,1,4,1,1,3,1,4,1,1,2,1,1,1,1,3,1,3,1,1,1,3,1,1,1,1,1,0,2,3,1,2,2,2,2,2,3,3,1,2,1,1,1,3,2,2,1,3,3,4,0,4,4,3,0,1,4,4,4,4,0,2,3,3
W2RBL-16-018-1_S15,1,1,1,4,1,1,1,2,2,3,3,1,4,1,2,2,3,3,1,1,2,3,1,1,1,1,3,4,4,1,3,3,1,1,0,2,3,2,1,2,3,2,3,1,2,1,3,2,2,3,4,2,2,3,2,2,1,3,2,1,4,1,1,3,1,4,1,1,2,1,1,1,1,3,1,3,1,1,1,3,1,1,1,1,1,2,2,3,1,2,2,2,2,2,3,3,1,2,1,1,1,0,2,2,1,3,3,4,0,2,4,4,3,0,1,4,4,4,4,2,3,3,1,1,1,4,1,1,1,2,2,3,1,4,1,2,2,3,3,1,1,2,3,1,1,1,3,4,4,1,3,3,1,1,0,2,3,2,1,2,3,3,1,2,1,3,2,2,3,4,2,3,2,2,1,3,2,1,4,1,1,3,1,4,1,1,2,1,1,1,1,3,1,3,1,1,1,3,1,1,1,1,1,2,2,3,1,2,2,2,2,2,3,3,1,2,1,1,1,0,2,2,1,3,3,4,0,4,4,3,0,1,4,4,4,4,2,3,3,0,1,1,1,1,4,1,1,1,2,2,3,3,1,4,1,2,2,3,3,1,1,2,3,1,1,1,1,3,4,4,1,3,1,3,1,1,0,2,3,2,1,2,0,3,2,3,1,3,2,1,3,2,2,3,4,2,2,3,2,2,1,3,2,1,4,1,4,1,3,1,4,1,1,2,1,1,1,1,0,3,2,1,3,1,1,1,3,0,1,2,1,1,0,1,1,2,2,3,1,2,2,2,2,2,3,0,3,1,2,1,1,1,0,2,2,1,3,3,4,0,3,2,4,4,3,0,1,4,4,4,4,0,0,1,0,1,2,3,3,0,0,1,1,1,4,1,1,1,2,2,3,3,1,4,1,2,2,3,3,1,1,2,3,1,1,1,3,4,4,1,3,3,1,1,0,2,3,2,1,2,3,3,1,2,1,3,2,2,3,4,2,3,2,2,1,3,2,1,4,1,1,3,1,4,1,1,2,1,1,1,1,3,1,3,1,1,1,3,1,1,1,1,1,2,2,3,1,2,2,2,2,2,3,3,1,2,1,1,1,0,2,2,1,3,3,4,0,4,4,3,0,1,4,4,4,4,0,2,3,3
wdh-RBB-16-025-1_S20,0,1,1,0,1,0,1,2,0,0,0,1,4,1,0,2,3,0,1,1,2,3,1,2,0,1,3,4,4,0,0,3,1,0,2,2,3,3,1,1,1,2,3,1,0,0,0,0,0,0,0,0,0,0,0,0,0,0,2,1,1,4,1,3,1,4,2,2,3,1,1,1,1,3,0,1,1,1,0,0,2,1,1,1,4,2,0,3,3,3,4,3,2,2,3,0,3,3,1,2,0,3,2,2,1,1,3,3,3,2,4,4,4,3,1,4,1,4,4,2,3,3,0,1,1,0,1,0,1,2,0,0,1,4,1,0,2,3,0,1,1,2,3,1,0,1,3,4,4,0,0,3,1,0,2,2,3,3,1,1,1,3,1,0,0,0,0,0,0,0,0,0,0,0,0,0,2,1,1,4,1,3,1,4,2,2,3,1,1,1,1,3,0,1,1,1,0,0,2,1,1,1,4,2,0,3,3,3,4,3,2,2,3,0,3,3,1,2,0,3,2,2,1,1,3,3,3,4,4,4,3,1,4,1,4,4,2,3,3,3,0,1,1,0,0,1,0,1,2,0,0,0,1,4,1,0,2,3,0,1,1,2,3,1,2,0,1,3,4,4,0,0,0,3,1,0,2,2,3,3,1,1,3,1,2,3,1,0,0,0,0,0,0,0,0,0,0,0,0,0,0,0,2,1,1,4,1,1,3,1,4,2,2,3,1,1,1,1,2,3,0,0,1,1,1,0,0,3,2,2,1,1,3,1,4,2,0,3,3,3,4,3,2,2,3,3,0,3,3,1,2,0,3,2,2,1,1,3,3,3,3,2,4,4,4,3,1,4,1,4,4,1,4,1,3,1,2,3,3,3,1,0,1,1,0,1,0,1,2,0,0,0,1,4,1,0,2,3,0,1,1,2,3,1,0,1,3,4,4,0,0,3,1,0,2,2,3,3,1,1,1,3,1,0,0,0,0,0,0,0,0,0,0,0,0,0,2,1,1,4,1,3,1,4,2,2,3,1,1,1,1,3,0,1,1,1,0,0,2,1,1,1,4,2,0,3,3,3,4,3,2,2,3,0,3,3,1,2,0,3,2,2,1,1,3,3,3,4,4,4,3,1,4,1,4,4,4,2,3,3
wdh-RBB-17-170-1_S16,1,1,1,4,1,1,1,2,2,3,3,1,4,1,2,2,3,3,1,1,2,3,1,1,1,1,3,4,4,1,3,3,1,1,1,2,3,2,1,2,3,2,3,1,2,1,3,2,2,3,4,2,2,3,2,2,1,3,2,1,4,1,1,3,1,4,1,1,2,1,1,1,1,3,1,3,1,1,1,3,1,1,1,1,1,2,2,3,1,2,2,2,2,2,3,3,1,2,1,1,1,3,2,2,1,3,3,4,0,2,4,4,3,0,1,4,4,4,4,2,3,3,1,1,1,4,1,1,1,2,2,3,1,4,1,2,2,3,3,1,1,2,3,1,1,1,3,4,4,1,3,3,1,1,1,2,3,2,1,2,3,3,1,2,1,3,2,2,3,4,2,3,2,2,1,3,2,1,4,1,1,3,1,4,1,1,2,1,1,1,1,3,1,3,1,1,1,3,1,1,1,1,1,2,2,3,1,2,2,2,2,2,3,3,1,2,1,1,1,3,2,2,1,3,3,4,0,4,4,3,0,1,4,4,4,4,2,3,3,0,1,1,1,1,4,1,1,1,2,2,3,3,1,4,1,2,2,3,3,1,1,2,3,1,1,1,1,3,4,4,1,3,1,3,1,1,1,2,3,2,1,2,0,3,2,3,1,3,2,1,3,2,2,3,4,2,2,3,2,2,1,3,2,1,4,1,4,1,3,1,4,1,1,2,1,1,1,1,0,3,2,1,3,1,1,1,3,0,1,2,1,1,0,1,1,2,2,3,1,2,2,2,2,2,3,0,3,1,2,1,1,1,3,2,2,1,3,3,4,0,3,2,4,4,3,0,1,4,4,4,4,0,0,1,0,1,2,3,3,0,0,1,1,1,4,1,1,1,2,2,3,3,1,4,1,2,2,3,3,1,1,2,3,1,1,1,3,4,4,1,3,3,1,1,1,2,3,2,1,2,3,3,1,2,1,3,2,2,3,4,2,3,2,2,1,3,2,1,4,1,1,3,1,4,1,1,2,1,1,1,1,3,1,3,1,1,1,3,1,1,1,1,1,2,2,3,1,2,2,2,2,2,3,3,1,2,1,1,1,3,2,2,1,3,3,4,0,4,4,3,0,1,4,4,4,4,0,2,3,3
wdh-RBF-17-0572-1_S43,1,4,1,4,1,1,1,2,2,3,3,1,4,1,2,2,3,3,1,1,2,3,1,1,1,1,3,4,4,1,3,3,1,1,1,2,3,2,1,2,1,0,3,0,2,1,3,2,2,3,4,2,2,3,2,2,1,3,2,1,4,1,1,3,1,4,1,1,3,1,1,1,1,3,1,3,1,1,2,3,1,1,1,1,1,0,2,3,3,3,2,2,2,2,3,3,1,2,1,2,1,3,2,2,1,3,3,3,3,0,3,2,4,3,2,4,1,4,4,2,1,3,1,4,1,4,1,1,1,2,2,3,1,4,1,2,2,3,3,1,1,2,3,1,1,1,3,4,4,1,3,3,1,1,1,2,3,2,1,2,1,3,0,2,1,3,2,2,3,4,2,3,2,2,1,3,2,1,4,1,1,3,1,4,1,1,3,1,1,1,1,3,1,3,1,1,2,3,1,1,1,1,1,0,2,3,3,3,2,2,2,2,3,3,1,2,1,2,1,3,2,2,1,3,3,3,3,3,2,4,3,2,4,1,4,4,2,1,3,3,1,4,1,1,4,1,1,1,2,2,3,3,1,4,1,2,2,3,3,1,1,2,3,1,1,1,1,3,4,4,1,3,1,3,1,1,1,2,3,2,1,2,3,1,0,3,0,3,2,1,3,2,2,3,4,2,2,3,2,2,1,3,2,1,4,1,4,1,3,1,4,1,1,3,1,1,1,1,0,3,2,1,3,1,1,2,3,0,1,2,1,1,0,1,1,0,2,3,3,3,2,2,2,2,3,0,3,1,2,1,2,1,3,2,2,1,3,3,3,3,0,0,3,2,4,3,2,4,1,4,4,1,4,1,3,1,2,1,3,3,1,1,4,1,4,1,1,1,2,2,3,3,1,4,1,2,2,3,3,1,1,2,3,1,1,1,3,4,4,1,3,3,1,1,1,2,3,2,1,2,1,3,0,2,1,3,2,2,3,4,2,3,2,2,1,3,2,1,4,1,1,3,1,4,1,1,3,1,1,1,1,3,1,3,1,1,2,3,1,1,1,1,1,0,2,3,3,3,2,2,2,2,3,3,1,2,1,2,1,3,2,2,1,3,3,3,3,3,2,4,3,2,4,1,4,4,4,2,1,3
wdh-RBL-17-0361-1_S44,3,4,2,4,1,1,1,2,2,3,4,1,4,1,4,2,3,3,1,1,2,3,2,2,1,2,3,4,4,1,3,4,2,3,2,2,3,3,1,1,1,0,0,0,2,1,3,2,2,3,4,2,2,3,2,2,1,3,2,0,1,4,2,1,3,1,2,3,3,2,1,3,1,3,3,1,4,3,2,3,1,1,0,0,4,2,2,0,1,3,4,3,4,2,3,3,3,2,1,2,1,3,2,2,1,1,0,3,3,0,3,2,4,3,2,0,1,4,1,2,1,0,3,4,2,4,1,1,1,2,2,4,1,4,1,4,2,3,3,1,1,2,3,2,1,2,3,4,4,1,3,4,2,3,2,2,3,3,1,1,1,0,0,2,1,3,2,2,3,4,2,3,2,2,1,3,2,0,1,4,2,1,3,1,2,3,3,2,1,3,1,3,3,1,4,3,2,3,1,1,0,0,4,2,2,0,1,3,4,3,4,2,3,3,3,2,1,2,1,3,2,2,1,1,0,3,3,3,2,4,3,2,0,1,4,1,2,1,0,3,3,4,2,2,4,1,1,1,2,2,3,4,1,4,1,4,2,3,3,1,1,2,3,2,2,1,2,3,4,4,1,3,4,4,2,3,2,2,3,3,1,1,3,1,0,0,0,3,2,1,3,2,2,3,4,2,2,3,2,2,1,3,2,0,1,4,1,2,1,3,1,2,3,3,2,1,3,1,2,3,2,3,1,4,3,2,3,3,1,2,1,0,3,0,4,2,2,0,1,3,4,3,4,2,3,3,3,3,2,1,2,1,3,2,2,1,1,0,3,3,0,0,3,2,4,3,2,0,1,4,1,1,4,1,3,0,2,1,0,3,1,3,4,2,4,1,1,1,2,2,3,4,1,4,1,4,2,3,3,1,1,2,3,2,1,2,3,4,4,1,3,4,2,3,2,2,3,3,1,1,1,0,0,2,1,3,2,2,3,4,2,3,2,2,1,3,2,0,1,4,2,1,3,1,2,3,3,2,1,3,1,3,3,1,4,3,2,3,1,1,0,0,4,2,2,0,1,3,4,3,4,2,3,3,3,2,1,2,1,3,2,2,1,1,0,3,3,3,2,4,3,2,0,1,4,1,4,2,1,0
wdh-RBL-17-0431-1_S46,0,1,2,4,1,1,0,0,4,3,4,1,0,1,0,0,0,3,0,1,2,3,2,0,1,0,3,4,4,1,3,3,0,3,0,2,3,3,0,1,1,2,0,1,2,1,3,2,2,3,4,2,2,3,2,2,1,0,2,1,1,0,0,3,1,0,2,2,3,0,1,0,1,3,3,0,0,0,2,3,2,1,1,1,0,2,2,3,3,3,0,3,2,2,3,0,0,3,1,2,0,3,0,2,0,0,3,4,3,2,4,4,3,3,1,4,1,4,4,2,3,3,0,1,2,4,1,1,0,0,4,4,1,0,1,0,0,0,3,0,1,2,3,2,1,0,3,4,4,1,3,3,0,3,0,2,3,3,0,1,1,0,1,2,1,3,2,2,3,4,2,3,2,2,1,0,2,1,1,0,0,3,1,0,2,2,3,0,1,0,1,3,3,0,0,0,2,3,2,1,1,1,0,2,2,3,3,3,0,3,2,2,3,0,0,3,1,2,0,3,0,2,0,0,3,4,3,4,4,3,3,1,4,1,4,4,2,3,3,0,0,1,2,0,4,1,1,0,0,4,3,4,1,0,1,0,0,0,3,0,1,2,3,2,0,1,0,3,4,4,1,3,0,3,0,3,0,2,3,3,0,1,3,1,2,0,1,3,2,1,3,2,2,3,4,2,2,3,2,2,1,0,2,1,1,0,0,0,3,1,0,2,2,3,0,1,0,1,2,3,2,3,0,0,0,2,3,3,2,2,1,1,3,1,0,2,2,3,3,3,0,3,2,2,3,3,0,0,3,1,2,0,3,0,2,0,0,3,4,3,3,2,4,4,3,3,1,4,1,4,4,1,4,1,3,1,2,3,3,3,1,0,1,2,4,1,1,0,0,4,3,4,1,0,1,0,0,0,3,0,1,2,3,2,1,0,3,4,4,1,3,3,0,3,0,2,3,3,0,1,1,0,1,2,1,3,2,2,3,4,2,3,2,2,1,0,2,1,1,0,0,3,1,0,2,2,3,0,1,0,1,3,3,0,0,0,2,3,2,1,1,1,0,2,2,3,3,3,0,3,2,2,3,0,0,3,1,2,0,3,0,2,0,0,3,4,3,4,4,3,3,1,4,1,4,4,4,2,3,3
wdh-Survcare119_S44,3,4,2,4,1,1,1,2,2,3,3,1,4,1,2,2,3,3,4,1,2,3,1,2,1,2,3,4,4,1,3,3,1,1,2,2,3,3,3,1,1,0,0,1,2,1,3,2,2,3,4,2,0,3,2,2,1,3,2,0,1,4,1,1,1,1,2,3,3,1,3,3,4,3,1,1,4,1,2,3,2,3,0,1,4,2,2,0,3,3,4,3,4,2,3,3,3,2,1,2,1,3,2,4,1,1,0,3,3,2,3,4,4,3,2,4,1,4,4,2,1,0,3,4,2,4,1,1,1,2,2,3,1,4,1,2,2,3,3,4,1,2,3,1,1,2,3,4,4,1,3,3,1,1,2,2,3,3,3,1,1,0,1,2,1,3,2,2,3,4,2,3,2,2,1,3,2,0,1,4,1,1,1,1,2,3,3,1,3,3,4,3,1,1,4,1,2,3,2,3,0,1,4,2,2,0,3,3,4,3,4,2,3,3,3,2,1,2,1,3,2,4,1,1,0,3,3,3,4,4,3,2,4,1,4,4,2,1,0,3,3,4,2,1,4,1,1,1,2,2,3,3,1,4,1,2,2,3,3,4,1,2,3,1,2,1,2,3,4,4,1,3,4,3,1,1,2,2,3,3,3,1,3,1,0,0,1,3,2,1,3,2,2,3,4,2,0,3,2,2,1,3,2,0,1,4,1,1,1,1,1,2,3,3,1,3,3,4,2,3,2,1,1,4,1,2,3,3,2,2,3,0,3,1,4,2,2,0,3,3,4,3,4,2,3,3,3,3,2,1,2,1,3,2,4,1,1,0,3,3,3,2,3,4,4,3,2,4,1,4,4,1,4,1,3,1,2,1,0,3,1,3,4,2,4,1,1,1,2,2,3,3,1,4,1,2,2,3,3,4,1,2,3,1,1,2,3,4,4,1,3,3,1,1,2,2,3,3,3,1,1,0,1,2,1,3,2,2,3,4,2,3,2,2,1,3,2,0,1,4,1,1,1,1,2,3,3,1,3,3,4,3,1,1,4,1,2,3,2,3,0,1,4,2,2,0,3,3,4,3,4,2,3,3,3,2,1,2,1,3,2,4,1,1,0,3,3,3,4,4,3,2,4,1,4,4,4,2,1,0
wdh2NRZ-29911a_S31,3,1,1,4,1,1,1,2,4,3,4,1,4,1,2,2,3,3,1,1,2,3,1,2,1,1,3,4,4,1,3,3,0,3,2,2,3,3,1,1,1,2,3,1,0,0,0,0,0,0,0,0,0,0,0,0,0,0,2,1,1,4,0,3,1,4,2,2,3,2,0,1,1,3,0,1,1,1,2,3,2,1,1,1,4,2,1,3,3,3,4,3,2,2,3,3,3,3,1,2,1,3,2,2,1,0,3,3,3,0,4,4,4,3,1,4,0,4,4,2,3,3,3,1,1,4,1,1,1,2,4,4,1,4,1,2,2,3,3,1,1,2,3,1,1,1,3,4,4,1,3,3,0,3,2,2,3,3,1,1,1,3,1,0,0,0,0,0,0,0,0,0,0,0,0,0,2,1,1,4,0,3,1,4,2,2,3,2,0,1,1,3,0,1,1,1,2,3,2,1,1,1,4,2,1,3,3,3,4,3,2,2,3,3,3,3,1,2,1,3,2,2,1,0,3,3,3,4,4,4,3,1,4,0,4,4,2,3,3,3,3,1,1,0,4,1,1,1,2,4,3,4,1,4,1,2,2,3,3,1,1,2,3,1,2,1,1,3,4,4,1,3,0,3,0,3,2,2,3,3,1,1,3,1,2,3,1,0,0,0,0,0,0,0,0,0,0,0,0,0,0,0,2,1,1,4,1,0,3,1,4,2,2,3,2,0,1,1,2,3,2,0,1,1,1,2,3,3,2,2,1,1,3,1,4,2,1,3,3,3,4,3,2,2,3,3,3,3,3,1,2,1,3,2,2,1,0,3,3,3,0,0,4,4,4,3,1,4,0,4,4,1,4,1,3,1,2,3,3,3,1,3,1,1,4,1,1,1,2,4,3,4,1,4,1,2,2,3,3,1,1,2,3,1,1,1,3,4,4,1,3,3,0,3,2,2,3,3,1,1,1,3,1,0,0,0,0,0,0,0,0,0,0,0,0,0,2,1,1,4,0,3,1,4,2,2,3,2,0,1,1,3,0,1,1,1,2,3,2,1,1,1,4,2,1,3,3,3,4,3,2,2,3,3,3,3,1,2,1,3,2,2,1,0,3,3,3,4,4,4,3,1,4,0,4,4,4,2,3,3
wdhRBF-10-0002-1_S10_L001,1,1,1,4,1,1,1,2,2,3,3,1,4,1,2,2,3,3,1,1,2,3,1,1,1,1,3,4,4,1,3,3,1,1,1,2,3,2,1,2,3,2,3,1,2,1,3,2,2,3,4,2,2,3,2,2,1,3,2,1,4,1,1,3,1,4,1,1,2,1,1,1,1,3,1,3,1,1,1,3,1,1,1,1,1,0,2,3,1,2,2,2,2,2,3,3,1,2,1,1,1,3,2,2,1,3,3,4,0,2,4,4,3,0,1,4,4,4,4,2,3,3,1,1,1,4,1,1,1,2,2,3,1,4,1,2,2,3,3,1,1,2,3,1,1,1,3,4,4,1,3,3,1,1,1,2,3,2,1,2,3,3,1,2,1,3,2,2,3,4,2,3,2,2,1,3,2,1,4,1,1,3,1,4,1,1,2,1,1,1,1,3,1,3,1,1,1,3,1,1,1,1,1,0,2,3,1,2,2,2,2,2,3,3,1,2,1,1,1,3,2,2,1,3,3,4,0,4,4,3,0,1,4,4,4,4,2,3,3,0,1,1,1,1,4,1,1,1,2,2,3,3,1,4,1,2,2,3,3,1,1,2,3,1,1,1,1,3,4,4,1,3,1,3,1,1,1,2,3,2,1,2,0,3,2,3,1,3,2,1,3,2,2,3,4,2,2,3,2,2,1,3,2,1,4,1,4,1,3,1,4,1,1,2,1,1,1,1,0,3,2,1,3,1,1,1,3,0,1,2,1,1,0,1,1,0,2,3,1,2,2,2,2,2,3,0,3,1,2,1,1,1,3,2,2,1,3,3,4,0,3,2,4,4,3,0,1,4,4,4,4,0,0,1,0,1,2,3,3,0,0,1,1,1,4,1,1,1,2,2,3,3,1,4,1,2,2,3,3,1,1,2,3,1,1,1,3,4,4,1,3,3,1,1,1,2,3,2,1,2,3,3,1,2,1,3,2,2,3,4,2,3,2,2,1,3,2,1,4,1,1,3,1,4,1,1,2,1,1,1,1,3,1,3,1,1,1,3,1,1,1,1,1,0,2,3,1,2,2,2,2,2,3,3,1,2,1,1,1,3,2,2,1,3,3,4,0,4,4,3,0,1,4,4,4,4,0,2,3,3
wdhRBF-17-0558-1_S121,3,0,1,0,4,1,1,2,4,0,4,0,4,1,2,2,3,0,1,1,2,3,2,2,1,1,0,4,4,1,3,3,1,3,2,2,4,3,1,2,1,0,3,1,2,1,3,2,2,3,4,2,2,3,2,2,1,3,2,1,1,4,1,1,0,4,2,3,3,2,1,0,1,3,3,1,1,1,0,0,2,1,1,1,1,2,2,3,3,3,4,3,2,2,0,3,3,3,1,2,0,3,2,2,0,1,3,3,3,2,3,2,4,3,1,4,1,4,4,2,0,0,3,0,1,0,4,1,1,2,4,4,0,4,1,2,2,3,0,1,1,2,3,2,1,1,0,4,4,1,3,3,1,3,2,2,4,3,1,2,1,3,1,2,1,3,2,2,3,4,2,3,2,2,1,3,2,1,1,4,1,1,0,4,2,3,3,2,1,0,1,3,3,1,1,1,0,0,2,1,1,1,1,2,2,3,3,3,4,3,2,2,0,3,3,3,1,2,0,3,2,2,0,1,3,3,3,3,2,4,3,1,4,1,4,4,2,0,0,3,3,0,1,1,0,4,1,1,2,4,0,4,0,4,1,2,2,3,0,1,1,2,3,2,2,1,1,0,4,4,1,3,4,3,1,3,2,2,4,3,1,2,3,1,0,3,1,3,2,1,3,2,2,3,4,2,2,3,2,2,1,3,2,1,1,4,0,1,1,0,4,2,3,3,2,1,0,1,2,3,2,3,1,1,1,0,0,4,2,2,1,1,3,1,1,2,2,3,3,3,4,3,2,2,0,3,3,3,3,1,2,0,3,2,2,0,1,3,3,3,3,2,3,2,4,3,1,4,1,4,4,0,0,1,3,0,2,0,0,3,1,3,0,1,0,4,1,1,2,4,0,4,0,4,1,2,2,3,0,1,1,2,3,2,1,1,0,4,4,1,3,3,1,3,2,2,4,3,1,2,1,3,1,2,1,3,2,2,3,4,2,3,2,2,1,3,2,1,1,4,1,1,0,4,2,3,3,2,1,0,1,3,3,1,1,1,0,0,2,1,1,1,1,2,2,3,3,3,4,3,2,2,0,3,3,3,1,2,0,3,2,2,0,1,3,3,3,3,2,4,3,1,4,1,4,4,0,2,0,0
wdhRBF-17-0564-1_S230,3,0,1,0,4,1,1,2,4,0,4,0,4,1,2,2,3,0,1,1,2,3,2,2,1,1,0,4,4,1,3,3,1,3,2,2,4,3,1,2,3,2,3,1,0,1,0,0,2,3,4,2,2,3,2,2,1,3,2,1,1,4,1,1,0,4,2,3,3,2,1,0,1,0,3,1,1,1,0,0,2,1,1,1,1,2,2,3,3,3,4,3,2,2,0,3,3,3,1,2,0,3,2,2,0,1,3,3,3,2,3,2,4,3,1,4,0,4,4,2,3,3,3,0,1,0,4,1,1,2,4,4,0,4,1,2,2,3,0,1,1,2,3,2,1,1,0,4,4,1,3,3,1,3,2,2,4,3,1,2,3,3,1,0,1,0,0,2,3,4,2,3,2,2,1,3,2,1,1,4,1,1,0,4,2,3,3,2,1,0,1,0,3,1,1,1,0,0,2,1,1,1,1,2,2,3,3,3,4,3,2,2,0,3,3,3,1,2,0,3,2,2,0,1,3,3,3,3,2,4,3,1,4,0,4,4,2,3,3,3,3,0,1,1,0,4,1,1,2,4,0,4,0,4,1,2,2,3,0,1,1,2,3,2,2,1,1,0,4,4,1,3,4,3,1,3,2,2,4,3,1,2,3,3,2,3,1,0,0,1,0,0,2,3,4,2,2,3,2,2,1,3,2,1,1,4,0,1,1,0,4,2,3,3,2,1,0,1,2,0,0,3,1,1,1,0,0,4,2,2,1,1,3,1,1,2,2,3,3,3,4,3,2,2,0,3,3,3,3,1,2,0,3,2,2,0,1,3,3,3,3,2,3,2,4,3,1,4,0,4,4,1,4,1,3,0,2,3,3,3,1,3,0,1,0,4,1,1,2,4,0,4,0,4,1,2,2,3,0,1,1,2,3,2,1,1,0,4,4,1,3,3,1,3,2,2,4,3,1,2,3,3,1,0,1,0,0,2,3,4,2,3,2,2,1,3,2,1,1,4,1,1,0,4,2,3,3,2,1,0,1,0,3,1,1,1,0,0,2,1,1,1,1,2,2,3,3,3,4,3,2,2,0,3,3,3,1,2,0,3,2,2,0,1,3,3,3,3,2,4,3,1,4,0,4,4,4,2,3,3
wdhRBF-17-0567-1_S122,1,1,1,4,1,1,1,2,2,3,3,1,4,1,2,2,3,3,1,1,2,3,1,1,1,1,3,4,4,1,3,3,1,1,1,2,3,2,1,2,3,2,3,1,2,1,3,2,2,3,4,2,2,3,2,2,1,3,2,1,4,1,1,3,1,4,1,1,2,1,1,1,1,3,1,3,1,1,1,3,1,1,1,1,1,2,2,3,1,2,2,2,2,2,3,3,1,2,1,1,1,0,2,2,1,3,3,3,3,0,3,2,4,3,2,0,1,0,1,2,3,3,1,1,1,4,1,1,1,2,2,3,1,4,1,2,2,3,3,1,1,2,3,1,1,1,3,4,4,1,3,3,1,1,1,2,3,2,1,2,3,3,1,2,1,3,2,2,3,4,2,3,2,2,1,3,2,1,4,1,1,3,1,4,1,1,2,1,1,1,1,3,1,3,1,1,1,3,1,1,1,1,1,2,2,3,1,2,2,2,2,2,3,3,1,2,1,1,1,0,2,2,1,3,3,3,3,3,2,4,3,2,0,1,0,1,2,3,3,0,1,1,1,1,4,1,1,1,2,2,3,3,1,4,1,2,2,3,3,1,1,2,3,1,1,1,1,3,4,4,1,3,1,3,1,1,1,2,3,2,1,2,0,3,2,3,1,3,2,1,3,2,2,3,4,2,2,3,2,2,1,3,2,1,4,1,4,1,3,1,4,1,1,2,1,1,1,1,0,3,2,1,3,1,1,1,3,0,1,2,1,1,0,1,1,2,2,3,1,2,2,2,2,2,3,0,3,1,2,1,1,1,0,2,2,1,3,3,3,3,0,0,3,2,4,3,2,0,1,0,1,1,4,1,0,1,2,3,3,0,0,1,1,1,4,1,1,1,2,2,3,3,1,4,1,2,2,3,3,1,1,2,3,1,1,1,3,4,4,1,3,3,1,1,1,2,3,2,1,2,3,3,1,2,1,3,2,2,3,4,2,3,2,2,1,3,2,1,4,1,1,3,1,4,1,1,2,1,1,1,1,3,1,3,1,1,1,3,1,1,1,1,1,2,2,3,1,2,2,2,2,2,3,3,1,2,1,1,1,0,2,2,1,3,3,3,3,3,2,4,3,2,0,1,0,1,4,2,3,3
wdhRBF-18-0025-1_S11_L001,0,0,0,0,0,0,0,0,0,0,0,1,4,0,0,0,0,0,0,0,0,0,0,0,0,0,0,0,0,0,0,0,0,0,0,0,0,0,0,1,1,2,3,1,2,0,3,2,2,3,4,2,2,3,2,2,0,3,2,1,0,0,0,0,0,0,0,0,0,0,0,0,0,0,0,0,0,0,0,0,0,0,1,1,0,0,0,3,0,0,0,0,0,0,0,0,0,0,0,0,0,0,0,0,0,1,3,4,3,2,3,4,4,3,1,4,1,4,4,2,3,3,0,0,0,0,0,0,0,0,0,0,1,4,0,0,0,0,0,0,0,0,0,0,0,0,0,0,0,0,0,0,0,0,0,0,0,0,0,1,1,3,1,2,0,3,2,2,3,4,2,3,2,2,0,3,2,1,0,0,0,0,0,0,0,0,0,0,0,0,0,0,0,0,0,0,0,0,0,0,1,1,0,0,0,3,0,0,0,0,0,0,0,0,0,0,0,0,0,0,0,0,0,1,3,4,3,3,4,4,3,1,4,1,4,4,2,3,3,3,0,0,0,0,0,0,0,0,0,0,0,0,1,4,0,0,0,0,0,0,0,0,0,0,0,0,0,0,0,0,0,0,0,0,0,0,0,0,0,0,0,1,3,1,2,3,1,3,2,0,3,2,2,3,4,2,2,3,2,2,0,3,2,1,0,0,0,0,0,0,0,0,0,0,0,0,0,0,2,0,0,0,0,0,0,0,0,3,0,0,0,1,3,1,0,0,0,3,0,0,0,0,0,0,0,3,0,0,0,0,0,0,0,0,0,0,1,3,4,3,3,2,3,4,4,3,1,4,1,4,4,1,4,1,3,1,2,3,3,3,1,0,0,0,0,0,0,0,0,0,0,0,1,4,0,0,0,0,0,0,0,0,0,0,0,0,0,0,0,0,0,0,0,0,0,0,0,0,0,1,1,3,1,2,0,3,2,2,3,4,2,3,2,2,0,3,2,1,0,0,0,0,0,0,0,0,0,0,0,0,0,0,0,0,0,0,0,0,0,0,1,1,0,0,0,3,0,0,0,0,0,0,0,0,0,0,0,0,0,0,0,0,0,1,3,4,3,3,4,4,3,1,4,1,4,4,4,2,3,3
wdhRBF-18-0048-1_S12_L001,3,1,0,0,1,1,1,2,0,3,0,1,4,1,2,2,3,0,1,1,2,3,1,0,1,1,3,4,4,0,0,3,0,0,0,2,0,3,1,1,0,2,3,1,0,0,0,0,2,3,4,2,2,3,2,2,0,3,2,1,1,4,1,3,1,4,2,2,3,1,1,1,1,3,3,1,1,1,2,3,2,1,1,0,4,2,2,3,3,3,4,3,0,0,0,0,3,3,1,2,1,3,2,2,1,1,3,0,0,2,4,2,3,3,1,4,1,4,4,2,3,3,3,1,0,0,1,1,1,2,0,0,1,4,1,2,2,3,0,1,1,2,3,1,1,1,3,4,4,0,0,3,0,0,0,2,0,3,1,1,0,3,1,0,0,0,0,2,3,4,2,3,2,2,0,3,2,1,1,4,1,3,1,4,2,2,3,1,1,1,1,3,3,1,1,1,2,3,2,1,1,0,4,2,2,3,3,3,4,3,0,0,0,0,3,3,1,2,1,3,2,2,1,1,3,0,0,4,2,3,3,1,4,1,4,4,2,3,3,3,3,1,0,1,0,1,1,1,2,0,3,0,1,4,1,2,2,3,0,1,1,2,3,1,0,1,1,3,4,4,0,0,0,3,0,0,0,2,0,3,1,1,3,0,2,3,1,3,0,0,0,0,2,3,4,2,2,3,2,2,0,3,2,1,1,4,1,1,3,1,4,2,2,3,1,1,1,1,2,3,0,3,1,1,1,2,3,3,2,0,1,1,3,0,4,2,2,3,3,3,4,3,0,0,0,3,0,3,3,1,2,1,3,2,2,1,1,3,0,0,3,2,4,2,3,3,1,4,1,4,4,0,0,1,3,1,2,3,3,3,1,3,1,0,0,1,1,1,2,0,3,0,1,4,1,2,2,3,0,1,1,2,3,1,1,1,3,4,4,0,0,3,0,0,0,2,0,3,1,1,0,3,1,0,0,0,0,2,3,4,2,3,2,2,0,3,2,1,1,4,1,3,1,4,2,2,3,1,1,1,1,3,3,1,1,1,2,3,2,1,1,0,4,2,2,3,3,3,4,3,0,0,0,0,3,3,1,2,1,3,2,2,1,1,3,0,0,4,2,3,3,1,4,1,4,4,0,2,3,3
wdhRBF-18-0049-1_S13_L001,3,1,1,4,4,1,1,2,4,0,4,1,4,1,0,0,0,3,1,1,2,3,2,2,1,1,3,4,4,1,3,3,1,3,0,0,3,3,3,0,1,0,3,1,2,1,3,0,2,3,4,2,2,3,2,2,1,3,2,1,0,0,1,1,3,0,0,3,2,2,3,0,1,3,3,1,1,1,2,3,2,3,1,1,4,2,2,3,3,0,4,3,2,2,3,3,3,2,1,2,1,3,3,2,0,0,0,3,3,2,3,4,4,3,1,4,1,4,2,0,3,3,3,1,1,4,4,1,1,2,4,4,1,4,1,0,0,0,3,1,1,2,3,2,1,1,3,4,4,1,3,3,1,3,0,0,3,3,3,0,1,3,1,2,1,3,0,2,3,4,2,3,2,2,1,3,2,1,0,0,1,1,3,0,0,3,2,2,3,0,1,3,3,1,1,1,2,3,2,3,1,1,4,2,2,3,3,0,4,3,2,2,3,3,3,2,1,2,1,3,3,2,0,0,0,3,3,3,4,4,3,1,4,1,4,2,0,3,3,3,3,1,1,2,4,4,1,1,2,4,0,4,1,4,1,0,0,0,3,1,1,2,3,2,2,1,1,3,4,4,1,3,4,3,1,3,0,0,3,3,3,0,3,1,0,3,1,0,2,1,3,0,2,3,4,2,2,3,2,2,1,3,2,1,0,0,1,1,1,3,0,0,3,2,2,3,0,1,2,3,2,3,1,1,1,2,3,0,2,2,3,1,3,1,4,2,2,3,3,0,4,3,2,2,3,3,3,3,2,1,2,1,3,3,2,0,0,0,3,3,3,2,3,4,4,3,1,4,1,4,2,1,4,1,3,0,0,3,3,3,1,3,1,1,4,4,1,1,2,4,0,4,1,4,1,0,0,0,3,1,1,2,3,2,1,1,3,4,4,1,3,3,1,3,0,0,3,3,3,0,1,3,1,2,1,3,0,2,3,4,2,3,2,2,1,3,2,1,0,0,1,1,3,0,0,3,2,2,3,0,1,3,3,1,1,1,2,3,2,3,1,1,4,2,2,3,3,0,4,3,2,2,3,3,3,2,1,2,1,3,3,2,0,0,0,3,3,3,4,4,3,1,4,1,4,2,4,0,3,3
wdhRBF-18-0057_S14_L001,3,4,2,4,4,1,1,4,3,3,4,1,4,1,2,2,3,3,4,1,2,4,2,2,1,2,3,4,4,1,3,4,2,3,2,4,4,3,3,1,1,2,0,1,2,1,3,2,2,3,4,2,2,3,2,2,1,3,2,0,1,4,2,3,3,1,2,3,3,1,3,3,4,3,3,1,4,3,2,3,2,3,0,1,4,2,2,0,3,3,4,3,4,2,3,3,3,3,1,2,1,3,3,4,1,1,3,3,3,2,3,2,4,3,2,4,1,4,1,0,1,3,3,4,2,4,4,1,1,4,3,4,1,4,1,2,2,3,3,4,1,2,4,2,1,2,3,4,4,1,3,4,2,3,2,4,4,3,3,1,1,0,1,2,1,3,2,2,3,4,2,3,2,2,1,3,2,0,1,4,2,3,3,1,2,3,3,1,3,3,4,3,3,1,4,3,2,3,2,3,0,1,4,2,2,0,3,3,4,3,4,2,3,3,3,3,1,2,1,3,3,4,1,1,3,3,3,3,2,4,3,2,4,1,4,1,0,1,3,3,3,4,2,2,4,4,1,1,4,3,3,4,1,4,1,2,2,3,3,4,1,2,4,2,2,1,2,3,4,4,1,3,4,4,2,3,2,4,4,3,3,1,0,1,2,0,1,3,2,1,3,2,2,3,4,2,2,3,2,2,1,3,2,0,1,4,1,2,3,3,1,2,3,3,1,3,3,4,2,3,2,3,1,4,3,2,3,4,2,2,3,0,3,1,4,2,2,0,3,3,4,3,4,2,3,3,3,3,3,1,2,1,3,3,4,1,1,3,3,3,3,2,3,2,4,3,2,4,1,4,1,1,4,0,3,0,0,1,3,3,1,3,4,2,4,4,1,1,4,3,3,4,1,4,1,2,2,3,3,4,1,2,4,2,1,2,3,4,4,1,3,4,2,3,2,4,4,3,3,1,1,0,1,2,1,3,2,2,3,4,2,3,2,2,1,3,2,0,1,4,2,3,3,1,2,3,3,1,3,3,4,3,3,1,4,3,2,3,2,3,0,1,4,2,2,0,3,3,4,3,4,2,3,3,3,3,1,2,1,3,3,4,1,1,3,3,3,3,2,4,3,2,4,1,4,1,4,0,1,3
wdhRBF-18-0059-1_S15_L001,3,4,2,4,1,1,1,2,2,3,4,1,4,1,4,2,3,3,1,1,2,3,2,2,1,2,3,4,4,1,3,4,2,3,0,2,3,3,1,1,0,2,3,1,2,1,3,2,2,3,4,2,2,3,2,2,1,3,2,0,1,4,2,1,3,1,2,3,3,2,1,3,1,3,3,1,4,3,2,3,1,1,0,0,4,2,2,0,1,3,4,3,4,2,3,3,3,2,1,2,1,3,2,2,1,1,0,3,3,0,3,2,4,3,2,0,1,4,4,2,3,3,3,4,2,4,1,1,1,2,2,4,1,4,1,4,2,3,3,1,1,2,3,2,1,2,3,4,4,1,3,4,2,3,0,2,3,3,1,1,0,3,1,2,1,3,2,2,3,4,2,3,2,2,1,3,2,0,1,4,2,1,3,1,2,3,3,2,1,3,1,3,3,1,4,3,2,3,1,1,0,0,4,2,2,0,1,3,4,3,4,2,3,3,3,2,1,2,1,3,2,2,1,1,0,3,3,3,2,4,3,2,0,1,4,4,2,3,3,3,3,4,2,2,4,1,1,1,2,2,3,4,1,4,1,4,2,3,3,1,1,2,3,2,2,1,2,3,4,4,1,3,4,4,2,3,0,2,3,3,1,1,0,0,2,3,1,3,2,1,3,2,2,3,4,2,2,3,2,2,1,3,2,0,1,4,1,2,1,3,1,2,3,3,2,1,3,1,2,3,2,3,1,4,3,2,3,3,1,2,1,0,3,0,4,2,2,0,1,3,4,3,4,2,3,3,3,3,2,1,2,1,3,2,2,1,1,0,3,3,0,0,3,2,4,3,2,0,1,4,4,1,4,1,3,1,2,3,3,3,1,3,4,2,4,1,1,1,2,2,3,4,1,4,1,4,2,3,3,1,1,2,3,2,1,2,3,4,4,1,3,4,2,3,0,2,3,3,1,1,0,3,1,2,1,3,2,2,3,4,2,3,2,2,1,3,2,0,1,4,2,1,3,1,2,3,3,2,1,3,1,3,3,1,4,3,2,3,1,1,0,0,4,2,2,0,1,3,4,3,4,2,3,3,3,2,1,2,1,3,2,2,1,1,0,3,3,3,2,4,3,2,0,1,4,4,4,2,3,3
wdhRBF-18-0080-1_S17_L001,0,0,0,0,0,0,0,0,0,0,0,0,0,0,0,0,0,0,0,0,0,0,0,0,0,0,0,0,0,0,0,0,0,0,0,0,0,0,0,2,1,2,3,1,0,0,0,0,0,0,0,0,0,0,0,0,0,0,2,1,0,0,0,0,0,0,0,0,0,0,0,0,0,0,0,0,0,0,0,0,0,0,0,1,0,0,0,3,0,0,0,0,0,0,0,0,0,0,0,0,0,0,0,0,0,1,3,4,3,2,3,4,4,3,1,4,4,4,4,2,3,3,0,0,0,0,0,0,0,0,0,0,0,0,0,0,0,0,0,0,0,0,0,0,0,0,0,0,0,0,0,0,0,0,0,0,0,0,0,2,1,3,1,0,0,0,0,0,0,0,0,0,0,0,0,0,2,1,0,0,0,0,0,0,0,0,0,0,0,0,0,0,0,0,0,0,0,0,0,0,0,1,0,0,0,3,0,0,0,0,0,0,0,0,0,0,0,0,0,0,0,0,0,1,3,4,3,3,4,4,3,1,4,4,4,4,2,3,3,3,0,0,0,0,0,0,0,0,0,0,0,0,0,0,0,0,0,0,0,0,0,0,0,0,0,0,0,0,0,0,0,0,0,0,0,0,0,0,0,0,0,2,3,1,2,3,1,0,0,0,0,0,0,0,0,0,0,0,0,0,0,0,2,1,0,0,0,0,0,0,0,0,0,0,0,0,0,0,2,0,0,0,0,0,0,0,0,3,0,0,0,0,3,1,0,0,0,3,0,0,0,0,0,0,0,3,0,0,0,0,0,0,0,0,0,0,1,3,4,3,3,2,3,4,4,3,1,4,4,4,4,1,4,1,3,1,2,3,3,3,1,0,0,0,0,0,0,0,0,0,0,0,0,0,0,0,0,0,0,0,0,0,0,0,0,0,0,0,0,0,0,0,0,0,0,0,0,0,0,2,1,3,1,0,0,0,0,0,0,0,0,0,0,0,0,0,2,1,0,0,0,0,0,0,0,0,0,0,0,0,0,0,0,0,0,0,0,0,0,0,0,1,0,0,0,3,0,0,0,0,0,0,0,0,0,0,0,0,0,0,0,0,0,1,3,4,3,3,4,4,3,1,4,4,4,4,4,2,3,3
wdhRBF-18-0081-1_S18_L001,3,4,2,4,1,1,1,2,2,3,4,0,4,1,4,2,3,3,1,1,2,3,2,2,1,2,3,4,4,1,3,4,2,3,0,2,3,3,1,0,1,0,3,1,2,1,3,2,2,3,4,2,2,3,2,2,1,3,2,0,1,4,2,1,3,1,2,3,3,2,1,3,1,3,3,1,4,3,2,3,1,1,0,0,4,2,2,0,1,3,4,3,4,2,3,3,3,2,1,2,1,3,2,2,1,1,0,3,3,2,3,4,3,0,1,4,4,4,4,2,1,0,3,4,2,4,1,1,1,2,2,4,0,4,1,4,2,3,3,1,1,2,3,2,1,2,3,4,4,1,3,4,2,3,0,2,3,3,1,0,1,3,1,2,1,3,2,2,3,4,2,3,2,2,1,3,2,0,1,4,2,1,3,1,2,3,3,2,1,3,1,3,3,1,4,3,2,3,1,1,0,0,4,2,2,0,1,3,4,3,4,2,3,3,3,2,1,2,1,3,2,2,1,1,0,3,3,3,4,3,0,1,4,4,4,4,2,1,0,3,3,4,2,2,4,1,1,1,2,2,3,4,0,4,1,4,2,3,3,1,1,2,3,2,2,1,2,3,4,4,1,3,4,4,2,3,0,2,3,3,1,0,3,1,0,3,1,3,2,1,3,2,2,3,4,2,2,3,2,2,1,3,2,0,1,4,0,2,1,3,1,2,3,3,2,1,3,1,2,3,2,3,1,4,3,2,3,3,1,2,1,0,3,0,4,2,2,0,1,3,4,3,4,2,3,3,3,3,2,1,2,1,3,2,2,1,1,0,3,3,3,2,3,4,3,0,1,4,4,4,4,1,4,1,3,0,2,1,0,3,1,3,4,2,4,1,1,1,2,2,3,4,0,4,1,4,2,3,3,1,1,2,3,2,1,2,3,4,4,1,3,4,2,3,0,2,3,3,1,0,1,3,1,2,1,3,2,2,3,4,2,3,2,2,1,3,2,0,1,4,2,1,3,1,2,3,3,2,1,3,1,3,3,1,4,3,2,3,1,1,0,0,4,2,2,0,1,3,4,3,4,2,3,3,3,2,1,2,1,3,2,2,1,1,0,3,3,3,4,3,0,1,4,4,4,4,4,2,1,0
wdhRBF-18-0098-1_S19_L001,3,4,2,4,1,1,1,2,3,3,4,1,4,0,2,2,3,3,1,1,2,3,1,2,0,2,3,4,4,1,3,4,1,3,2,2,3,3,3,1,1,0,3,1,2,0,3,2,2,3,4,2,2,0,0,0,1,3,0,0,1,4,1,1,1,1,2,1,3,1,3,3,1,3,1,1,4,1,2,3,2,3,0,1,4,2,2,0,1,3,4,3,4,2,3,3,3,2,1,2,1,3,2,4,1,1,0,3,3,2,3,2,4,3,0,0,1,4,1,2,1,0,3,4,2,4,1,1,1,2,3,4,1,4,0,2,2,3,3,1,1,2,3,1,0,2,3,4,4,1,3,4,1,3,2,2,3,3,3,1,1,3,1,2,0,3,2,2,3,4,2,0,0,0,1,3,0,0,1,4,1,1,1,1,2,1,3,1,3,3,1,3,1,1,4,1,2,3,2,3,0,1,4,2,2,0,1,3,4,3,4,2,3,3,3,2,1,2,1,3,2,4,1,1,0,3,3,3,2,4,3,0,0,1,4,1,2,1,0,3,3,4,2,0,4,1,1,1,2,3,3,4,1,4,0,2,2,3,3,1,1,2,3,1,2,0,2,3,4,4,1,3,4,4,1,3,2,2,3,3,3,1,3,1,0,3,1,3,2,0,3,2,2,3,4,2,2,0,0,0,1,3,0,0,1,4,1,1,1,1,1,2,1,3,1,3,3,1,2,3,2,1,1,4,1,2,3,3,2,2,3,0,3,1,4,2,2,0,1,3,4,3,4,2,3,3,3,3,2,1,2,1,3,2,4,1,1,0,3,3,3,2,3,2,4,3,0,0,1,4,1,1,4,0,3,1,2,1,0,3,1,3,4,2,4,1,1,1,2,3,3,4,1,4,0,2,2,3,3,1,1,2,3,1,0,2,3,4,4,1,3,4,1,3,2,2,3,3,3,1,1,3,1,2,0,3,2,2,3,4,2,0,0,0,1,3,0,0,1,4,1,1,1,1,2,1,3,1,3,3,1,3,1,1,4,1,2,3,2,3,0,1,4,2,2,0,1,3,4,3,4,2,3,3,3,2,1,2,1,3,2,4,1,1,0,3,3,3,2,4,3,0,0,1,4,1,4,2,1,0
WDHRBG-16-049-1_S87,0,1,0,0,1,1,1,2,4,3,0,1,4,1,2,2,3,3,0,0,0,3,0,2,0,1,0,4,0,0,0,3,1,0,2,2,3,3,1,1,1,2,3,1,2,1,3,2,2,3,4,2,2,3,2,2,1,3,2,1,1,4,0,3,1,4,2,1,3,1,1,0,1,3,3,1,1,1,2,3,2,1,1,1,4,2,0,3,3,3,4,3,2,2,3,3,3,3,1,2,1,3,2,2,1,1,3,4,3,2,4,4,3,3,1,4,0,4,4,2,3,3,0,1,0,0,1,1,1,2,4,0,1,4,1,2,2,3,3,0,0,0,3,0,0,1,0,4,0,0,0,3,1,0,2,2,3,3,1,1,1,3,1,2,1,3,2,2,3,4,2,3,2,2,1,3,2,1,1,4,0,3,1,4,2,1,3,1,1,0,1,3,3,1,1,1,2,3,2,1,1,1,4,2,0,3,3,3,4,3,2,2,3,3,3,3,1,2,1,3,2,2,1,1,3,4,3,4,4,3,3,1,4,0,4,4,2,3,3,3,0,1,0,1,0,1,1,1,2,4,3,0,1,4,1,2,2,3,3,0,0,0,3,0,2,0,1,0,4,0,0,0,0,3,1,0,2,2,3,3,1,1,3,1,2,3,1,0,2,1,3,2,2,3,4,2,2,3,2,2,1,3,2,1,1,4,1,0,3,1,4,2,1,3,1,1,0,1,2,3,0,3,1,1,1,2,3,3,2,0,1,1,3,1,4,2,0,3,3,3,4,3,2,2,3,3,3,3,3,1,2,1,3,2,2,1,1,3,4,3,3,2,4,4,3,3,1,4,0,4,4,1,4,1,3,1,2,3,3,3,1,0,1,0,0,1,1,1,2,4,3,0,1,4,1,2,2,3,3,0,0,0,3,0,0,1,0,4,0,0,0,3,1,0,2,2,3,3,1,1,1,3,1,2,1,3,2,2,3,4,2,3,2,2,1,3,2,1,1,4,0,3,1,4,2,1,3,1,1,0,1,3,3,1,1,1,2,3,2,1,1,1,4,2,0,3,3,3,4,3,2,2,3,3,3,3,1,2,1,3,2,2,1,1,3,4,3,4,4,3,3,1,4,0,4,4,4,2,3,3
WDHRBG-16-050-1_S40,0,4,1,4,1,1,1,2,3,0,4,0,0,1,4,0,0,3,0,0,0,3,0,2,1,1,3,4,4,1,3,0,1,3,0,0,0,3,1,2,1,2,3,1,2,1,3,2,2,3,4,2,2,3,2,2,1,3,2,1,1,0,0,3,0,4,0,3,3,1,1,1,1,3,3,1,1,1,0,0,2,0,1,1,4,0,2,3,3,2,4,3,2,2,3,0,0,3,0,2,1,3,0,0,0,1,3,3,3,0,3,2,4,3,1,0,0,4,4,2,3,3,0,4,1,4,1,1,1,2,3,4,0,0,1,4,0,0,3,0,0,0,3,0,1,1,3,4,4,1,3,0,1,3,0,0,0,3,1,2,1,3,1,2,1,3,2,2,3,4,2,3,2,2,1,3,2,1,1,0,0,3,0,4,0,3,3,1,1,1,1,3,3,1,1,1,0,0,2,0,1,1,4,0,2,3,3,2,4,3,2,2,3,0,0,3,0,2,1,3,0,0,0,1,3,3,3,3,2,4,3,1,0,0,4,4,2,3,3,3,0,4,1,1,4,1,1,1,2,3,0,4,0,0,1,4,0,0,3,0,0,0,3,0,2,1,1,3,4,4,1,3,4,0,1,3,0,0,0,3,1,2,3,1,2,3,1,0,2,1,3,2,2,3,4,2,2,3,2,2,1,3,2,1,1,0,0,0,3,0,4,0,3,3,1,1,1,1,2,3,2,3,1,1,1,0,0,3,2,2,0,1,3,1,4,0,2,3,3,2,4,3,2,2,3,3,0,0,3,0,2,1,3,0,0,0,1,3,3,3,0,0,3,2,4,3,1,0,0,4,4,1,4,1,3,1,2,3,3,3,0,0,4,1,4,1,1,1,2,3,0,4,0,0,1,4,0,0,3,0,0,0,3,0,1,1,3,4,4,1,3,0,1,3,0,0,0,3,1,2,1,3,1,2,1,3,2,2,3,4,2,3,2,2,1,3,2,1,1,0,0,3,0,4,0,3,3,1,1,1,1,3,3,1,1,1,0,0,2,0,1,1,4,0,2,3,3,2,4,3,2,2,3,0,0,3,0,2,1,3,0,0,0,1,3,3,3,3,2,4,3,1,0,0,4,4,4,2,3,3
WDHRBG-16-060-1_S27,3,1,1,4,1,1,1,2,4,3,4,1,4,1,2,2,3,3,1,1,2,3,1,2,1,1,3,4,4,1,3,3,0,3,2,2,3,3,1,1,1,2,3,1,0,0,0,0,0,0,0,0,0,0,0,0,0,0,2,1,1,4,0,3,1,4,2,2,3,2,0,1,1,3,0,1,1,1,2,3,2,1,1,1,4,2,1,3,3,3,4,3,2,2,3,3,3,3,1,2,1,3,2,2,1,0,3,3,3,0,4,4,4,3,1,4,0,4,4,2,3,3,3,1,1,4,1,1,1,2,4,4,1,4,1,2,2,3,3,1,1,2,3,1,1,1,3,4,4,1,3,3,0,3,2,2,3,3,1,1,1,3,1,0,0,0,0,0,0,0,0,0,0,0,0,0,2,1,1,4,0,3,1,4,2,2,3,2,0,1,1,3,0,1,1,1,2,3,2,1,1,1,4,2,1,3,3,3,4,3,2,2,3,3,3,3,1,2,1,3,2,2,1,0,3,3,3,4,4,4,3,1,4,0,4,4,2,3,3,3,3,1,1,0,4,1,1,1,2,4,3,4,1,4,1,2,2,3,3,1,1,2,3,1,2,1,1,3,4,4,1,3,0,3,0,3,2,2,3,3,1,1,3,1,2,3,1,0,0,0,0,0,0,0,0,0,0,0,0,0,0,0,2,1,1,4,1,0,3,1,4,2,2,3,2,0,1,1,2,3,2,0,1,1,1,2,3,3,2,2,1,1,3,1,4,2,1,3,3,3,4,3,2,2,3,3,3,3,3,1,2,1,3,2,2,1,0,3,3,3,0,0,4,4,4,3,1,4,0,4,4,1,4,1,3,1,2,3,3,3,1,3,1,1,4,1,1,1,2,4,3,4,1,4,1,2,2,3,3,1,1,2,3,1,1,1,3,4,4,1,3,3,0,3,2,2,3,3,1,1,1,3,1,0,0,0,0,0,0,0,0,0,0,0,0,0,2,1,1,4,0,3,1,4,2,2,3,2,0,1,1,3,0,1,1,1,2,3,2,1,1,1,4,2,1,3,3,3,4,3,2,2,3,3,3,3,1,2,1,3,2,2,1,0,3,3,3,4,4,4,3,1,4,0,4,4,4,2,3,3
WDHRBG-16-062-1_S49,3,4,2,4,1,1,1,2,3,3,4,1,4,1,4,2,3,3,4,1,2,3,1,1,1,1,3,4,4,1,3,3,1,3,2,2,4,3,1,2,0,0,0,0,2,1,3,2,2,3,4,2,2,3,2,2,1,3,0,0,1,4,1,1,3,4,2,3,3,2,3,3,4,3,1,1,4,3,2,3,2,3,1,0,4,2,2,3,3,3,4,3,4,2,3,3,3,2,1,2,1,3,3,4,1,1,0,3,3,2,3,2,4,3,2,0,4,4,1,2,1,0,3,4,2,4,1,1,1,2,3,4,1,4,1,4,2,3,3,4,1,2,3,1,1,1,3,4,4,1,3,3,1,3,2,2,4,3,1,2,0,0,0,2,1,3,2,2,3,4,2,3,2,2,1,3,0,0,1,4,1,1,3,4,2,3,3,2,3,3,4,3,1,1,4,3,2,3,2,3,1,0,4,2,2,3,3,3,4,3,4,2,3,3,3,2,1,2,1,3,3,4,1,1,0,3,3,3,2,4,3,2,0,4,4,1,2,1,0,3,3,4,2,1,4,1,1,1,2,3,3,4,1,4,1,4,2,3,3,4,1,2,3,1,1,1,1,3,4,4,1,3,4,3,1,3,2,2,4,3,1,2,3,0,0,0,0,3,2,1,3,2,2,3,4,2,2,3,2,2,1,3,0,0,1,4,1,1,1,3,4,2,3,3,2,3,3,4,2,3,2,1,1,4,3,2,3,3,2,2,3,1,3,0,4,2,2,3,3,3,4,3,4,2,3,3,3,3,2,1,2,1,3,3,4,1,1,0,3,3,3,2,3,2,4,3,2,0,4,4,1,1,4,0,3,1,2,1,0,3,1,3,4,2,4,1,1,1,2,3,3,4,1,4,1,4,2,3,3,4,1,2,3,1,1,1,3,4,4,1,3,3,1,3,2,2,4,3,1,2,0,0,0,2,1,3,2,2,3,4,2,3,2,2,1,3,0,0,1,4,1,1,3,4,2,3,3,2,3,3,4,3,1,1,4,3,2,3,2,3,1,0,4,2,2,3,3,3,4,3,4,2,3,3,3,2,1,2,1,3,3,4,1,1,0,3,3,3,2,4,3,2,0,4,4,1,4,2,1,0
WDHRBG-17-001-1_S82,3,4,2,4,1,1,1,2,3,3,4,1,4,1,2,2,3,3,1,1,2,3,1,2,1,2,3,4,4,1,3,4,1,3,2,2,3,3,3,1,1,0,3,1,2,1,3,2,2,3,4,2,2,3,2,2,1,3,0,0,1,4,1,1,1,1,2,1,3,1,3,3,1,0,0,0,4,1,2,3,2,3,0,1,4,2,2,0,1,3,4,3,4,2,3,3,3,2,1,2,1,3,2,4,1,0,0,4,3,2,3,4,4,3,1,4,1,4,1,2,1,0,3,4,2,4,1,1,1,2,3,4,1,4,1,2,2,3,3,1,1,2,3,1,1,2,3,4,4,1,3,4,1,3,2,2,3,3,3,1,1,3,1,2,1,3,2,2,3,4,2,3,2,2,1,3,0,0,1,4,1,1,1,1,2,1,3,1,3,3,1,0,0,0,4,1,2,3,2,3,0,1,4,2,2,0,1,3,4,3,4,2,3,3,3,2,1,2,1,3,2,4,1,0,0,4,3,3,4,4,3,1,4,1,4,1,2,1,0,3,3,4,2,2,4,1,1,1,2,3,3,4,1,4,1,2,2,3,3,1,1,2,3,1,2,1,2,3,4,4,1,3,4,4,1,3,2,2,3,3,3,1,3,1,0,3,1,3,2,1,3,2,2,3,4,2,2,3,2,2,1,3,0,0,1,4,1,1,1,1,1,2,1,3,1,3,3,1,2,0,0,0,0,4,1,2,3,3,2,2,3,0,3,1,4,2,2,0,1,3,4,3,4,2,3,3,3,3,2,1,2,1,3,2,4,1,0,0,4,3,3,2,3,4,4,3,1,4,1,4,1,1,4,0,3,1,2,1,0,3,1,3,4,2,4,1,1,1,2,3,3,4,1,4,1,2,2,3,3,1,1,2,3,1,1,2,3,4,4,1,3,4,1,3,2,2,3,3,3,1,1,3,1,2,1,3,2,2,3,4,2,3,2,2,1,3,0,0,1,4,1,1,1,1,2,1,3,1,3,3,1,0,0,0,4,1,2,3,2,3,0,1,4,2,2,0,1,3,4,3,4,2,3,3,3,2,1,2,1,3,2,4,1,0,0,4,3,3,4,4,3,1,4,1,4,1,4,2,1,0
WDHRBG-17-005-2_S61,3,4,2,4,1,1,1,2,3,3,4,1,4,1,2,2,3,3,1,1,2,3,1,2,1,2,3,4,4,1,3,4,1,3,2,2,3,3,3,1,1,0,3,1,2,1,3,2,2,3,4,2,2,3,2,2,1,3,0,0,1,4,1,1,1,1,2,1,3,1,3,3,1,3,1,1,4,1,2,3,2,3,0,1,4,2,2,0,1,3,4,3,4,2,3,3,3,2,1,2,1,3,2,4,1,1,0,3,3,2,3,2,4,3,2,0,1,4,1,2,1,0,3,4,2,4,1,1,1,2,3,4,1,4,1,2,2,3,3,1,1,2,3,1,1,2,3,4,4,1,3,4,1,3,2,2,3,3,3,1,1,3,1,2,1,3,2,2,3,4,2,3,2,2,1,3,0,0,1,4,1,1,1,1,2,1,3,1,3,3,1,3,1,1,4,1,2,3,2,3,0,1,4,2,2,0,1,3,4,3,4,2,3,3,3,2,1,2,1,3,2,4,1,1,0,3,3,3,2,4,3,2,0,1,4,1,2,1,0,3,3,4,2,2,4,1,1,1,2,3,3,4,1,4,1,2,2,3,3,1,1,2,3,1,2,1,2,3,4,4,1,3,4,4,1,3,2,2,3,3,3,1,3,1,0,3,1,3,2,1,3,2,2,3,4,2,2,3,2,2,1,3,0,0,1,4,1,1,1,1,1,2,1,3,1,3,3,1,2,3,2,1,1,4,1,2,3,3,2,2,3,0,3,1,4,2,2,0,1,3,4,3,4,2,3,3,3,3,2,1,2,1,3,2,4,1,1,0,3,3,3,2,3,2,4,3,2,0,1,4,1,1,4,0,3,1,2,1,0,3,1,3,4,2,4,1,1,1,2,3,3,4,1,4,1,2,2,3,3,1,1,2,3,1,1,2,3,4,4,1,3,4,1,3,2,2,3,3,3,1,1,3,1,2,1,3,2,2,3,4,2,3,2,2,1,3,0,0,1,4,1,1,1,1,2,1,3,1,3,3,1,3,1,1,4,1,2,3,2,3,0,1,4,2,2,0,1,3,4,3,4,2,3,3,3,2,1,2,1,3,2,4,1,1,0,3,3,3,2,4,3,2,0,1,4,1,4,2,1,0
WDHRBG-17-008-1_S83,3,0,1,4,4,1,3,2,4,3,4,3,4,1,2,2,3,3,1,0,0,3,2,2,1,1,3,4,4,1,3,3,2,3,2,0,4,3,0,0,1,2,0,1,2,1,3,2,2,3,4,2,2,3,2,2,1,3,0,1,0,4,1,1,3,4,2,3,3,0,1,0,1,3,3,1,1,1,2,3,0,1,1,1,1,2,0,3,0,0,4,3,2,2,3,0,3,3,0,0,1,3,2,2,1,1,3,3,3,2,4,4,4,3,1,4,0,0,4,0,3,0,3,0,1,4,4,1,3,2,4,4,3,4,1,2,2,3,3,1,0,0,3,2,1,1,3,4,4,1,3,3,2,3,2,0,4,3,0,0,1,0,1,2,1,3,2,2,3,4,2,3,2,2,1,3,0,1,0,4,1,1,3,4,2,3,3,0,1,0,1,3,3,1,1,1,2,3,0,1,1,1,1,2,0,3,0,0,4,3,2,2,3,0,3,3,0,0,1,3,2,2,1,1,3,3,3,4,4,4,3,1,4,0,0,4,0,3,0,2,3,0,1,2,4,4,1,3,2,4,3,4,3,4,1,2,2,3,3,1,0,0,3,2,2,1,1,3,4,4,1,3,0,3,2,3,2,0,4,3,0,0,0,1,2,0,1,3,2,1,3,2,2,3,4,2,2,3,2,2,1,3,0,1,0,4,1,1,1,3,4,2,3,3,0,1,0,1,2,3,2,3,1,1,1,2,3,4,0,2,1,1,3,1,1,2,0,3,0,0,4,3,2,2,3,3,0,3,3,0,0,1,3,2,2,1,1,3,3,3,3,2,4,4,4,3,1,4,0,0,4,1,4,0,3,1,0,3,0,3,1,3,0,1,4,4,1,3,2,4,3,4,3,4,1,2,2,3,3,1,0,0,3,2,1,1,3,4,4,1,3,3,2,3,2,0,4,3,0,0,1,0,1,2,1,3,2,2,3,4,2,3,2,2,1,3,0,1,0,4,1,1,3,4,2,3,3,0,1,0,1,3,3,1,1,1,2,3,0,1,1,1,1,2,0,3,0,0,4,3,2,2,3,0,3,3,0,0,1,3,2,2,1,1,3,3,3,4,4,4,3,1,4,0,0,4,4,0,3,0
WDHRBG-17-0093-1_S1,1,1,1,4,1,1,1,2,2,3,3,1,4,1,2,2,3,3,1,1,2,3,1,1,1,1,3,4,4,1,3,3,1,1,0,2,3,2,1,2,3,2,3,1,2,1,3,2,2,3,4,2,2,3,2,2,1,3,2,1,4,1,0,3,1,4,1,1,2,1,1,1,1,3,1,3,1,1,1,3,1,1,1,1,1,2,2,3,1,2,2,2,2,2,3,3,1,2,1,1,1,0,2,2,1,3,3,4,0,2,4,4,3,0,1,4,4,4,4,2,3,3,1,1,1,4,1,1,1,2,2,3,1,4,1,2,2,3,3,1,1,2,3,1,1,1,3,4,4,1,3,3,1,1,0,2,3,2,1,2,3,3,1,2,1,3,2,2,3,4,2,3,2,2,1,3,2,1,4,1,0,3,1,4,1,1,2,1,1,1,1,3,1,3,1,1,1,3,1,1,1,1,1,2,2,3,1,2,2,2,2,2,3,3,1,2,1,1,1,0,2,2,1,3,3,4,0,4,4,3,0,1,4,4,4,4,2,3,3,0,1,1,1,1,4,1,1,1,2,2,3,3,1,4,1,2,2,3,3,1,1,2,3,1,1,1,1,3,4,4,1,3,1,3,1,1,0,2,3,2,1,2,0,3,2,3,1,3,2,1,3,2,2,3,4,2,2,3,2,2,1,3,2,1,4,1,4,0,3,1,4,1,1,2,1,1,1,1,0,3,2,1,3,1,1,1,3,0,1,2,1,1,0,1,1,2,2,3,1,2,2,2,2,2,3,0,3,1,2,1,1,1,0,2,2,1,3,3,4,0,3,2,4,4,3,0,1,4,4,4,4,0,0,1,0,1,2,3,3,0,0,1,1,1,4,1,1,1,2,2,3,3,1,4,1,2,2,3,3,1,1,2,3,1,1,1,3,4,4,1,3,3,1,1,0,2,3,2,1,2,3,3,1,2,1,3,2,2,3,4,2,3,2,2,1,3,2,1,4,1,0,3,1,4,1,1,2,1,1,1,1,3,1,3,1,1,1,3,1,1,1,1,1,2,2,3,1,2,2,2,2,2,3,3,1,2,1,1,1,0,2,2,1,3,3,4,0,4,4,3,0,1,4,4,4,4,0,2,3,3
WDHRBG-17-0256-1_S17,3,0,1,4,4,1,1,2,4,3,4,1,4,1,2,2,3,3,1,1,2,3,2,2,1,1,0,4,4,1,3,3,1,3,0,2,4,3,1,1,1,2,0,1,2,1,3,2,2,3,4,2,2,3,2,2,1,3,2,1,1,4,0,1,3,4,2,3,3,2,1,1,1,3,3,1,1,1,2,0,2,1,1,1,1,2,2,3,3,3,4,3,2,2,3,3,3,0,1,2,1,3,2,2,0,1,3,3,3,2,3,4,4,3,1,4,0,4,4,0,3,0,3,0,1,4,4,1,1,2,4,4,1,4,1,2,2,3,3,1,1,2,3,2,1,1,0,4,4,1,3,3,1,3,0,2,4,3,1,1,1,0,1,2,1,3,2,2,3,4,2,3,2,2,1,3,2,1,1,4,0,1,3,4,2,3,3,2,1,1,1,3,3,1,1,1,2,0,2,1,1,1,1,2,2,3,3,3,4,3,2,2,3,3,3,0,1,2,1,3,2,2,0,1,3,3,3,3,4,4,3,1,4,0,4,4,0,3,0,3,3,0,1,1,4,4,1,1,2,4,3,4,1,4,1,2,2,3,3,1,1,2,3,2,2,1,1,0,4,4,1,3,4,3,1,3,0,2,4,3,1,1,3,1,2,0,1,3,2,1,3,2,2,3,4,2,2,3,2,2,1,3,2,1,1,4,0,0,1,3,4,2,3,3,2,1,1,1,2,3,3,3,1,1,1,2,0,3,2,2,1,1,3,1,1,2,2,3,3,3,4,3,2,2,3,3,3,3,0,1,2,1,3,2,2,0,1,3,3,3,3,2,3,4,4,3,1,4,0,4,4,1,4,1,3,0,0,3,0,3,0,3,0,1,4,4,1,1,2,4,3,4,1,4,1,2,2,3,3,1,1,2,3,2,1,1,0,4,4,1,3,3,1,3,0,2,4,3,1,1,1,0,1,2,1,3,2,2,3,4,2,3,2,2,1,3,2,1,1,4,0,1,3,4,2,3,3,2,1,1,1,3,3,1,1,1,2,0,2,1,1,1,1,2,2,3,3,3,4,3,2,2,3,3,3,0,1,2,1,3,2,2,0,1,3,3,3,3,4,4,3,1,4,0,4,4,4,0,3,0
WDHRBG-17-121-1_S46,3,2,1,4,1,1,1,2,2,3,3,1,4,1,0,2,3,3,1,1,2,3,1,2,1,2,3,4,4,1,3,3,1,1,0,2,3,2,1,2,1,0,3,1,2,1,3,2,2,3,4,2,2,3,2,2,1,3,2,1,4,0,1,1,1,1,2,1,3,1,1,3,1,3,1,1,1,1,2,3,1,1,1,0,1,0,2,3,1,3,2,3,4,2,3,3,1,2,1,2,1,3,2,2,1,3,3,3,3,0,3,2,4,3,2,0,1,0,1,2,3,3,3,2,1,4,1,1,1,2,2,3,1,4,1,0,2,3,3,1,1,2,3,1,1,2,3,4,4,1,3,3,1,1,0,2,3,2,1,2,1,3,1,2,1,3,2,2,3,4,2,3,2,2,1,3,2,1,4,0,1,1,1,1,2,1,3,1,1,3,1,3,1,1,1,1,2,3,1,1,1,0,1,0,2,3,1,3,2,3,4,2,3,3,1,2,1,2,1,3,2,2,1,3,3,3,3,3,2,4,3,2,0,1,0,1,2,3,3,3,3,2,1,2,4,1,1,1,2,2,3,3,1,4,1,0,2,3,3,1,1,2,3,1,2,1,2,3,4,4,1,3,1,3,1,1,0,2,3,2,1,2,3,1,0,3,1,3,2,1,3,2,2,3,4,2,2,3,2,2,1,3,2,1,4,0,1,1,1,1,1,2,1,3,1,1,3,1,0,3,2,1,1,1,1,2,3,0,1,2,1,1,0,0,1,0,2,3,1,3,2,3,4,2,3,3,3,1,2,1,2,1,3,2,2,1,3,3,3,3,0,0,3,2,4,3,2,0,1,0,1,1,4,1,3,1,2,3,3,3,1,3,2,1,4,1,1,1,2,2,3,3,1,4,1,0,2,3,3,1,1,2,3,1,1,2,3,4,4,1,3,3,1,1,0,2,3,2,1,2,1,3,1,2,1,3,2,2,3,4,2,3,2,2,1,3,2,1,4,0,1,1,1,1,2,1,3,1,1,3,1,3,1,1,1,1,2,3,1,1,1,0,1,0,2,3,1,3,2,3,4,2,3,3,1,2,1,2,1,3,2,2,1,3,3,3,3,3,2,4,3,2,0,1,0,1,4,2,3,3
WDHRBG-17-122-1_S48,3,1,1,4,1,1,1,2,3,3,4,1,4,1,2,2,3,3,1,0,0,3,2,2,1,1,3,4,4,1,3,3,1,3,0,2,3,3,3,1,3,2,3,1,2,1,3,2,2,3,4,2,2,3,2,2,1,3,0,1,1,4,0,0,0,4,2,2,3,2,1,1,1,3,3,1,1,1,0,0,2,1,1,1,4,0,2,3,3,3,4,3,2,2,3,3,3,3,0,2,1,3,3,0,0,1,3,3,3,2,3,2,4,3,1,4,1,4,4,0,3,3,3,1,1,4,1,1,1,2,3,4,1,4,1,2,2,3,3,1,0,0,3,2,1,1,3,4,4,1,3,3,1,3,0,2,3,3,3,1,3,3,1,2,1,3,2,2,3,4,2,3,2,2,1,3,0,1,1,4,0,0,0,4,2,2,3,2,1,1,1,3,3,1,1,1,0,0,2,1,1,1,4,0,2,3,3,3,4,3,2,2,3,3,3,3,0,2,1,3,3,0,0,1,3,3,3,3,2,4,3,1,4,1,4,4,0,3,3,3,3,1,1,1,4,1,1,1,2,3,3,4,1,4,1,2,2,3,3,1,0,0,3,2,2,1,1,3,4,4,1,3,4,3,1,3,0,2,3,3,3,1,3,3,2,3,1,3,2,1,3,2,2,3,4,2,2,3,2,2,1,3,0,1,1,4,1,0,0,0,4,2,2,3,2,1,1,1,2,3,2,3,1,1,1,0,0,3,2,2,1,1,3,1,4,0,2,3,3,3,4,3,2,2,3,3,3,3,3,0,2,1,3,3,0,0,1,3,3,3,3,2,3,2,4,3,1,4,1,4,4,1,4,1,3,0,0,3,3,3,0,3,1,1,4,1,1,1,2,3,3,4,1,4,1,2,2,3,3,1,0,0,3,2,1,1,3,4,4,1,3,3,1,3,0,2,3,3,3,1,3,3,1,2,1,3,2,2,3,4,2,3,2,2,1,3,0,1,1,4,0,0,0,4,2,2,3,2,1,1,1,3,3,1,1,1,0,0,2,1,1,1,4,0,2,3,3,3,4,3,2,2,3,3,3,3,0,2,1,3,3,0,0,1,3,3,3,3,2,4,3,1,4,1,4,4,4,0,3,3
wdhRBL-17-0370-1_S232,0,0,0,0,0,0,0,0,0,0,0,0,0,0,0,0,0,0,0,0,0,0,0,0,0,0,0,0,0,0,0,0,0,0,0,0,0,0,0,2,1,2,3,1,0,0,0,0,0,0,0,0,0,0,0,0,0,0,2,1,0,0,1,3,3,4,0,2,0,0,0,0,0,0,0,0,0,0,0,0,0,0,1,1,0,0,0,3,0,0,0,0,0,0,0,0,0,0,0,0,0,0,0,0,0,1,3,4,3,2,3,4,4,3,1,4,4,4,4,2,3,3,0,0,0,0,0,0,0,0,0,0,0,0,0,0,0,0,0,0,0,0,0,0,0,0,0,0,0,0,0,0,0,0,0,0,0,0,0,2,1,3,1,0,0,0,0,0,0,0,0,0,0,0,0,0,2,1,0,0,1,3,3,4,0,2,0,0,0,0,0,0,0,0,0,0,0,0,0,0,1,1,0,0,0,3,0,0,0,0,0,0,0,0,0,0,0,0,0,0,0,0,0,1,3,4,3,3,4,4,3,1,4,4,4,4,2,3,3,3,0,0,0,0,0,0,0,0,0,0,0,0,0,0,0,0,0,0,0,0,0,0,0,0,0,0,0,0,0,0,0,0,0,0,0,0,0,0,0,0,0,2,3,1,2,3,1,0,0,0,0,0,0,0,0,0,0,0,0,0,0,0,2,1,0,0,0,1,3,3,4,0,2,0,0,0,0,0,2,0,0,0,0,0,0,0,0,3,0,0,0,1,3,1,0,0,0,3,0,0,0,0,0,0,0,3,0,0,0,0,0,0,0,0,0,0,1,3,4,3,3,2,3,4,4,3,1,4,4,4,4,1,4,1,3,1,2,3,3,3,1,0,0,0,0,0,0,0,0,0,0,0,0,0,0,0,0,0,0,0,0,0,0,0,0,0,0,0,0,0,0,0,0,0,0,0,0,0,0,2,1,3,1,0,0,0,0,0,0,0,0,0,0,0,0,0,2,1,0,0,1,3,3,4,0,2,0,0,0,0,0,0,0,0,0,0,0,0,0,0,1,1,0,0,0,3,0,0,0,0,0,0,0,0,0,0,0,0,0,0,0,0,0,1,3,4,3,3,4,4,3,1,4,4,4,4,4,2,3,3
wNRZ-32446_S79,3,1,1,4,4,1,3,2,4,3,4,3,4,1,2,2,3,3,1,1,2,3,2,2,1,1,3,4,4,1,3,3,2,3,2,2,4,3,1,1,1,2,3,1,2,1,4,2,2,3,4,2,2,3,2,2,1,3,2,1,0,0,1,0,3,4,2,3,3,2,1,1,1,3,3,0,1,1,2,3,2,1,1,1,1,2,2,3,3,3,0,3,2,2,3,3,3,3,2,2,1,3,2,2,1,1,3,0,3,2,4,4,4,3,1,4,0,0,4,0,3,0,3,1,1,4,4,1,3,2,4,4,3,4,1,2,2,3,3,1,1,2,3,2,1,1,3,4,4,1,3,3,2,3,2,2,4,3,1,1,1,3,1,2,1,4,2,2,3,4,2,3,2,2,1,3,2,1,0,0,1,0,3,4,2,3,3,2,1,1,1,3,3,0,1,1,2,3,2,1,1,1,1,2,2,3,3,3,0,3,2,2,3,3,3,3,2,2,1,3,2,2,1,1,3,0,3,4,4,4,3,1,4,0,0,4,0,3,0,2,3,1,1,2,4,4,1,3,2,4,3,4,3,4,1,2,2,3,3,1,1,2,3,2,2,1,1,3,4,4,1,3,4,3,2,3,2,2,4,3,1,1,3,1,2,3,1,3,2,1,4,2,2,3,4,2,2,3,2,2,1,3,2,1,0,0,1,1,0,3,4,2,3,3,2,1,1,1,2,3,2,3,0,1,1,2,3,4,2,2,1,1,3,1,1,2,2,3,3,3,0,3,2,2,3,3,3,3,3,2,2,1,3,2,2,1,1,3,0,3,3,2,4,4,4,3,1,4,0,0,4,1,4,0,3,1,0,3,0,3,1,3,1,1,4,4,1,3,2,4,3,4,3,4,1,2,2,3,3,1,1,2,3,2,1,1,3,4,4,1,3,3,2,3,2,2,4,3,1,1,1,3,1,2,1,4,2,2,3,4,2,3,2,2,1,3,2,1,0,0,1,0,3,4,2,3,3,2,1,1,1,3,3,0,1,1,2,3,2,1,1,1,1,2,2,3,3,3,0,3,2,2,3,3,3,3,2,2,1,3,2,2,1,1,3,0,3,4,4,4,3,1,4,0,0,4,4,0,3,0
wNRZ-33910_S81,0,1,0,0,1,0,0,4,4,3,0,1,0,1,0,2,3,3,1,1,2,3,2,0,1,1,3,4,4,0,0,0,0,3,0,2,0,3,0,1,1,2,0,1,0,1,3,2,2,3,4,2,0,3,2,2,1,0,2,1,1,0,1,3,0,0,2,0,0,2,0,0,1,3,3,0,0,0,2,3,2,1,1,1,0,2,0,3,3,3,0,3,0,2,3,0,3,0,1,2,0,3,0,2,0,1,3,4,3,2,3,4,4,3,1,0,0,4,4,2,3,3,0,1,0,0,1,0,0,4,4,0,1,0,1,0,2,3,3,1,1,2,3,2,1,1,3,4,4,0,0,0,0,3,0,2,0,3,0,1,1,0,1,0,1,3,2,2,3,4,2,3,2,2,1,0,2,1,1,0,1,3,0,0,2,0,0,2,0,0,1,3,3,0,0,0,2,3,2,1,1,1,0,2,0,3,3,3,0,3,0,2,3,0,3,0,1,2,0,3,0,2,0,1,3,4,3,3,4,4,3,1,0,0,4,4,2,3,3,0,0,1,0,2,0,1,0,0,4,4,3,0,1,0,1,0,2,3,3,1,1,2,3,2,0,1,1,3,4,4,0,0,4,0,0,3,0,2,0,3,0,1,3,1,2,0,1,3,0,1,3,2,2,3,4,2,0,3,2,2,1,0,2,1,1,0,0,1,3,0,0,2,0,0,2,0,0,1,2,3,2,3,0,0,0,2,3,3,2,2,1,1,3,1,0,2,0,3,3,3,0,3,0,2,3,3,0,3,0,1,2,0,3,0,2,0,1,3,4,3,3,2,3,4,4,3,1,0,0,4,4,1,4,1,3,1,2,3,3,3,1,0,1,0,0,1,0,0,4,4,3,0,1,0,1,0,2,3,3,1,1,2,3,2,1,1,3,4,4,0,0,0,0,3,0,2,0,3,0,1,1,0,1,0,1,3,2,2,3,4,2,3,2,2,1,0,2,1,1,0,1,3,0,0,2,0,0,2,0,0,1,3,3,0,0,0,2,3,2,1,1,1,0,2,0,3,3,3,0,3,0,2,3,0,3,0,1,2,0,3,0,2,0,1,3,4,3,3,4,4,3,1,0,0,4,4,4,2,3,3
wRBF-17-0146-1_S35,1,1,1,4,1,1,1,2,2,3,3,1,4,1,2,2,3,3,1,1,2,3,1,1,1,1,3,4,4,1,3,3,1,1,1,2,3,2,1,2,3,2,3,1,2,1,3,2,2,3,4,2,2,3,2,2,1,3,2,1,4,1,1,3,1,4,1,1,2,1,1,1,1,3,1,3,1,1,1,3,1,1,1,1,1,2,2,3,1,2,2,2,2,2,3,3,1,2,1,1,1,3,2,2,1,3,3,4,0,2,4,4,3,0,1,4,4,4,4,2,3,3,1,1,1,4,1,1,1,2,2,3,1,4,1,2,2,3,3,1,1,2,3,1,1,1,3,4,4,1,3,3,1,1,1,2,3,2,1,2,3,3,1,2,1,3,2,2,3,4,2,3,2,2,1,3,2,1,4,1,1,3,1,4,1,1,2,1,1,1,1,3,1,3,1,1,1,3,1,1,1,1,1,2,2,3,1,2,2,2,2,2,3,3,1,2,1,1,1,3,2,2,1,3,3,4,0,4,4,3,0,1,4,4,4,4,2,3,3,0,1,1,1,1,4,1,1,1,2,2,3,3,1,4,1,2,2,3,3,1,1,2,3,1,1,1,1,3,4,4,1,3,1,3,1,1,1,2,3,2,1,2,0,3,2,3,1,3,2,1,3,2,2,3,4,2,2,3,2,2,1,3,2,1,4,1,4,1,3,1,4,1,1,2,1,1,1,1,0,3,2,1,3,1,1,1,3,0,1,2,1,1,0,1,1,2,2,3,1,2,2,2,2,2,3,0,3,1,2,1,1,1,3,2,2,1,3,3,4,0,3,2,4,4,3,0,1,4,4,4,4,0,0,1,0,1,2,3,3,0,0,1,1,1,4,1,1,1,2,2,3,3,1,4,1,2,2,3,3,1,1,2,3,1,1,1,3,4,4,1,3,3,1,1,1,2,3,2,1,2,3,3,1,2,1,3,2,2,3,4,2,3,2,2,1,3,2,1,4,1,1,3,1,4,1,1,2,1,1,1,1,3,1,3,1,1,1,3,1,1,1,1,1,2,2,3,1,2,2,2,2,2,3,3,1,2,1,1,1,3,2,2,1,3,3,4,0,4,4,3,0,1,4,4,4,4,0,2,3,3
wRBG-16-024-1_S152,0,0,0,0,0,0,0,0,0,0,0,0,0,0,0,0,0,0,0,0,0,0,0,0,0,0,0,0,0,0,0,0,0,0,0,0,0,0,0,2,1,2,3,1,0,0,0,0,0,0,0,0,0,0,0,0,0,0,2,1,0,0,0,3,0,0,0,0,0,0,0,0,0,0,0,0,0,0,0,0,0,0,1,1,0,0,0,3,0,0,0,0,0,0,0,0,0,0,0,0,0,0,0,0,0,1,3,4,3,2,3,4,4,3,1,4,4,4,4,2,3,3,0,0,0,0,0,0,0,0,0,0,0,0,0,0,0,0,0,0,0,0,0,0,0,0,0,0,0,0,0,0,0,0,0,0,0,0,0,2,1,3,1,0,0,0,0,0,0,0,0,0,0,0,0,0,2,1,0,0,0,3,0,0,0,0,0,0,0,0,0,0,0,0,0,0,0,0,0,0,1,1,0,0,0,3,0,0,0,0,0,0,0,0,0,0,0,0,0,0,0,0,0,1,3,4,3,3,4,4,3,1,4,4,4,4,2,3,3,3,0,0,0,0,0,0,0,0,0,0,0,0,0,0,0,0,0,0,0,0,0,0,0,0,0,0,0,0,0,0,0,0,0,0,0,0,0,0,0,0,0,2,3,1,2,3,1,0,0,0,0,0,0,0,0,0,0,0,0,0,0,0,2,1,0,0,0,0,3,0,0,0,0,0,0,0,0,0,2,0,2,0,0,0,0,0,0,3,0,0,0,1,3,1,0,0,0,3,0,0,0,0,0,0,0,3,0,0,0,0,0,0,0,0,0,0,1,3,4,3,3,2,3,4,4,3,1,4,4,4,4,1,4,1,3,1,2,3,3,3,1,0,0,0,0,0,0,0,0,0,0,0,0,0,0,0,0,0,0,0,0,0,0,0,0,0,0,0,0,0,0,0,0,0,0,0,0,0,0,2,1,3,1,0,0,0,0,0,0,0,0,0,0,0,0,0,2,1,0,0,0,3,0,0,0,0,0,0,0,0,0,0,0,0,0,0,0,0,0,0,1,1,0,0,0,3,0,0,0,0,0,0,0,0,0,0,0,0,0,0,0,0,0,1,3,4,3,3,4,4,3,1,4,4,4,4,4,2,3,3
wRBG-16-026-1_S163,3,4,2,4,4,1,1,4,3,3,4,1,4,1,2,2,3,3,4,1,2,4,2,2,1,2,3,4,4,1,3,4,2,3,2,4,4,3,3,1,1,2,0,0,2,1,3,2,2,3,4,2,2,3,2,2,2,3,0,0,1,4,2,3,3,1,2,3,3,1,3,3,4,3,3,1,4,3,2,3,2,3,0,1,4,2,2,0,3,3,4,3,4,2,3,3,3,3,1,2,1,3,3,4,1,1,3,3,3,2,3,2,4,3,2,4,1,4,1,0,1,3,3,4,2,4,4,1,1,4,3,4,1,4,1,2,2,3,3,4,1,2,4,2,1,2,3,4,4,1,3,4,2,3,2,4,4,3,3,1,1,0,0,2,1,3,2,2,3,4,2,3,2,2,2,3,0,0,1,4,2,3,3,1,2,3,3,1,3,3,4,3,3,1,4,3,2,3,2,3,0,1,4,2,2,0,3,3,4,3,4,2,3,3,3,3,1,2,1,3,3,4,1,1,3,3,3,3,2,4,3,2,4,1,4,1,0,1,3,3,3,4,2,2,4,4,1,1,4,3,3,4,1,4,1,2,2,3,3,4,1,2,4,2,2,1,2,3,4,4,1,3,4,4,2,3,2,4,4,3,3,1,3,1,2,0,0,3,2,1,3,2,2,3,4,2,2,3,2,2,2,3,0,0,1,4,1,2,3,3,1,2,3,3,1,3,3,4,2,3,2,3,1,4,3,2,3,4,2,2,3,0,3,1,4,2,2,0,3,3,4,3,4,2,3,3,3,3,3,1,2,1,3,3,4,1,1,3,3,3,3,2,3,2,4,3,2,4,1,4,1,1,4,0,3,0,0,1,3,3,1,3,4,2,4,4,1,1,4,3,3,4,1,4,1,2,2,3,3,4,1,2,4,2,1,2,3,4,4,1,3,4,2,3,2,4,4,3,3,1,1,0,0,2,1,3,2,2,3,4,2,3,2,2,2,3,0,0,1,4,2,3,3,1,2,3,3,1,3,3,4,3,3,1,4,3,2,3,2,3,0,1,4,2,2,0,3,3,4,3,4,2,3,3,3,3,1,2,1,3,3,4,1,1,3,3,3,3,2,4,3,2,4,1,4,1,4,0,1,3
wRBG-16-027-1_S174,3,4,2,4,1,1,1,2,3,3,4,1,4,1,2,2,3,3,1,1,2,3,1,2,1,2,3,4,4,1,3,4,1,3,2,2,3,3,3,1,1,2,3,1,2,1,3,2,2,3,4,2,2,3,2,2,1,3,0,0,1,4,1,1,1,1,2,1,3,1,3,3,1,3,1,1,4,1,2,3,2,3,0,1,4,2,2,0,1,3,4,3,4,2,3,3,3,2,1,2,1,3,2,4,1,0,0,4,3,2,3,4,4,3,1,4,1,4,1,2,1,0,3,4,2,4,1,1,1,2,3,4,1,4,1,2,2,3,3,1,1,2,3,1,1,2,3,4,4,1,3,4,1,3,2,2,3,3,3,1,1,3,1,2,1,3,2,2,3,4,2,3,2,2,1,3,0,0,1,4,1,1,1,1,2,1,3,1,3,3,1,3,1,1,4,1,2,3,2,3,0,1,4,2,2,0,1,3,4,3,4,2,3,3,3,2,1,2,1,3,2,4,1,0,0,4,3,3,4,4,3,1,4,1,4,1,2,1,0,3,3,4,2,2,4,1,1,1,2,3,3,4,1,4,1,2,2,3,3,1,1,2,3,1,2,1,2,3,4,4,1,3,4,4,1,3,2,2,3,3,3,1,3,1,2,3,1,3,2,1,3,2,2,3,4,2,2,3,2,2,1,3,0,0,1,4,1,1,1,1,1,2,1,3,1,3,3,1,2,3,2,1,1,4,1,2,3,3,2,2,3,0,3,1,4,2,2,0,1,3,4,3,4,2,3,3,3,3,2,1,2,1,3,2,4,1,0,0,4,3,3,2,3,4,4,3,1,4,1,4,1,1,4,0,3,1,2,1,0,3,1,3,4,2,4,1,1,1,2,3,3,4,1,4,1,2,2,3,3,1,1,2,3,1,1,2,3,4,4,1,3,4,1,3,2,2,3,3,3,1,1,3,1,2,1,3,2,2,3,4,2,3,2,2,1,3,0,0,1,4,1,1,1,1,2,1,3,1,3,3,1,3,1,1,4,1,2,3,2,3,0,1,4,2,2,0,1,3,4,3,4,2,3,3,3,2,1,2,1,3,2,4,1,0,0,4,3,3,4,4,3,1,4,1,4,1,4,2,1,0
wRBG-16-032-1_S142,3,4,2,4,4,1,1,4,3,3,4,1,4,1,2,2,3,3,4,1,2,4,2,2,1,2,3,4,4,1,3,4,2,3,2,4,4,3,3,1,1,2,0,0,2,1,3,2,2,3,4,2,2,3,2,2,2,3,0,0,1,4,2,3,3,1,2,3,3,1,3,3,4,3,3,1,4,3,2,3,2,3,0,1,4,2,2,0,3,3,4,3,4,2,3,3,3,3,1,2,1,3,3,4,1,1,3,3,3,2,3,2,4,3,2,4,1,4,1,0,1,3,3,4,2,4,4,1,1,4,3,4,1,4,1,2,2,3,3,4,1,2,4,2,1,2,3,4,4,1,3,4,2,3,2,4,4,3,3,1,1,0,0,2,1,3,2,2,3,4,2,3,2,2,2,3,0,0,1,4,2,3,3,1,2,3,3,1,3,3,4,3,3,1,4,3,2,3,2,3,0,1,4,2,2,0,3,3,4,3,4,2,3,3,3,3,1,2,1,3,3,4,1,1,3,3,3,3,2,4,3,2,4,1,4,1,0,1,3,3,3,4,2,2,4,4,1,1,4,3,3,4,1,4,1,2,2,3,3,4,1,2,4,2,2,1,2,3,4,4,1,3,4,4,2,3,2,4,4,3,3,1,3,1,2,0,0,3,2,1,3,2,2,3,4,2,2,3,2,2,2,3,0,0,1,4,1,2,3,3,1,2,3,3,1,3,3,4,2,3,2,3,1,4,3,2,3,4,2,2,3,0,3,1,4,2,2,0,3,3,4,3,4,2,3,3,3,3,3,1,2,1,3,3,4,1,1,3,3,3,3,2,3,2,4,3,2,4,1,4,1,1,4,0,3,0,0,1,3,3,1,3,4,2,4,4,1,1,4,3,3,4,1,4,1,2,2,3,3,4,1,2,4,2,1,2,3,4,4,1,3,4,2,3,2,4,4,3,3,1,1,0,0,2,1,3,2,2,3,4,2,3,2,2,2,3,0,0,1,4,2,3,3,1,2,3,3,1,3,3,4,3,3,1,4,3,2,3,2,3,0,1,4,2,2,0,3,3,4,3,4,2,3,3,3,3,1,2,1,3,3,4,1,1,3,3,3,3,2,4,3,2,4,1,4,1,4,0,1,3
wRBG-16-033-1_S153,1,4,1,4,1,1,1,2,2,3,3,1,4,1,2,2,3,3,1,1,2,3,1,1,1,1,3,4,4,1,3,3,1,1,1,2,3,2,1,2,1,0,3,0,2,1,3,2,2,3,4,2,2,3,2,2,1,3,2,1,4,1,1,3,1,4,1,1,3,1,1,1,1,3,1,3,1,1,2,3,1,1,1,1,1,2,2,3,3,3,2,2,2,2,3,3,1,2,1,2,1,3,2,2,1,3,3,3,3,0,3,2,4,3,2,4,1,4,4,2,1,3,1,4,1,4,1,1,1,2,2,3,1,4,1,2,2,3,3,1,1,2,3,1,1,1,3,4,4,1,3,3,1,1,1,2,3,2,1,2,1,3,0,2,1,3,2,2,3,4,2,3,2,2,1,3,2,1,4,1,1,3,1,4,1,1,3,1,1,1,1,3,1,3,1,1,2,3,1,1,1,1,1,2,2,3,3,3,2,2,2,2,3,3,1,2,1,2,1,3,2,2,1,3,3,3,3,3,2,4,3,2,4,1,4,4,2,1,3,3,1,4,1,1,4,1,1,1,2,2,3,3,1,4,1,2,2,3,3,1,1,2,3,1,1,1,1,3,4,4,1,3,1,3,1,1,1,2,3,2,1,2,3,1,0,3,0,3,2,1,3,2,2,3,4,2,2,3,2,2,1,3,2,1,4,1,4,1,3,1,4,1,1,3,1,1,1,1,0,3,2,1,3,1,1,2,3,0,1,2,1,1,0,1,1,2,2,3,3,3,2,2,2,2,3,0,3,1,2,1,2,1,3,2,2,1,3,3,3,3,0,0,3,2,4,3,2,4,1,4,4,1,4,1,3,1,2,1,3,3,1,1,4,1,4,1,1,1,2,2,3,3,1,4,1,2,2,3,3,1,1,2,3,1,1,1,3,4,4,1,3,3,1,1,1,2,3,2,1,2,1,3,0,2,1,3,2,2,3,4,2,3,2,2,1,3,2,1,4,1,1,3,1,4,1,1,3,1,1,1,1,3,1,3,1,1,2,3,1,1,1,1,1,2,2,3,3,3,2,2,2,2,3,3,1,2,1,2,1,3,2,2,1,3,3,3,3,3,2,4,3,2,4,1,4,4,4,2,1,3
wRBG-16-034-1_S164,0,0,0,0,0,0,0,0,0,0,0,1,4,0,0,0,0,0,0,0,0,0,0,0,0,0,0,0,0,0,0,0,0,0,0,0,0,0,0,1,1,2,3,1,2,0,3,2,2,3,4,2,2,3,2,2,0,3,2,1,0,0,0,0,0,0,0,0,0,0,0,0,0,0,0,0,0,0,0,0,0,0,1,1,0,0,0,3,0,0,0,0,0,0,0,0,0,0,0,0,0,0,0,0,0,1,3,4,3,2,3,4,4,3,1,4,1,4,4,2,3,3,0,0,0,0,0,0,0,0,0,0,1,4,0,0,0,0,0,0,0,0,0,0,0,0,0,0,0,0,0,0,0,0,0,0,0,0,0,1,1,3,1,2,0,3,2,2,3,4,2,3,2,2,0,3,2,1,0,0,0,0,0,0,0,0,0,0,0,0,0,0,0,0,0,0,0,0,0,0,1,1,0,0,0,3,0,0,0,0,0,0,0,0,0,0,0,0,0,0,0,0,0,1,3,4,3,3,4,4,3,1,4,1,4,4,2,3,3,3,0,0,0,0,0,0,0,0,0,0,0,0,1,4,0,0,0,0,0,0,0,0,0,0,0,0,0,0,0,0,0,0,0,0,0,0,0,0,0,0,0,1,3,1,2,3,1,3,2,0,3,2,2,3,4,2,2,3,2,2,0,3,2,1,0,0,0,0,0,0,0,0,0,0,0,0,0,0,2,0,0,0,0,0,0,0,0,3,0,0,0,1,3,1,0,0,0,3,0,0,0,0,0,0,0,3,0,0,0,0,0,0,0,0,0,0,1,3,4,3,3,2,3,4,4,3,1,4,1,4,4,1,4,1,3,1,2,3,3,3,1,0,0,0,0,0,0,0,0,0,0,0,1,4,0,0,0,0,0,0,0,0,0,0,0,0,0,0,0,0,0,0,0,0,0,0,0,0,0,1,1,3,1,2,0,3,2,2,3,4,2,3,2,2,0,3,2,1,0,0,0,0,0,0,0,0,0,0,0,0,0,0,0,0,0,0,0,0,0,0,1,1,0,0,0,3,0,0,0,0,0,0,0,0,0,0,0,0,0,0,0,0,0,1,3,4,3,3,4,4,3,1,4,1,4,4,4,2,3,3
wRBG-17-014-1_S167,3,1,1,4,1,1,1,2,4,3,4,1,4,1,2,2,3,3,1,1,2,3,1,2,1,1,3,4,4,1,3,3,0,3,2,2,3,3,1,1,1,2,3,1,0,0,0,0,0,0,0,0,0,0,0,0,0,0,2,1,1,4,0,3,1,4,2,2,3,2,0,1,1,3,0,1,1,1,2,3,2,1,1,1,4,2,1,3,3,3,4,3,2,2,3,3,3,3,1,2,1,3,2,2,1,0,3,3,3,0,4,4,4,3,1,4,0,4,4,2,3,3,3,1,1,4,1,1,1,2,4,4,1,4,1,2,2,3,3,1,1,2,3,1,1,1,3,4,4,1,3,3,0,3,2,2,3,3,1,1,1,3,1,0,0,0,0,0,0,0,0,0,0,0,0,0,2,1,1,4,0,3,1,4,2,2,3,2,0,1,1,3,0,1,1,1,2,3,2,1,1,1,4,2,1,3,3,3,4,3,2,2,3,3,3,3,1,2,1,3,2,2,1,0,3,3,3,4,4,4,3,1,4,0,4,4,2,3,3,3,3,1,1,0,4,1,1,1,2,4,3,4,1,4,1,2,2,3,3,1,1,2,3,1,2,1,1,3,4,4,1,3,0,3,0,3,2,2,3,3,1,1,3,1,2,3,1,0,0,0,0,0,0,0,0,0,0,0,0,0,0,0,2,1,1,4,1,0,3,1,4,2,2,3,2,0,1,1,2,3,2,0,1,1,1,2,3,3,2,2,1,1,3,1,4,2,1,3,3,3,4,3,2,2,3,3,3,3,3,1,2,1,3,2,2,1,0,3,3,3,0,0,4,4,4,3,1,4,0,4,4,1,4,1,3,1,2,3,3,3,1,3,1,1,4,1,1,1,2,4,3,4,1,4,1,2,2,3,3,1,1,2,3,1,1,1,3,4,4,1,3,3,0,3,2,2,3,3,1,1,1,3,1,0,0,0,0,0,0,0,0,0,0,0,0,0,2,1,1,4,0,3,1,4,2,2,3,2,0,1,1,3,0,1,1,1,2,3,2,1,1,1,4,2,1,3,3,3,4,3,2,2,3,3,3,3,1,2,1,3,2,2,1,0,3,3,3,4,4,4,3,1,4,0,4,4,4,2,3,3
wRBG-17-021-1_S166,3,4,2,4,4,1,1,4,3,3,4,1,4,1,2,2,3,3,4,1,2,4,2,2,1,2,3,4,4,1,3,4,2,3,2,4,4,3,3,1,1,2,0,0,2,1,3,2,2,3,4,2,2,3,2,2,2,3,0,0,1,4,2,3,3,1,2,3,3,1,3,3,4,3,3,1,4,3,2,3,2,3,0,1,4,2,2,0,3,3,4,3,4,2,3,3,3,3,1,2,1,3,3,4,1,1,3,3,3,2,3,2,4,3,2,4,1,4,1,0,1,3,3,4,2,4,4,1,1,4,3,4,1,4,1,2,2,3,3,4,1,2,4,2,1,2,3,4,4,1,3,4,2,3,2,4,4,3,3,1,1,0,0,2,1,3,2,2,3,4,2,3,2,2,2,3,0,0,1,4,2,3,3,1,2,3,3,1,3,3,4,3,3,1,4,3,2,3,2,3,0,1,4,2,2,0,3,3,4,3,4,2,3,3,3,3,1,2,1,3,3,4,1,1,3,3,3,3,2,4,3,2,4,1,4,1,0,1,3,3,3,4,2,2,4,4,1,1,4,3,3,4,1,4,1,2,2,3,3,4,1,2,4,2,2,1,2,3,4,4,1,3,4,4,2,3,2,4,4,3,3,1,3,1,2,0,0,3,2,1,3,2,2,3,4,2,2,3,2,2,2,3,0,0,1,4,1,2,3,3,1,2,3,3,1,3,3,4,2,3,2,3,1,4,3,2,3,4,2,2,3,0,3,1,4,2,2,0,3,3,4,3,4,2,3,3,3,3,3,1,2,1,3,3,4,1,1,3,3,3,3,2,3,2,4,3,2,4,1,4,1,1,4,0,3,0,0,1,3,3,1,3,4,2,4,4,1,1,4,3,3,4,1,4,1,2,2,3,3,4,1,2,4,2,1,2,3,4,4,1,3,4,2,3,2,4,4,3,3,1,1,0,0,2,1,3,2,2,3,4,2,3,2,2,2,3,0,0,1,4,2,3,3,1,2,3,3,1,3,3,4,3,3,1,4,3,2,3,2,3,0,1,4,2,2,0,3,3,4,3,4,2,3,3,3,3,1,2,1,3,3,4,1,1,3,3,3,3,2,4,3,2,4,1,4,1,4,0,1,3
wRBG-17-022-1_S43,0,0,0,0,0,0,0,0,0,0,0,0,0,0,0,0,0,0,0,0,0,0,0,0,0,0,0,0,0,0,0,0,0,0,0,0,0,0,0,2,1,2,3,1,0,0,0,0,0,0,0,0,0,0,0,0,0,0,2,1,1,0,0,1,0,4,2,3,3,2,1,0,1,0,3,1,0,0,0,0,0,0,1,1,0,0,0,3,0,0,0,0,0,0,0,0,0,0,0,0,0,0,0,2,0,0,3,3,3,2,3,4,4,3,1,4,1,4,4,2,3,3,0,0,0,0,0,0,0,0,0,0,0,0,0,0,0,0,0,0,0,0,0,0,0,0,0,0,0,0,0,0,0,0,0,0,0,0,0,2,1,3,1,0,0,0,0,0,0,0,0,0,0,0,0,0,2,1,1,0,0,1,0,4,2,3,3,2,1,0,1,0,3,1,0,0,0,0,0,0,1,1,0,0,0,3,0,0,0,0,0,0,0,0,0,0,0,0,0,0,0,2,0,0,3,3,3,3,4,4,3,1,4,1,4,4,2,3,3,3,0,0,0,0,0,0,0,0,0,0,0,0,0,0,0,0,0,0,0,0,0,0,0,0,0,0,0,0,0,0,0,0,0,0,0,0,0,0,0,0,0,2,3,1,2,3,1,0,0,0,0,0,0,0,0,0,0,0,0,0,0,0,2,1,1,0,0,0,1,0,4,2,3,3,2,1,0,1,2,0,0,3,1,0,0,0,0,3,0,0,0,1,3,1,0,0,0,3,0,0,0,0,0,0,0,3,0,0,0,0,0,0,0,0,2,0,0,3,3,3,3,2,3,4,4,3,1,4,1,4,4,1,4,1,3,1,2,3,3,3,1,0,0,0,0,0,0,0,0,0,0,0,0,0,0,0,0,0,0,0,0,0,0,0,0,0,0,0,0,0,0,0,0,0,0,0,0,0,0,2,1,3,1,0,0,0,0,0,0,0,0,0,0,0,0,0,2,1,1,0,0,1,0,4,2,3,3,2,1,0,1,0,3,1,0,0,0,0,0,0,1,1,0,0,0,3,0,0,0,0,0,0,0,0,0,0,0,0,0,0,0,2,0,0,3,3,3,3,4,4,3,1,4,1,4,4,4,2,3,3
wRBG-17-023-1_S155,3,1,1,4,4,1,1,2,4,0,4,1,4,1,2,2,3,3,1,1,2,3,2,2,1,1,3,4,4,1,3,3,1,3,2,2,3,3,3,2,1,2,3,1,2,1,3,2,2,3,4,2,2,3,2,2,1,3,2,1,0,4,1,1,3,4,2,3,2,2,3,1,1,3,3,1,1,1,2,3,2,3,1,1,4,2,2,3,3,2,4,3,2,2,3,3,3,2,1,2,1,3,3,2,0,1,0,3,3,2,3,4,4,3,1,4,1,4,2,0,3,3,3,1,1,4,4,1,1,2,4,4,1,4,1,2,2,3,3,1,1,2,3,2,1,1,3,4,4,1,3,3,1,3,2,2,3,3,3,2,1,3,1,2,1,3,2,2,3,4,2,3,2,2,1,3,2,1,0,4,1,1,3,4,2,3,2,2,3,1,1,3,3,1,1,1,2,3,2,3,1,1,4,2,2,3,3,2,4,3,2,2,3,3,3,2,1,2,1,3,3,2,0,1,0,3,3,3,4,4,3,1,4,1,4,2,0,3,3,3,3,1,1,2,4,4,1,1,2,4,0,4,1,4,1,2,2,3,3,1,1,2,3,2,2,1,1,3,4,4,1,3,4,3,1,3,2,2,3,3,3,2,3,1,2,3,1,3,2,1,3,2,2,3,4,2,2,3,2,2,1,3,2,1,0,4,1,1,1,3,4,2,3,2,2,3,1,1,2,3,2,3,1,1,1,2,3,3,2,2,3,1,3,1,4,2,2,3,3,2,4,3,2,2,3,3,3,3,2,1,2,1,3,3,2,0,1,0,3,3,3,2,3,4,4,3,1,4,1,4,2,1,4,1,3,0,0,3,3,3,1,3,1,1,4,4,1,1,2,4,0,4,1,4,1,2,2,3,3,1,1,2,3,2,1,1,3,4,4,1,3,3,1,3,2,2,3,3,3,2,1,3,1,2,1,3,2,2,3,4,2,3,2,2,1,3,2,1,0,4,1,1,3,4,2,3,2,2,3,1,1,3,3,1,1,1,2,3,2,3,1,1,4,2,2,3,3,2,4,3,2,2,3,3,3,2,1,2,1,3,3,2,0,1,0,3,3,3,4,4,3,1,4,1,4,2,4,0,3,3
wRBG-17-025-1_S133,3,4,2,4,4,1,1,4,3,3,4,1,4,1,2,2,3,3,4,1,2,4,2,2,1,2,3,4,4,1,3,4,2,3,2,4,4,3,3,1,1,2,0,1,2,1,3,2,2,3,4,2,2,3,2,2,1,3,2,0,1,4,2,3,3,1,2,3,3,1,3,3,4,3,3,1,4,3,2,3,2,3,0,1,4,2,2,0,3,3,4,3,4,2,3,3,3,3,1,2,1,3,3,4,1,1,3,3,3,2,3,2,4,3,2,4,1,4,1,0,1,3,3,4,2,4,4,1,1,4,3,4,1,4,1,2,2,3,3,4,1,2,4,2,1,2,3,4,4,1,3,4,2,3,2,4,4,3,3,1,1,0,1,2,1,3,2,2,3,4,2,3,2,2,1,3,2,0,1,4,2,3,3,1,2,3,3,1,3,3,4,3,3,1,4,3,2,3,2,3,0,1,4,2,2,0,3,3,4,3,4,2,3,3,3,3,1,2,1,3,3,4,1,1,3,3,3,3,2,4,3,2,4,1,4,1,0,1,3,3,3,4,2,2,4,4,1,1,4,3,3,4,1,4,1,2,2,3,3,4,1,2,4,2,2,1,2,3,4,4,1,3,4,4,2,3,2,4,4,3,3,1,3,1,2,0,1,3,2,1,3,2,2,3,4,2,2,3,2,2,1,3,2,0,1,4,1,2,3,3,1,2,3,3,1,3,3,4,2,3,2,3,1,4,3,2,3,4,2,2,3,0,3,1,4,2,2,0,3,3,4,3,4,2,3,3,3,3,3,1,2,1,3,3,4,1,1,3,3,3,3,2,3,2,4,3,2,4,1,4,1,1,4,0,3,0,0,1,3,3,1,3,4,2,4,4,1,1,4,3,3,4,1,4,1,2,2,3,3,4,1,2,4,2,1,2,3,4,4,1,3,4,2,3,2,4,4,3,3,1,1,0,1,2,1,3,2,2,3,4,2,3,2,2,1,3,2,0,1,4,2,3,3,1,2,3,3,1,3,3,4,3,3,1,4,3,2,3,2,3,0,1,4,2,2,0,3,3,4,3,4,2,3,3,3,3,1,2,1,3,3,4,1,1,3,3,3,3,2,4,3,2,4,1,4,1,4,0,1,3
wRBG-17-028-1_S100,1,4,2,4,1,1,1,2,2,3,3,1,4,1,0,2,3,3,1,1,2,3,1,2,1,1,3,4,4,1,3,3,1,1,1,2,3,2,1,2,1,0,3,1,2,1,3,2,2,3,4,2,2,3,2,2,1,3,2,1,4,4,1,0,1,4,2,1,3,1,1,1,1,3,1,1,1,1,2,3,1,1,1,0,1,2,2,3,1,3,2,3,4,2,3,3,1,2,1,2,1,3,2,2,1,3,3,3,3,0,3,2,4,3,0,0,1,0,1,2,3,3,1,4,2,4,1,1,1,2,2,3,1,4,1,0,2,3,3,1,1,2,3,1,1,1,3,4,4,1,3,3,1,1,1,2,3,2,1,2,1,3,1,2,1,3,2,2,3,4,2,3,2,2,1,3,2,1,4,4,1,0,1,4,2,1,3,1,1,1,1,3,1,1,1,1,2,3,1,1,1,0,1,2,2,3,1,3,2,3,4,2,3,3,1,2,1,2,1,3,2,2,1,3,3,3,3,3,2,4,3,0,0,1,0,1,2,3,3,3,1,4,2,1,4,1,1,1,2,2,3,3,1,4,1,0,2,3,3,1,1,2,3,1,2,1,1,3,4,4,1,3,4,3,1,1,1,2,3,2,1,2,3,1,0,3,1,3,2,1,3,2,2,3,4,2,2,3,2,2,1,3,2,1,4,4,1,1,0,1,4,2,1,3,1,1,1,1,0,3,2,1,1,1,1,2,3,0,1,2,1,1,3,0,1,2,2,3,1,3,2,3,4,2,3,3,3,1,2,1,2,1,3,2,2,1,3,3,3,3,0,0,3,2,4,3,0,0,1,0,1,1,4,1,3,1,2,3,3,3,1,1,4,2,4,1,1,1,2,2,3,3,1,4,1,0,2,3,3,1,1,2,3,1,1,1,3,4,4,1,3,3,1,1,1,2,3,2,1,2,1,3,1,2,1,3,2,2,3,4,2,3,2,2,1,3,2,1,4,4,1,0,1,4,2,1,3,1,1,1,1,3,1,1,1,1,2,3,1,1,1,0,1,2,2,3,1,3,2,3,4,2,3,3,1,2,1,2,1,3,2,2,1,3,3,3,3,3,2,4,3,0,0,1,0,1,4,2,3,3
wRBG-17-030-1_S165,0,1,1,0,0,1,1,2,0,3,0,1,4,1,0,2,3,3,1,1,2,3,1,2,1,1,0,4,4,1,3,3,1,3,2,2,3,3,1,2,1,2,3,1,2,1,0,0,2,3,4,2,2,3,2,2,1,3,2,1,1,0,1,3,3,4,2,2,3,1,1,1,1,3,3,1,1,1,2,3,2,1,1,0,4,2,1,3,3,3,4,3,2,2,3,3,3,3,1,2,1,3,2,2,1,1,3,4,3,2,4,4,4,3,1,0,0,4,4,2,3,3,0,1,1,0,0,1,1,2,0,0,1,4,1,0,2,3,3,1,1,2,3,1,1,1,0,4,4,1,3,3,1,3,2,2,3,3,1,2,1,3,1,2,1,0,0,2,3,4,2,3,2,2,1,3,2,1,1,0,1,3,3,4,2,2,3,1,1,1,1,3,3,1,1,1,2,3,2,1,1,0,4,2,1,3,3,3,4,3,2,2,3,3,3,3,1,2,1,3,2,2,1,1,3,4,3,4,4,4,3,1,0,0,4,4,2,3,3,3,0,1,1,0,0,0,1,1,2,0,3,0,1,4,1,0,2,3,3,1,1,2,3,1,2,1,1,0,4,4,1,3,0,3,1,3,2,2,3,3,1,2,3,1,2,3,1,3,2,1,0,0,2,3,4,2,2,3,2,2,1,3,2,1,1,0,1,1,3,3,4,2,2,3,1,1,1,1,2,3,0,3,1,1,1,2,3,3,2,2,1,1,3,0,4,2,1,3,3,3,4,3,2,2,3,3,3,3,3,1,2,1,3,2,2,1,1,3,4,3,3,2,4,4,4,3,1,0,0,4,4,1,4,1,3,1,2,3,3,3,1,0,1,1,0,0,1,1,2,0,3,0,1,4,1,0,2,3,3,1,1,2,3,1,1,1,0,4,4,1,3,3,1,3,2,2,3,3,1,2,1,3,1,2,1,0,0,2,3,4,2,3,2,2,1,3,2,1,1,0,1,3,3,4,2,2,3,1,1,1,1,3,3,1,1,1,2,3,2,1,1,0,4,2,1,3,3,3,4,3,2,2,3,3,3,3,1,2,1,3,2,2,1,1,3,4,3,4,4,4,3,1,0,0,4,4,4,2,3,3
wRBG-17-031-1_S154,1,4,2,4,1,1,1,2,2,3,3,1,4,1,0,2,3,3,1,1,2,3,1,2,1,1,3,4,4,1,3,3,1,1,1,2,3,2,1,2,1,0,3,1,2,1,3,2,2,3,4,2,2,3,2,2,1,3,2,1,4,4,1,1,1,4,2,1,3,1,1,1,1,3,1,1,1,1,2,3,1,1,1,0,1,2,2,3,1,3,2,3,4,2,3,3,1,2,1,2,1,3,2,2,1,3,3,3,3,0,3,2,4,3,0,0,1,0,1,2,3,3,1,4,2,4,1,1,1,2,2,3,1,4,1,0,2,3,3,1,1,2,3,1,1,1,3,4,4,1,3,3,1,1,1,2,3,2,1,2,1,3,1,2,1,3,2,2,3,4,2,3,2,2,1,3,2,1,4,4,1,1,1,4,2,1,3,1,1,1,1,3,1,1,1,1,2,3,1,1,1,0,1,2,2,3,1,3,2,3,4,2,3,3,1,2,1,2,1,3,2,2,1,3,3,3,3,3,2,4,3,0,0,1,0,1,2,3,3,3,1,4,2,1,4,1,1,1,2,2,3,3,1,4,1,0,2,3,3,1,1,2,3,1,2,1,1,3,4,4,1,3,4,3,1,1,1,2,3,2,1,2,3,1,0,3,1,3,2,1,3,2,2,3,4,2,2,3,2,2,1,3,2,1,4,4,1,1,1,1,4,2,1,3,1,1,1,1,0,3,2,1,1,1,1,2,3,0,1,2,1,1,3,0,1,2,2,3,1,3,2,3,4,2,3,3,3,1,2,1,2,1,3,2,2,1,3,3,3,3,0,0,3,2,4,3,0,0,1,0,1,1,4,1,3,1,2,3,3,3,1,1,4,2,4,1,1,1,2,2,3,3,1,4,1,0,2,3,3,1,1,2,3,1,1,1,3,4,4,1,3,3,1,1,1,2,3,2,1,2,1,3,1,2,1,3,2,2,3,4,2,3,2,2,1,3,2,1,4,4,1,1,1,4,2,1,3,1,1,1,1,3,1,1,1,1,2,3,1,1,1,0,1,2,2,3,1,3,2,3,4,2,3,3,1,2,1,2,1,3,2,2,1,3,3,3,3,3,2,4,3,0,0,1,0,1,4,2,3,3
wRBG-17-034-1_S121,3,1,1,4,1,1,1,2,4,3,4,1,4,1,2,2,3,3,1,1,2,3,1,2,1,1,3,4,4,1,3,3,0,3,2,2,3,3,1,1,1,2,3,1,0,0,0,0,0,0,0,0,0,0,0,0,0,0,2,1,1,4,0,3,1,4,2,2,3,2,0,1,1,3,0,1,1,1,2,3,2,1,1,1,4,2,1,3,3,3,4,3,2,2,3,3,3,3,1,2,1,3,2,2,1,0,3,3,3,0,4,4,4,3,1,4,0,4,4,2,3,3,3,1,1,4,1,1,1,2,4,4,1,4,1,2,2,3,3,1,1,2,3,1,1,1,3,4,4,1,3,3,0,3,2,2,3,3,1,1,1,3,1,0,0,0,0,0,0,0,0,0,0,0,0,0,2,1,1,4,0,3,1,4,2,2,3,2,0,1,1,3,0,1,1,1,2,3,2,1,1,1,4,2,1,3,3,3,4,3,2,2,3,3,3,3,1,2,1,3,2,2,1,0,3,3,3,4,4,4,3,1,4,0,4,4,2,3,3,3,3,1,1,0,4,1,1,1,2,4,3,4,1,4,1,2,2,3,3,1,1,2,3,1,2,1,1,3,4,4,1,3,0,3,0,3,2,2,3,3,1,1,3,1,2,3,1,0,0,0,0,0,0,0,0,0,0,0,0,0,0,0,2,1,1,4,1,0,3,1,4,2,2,3,2,0,1,1,2,3,2,0,1,1,1,2,3,3,2,2,1,1,3,1,4,2,1,3,3,3,4,3,2,2,3,3,3,3,3,1,2,1,3,2,2,1,0,3,3,3,0,0,4,4,4,3,1,4,0,4,4,1,4,1,3,1,2,3,3,3,1,3,1,1,4,1,1,1,2,4,3,4,1,4,1,2,2,3,3,1,1,2,3,1,1,1,3,4,4,1,3,3,0,3,2,2,3,3,1,1,1,3,1,0,0,0,0,0,0,0,0,0,0,0,0,0,2,1,1,4,0,3,1,4,2,2,3,2,0,1,1,3,0,1,1,1,2,3,2,1,1,1,4,2,1,3,3,3,4,3,2,2,3,3,3,3,1,2,1,3,2,2,1,0,3,3,3,4,4,4,3,1,4,0,4,4,4,2,3,3
wRBG-17-047-1_S153,3,1,2,4,1,1,1,2,2,3,3,1,4,1,4,2,3,3,4,1,2,3,2,2,1,2,3,4,4,1,3,3,1,1,2,4,3,3,1,1,1,0,3,1,2,1,3,2,2,3,4,2,2,3,2,2,1,3,0,1,1,4,2,0,3,1,2,3,3,2,3,3,1,3,3,1,4,3,2,3,1,1,1,0,4,2,2,0,3,3,4,3,4,2,3,3,3,2,1,2,1,3,3,2,1,1,0,3,3,0,3,2,4,3,2,0,1,0,1,2,1,0,3,1,2,4,1,1,1,2,2,3,1,4,1,4,2,3,3,4,1,2,3,2,1,2,3,4,4,1,3,3,1,1,2,4,3,3,1,1,1,3,1,2,1,3,2,2,3,4,2,3,2,2,1,3,0,1,1,4,2,0,3,1,2,3,3,2,3,3,1,3,3,1,4,3,2,3,1,1,1,0,4,2,2,0,3,3,4,3,4,2,3,3,3,2,1,2,1,3,3,2,1,1,0,3,3,3,2,4,3,2,0,1,0,1,2,1,0,3,3,1,2,2,4,1,1,1,2,2,3,3,1,4,1,4,2,3,3,4,1,2,3,2,2,1,2,3,4,4,1,3,4,3,1,1,2,4,3,3,1,1,3,1,0,3,1,3,2,1,3,2,2,3,4,2,2,3,2,2,1,3,0,1,1,4,1,2,0,3,1,2,3,3,2,3,3,1,2,3,2,3,1,4,3,2,3,3,1,2,1,1,3,0,4,2,2,0,3,3,4,3,4,2,3,3,3,3,2,1,2,1,3,3,2,1,1,0,3,3,0,0,3,2,4,3,2,0,1,0,1,1,4,1,3,1,2,1,0,3,1,3,1,2,4,1,1,1,2,2,3,3,1,4,1,4,2,3,3,4,1,2,3,2,1,2,3,4,4,1,3,3,1,1,2,4,3,3,1,1,1,3,1,2,1,3,2,2,3,4,2,3,2,2,1,3,0,1,1,4,2,0,3,1,2,3,3,2,3,3,1,3,3,1,4,3,2,3,1,1,1,0,4,2,2,0,3,3,4,3,4,2,3,3,3,2,1,2,1,3,3,2,1,1,0,3,3,3,2,4,3,2,0,1,0,1,4,2,1,0
wRBG-17-049-1_S142,3,1,1,4,1,1,1,2,4,3,0,1,4,1,2,2,3,3,1,1,2,3,1,0,1,1,3,4,4,1,3,0,1,3,2,2,3,3,1,2,1,2,3,1,2,1,3,2,2,3,4,2,2,3,2,2,1,3,2,1,1,0,1,3,1,4,2,2,3,0,0,1,1,3,3,1,1,1,2,3,2,1,1,1,4,2,1,3,3,3,4,3,2,2,3,3,3,3,1,2,1,3,2,2,1,1,3,4,3,0,4,4,3,3,1,4,0,4,4,2,3,3,3,1,1,4,1,1,1,2,4,0,1,4,1,2,2,3,3,1,1,2,3,1,1,1,3,4,4,1,3,0,1,3,2,2,3,3,1,2,1,3,1,2,1,3,2,2,3,4,2,3,2,2,1,3,2,1,1,0,1,3,1,4,2,2,3,0,0,1,1,3,3,1,1,1,2,3,2,1,1,1,4,2,1,3,3,3,4,3,2,2,3,3,3,3,1,2,1,3,2,2,1,1,3,4,3,4,4,3,3,1,4,0,4,4,2,3,3,3,3,1,1,1,4,1,1,1,2,4,3,0,1,4,1,2,2,3,3,1,1,2,3,1,0,1,1,3,4,4,1,3,4,0,1,3,2,2,3,3,1,2,3,1,2,3,1,3,2,1,3,2,2,3,4,2,2,3,2,2,1,3,2,1,1,0,1,1,3,1,4,2,2,3,0,0,1,1,2,3,2,3,1,1,1,2,3,3,2,0,1,1,3,1,4,2,1,3,3,3,4,3,2,2,3,3,3,3,3,1,2,1,3,2,2,1,1,3,4,3,0,0,4,4,3,3,1,4,0,4,4,1,4,1,3,1,2,3,3,3,1,3,1,1,4,1,1,1,2,4,3,0,1,4,1,2,2,3,3,1,1,2,3,1,1,1,3,4,4,1,3,0,1,3,2,2,3,3,1,2,1,3,1,2,1,3,2,2,3,4,2,3,2,2,1,3,2,1,1,0,1,3,1,4,2,2,3,0,0,1,1,3,3,1,1,1,2,3,2,1,1,1,4,2,1,3,3,3,4,3,2,2,3,3,3,3,1,2,1,3,2,2,1,1,3,4,3,4,4,3,3,1,4,0,4,4,4,2,3,3
wRBG-17-052-1_S120,3,1,1,4,4,1,3,2,4,3,4,3,4,1,2,2,3,3,1,1,2,3,2,2,1,1,3,4,4,1,3,3,2,3,2,2,4,3,1,1,1,2,3,1,2,1,4,2,2,3,4,2,2,3,2,2,1,3,2,1,0,4,1,1,3,4,2,3,3,2,1,1,1,3,3,1,1,1,2,3,2,1,1,1,1,2,2,3,3,3,4,3,2,2,3,3,3,3,2,2,1,3,2,2,1,1,3,3,3,2,4,4,4,3,1,4,0,0,4,0,3,0,3,1,1,4,4,1,3,2,4,4,3,4,1,2,2,3,3,1,1,2,3,2,1,1,3,4,4,1,3,3,2,3,2,2,4,3,1,1,1,3,1,2,1,4,2,2,3,4,2,3,2,2,1,3,2,1,0,4,1,1,3,4,2,3,3,2,1,1,1,3,3,1,1,1,2,3,2,1,1,1,1,2,2,3,3,3,4,3,2,2,3,3,3,3,2,2,1,3,2,2,1,1,3,3,3,4,4,4,3,1,4,0,0,4,0,3,0,2,3,1,1,2,4,4,1,3,2,4,3,4,3,4,1,2,2,3,3,1,1,2,3,2,2,1,1,3,4,4,1,3,4,3,2,3,2,2,4,3,1,1,3,1,2,3,1,3,2,1,4,2,2,3,4,2,2,3,2,2,1,3,2,1,0,4,1,1,1,3,4,2,3,3,2,1,1,1,2,3,2,3,1,1,1,2,3,4,2,2,1,1,3,1,1,2,2,3,3,3,4,3,2,2,3,3,3,3,3,2,2,1,3,2,2,1,1,3,3,3,3,2,4,4,4,3,1,4,0,0,4,1,4,0,3,1,0,3,0,3,1,3,1,1,4,4,1,3,2,4,3,4,3,4,1,2,2,3,3,1,1,2,3,2,1,1,3,4,4,1,3,3,2,3,2,2,4,3,1,1,1,3,1,2,1,4,2,2,3,4,2,3,2,2,1,3,2,1,0,4,1,1,3,4,2,3,3,2,1,1,1,3,3,1,1,1,2,3,2,1,1,1,1,2,2,3,3,3,4,3,2,2,3,3,3,3,2,2,1,3,2,2,1,1,3,3,3,4,4,4,3,1,4,0,0,4,4,0,3,0
wRBG-17-055-1_S163,1,1,1,4,1,1,1,2,2,3,3,1,4,1,2,2,3,3,1,1,2,3,1,1,1,1,3,4,4,1,3,3,1,1,1,2,3,2,1,2,3,2,3,1,2,1,3,2,2,3,4,2,2,3,2,2,1,3,2,1,4,1,1,3,1,4,1,1,2,1,1,1,1,3,1,3,1,1,1,3,1,1,1,1,1,2,2,3,1,2,2,2,2,2,3,3,1,2,1,1,1,0,2,2,1,3,3,4,0,2,4,4,3,0,1,4,4,4,4,2,3,3,1,1,1,4,1,1,1,2,2,3,1,4,1,2,2,3,3,1,1,2,3,1,1,1,3,4,4,1,3,3,1,1,1,2,3,2,1,2,3,3,1,2,1,3,2,2,3,4,2,3,2,2,1,3,2,1,4,1,1,3,1,4,1,1,2,1,1,1,1,3,1,3,1,1,1,3,1,1,1,1,1,2,2,3,1,2,2,2,2,2,3,3,1,2,1,1,1,0,2,2,1,3,3,4,0,4,4,3,0,1,4,4,4,4,2,3,3,0,1,1,1,1,4,1,1,1,2,2,3,3,1,4,1,2,2,3,3,1,1,2,3,1,1,1,1,3,4,4,1,3,1,3,1,1,1,2,3,2,1,2,0,3,2,3,1,3,2,1,3,2,2,3,4,2,2,3,2,2,1,3,2,1,4,1,4,1,3,1,4,1,1,2,1,1,1,1,0,3,2,1,3,1,1,1,3,0,1,2,1,1,0,1,1,2,2,3,1,2,2,2,2,2,3,0,3,1,2,1,1,1,0,2,2,1,3,3,4,0,3,2,4,4,3,0,1,4,4,4,4,0,0,1,0,1,2,3,3,0,0,1,1,1,4,1,1,1,2,2,3,3,1,4,1,2,2,3,3,1,1,2,3,1,1,1,3,4,4,1,3,3,1,1,1,2,3,2,1,2,3,3,1,2,1,3,2,2,3,4,2,3,2,2,1,3,2,1,4,1,1,3,1,4,1,1,2,1,1,1,1,3,1,3,1,1,1,3,1,1,1,1,1,2,2,3,1,2,2,2,2,2,3,3,1,2,1,1,1,0,2,2,1,3,3,4,0,4,4,3,0,1,4,4,4,4,0,2,3,3
wRBG-17-057-1_S141,0,1,1,4,1,1,1,2,2,3,3,1,4,1,2,2,3,3,1,1,2,3,1,1,1,1,3,4,4,1,3,3,1,1,1,2,3,2,1,2,3,2,3,1,2,1,3,2,2,3,4,2,2,3,2,2,1,3,2,1,4,1,1,3,1,4,1,1,2,1,1,1,1,3,1,3,1,1,1,3,1,1,1,1,1,0,2,3,1,2,2,2,2,2,3,3,1,2,1,1,1,0,2,2,1,3,3,3,3,0,3,2,4,3,2,0,1,0,1,2,3,3,0,1,1,4,1,1,1,2,2,3,1,4,1,2,2,3,3,1,1,2,3,1,1,1,3,4,4,1,3,3,1,1,1,2,3,2,1,2,3,3,1,2,1,3,2,2,3,4,2,3,2,2,1,3,2,1,4,1,1,3,1,4,1,1,2,1,1,1,1,3,1,3,1,1,1,3,1,1,1,1,1,0,2,3,1,2,2,2,2,2,3,3,1,2,1,1,1,0,2,2,1,3,3,3,3,3,2,4,3,2,0,1,0,1,2,3,3,0,0,1,1,1,4,1,1,1,2,2,3,3,1,4,1,2,2,3,3,1,1,2,3,1,1,1,1,3,4,4,1,3,1,3,1,1,1,2,3,2,1,2,0,3,2,3,1,3,2,1,3,2,2,3,4,2,2,3,2,2,1,3,2,1,4,1,4,1,3,1,4,1,1,2,1,1,1,1,0,3,2,1,3,1,1,1,3,0,1,2,1,1,0,1,1,0,2,3,1,2,2,2,2,2,3,0,3,1,2,1,1,1,0,2,2,1,3,3,3,3,0,0,3,2,4,3,2,0,1,0,1,1,4,1,0,1,2,3,3,0,0,0,1,1,4,1,1,1,2,2,3,3,1,4,1,2,2,3,3,1,1,2,3,1,1,1,3,4,4,1,3,3,1,1,1,2,3,2,1,2,3,3,1,2,1,3,2,2,3,4,2,3,2,2,1,3,2,1,4,1,1,3,1,4,1,1,2,1,1,1,1,3,1,3,1,1,1,3,1,1,1,1,1,0,2,3,1,2,2,2,2,2,3,3,1,2,1,1,1,0,2,2,1,3,3,3,3,3,2,4,3,2,0,1,0,1,4,2,3,3
wRBG-17-058-1_S130,3,4,2,4,4,1,1,4,3,3,4,1,4,1,2,2,3,3,4,1,2,4,2,2,1,2,3,4,4,1,3,4,2,3,2,4,4,3,3,1,1,2,0,0,2,1,3,2,2,3,4,2,2,3,2,2,2,3,0,0,1,4,2,3,3,1,2,3,3,1,3,3,4,3,3,1,4,3,2,3,2,3,0,1,4,2,2,0,3,3,4,3,4,2,3,3,3,3,1,2,1,3,3,4,1,1,3,3,3,2,3,2,4,3,2,4,1,4,1,0,1,3,3,4,2,4,4,1,1,4,3,4,1,4,1,2,2,3,3,4,1,2,4,2,1,2,3,4,4,1,3,4,2,3,2,4,4,3,3,1,1,0,0,2,1,3,2,2,3,4,2,3,2,2,2,3,0,0,1,4,2,3,3,1,2,3,3,1,3,3,4,3,3,1,4,3,2,3,2,3,0,1,4,2,2,0,3,3,4,3,4,2,3,3,3,3,1,2,1,3,3,4,1,1,3,3,3,3,2,4,3,2,4,1,4,1,0,1,3,3,3,4,2,2,4,4,1,1,4,3,3,4,1,4,1,2,2,3,3,4,1,2,4,2,2,1,2,3,4,4,1,3,4,4,2,3,2,4,4,3,3,1,3,1,2,0,0,3,2,1,3,2,2,3,4,2,2,3,2,2,2,3,0,0,1,4,1,2,3,3,1,2,3,3,1,3,3,4,2,3,2,3,1,4,3,2,3,4,2,2,3,0,3,1,4,2,2,0,3,3,4,3,4,2,3,3,3,3,3,1,2,1,3,3,4,1,1,3,3,3,3,2,3,2,4,3,2,4,1,4,1,1,4,0,3,0,0,1,3,3,1,3,4,2,4,4,1,1,4,3,3,4,1,4,1,2,2,3,3,4,1,2,4,2,1,2,3,4,4,1,3,4,2,3,2,4,4,3,3,1,1,0,0,2,1,3,2,2,3,4,2,3,2,2,2,3,0,0,1,4,2,3,3,1,2,3,3,1,3,3,4,3,3,1,4,3,2,3,2,3,0,1,4,2,2,0,3,3,4,3,4,2,3,3,3,3,1,2,1,3,3,4,1,1,3,3,3,3,2,4,3,2,4,1,4,1,4,0,1,3
wRBG-17-072-1_S129,3,4,2,4,4,1,1,4,3,3,4,1,4,1,2,2,3,3,4,1,2,4,2,2,1,2,3,4,4,1,3,4,2,3,2,4,4,3,3,1,1,2,0,0,2,1,3,2,2,3,4,2,2,3,2,2,2,3,0,0,1,4,2,3,3,1,2,3,3,1,3,3,4,3,3,1,4,3,2,3,2,3,0,1,4,2,2,0,3,3,4,3,4,2,3,3,3,3,1,2,1,3,3,4,1,1,3,3,3,2,3,2,4,3,2,4,1,4,1,0,1,3,3,4,2,4,4,1,1,4,3,4,1,4,1,2,2,3,3,4,1,2,4,2,1,2,3,4,4,1,3,4,2,3,2,4,4,3,3,1,1,0,0,2,1,3,2,2,3,4,2,3,2,2,2,3,0,0,1,4,2,3,3,1,2,3,3,1,3,3,4,3,3,1,4,3,2,3,2,3,0,1,4,2,2,0,3,3,4,3,4,2,3,3,3,3,1,2,1,3,3,4,1,1,3,3,3,3,2,4,3,2,4,1,4,1,0,1,3,3,3,4,2,2,4,4,1,1,4,3,3,4,1,4,1,2,2,3,3,4,1,2,4,2,2,1,2,3,4,4,1,3,4,4,2,3,2,4,4,3,3,1,3,1,2,0,0,3,2,1,3,2,2,3,4,2,2,3,2,2,2,3,0,0,1,4,1,2,3,3,1,2,3,3,1,3,3,4,2,3,2,3,1,4,3,2,3,4,2,2,3,0,3,1,4,2,2,0,3,3,4,3,4,2,3,3,3,3,3,1,2,1,3,3,4,1,1,3,3,3,3,2,3,2,4,3,2,4,1,4,1,1,4,0,3,0,0,1,3,3,1,3,4,2,4,4,1,1,4,3,3,4,1,4,1,2,2,3,3,4,1,2,4,2,1,2,3,4,4,1,3,4,2,3,2,4,4,3,3,1,1,0,0,2,1,3,2,2,3,4,2,3,2,2,2,3,0,0,1,4,2,3,3,1,2,3,3,1,3,3,4,3,3,1,4,3,2,3,2,3,0,1,4,2,2,0,3,3,4,3,4,2,3,3,3,3,1,2,1,3,3,4,1,1,3,3,3,3,2,4,3,2,4,1,4,1,4,0,1,3
wRBG-17-073-1_S118,3,4,2,4,1,1,1,2,3,3,4,1,4,1,2,2,3,3,1,1,2,3,1,2,1,2,3,4,4,1,3,4,1,3,2,2,3,3,3,1,1,0,3,1,2,1,3,2,2,3,4,2,2,3,2,2,1,3,0,0,1,4,1,1,1,1,2,1,3,1,3,3,1,3,1,1,4,1,2,3,2,3,0,1,4,2,2,0,1,3,4,3,4,2,3,3,3,2,1,2,1,3,2,4,1,0,0,4,3,2,3,4,4,3,1,4,1,4,1,2,1,0,3,4,2,4,1,1,1,2,3,4,1,4,1,2,2,3,3,1,1,2,3,1,1,2,3,4,4,1,3,4,1,3,2,2,3,3,3,1,1,3,1,2,1,3,2,2,3,4,2,3,2,2,1,3,0,0,1,4,1,1,1,1,2,1,3,1,3,3,1,3,1,1,4,1,2,3,2,3,0,1,4,2,2,0,1,3,4,3,4,2,3,3,3,2,1,2,1,3,2,4,1,0,0,4,3,3,4,4,3,1,4,1,4,1,2,1,0,3,3,4,2,2,4,1,1,1,2,3,3,4,1,4,1,2,2,3,3,1,1,2,3,1,2,1,2,3,4,4,1,3,4,4,1,3,2,2,3,3,3,1,3,1,0,3,1,3,2,1,3,2,2,3,4,2,2,3,2,2,1,3,0,0,1,4,1,1,1,1,1,2,1,3,1,3,3,1,2,3,2,1,1,4,1,2,3,3,2,2,3,0,3,1,4,2,2,0,1,3,4,3,4,2,3,3,3,3,2,1,2,1,3,2,4,1,0,0,4,3,3,2,3,4,4,3,1,4,1,4,1,1,4,0,3,1,2,1,0,3,1,3,4,2,4,1,1,1,2,3,3,4,1,4,1,2,2,3,3,1,1,2,3,1,1,2,3,4,4,1,3,4,1,3,2,2,3,3,3,1,1,3,1,2,1,3,2,2,3,4,2,3,2,2,1,3,0,0,1,4,1,1,1,1,2,1,3,1,3,3,1,3,1,1,4,1,2,3,2,3,0,1,4,2,2,0,1,3,4,3,4,2,3,3,3,2,1,2,1,3,2,4,1,0,0,4,3,3,4,4,3,1,4,1,4,1,4,2,1,0
wRBG-17-075-1_S96,3,4,2,4,1,1,1,2,2,3,4,1,4,1,4,2,3,3,1,1,2,3,2,2,1,2,3,4,4,1,3,4,2,3,2,2,3,3,1,1,1,0,3,1,2,1,3,2,2,3,4,2,2,3,2,2,1,3,2,0,1,4,2,0,3,1,2,3,3,2,1,3,1,3,3,1,4,3,2,3,1,1,0,0,4,2,2,0,1,3,4,3,4,2,3,3,3,2,1,2,1,3,2,2,1,1,0,3,3,2,3,4,3,0,1,4,4,4,4,2,1,0,3,4,2,4,1,1,1,2,2,4,1,4,1,4,2,3,3,1,1,2,3,2,1,2,3,4,4,1,3,4,2,3,2,2,3,3,1,1,1,3,1,2,1,3,2,2,3,4,2,3,2,2,1,3,2,0,1,4,2,0,3,1,2,3,3,2,1,3,1,3,3,1,4,3,2,3,1,1,0,0,4,2,2,0,1,3,4,3,4,2,3,3,3,2,1,2,1,3,2,2,1,1,0,3,3,3,4,3,0,1,4,4,4,4,2,1,0,3,3,4,2,2,4,1,1,1,2,2,3,4,1,4,1,4,2,3,3,1,1,2,3,2,2,1,2,3,4,4,1,3,4,4,2,3,2,2,3,3,1,1,3,1,0,3,1,3,2,1,3,2,2,3,4,2,2,3,2,2,1,3,2,0,1,4,1,2,0,3,1,2,3,3,2,1,3,1,2,3,2,3,1,4,3,2,3,3,1,2,1,0,3,0,4,2,2,0,1,3,4,3,4,2,3,3,3,3,2,1,2,1,3,2,2,1,1,0,3,3,3,2,3,4,3,0,1,4,4,4,4,1,4,1,3,0,2,1,0,3,1,3,4,2,4,1,1,1,2,2,3,4,1,4,1,4,2,3,3,1,1,2,3,2,1,2,3,4,4,1,3,4,2,3,2,2,3,3,1,1,1,3,1,2,1,3,2,2,3,4,2,3,2,2,1,3,2,0,1,4,2,0,3,1,2,3,3,2,1,3,1,3,3,1,4,3,2,3,1,1,0,0,4,2,2,0,1,3,4,3,4,2,3,3,3,2,1,2,1,3,2,2,1,1,0,3,3,3,4,3,0,1,4,4,4,4,4,2,1,0
wRBG-17-081-1_S117,3,4,2,4,4,1,1,4,3,3,4,1,4,1,2,2,3,3,4,1,2,4,2,2,1,2,3,4,4,1,3,4,2,3,2,4,4,3,3,1,1,2,0,1,2,1,3,2,2,3,4,2,2,3,2,2,1,3,2,0,1,4,2,3,3,1,2,3,3,1,3,3,4,3,3,1,4,3,2,3,2,3,0,1,4,2,2,0,3,3,4,3,4,2,3,3,3,3,1,2,1,3,3,4,1,1,3,3,3,2,3,2,4,3,2,4,1,4,1,0,1,3,3,4,2,4,4,1,1,4,3,4,1,4,1,2,2,3,3,4,1,2,4,2,1,2,3,4,4,1,3,4,2,3,2,4,4,3,3,1,1,0,1,2,1,3,2,2,3,4,2,3,2,2,1,3,2,0,1,4,2,3,3,1,2,3,3,1,3,3,4,3,3,1,4,3,2,3,2,3,0,1,4,2,2,0,3,3,4,3,4,2,3,3,3,3,1,2,1,3,3,4,1,1,3,3,3,3,2,4,3,2,4,1,4,1,0,1,3,3,3,4,2,2,4,4,1,1,4,3,3,4,1,4,1,2,2,3,3,4,1,2,4,2,2,1,2,3,4,4,1,3,4,4,2,3,2,4,4,3,3,1,3,1,2,0,1,3,2,1,3,2,2,3,4,2,2,3,2,2,1,3,2,0,1,4,1,2,3,3,1,2,3,3,1,3,3,4,2,3,2,3,1,4,3,2,3,4,2,2,3,0,3,1,4,2,2,0,3,3,4,3,4,2,3,3,3,3,3,1,2,1,3,3,4,1,1,3,3,3,3,2,3,2,4,3,2,4,1,4,1,1,4,0,3,0,0,1,3,3,1,3,4,2,4,4,1,1,4,3,3,4,1,4,1,2,2,3,3,4,1,2,4,2,1,2,3,4,4,1,3,4,2,3,2,4,4,3,3,1,1,0,1,2,1,3,2,2,3,4,2,3,2,2,1,3,2,0,1,4,2,3,3,1,2,3,3,1,3,3,4,3,3,1,4,3,2,3,2,3,0,1,4,2,2,0,3,3,4,3,4,2,3,3,3,3,1,2,1,3,3,4,1,1,3,3,3,3,2,4,3,2,4,1,4,1,4,0,1,3
wRBG-17-082-1_S106,3,1,1,4,4,1,3,2,4,3,4,3,4,1,2,2,3,3,1,1,2,3,2,2,1,1,3,4,4,1,3,3,2,3,2,2,4,3,1,1,3,2,3,1,2,1,3,2,2,3,4,2,2,3,2,2,1,3,2,1,0,4,1,1,3,4,2,3,3,2,1,1,1,3,3,1,1,1,2,3,2,1,1,1,1,2,2,3,3,3,4,3,2,2,3,3,3,3,2,2,1,3,2,2,1,1,3,3,3,2,4,4,4,3,1,4,0,0,4,0,3,0,3,1,1,4,4,1,3,2,4,4,3,4,1,2,2,3,3,1,1,2,3,2,1,1,3,4,4,1,3,3,2,3,2,2,4,3,1,1,3,3,1,2,1,3,2,2,3,4,2,3,2,2,1,3,2,1,0,4,1,1,3,4,2,3,3,2,1,1,1,3,3,1,1,1,2,3,2,1,1,1,1,2,2,3,3,3,4,3,2,2,3,3,3,3,2,2,1,3,2,2,1,1,3,3,3,4,4,4,3,1,4,0,0,4,0,3,0,2,3,1,1,2,4,4,1,3,2,4,3,4,3,4,1,2,2,3,3,1,1,2,3,2,2,1,1,3,4,4,1,3,4,3,2,3,2,2,4,3,1,1,3,3,2,3,1,3,2,1,3,2,2,3,4,2,2,3,2,2,1,3,2,1,0,4,1,1,1,3,4,2,3,3,2,1,1,1,2,3,2,3,1,1,1,2,3,4,2,2,1,1,3,1,1,2,2,3,3,3,4,3,2,2,3,3,3,3,3,2,2,1,3,2,2,1,1,3,3,3,3,2,4,4,4,3,1,4,0,0,4,1,4,0,3,1,0,3,0,3,1,3,1,1,4,4,1,3,2,4,3,4,3,4,1,2,2,3,3,1,1,2,3,2,1,1,3,4,4,1,3,3,2,3,2,2,4,3,1,1,3,3,1,2,1,3,2,2,3,4,2,3,2,2,1,3,2,1,0,4,1,1,3,4,2,3,3,2,1,1,1,3,3,1,1,1,2,3,2,1,1,1,1,2,2,3,3,3,4,3,2,2,3,3,3,3,2,2,1,3,2,2,1,1,3,3,3,4,4,4,3,1,4,0,0,4,4,0,3,0
wRBG-17-100-1_S104,0,0,0,0,0,0,0,0,0,0,0,0,0,0,0,0,0,0,0,0,0,0,0,0,0,0,0,0,0,0,0,0,0,0,0,0,0,0,0,2,1,2,3,1,0,0,0,0,0,0,0,0,0,0,0,0,0,0,2,1,0,0,0,0,0,0,0,0,0,0,0,0,0,0,0,0,0,0,0,0,0,0,1,1,0,0,0,3,0,0,0,0,0,0,0,0,0,0,0,0,0,0,0,0,0,1,3,4,3,2,3,4,4,3,1,4,4,4,4,2,3,3,0,0,0,0,0,0,0,0,0,0,0,0,0,0,0,0,0,0,0,0,0,0,0,0,0,0,0,0,0,0,0,0,0,0,0,0,0,2,1,3,1,0,0,0,0,0,0,0,0,0,0,0,0,0,2,1,0,0,0,0,0,0,0,0,0,0,0,0,0,0,0,0,0,0,0,0,0,0,1,1,0,0,0,3,0,0,0,0,0,0,0,0,0,0,0,0,0,0,0,0,0,1,3,4,3,3,4,4,3,1,4,4,4,4,2,3,3,3,0,0,0,0,0,0,0,0,0,0,0,0,0,0,0,0,0,0,0,0,0,0,0,0,0,0,0,0,0,0,0,0,0,0,0,0,0,0,0,0,0,2,3,1,2,3,1,0,0,0,0,0,0,0,0,0,0,0,0,0,0,0,2,1,0,0,0,0,0,0,0,0,0,0,0,0,0,0,2,0,0,0,0,0,0,0,0,3,0,0,0,1,3,1,0,0,0,3,0,0,0,0,0,0,0,3,0,0,0,0,0,0,0,0,0,0,1,3,4,3,3,2,3,4,4,3,1,4,4,4,4,1,4,1,3,1,2,3,3,3,1,0,0,0,0,0,0,0,0,0,0,0,0,0,0,0,0,0,0,0,0,0,0,0,0,0,0,0,0,0,0,0,0,0,0,0,0,0,0,2,1,3,1,0,0,0,0,0,0,0,0,0,0,0,0,0,2,1,0,0,0,0,0,0,0,0,0,0,0,0,0,0,0,0,0,0,0,0,0,0,1,1,0,0,0,3,0,0,0,0,0,0,0,0,0,0,0,0,0,0,0,0,0,1,3,4,3,3,4,4,3,1,4,4,4,4,4,2,3,3
wRBG-17-102-1_S169,0,1,1,4,1,1,1,0,4,3,4,1,4,1,2,2,3,3,1,1,2,3,1,0,1,1,3,4,4,1,3,0,1,0,0,2,3,0,0,2,0,2,3,1,2,1,3,2,2,3,0,0,2,3,2,2,1,3,2,1,1,0,1,3,1,4,2,2,3,0,0,1,1,3,3,1,1,1,2,0,2,1,1,1,4,2,1,0,3,3,0,3,2,2,3,3,3,3,1,2,1,3,2,2,1,0,3,4,3,0,0,4,4,3,1,4,0,4,0,2,0,0,0,1,1,4,1,1,1,0,4,4,1,4,1,2,2,3,3,1,1,2,3,1,1,1,3,4,4,1,3,0,1,0,0,2,3,0,0,2,0,3,1,2,1,3,2,2,3,0,0,3,2,2,1,3,2,1,1,0,1,3,1,4,2,2,3,0,0,1,1,3,3,1,1,1,2,0,2,1,1,1,4,2,1,0,3,3,0,3,2,2,3,3,3,3,1,2,1,3,2,2,1,0,3,4,3,0,4,4,3,1,4,0,4,0,2,0,0,3,0,1,1,1,4,1,1,1,0,4,3,4,1,4,1,2,2,3,3,1,1,2,3,1,0,1,1,3,4,4,1,3,4,0,1,0,0,2,3,0,0,2,3,0,2,3,1,0,2,1,3,2,2,3,0,0,2,3,2,2,1,3,2,1,1,0,1,1,3,1,4,2,2,3,0,0,1,1,0,3,2,3,1,1,1,2,0,3,2,0,1,1,3,1,4,2,1,0,3,3,0,3,2,2,3,3,3,3,3,1,2,1,3,2,2,1,0,3,4,3,0,0,0,4,4,3,1,4,0,4,0,1,4,1,0,0,2,0,0,0,1,0,1,1,4,1,1,1,0,4,3,4,1,4,1,2,2,3,3,1,1,2,3,1,1,1,3,4,4,1,3,0,1,0,0,2,3,0,0,2,0,3,1,2,1,3,2,2,3,0,0,3,2,2,1,3,2,1,1,0,1,3,1,4,2,2,3,0,0,1,1,3,3,1,1,1,2,0,2,1,1,1,4,2,1,0,3,3,0,3,2,2,3,3,3,3,1,2,1,3,2,2,1,0,3,4,3,0,4,4,3,1,4,0,4,0,4,2,0,0
wRBG-17-106-1_S125,1,4,1,4,1,1,1,2,2,3,3,1,4,1,2,2,3,3,1,1,2,3,1,1,1,1,3,4,4,1,3,3,1,1,1,2,3,2,1,2,1,0,3,0,2,1,3,2,2,3,4,2,2,3,2,2,1,3,2,1,4,1,1,3,1,4,1,1,3,1,1,1,1,3,1,3,1,1,2,3,1,1,1,1,1,0,2,3,3,3,2,2,2,2,3,3,1,2,1,2,1,0,2,2,1,3,3,3,3,0,3,2,4,3,2,4,1,4,4,2,1,3,1,4,1,4,1,1,1,2,2,3,1,4,1,2,2,3,3,1,1,2,3,1,1,1,3,4,4,1,3,3,1,1,1,2,3,2,1,2,1,3,0,2,1,3,2,2,3,4,2,3,2,2,1,3,2,1,4,1,1,3,1,4,1,1,3,1,1,1,1,3,1,3,1,1,2,3,1,1,1,1,1,0,2,3,3,3,2,2,2,2,3,3,1,2,1,2,1,0,2,2,1,3,3,3,3,3,2,4,3,2,4,1,4,4,2,1,3,3,1,4,1,1,4,1,1,1,2,2,3,3,1,4,1,2,2,3,3,1,1,2,3,1,1,1,1,3,4,4,1,3,1,3,1,1,1,2,3,2,1,2,3,1,0,3,0,3,2,1,3,2,2,3,4,2,2,3,2,2,1,3,2,1,4,1,4,1,3,1,4,1,1,3,1,1,1,1,0,3,2,1,3,1,1,2,3,0,1,2,1,1,0,1,1,0,2,3,3,3,2,2,2,2,3,0,3,1,2,1,2,1,0,2,2,1,3,3,3,3,0,0,3,2,4,3,2,4,1,4,4,1,4,1,3,1,2,1,3,3,1,1,4,1,4,1,1,1,2,2,3,3,1,4,1,2,2,3,3,1,1,2,3,1,1,1,3,4,4,1,3,3,1,1,1,2,3,2,1,2,1,3,0,2,1,3,2,2,3,4,2,3,2,2,1,3,2,1,4,1,1,3,1,4,1,1,3,1,1,1,1,3,1,3,1,1,2,3,1,1,1,1,1,0,2,3,3,3,2,2,2,2,3,3,1,2,1,2,1,0,2,2,1,3,3,3,3,3,2,4,3,2,4,1,4,4,4,2,1,3
wRBG-17-110-1_S168,3,1,1,4,1,1,1,2,4,3,0,1,4,1,2,2,3,3,1,1,2,3,1,0,1,1,3,4,4,1,3,0,1,3,2,2,3,3,1,2,1,2,3,1,2,1,3,2,2,3,4,2,2,3,2,2,1,3,2,1,1,0,1,3,1,4,2,2,3,0,0,1,1,3,3,1,1,1,2,3,2,1,1,1,4,2,1,3,3,3,4,3,2,2,3,3,3,3,1,2,1,3,2,2,1,1,3,4,3,2,3,4,3,3,1,4,1,4,4,2,3,3,3,1,1,4,1,1,1,2,4,0,1,4,1,2,2,3,3,1,1,2,3,1,1,1,3,4,4,1,3,0,1,3,2,2,3,3,1,2,1,3,1,2,1,3,2,2,3,4,2,3,2,2,1,3,2,1,1,0,1,3,1,4,2,2,3,0,0,1,1,3,3,1,1,1,2,3,2,1,1,1,4,2,1,3,3,3,4,3,2,2,3,3,3,3,1,2,1,3,2,2,1,1,3,4,3,3,4,3,3,1,4,1,4,4,2,3,3,3,3,1,1,1,4,1,1,1,2,4,3,0,1,4,1,2,2,3,3,1,1,2,3,1,0,1,1,3,4,4,1,3,4,0,1,3,2,2,3,3,1,2,3,1,2,3,1,3,2,1,3,2,2,3,4,2,2,3,2,2,1,3,2,1,1,0,1,1,3,1,4,2,2,3,0,0,1,1,2,3,2,3,1,1,1,2,3,3,2,0,1,1,3,1,4,2,1,3,3,3,4,3,2,2,3,3,3,3,3,1,2,1,3,2,2,1,1,3,4,3,3,2,3,4,3,3,1,4,1,4,4,1,4,1,3,1,2,3,3,3,1,3,1,1,4,1,1,1,2,4,3,0,1,4,1,2,2,3,3,1,1,2,3,1,1,1,3,4,4,1,3,0,1,3,2,2,3,3,1,2,1,3,1,2,1,3,2,2,3,4,2,3,2,2,1,3,2,1,1,0,1,3,1,4,2,2,3,0,0,1,1,3,3,1,1,1,2,3,2,1,1,1,4,2,1,3,3,3,4,3,2,2,3,3,3,3,1,2,1,3,2,2,1,1,3,4,3,3,4,3,3,1,4,1,4,4,4,2,3,3
wRBG-17-112-1_S146,3,1,1,4,4,1,3,2,4,0,0,3,4,1,2,2,3,3,1,1,2,3,2,2,1,1,3,4,4,1,3,3,2,3,2,2,4,3,1,1,1,2,0,1,2,1,3,2,2,3,4,2,2,3,2,2,1,3,2,1,0,4,1,1,3,4,2,3,3,2,1,1,1,3,3,1,1,1,2,3,2,1,1,1,1,2,2,3,3,3,4,3,2,2,3,3,3,3,2,2,1,3,2,2,1,1,3,3,3,2,4,4,4,3,1,4,0,0,4,0,3,0,3,1,1,4,4,1,3,2,4,0,3,4,1,2,2,3,3,1,1,2,3,2,1,1,3,4,4,1,3,3,2,3,2,2,4,3,1,1,1,0,1,2,1,3,2,2,3,4,2,3,2,2,1,3,2,1,0,4,1,1,3,4,2,3,3,2,1,1,1,3,3,1,1,1,2,3,2,1,1,1,1,2,2,3,3,3,4,3,2,2,3,3,3,3,2,2,1,3,2,2,1,1,3,3,3,4,4,4,3,1,4,0,0,4,0,3,0,2,3,1,1,2,4,4,1,3,2,4,0,0,3,4,1,2,2,3,3,1,1,2,3,2,2,1,1,3,4,4,1,3,4,3,2,3,2,2,4,3,1,1,3,1,2,0,1,3,2,1,3,2,2,3,4,2,2,3,2,2,1,3,2,1,0,4,1,1,1,3,4,2,3,3,2,1,1,1,2,3,2,3,1,1,1,2,3,4,2,2,1,1,3,1,1,2,2,3,3,3,4,3,2,2,3,3,3,3,3,2,2,1,3,2,2,1,1,3,3,3,3,2,4,4,4,3,1,4,0,0,4,1,4,0,3,1,0,3,0,3,1,3,1,1,4,4,1,3,2,4,0,0,3,4,1,2,2,3,3,1,1,2,3,2,1,1,3,4,4,1,3,3,2,3,2,2,4,3,1,1,1,0,1,2,1,3,2,2,3,4,2,3,2,2,1,3,2,1,0,4,1,1,3,4,2,3,3,2,1,1,1,3,3,1,1,1,2,3,2,1,1,1,1,2,2,3,3,3,4,3,2,2,3,3,3,3,2,2,1,3,2,2,1,1,3,3,3,4,4,4,3,1,4,0,0,4,4,0,3,0
wwRBB-16-112-1_S1,1,1,1,4,1,1,1,2,2,3,3,1,4,1,2,2,3,3,1,1,2,3,1,1,1,1,3,4,4,1,3,3,1,1,0,2,3,2,1,2,3,2,3,1,2,1,3,2,2,3,4,2,2,3,2,2,1,3,2,1,4,1,1,3,1,4,1,1,2,1,1,1,1,3,1,3,1,1,1,3,1,1,1,1,1,0,2,3,1,2,2,2,2,2,3,3,1,2,1,1,1,3,2,2,1,3,3,4,0,2,4,4,3,0,1,4,4,4,4,2,3,3,1,1,1,4,1,1,1,2,2,3,1,4,1,2,2,3,3,1,1,2,3,1,1,1,3,4,4,1,3,3,1,1,0,2,3,2,1,2,3,3,1,2,1,3,2,2,3,4,2,3,2,2,1,3,2,1,4,1,1,3,1,4,1,1,2,1,1,1,1,3,1,3,1,1,1,3,1,1,1,1,1,0,2,3,1,2,2,2,2,2,3,3,1,2,1,1,1,3,2,2,1,3,3,4,0,4,4,3,0,1,4,4,4,4,2,3,3,0,1,1,1,1,4,1,1,1,2,2,3,3,1,4,1,2,2,3,3,1,1,2,3,1,1,1,1,3,4,4,1,3,1,3,1,1,0,2,3,2,1,2,0,3,2,3,1,3,2,1,3,2,2,3,4,2,2,3,2,2,1,3,2,1,4,1,4,1,3,1,4,1,1,2,1,1,1,1,0,3,2,1,3,1,1,1,3,0,1,2,1,1,0,1,1,0,2,3,1,2,2,2,2,2,3,0,3,1,2,1,1,1,3,2,2,1,3,3,4,0,3,2,4,4,3,0,1,4,4,4,4,0,0,1,0,1,2,3,3,0,0,1,1,1,4,1,1,1,2,2,3,3,1,4,1,2,2,3,3,1,1,2,3,1,1,1,3,4,4,1,3,3,1,1,0,2,3,2,1,2,3,3,1,2,1,3,2,2,3,4,2,3,2,2,1,3,2,1,4,1,1,3,1,4,1,1,2,1,1,1,1,3,1,3,1,1,1,3,1,1,1,1,1,0,2,3,1,2,2,2,2,2,3,3,1,2,1,1,1,3,2,2,1,3,3,4,0,4,4,3,0,1,4,4,4,4,0,2,3,3
wwRBB-17-031-1_S25,0,0,0,0,0,0,0,0,0,0,0,0,0,0,0,0,0,0,0,0,0,0,0,0,0,0,0,0,0,0,0,0,0,0,0,0,0,0,0,2,1,2,3,1,0,0,0,0,0,0,0,0,0,0,0,0,0,0,2,1,0,0,1,3,3,4,0,2,0,0,0,0,1,0,0,0,0,0,0,0,0,0,1,1,0,0,0,3,0,0,0,0,0,0,0,0,0,0,0,0,0,0,0,0,0,1,3,4,3,2,3,4,4,3,1,4,4,4,4,2,3,3,0,0,0,0,0,0,0,0,0,0,0,0,0,0,0,0,0,0,0,0,0,0,0,0,0,0,0,0,0,0,0,0,0,0,0,0,0,2,1,3,1,0,0,0,0,0,0,0,0,0,0,0,0,0,2,1,0,0,1,3,3,4,0,2,0,0,0,0,1,0,0,0,0,0,0,0,0,0,1,1,0,0,0,3,0,0,0,0,0,0,0,0,0,0,0,0,0,0,0,0,0,1,3,4,3,3,4,4,3,1,4,4,4,4,2,3,3,3,0,0,0,0,0,0,0,0,0,0,0,0,0,0,0,0,0,0,0,0,0,0,0,0,0,0,0,0,0,0,0,0,0,0,0,0,0,0,0,0,0,2,3,1,2,3,1,0,0,0,0,0,0,0,0,0,0,0,0,0,0,0,2,1,0,0,0,1,3,3,4,0,2,0,0,0,0,1,2,0,0,0,0,0,0,0,0,3,0,0,0,1,3,1,0,0,0,3,0,0,0,0,0,0,0,3,0,0,0,0,0,0,0,0,0,0,1,3,4,3,3,2,3,4,4,3,1,4,4,4,4,1,4,1,3,1,2,3,3,3,1,0,0,0,0,0,0,0,0,0,0,0,0,0,0,0,0,0,0,0,0,0,0,0,0,0,0,0,0,0,0,0,0,0,0,0,0,0,0,2,1,3,1,0,0,0,0,0,0,0,0,0,0,0,0,0,2,1,0,0,1,3,3,4,0,2,0,0,0,0,1,0,0,0,0,0,0,0,0,0,1,1,0,0,0,3,0,0,0,0,0,0,0,0,0,0,0,0,0,0,0,0,0,1,3,4,3,3,4,4,3,1,4,4,4,4,4,2,3,3
wwRBF-16-007-1_S10,1,1,1,4,1,1,1,2,2,3,3,1,4,1,2,2,3,3,1,1,2,3,1,1,1,1,3,4,4,1,3,3,1,1,1,2,3,2,1,2,3,2,3,1,2,1,3,2,2,3,4,2,2,3,2,2,1,3,2,1,4,1,1,3,1,4,1,1,2,1,1,1,1,3,1,3,1,1,1,3,1,1,1,1,1,2,2,3,1,2,2,2,2,2,3,3,1,2,1,1,1,0,2,2,1,3,3,4,0,2,4,4,3,0,1,4,4,4,4,2,3,3,1,1,1,4,1,1,1,2,2,3,1,4,1,2,2,3,3,1,1,2,3,1,1,1,3,4,4,1,3,3,1,1,1,2,3,2,1,2,3,3,1,2,1,3,2,2,3,4,2,3,2,2,1,3,2,1,4,1,1,3,1,4,1,1,2,1,1,1,1,3,1,3,1,1,1,3,1,1,1,1,1,2,2,3,1,2,2,2,2,2,3,3,1,2,1,1,1,0,2,2,1,3,3,4,0,4,4,3,0,1,4,4,4,4,2,3,3,0,1,1,1,1,4,1,1,1,2,2,3,3,1,4,1,2,2,3,3,1,1,2,3,1,1,1,1,3,4,4,1,3,1,3,1,1,1,2,3,2,1,2,0,3,2,3,1,3,2,1,3,2,2,3,4,2,2,3,2,2,1,3,2,1,4,1,4,1,3,1,4,1,1,2,1,1,1,1,0,3,2,1,3,1,1,1,3,0,1,2,1,1,0,1,1,2,2,3,1,2,2,2,2,2,3,0,3,1,2,1,1,1,0,2,2,1,3,3,4,0,3,2,4,4,3,0,1,4,4,4,4,0,0,1,0,1,2,3,3,0,0,1,1,1,4,1,1,1,2,2,3,3,1,4,1,2,2,3,3,1,1,2,3,1,1,1,3,4,4,1,3,3,1,1,1,2,3,2,1,2,3,3,1,2,1,3,2,2,3,4,2,3,2,2,1,3,2,1,4,1,1,3,1,4,1,1,2,1,1,1,1,3,1,3,1,1,1,3,1,1,1,1,1,2,2,3,1,2,2,2,2,2,3,3,1,2,1,1,1,0,2,2,1,3,3,4,0,4,4,3,0,1,4,4,4,4,0,2,3,3
wwRBF-16-094-1_S13,3,1,1,4,4,1,3,2,4,3,4,3,4,1,2,2,3,3,1,1,2,3,2,2,1,1,3,4,4,1,3,3,2,3,0,2,4,3,1,1,1,2,0,1,2,1,3,2,2,3,4,2,2,3,2,2,1,3,2,1,0,4,1,1,3,4,2,3,3,2,1,1,1,3,3,1,1,1,2,3,2,1,1,1,1,2,2,3,3,3,4,3,2,2,3,3,3,3,2,2,1,3,2,2,1,1,3,3,3,2,3,4,4,3,1,4,0,4,4,0,3,3,3,1,1,4,4,1,3,2,4,4,3,4,1,2,2,3,3,1,1,2,3,2,1,1,3,4,4,1,3,3,2,3,0,2,4,3,1,1,1,0,1,2,1,3,2,2,3,4,2,3,2,2,1,3,2,1,0,4,1,1,3,4,2,3,3,2,1,1,1,3,3,1,1,1,2,3,2,1,1,1,1,2,2,3,3,3,4,3,2,2,3,3,3,3,2,2,1,3,2,2,1,1,3,3,3,3,4,4,3,1,4,0,4,4,0,3,3,2,3,1,1,2,4,4,1,3,2,4,3,4,3,4,1,2,2,3,3,1,1,2,3,2,2,1,1,3,4,4,1,3,4,3,2,3,0,2,4,3,1,1,3,1,2,0,1,3,2,1,3,2,2,3,4,2,2,3,2,2,1,3,2,1,0,4,1,1,1,3,4,2,3,3,2,1,1,1,2,3,2,3,1,1,1,2,3,4,2,2,1,1,3,1,1,2,2,3,3,3,4,3,2,2,3,3,3,3,3,2,2,1,3,2,2,1,1,3,3,3,3,2,3,4,4,3,1,4,0,4,4,1,4,1,3,1,0,3,3,3,1,3,1,1,4,4,1,3,2,4,3,4,3,4,1,2,2,3,3,1,1,2,3,2,1,1,3,4,4,1,3,3,2,3,0,2,4,3,1,1,1,0,1,2,1,3,2,2,3,4,2,3,2,2,1,3,2,1,0,4,1,1,3,4,2,3,3,2,1,1,1,3,3,1,1,1,2,3,2,1,1,1,1,2,2,3,3,3,4,3,2,2,3,3,3,3,2,2,1,3,2,2,1,1,3,3,3,3,4,4,3,1,4,0,4,4,4,0,3,3
wwRBF-17-148-1_S27,3,4,2,4,1,1,1,2,3,3,3,1,4,1,4,2,3,3,1,1,2,3,2,2,1,2,3,4,4,1,3,4,1,1,2,2,3,3,3,1,1,0,0,1,2,1,3,2,2,3,4,2,2,3,2,2,1,3,0,0,1,4,1,1,3,1,2,3,3,2,3,3,1,3,1,1,4,1,2,3,2,1,0,0,4,2,2,3,3,3,4,3,4,2,3,3,3,3,1,2,1,3,2,4,1,1,0,3,3,0,3,2,4,3,2,0,1,0,1,2,1,3,3,4,2,4,1,1,1,2,3,3,1,4,1,4,2,3,3,1,1,2,3,2,1,2,3,4,4,1,3,4,1,1,2,2,3,3,3,1,1,0,1,2,1,3,2,2,3,4,2,3,2,2,1,3,0,0,1,4,1,1,3,1,2,3,3,2,3,3,1,3,1,1,4,1,2,3,2,1,0,0,4,2,2,3,3,3,4,3,4,2,3,3,3,3,1,2,1,3,2,4,1,1,0,3,3,3,2,4,3,2,0,1,0,1,2,1,3,3,3,4,2,1,4,1,1,1,2,3,3,3,1,4,1,4,2,3,3,1,1,2,3,2,2,1,2,3,4,4,1,3,4,4,1,1,2,2,3,3,3,1,3,1,0,0,1,3,2,1,3,2,2,3,4,2,2,3,2,2,1,3,0,0,1,4,1,1,1,3,1,2,3,3,2,3,3,1,2,3,3,1,1,4,1,2,3,4,2,2,1,0,3,0,4,2,2,3,3,3,4,3,4,2,3,3,3,3,3,1,2,1,3,2,4,1,1,0,3,3,0,0,3,2,4,3,2,0,1,0,1,1,4,1,3,0,2,1,3,3,1,3,4,2,4,1,1,1,2,3,3,3,1,4,1,4,2,3,3,1,1,2,3,2,1,2,3,4,4,1,3,4,1,1,2,2,3,3,3,1,1,0,1,2,1,3,2,2,3,4,2,3,2,2,1,3,0,0,1,4,1,1,3,1,2,3,3,2,3,3,1,3,1,1,4,1,2,3,2,1,0,0,4,2,2,3,3,3,4,3,4,2,3,3,3,3,1,2,1,3,2,4,1,1,0,3,3,3,2,4,3,2,0,1,0,1,4,2,1,3
wwRBF-17-167-1_S31,1,1,1,4,1,1,1,2,2,3,3,1,4,1,2,2,3,3,1,1,2,3,1,1,1,1,3,4,4,1,3,3,1,1,0,2,3,2,1,2,3,2,3,1,2,1,3,2,2,3,4,2,2,3,2,2,1,3,2,1,4,1,1,3,1,4,1,1,2,1,1,1,1,3,1,3,1,1,1,3,1,1,1,1,1,2,2,3,1,2,2,2,2,2,3,3,1,2,1,1,1,0,2,2,1,3,3,4,0,2,4,4,3,0,1,4,4,4,4,2,3,3,1,1,1,4,1,1,1,2,2,3,1,4,1,2,2,3,3,1,1,2,3,1,1,1,3,4,4,1,3,3,1,1,0,2,3,2,1,2,3,3,1,2,1,3,2,2,3,4,2,3,2,2,1,3,2,1,4,1,1,3,1,4,1,1,2,1,1,1,1,3,1,3,1,1,1,3,1,1,1,1,1,2,2,3,1,2,2,2,2,2,3,3,1,2,1,1,1,0,2,2,1,3,3,4,0,4,4,3,0,1,4,4,4,4,2,3,3,0,1,1,1,1,4,1,1,1,2,2,3,3,1,4,1,2,2,3,3,1,1,2,3,1,1,1,1,3,4,4,1,3,1,3,1,1,0,2,3,2,1,2,0,3,2,3,1,3,2,1,3,2,2,3,4,2,2,3,2,2,1,3,2,1,4,1,4,1,3,1,4,1,1,2,1,1,1,1,0,3,2,1,3,1,1,1,3,0,1,2,1,1,0,1,1,2,2,3,1,2,2,2,2,2,3,0,3,1,2,1,1,1,0,2,2,1,3,3,4,0,3,2,4,4,3,0,1,4,4,4,4,0,0,1,0,1,2,3,3,0,0,1,1,1,4,1,1,1,2,2,3,3,1,4,1,2,2,3,3,1,1,2,3,1,1,1,3,4,4,1,3,3,1,1,0,2,3,2,1,2,3,3,1,2,1,3,2,2,3,4,2,3,2,2,1,3,2,1,4,1,1,3,1,4,1,1,2,1,1,1,1,3,1,3,1,1,1,3,1,1,1,1,1,2,2,3,1,2,2,2,2,2,3,3,1,2,1,1,1,0,2,2,1,3,3,4,0,4,4,3,0,1,4,4,4,4,0,2,3,3
wwRBF-17-189-1_S32,1,1,1,4,1,1,1,2,2,3,3,1,4,1,2,2,3,3,1,1,2,3,1,1,1,1,3,4,4,1,3,3,1,1,0,2,3,2,1,2,3,2,3,1,2,1,3,2,2,3,4,2,2,3,2,2,1,3,2,1,4,1,1,3,1,4,1,1,2,1,1,1,1,3,1,3,1,1,1,3,1,1,1,1,1,2,2,3,1,2,2,2,2,2,3,3,1,2,1,1,1,3,2,2,1,3,3,4,0,2,4,4,3,0,1,4,4,4,4,2,3,3,1,1,1,4,1,1,1,2,2,3,1,4,1,2,2,3,3,1,1,2,3,1,1,1,3,4,4,1,3,3,1,1,0,2,3,2,1,2,3,3,1,2,1,3,2,2,3,4,2,3,2,2,1,3,2,1,4,1,1,3,1,4,1,1,2,1,1,1,1,3,1,3,1,1,1,3,1,1,1,1,1,2,2,3,1,2,2,2,2,2,3,3,1,2,1,1,1,3,2,2,1,3,3,4,0,4,4,3,0,1,4,4,4,4,2,3,3,0,1,1,1,1,4,1,1,1,2,2,3,3,1,4,1,2,2,3,3,1,1,2,3,1,1,1,1,3,4,4,1,3,1,3,1,1,0,2,3,2,1,2,0,3,2,3,1,3,2,1,3,2,2,3,4,2,2,3,2,2,1,3,2,1,4,1,4,1,3,1,4,1,1,2,1,1,1,1,0,3,2,1,3,1,1,1,3,0,1,2,1,1,0,1,1,2,2,3,1,2,2,2,2,2,3,0,3,1,2,1,1,1,3,2,2,1,3,3,4,0,3,2,4,4,3,0,1,4,4,4,4,0,0,1,0,1,2,3,3,0,0,1,1,1,4,1,1,1,2,2,3,3,1,4,1,2,2,3,3,1,1,2,3,1,1,1,3,4,4,1,3,3,1,1,0,2,3,2,1,2,3,3,1,2,1,3,2,2,3,4,2,3,2,2,1,3,2,1,4,1,1,3,1,4,1,1,2,1,1,1,1,3,1,3,1,1,1,3,1,1,1,1,1,2,2,3,1,2,2,2,2,2,3,3,1,2,1,1,1,3,2,2,1,3,3,4,0,4,4,3,0,1,4,4,4,4,0,2,3,3
wwRBF-17-209-1_S34,1,1,1,0,1,1,1,2,2,3,3,1,4,1,2,2,3,3,1,1,2,3,1,1,1,1,3,4,4,1,3,3,1,1,1,2,3,2,1,2,3,2,3,1,2,1,3,2,2,3,4,2,2,3,2,2,1,3,2,1,4,1,1,3,1,4,1,1,2,1,1,1,1,3,1,3,1,1,1,3,1,1,1,1,1,0,2,3,1,2,2,2,2,2,3,3,1,2,1,1,1,0,2,2,1,3,3,4,0,2,4,4,3,0,1,4,4,4,4,2,3,3,1,1,1,0,1,1,1,2,2,3,1,4,1,2,2,3,3,1,1,2,3,1,1,1,3,4,4,1,3,3,1,1,1,2,3,2,1,2,3,3,1,2,1,3,2,2,3,4,2,3,2,2,1,3,2,1,4,1,1,3,1,4,1,1,2,1,1,1,1,3,1,3,1,1,1,3,1,1,1,1,1,0,2,3,1,2,2,2,2,2,3,3,1,2,1,1,1,0,2,2,1,3,3,4,0,4,4,3,0,1,4,4,4,4,2,3,3,0,1,1,1,1,0,1,1,1,2,2,3,3,1,4,1,2,2,3,3,1,1,2,3,1,1,1,1,3,4,4,1,3,1,3,1,1,1,2,3,2,1,2,0,3,2,3,1,3,2,1,3,2,2,3,4,2,2,3,2,2,1,3,2,1,4,1,4,1,3,1,4,1,1,2,1,1,1,1,0,3,2,1,3,1,1,1,3,0,1,2,1,1,0,1,1,0,2,3,1,2,2,2,2,2,3,0,3,1,2,1,1,1,0,2,2,1,3,3,4,0,3,2,4,4,3,0,1,4,4,4,4,0,0,1,0,1,2,3,3,0,0,1,1,1,0,1,1,1,2,2,3,3,1,4,1,2,2,3,3,1,1,2,3,1,1,1,3,4,4,1,3,3,1,1,1,2,3,2,1,2,3,3,1,2,1,3,2,2,3,4,2,3,2,2,1,3,2,1,4,1,1,3,1,4,1,1,2,1,1,1,1,3,1,3,1,1,1,3,1,1,1,1,1,0,2,3,1,2,2,2,2,2,3,3,1,2,1,1,1,0,2,2,1,3,3,4,0,4,4,3,0,1,4,4,4,4,0,2,3,3
wwRBF-17-251-1_S33,3,0,1,0,4,1,1,2,4,0,4,0,4,1,2,2,3,0,1,1,2,3,2,2,1,1,0,4,4,1,3,3,1,3,2,2,4,3,1,2,3,2,3,1,0,1,0,0,2,3,4,2,2,3,2,2,1,3,2,1,1,4,1,1,0,4,2,3,3,2,1,0,1,0,3,1,1,1,0,0,2,1,1,1,1,2,2,3,3,3,4,3,2,2,0,3,3,3,1,2,0,3,2,2,0,1,3,3,3,2,3,2,4,3,1,4,0,4,4,2,3,3,3,0,1,0,4,1,1,2,4,4,0,4,1,2,2,3,0,1,1,2,3,2,1,1,0,4,4,1,3,3,1,3,2,2,4,3,1,2,3,3,1,0,1,0,0,2,3,4,2,3,2,2,1,3,2,1,1,4,1,1,0,4,2,3,3,2,1,0,1,0,3,1,1,1,0,0,2,1,1,1,1,2,2,3,3,3,4,3,2,2,0,3,3,3,1,2,0,3,2,2,0,1,3,3,3,3,2,4,3,1,4,0,4,4,2,3,3,3,3,0,1,1,0,4,1,1,2,4,0,4,0,4,1,2,2,3,0,1,1,2,3,2,2,1,1,0,4,4,1,3,4,3,1,3,2,2,4,3,1,2,3,3,2,3,1,0,0,1,0,0,2,3,4,2,2,3,2,2,1,3,2,1,1,4,0,1,1,0,4,2,3,3,2,1,0,1,2,0,0,3,1,1,1,0,0,4,2,2,1,1,3,1,1,2,2,3,3,3,4,3,2,2,0,3,3,3,3,1,2,0,3,2,2,0,1,3,3,3,3,2,3,2,4,3,1,4,0,4,4,1,4,1,3,0,2,3,3,3,1,3,0,1,0,4,1,1,2,4,0,4,0,4,1,2,2,3,0,1,1,2,3,2,1,1,0,4,4,1,3,3,1,3,2,2,4,3,1,2,3,3,1,0,1,0,0,2,3,4,2,3,2,2,1,3,2,1,1,4,1,1,0,4,2,3,3,2,1,0,1,0,3,1,1,1,0,0,2,1,1,1,1,2,2,3,3,3,4,3,2,2,0,3,3,3,1,2,0,3,2,2,0,1,3,3,3,3,2,4,3,1,4,0,4,4,4,2,3,3
wwRBK-16-023-1_S5,1,1,1,4,1,1,1,2,2,3,3,1,4,1,2,2,3,3,1,1,2,3,1,1,1,1,3,4,4,1,3,3,1,1,0,2,3,2,1,2,3,2,3,1,2,1,3,2,2,3,4,2,2,3,2,2,1,3,2,1,4,1,1,3,1,4,1,1,2,1,1,1,1,3,1,3,1,1,1,3,1,1,1,1,1,0,2,3,1,2,2,2,2,2,3,3,1,2,1,1,1,0,2,2,1,3,3,4,0,2,4,4,3,0,1,4,4,4,4,2,3,3,1,1,1,4,1,1,1,2,2,3,1,4,1,2,2,3,3,1,1,2,3,1,1,1,3,4,4,1,3,3,1,1,0,2,3,2,1,2,3,3,1,2,1,3,2,2,3,4,2,3,2,2,1,3,2,1,4,1,1,3,1,4,1,1,2,1,1,1,1,3,1,3,1,1,1,3,1,1,1,1,1,0,2,3,1,2,2,2,2,2,3,3,1,2,1,1,1,0,2,2,1,3,3,4,0,4,4,3,0,1,4,4,4,4,2,3,3,0,1,1,1,1,4,1,1,1,2,2,3,3,1,4,1,2,2,3,3,1,1,2,3,1,1,1,1,3,4,4,1,3,1,3,1,1,0,2,3,2,1,2,0,3,2,3,1,3,2,1,3,2,2,3,4,2,2,3,2,2,1,3,2,1,4,1,4,1,3,1,4,1,1,2,1,1,1,1,0,3,2,1,3,1,1,1,3,0,1,2,1,1,0,1,1,0,2,3,1,2,2,2,2,2,3,0,3,1,2,1,1,1,0,2,2,1,3,3,4,0,3,2,4,4,3,0,1,4,4,4,4,0,0,1,0,1,2,3,3,0,0,1,1,1,4,1,1,1,2,2,3,3,1,4,1,2,2,3,3,1,1,2,3,1,1,1,3,4,4,1,3,3,1,1,0,2,3,2,1,2,3,3,1,2,1,3,2,2,3,4,2,3,2,2,1,3,2,1,4,1,1,3,1,4,1,1,2,1,1,1,1,3,1,3,1,1,1,3,1,1,1,1,1,0,2,3,1,2,2,2,2,2,3,3,1,2,1,1,1,0,2,2,1,3,3,4,0,4,4,3,0,1,4,4,4,4,0,2,3,3
wwRBK-17-0148-1_S37,1,1,1,4,1,1,1,2,2,3,3,1,4,1,2,2,3,3,1,1,2,3,1,1,1,1,3,4,4,1,3,3,1,1,0,2,3,2,1,2,3,2,3,1,2,1,3,2,2,3,4,2,2,3,2,2,1,3,2,1,4,1,1,3,1,4,1,1,2,1,1,1,1,3,1,3,1,1,1,3,1,1,1,1,1,2,2,3,1,2,2,2,2,2,3,3,1,2,1,1,1,3,2,2,1,3,3,4,0,2,4,4,3,0,1,4,4,4,4,2,3,3,1,1,1,4,1,1,1,2,2,3,1,4,1,2,2,3,3,1,1,2,3,1,1,1,3,4,4,1,3,3,1,1,0,2,3,2,1,2,3,3,1,2,1,3,2,2,3,4,2,3,2,2,1,3,2,1,4,1,1,3,1,4,1,1,2,1,1,1,1,3,1,3,1,1,1,3,1,1,1,1,1,2,2,3,1,2,2,2,2,2,3,3,1,2,1,1,1,3,2,2,1,3,3,4,0,4,4,3,0,1,4,4,4,4,2,3,3,0,1,1,1,1,4,1,1,1,2,2,3,3,1,4,1,2,2,3,3,1,1,2,3,1,1,1,1,3,4,4,1,3,1,3,1,1,0,2,3,2,1,2,0,3,2,3,1,3,2,1,3,2,2,3,4,2,2,3,2,2,1,3,2,1,4,1,4,1,3,1,4,1,1,2,1,1,1,1,0,3,2,1,3,1,1,1,3,0,1,2,1,1,0,1,1,2,2,3,1,2,2,2,2,2,3,0,3,1,2,1,1,1,3,2,2,1,3,3,4,0,3,2,4,4,3,0,1,4,4,4,4,0,0,1,0,1,2,3,3,0,0,1,1,1,4,1,1,1,2,2,3,3,1,4,1,2,2,3,3,1,1,2,3,1,1,1,3,4,4,1,3,3,1,1,0,2,3,2,1,2,3,3,1,2,1,3,2,2,3,4,2,3,2,2,1,3,2,1,4,1,1,3,1,4,1,1,2,1,1,1,1,3,1,3,1,1,1,3,1,1,1,1,1,2,2,3,1,2,2,2,2,2,3,3,1,2,1,1,1,3,2,2,1,3,3,4,0,4,4,3,0,1,4,4,4,4,0,2,3,3
wwRBK-17-0148-2_S38,1,1,1,4,1,1,1,2,2,3,3,1,4,1,2,2,3,3,1,1,2,3,1,1,1,1,3,4,4,1,3,3,1,1,1,2,3,2,1,2,3,2,3,1,2,1,3,2,2,3,4,2,2,3,2,2,1,3,2,1,4,1,1,3,1,4,1,1,2,1,1,1,1,3,1,3,1,1,1,3,1,1,1,1,1,2,2,3,1,2,2,2,2,2,3,3,1,2,1,1,1,3,2,2,1,3,3,4,0,2,4,4,3,0,1,4,4,4,4,2,3,3,1,1,1,4,1,1,1,2,2,3,1,4,1,2,2,3,3,1,1,2,3,1,1,1,3,4,4,1,3,3,1,1,1,2,3,2,1,2,3,3,1,2,1,3,2,2,3,4,2,3,2,2,1,3,2,1,4,1,1,3,1,4,1,1,2,1,1,1,1,3,1,3,1,1,1,3,1,1,1,1,1,2,2,3,1,2,2,2,2,2,3,3,1,2,1,1,1,3,2,2,1,3,3,4,0,4,4,3,0,1,4,4,4,4,2,3,3,0,1,1,1,1,4,1,1,1,2,2,3,3,1,4,1,2,2,3,3,1,1,2,3,1,1,1,1,3,4,4,1,3,1,3,1,1,1,2,3,2,1,2,0,3,2,3,1,3,2,1,3,2,2,3,4,2,2,3,2,2,1,3,2,1,4,1,4,1,3,1,4,1,1,2,1,1,1,1,0,3,2,1,3,1,1,1,3,0,1,2,1,1,0,1,1,2,2,3,1,2,2,2,2,2,3,0,3,1,2,1,1,1,3,2,2,1,3,3,4,0,3,2,4,4,3,0,1,4,4,4,4,0,0,1,0,1,2,3,3,0,0,1,1,1,4,1,1,1,2,2,3,3,1,4,1,2,2,3,3,1,1,2,3,1,1,1,3,4,4,1,3,3,1,1,1,2,3,2,1,2,3,3,1,2,1,3,2,2,3,4,2,3,2,2,1,3,2,1,4,1,1,3,1,4,1,1,2,1,1,1,1,3,1,3,1,1,1,3,1,1,1,1,1,2,2,3,1,2,2,2,2,2,3,3,1,2,1,1,1,3,2,2,1,3,3,4,0,4,4,3,0,1,4,4,4,4,0,2,3,3
wwRBK-17-0197-1_S39,1,1,1,4,1,1,1,2,2,3,3,1,4,1,2,2,3,3,1,1,2,3,1,1,1,1,3,4,4,1,3,3,1,1,1,2,3,2,1,2,3,2,3,1,2,1,3,2,2,3,4,2,2,3,2,2,1,3,2,1,4,1,1,3,1,4,1,1,2,1,1,1,1,3,1,3,1,1,1,3,1,1,1,1,1,2,2,3,1,2,2,2,2,2,3,3,1,2,1,1,1,3,2,2,1,3,3,4,0,2,4,4,3,0,1,4,4,4,4,2,3,3,1,1,1,4,1,1,1,2,2,3,1,4,1,2,2,3,3,1,1,2,3,1,1,1,3,4,4,1,3,3,1,1,1,2,3,2,1,2,3,3,1,2,1,3,2,2,3,4,2,3,2,2,1,3,2,1,4,1,1,3,1,4,1,1,2,1,1,1,1,3,1,3,1,1,1,3,1,1,1,1,1,2,2,3,1,2,2,2,2,2,3,3,1,2,1,1,1,3,2,2,1,3,3,4,0,4,4,3,0,1,4,4,4,4,2,3,3,0,1,1,1,1,4,1,1,1,2,2,3,3,1,4,1,2,2,3,3,1,1,2,3,1,1,1,1,3,4,4,1,3,1,3,1,1,1,2,3,2,1,2,0,3,2,3,1,3,2,1,3,2,2,3,4,2,2,3,2,2,1,3,2,1,4,1,4,1,3,1,4,1,1,2,1,1,1,1,0,3,2,1,3,1,1,1,3,0,1,2,1,1,0,1,1,2,2,3,1,2,2,2,2,2,3,0,3,1,2,1,1,1,3,2,2,1,3,3,4,0,3,2,4,4,3,0,1,4,4,4,4,0,0,1,0,1,2,3,3,0,0,1,1,1,4,1,1,1,2,2,3,3,1,4,1,2,2,3,3,1,1,2,3,1,1,1,3,4,4,1,3,3,1,1,1,2,3,2,1,2,3,3,1,2,1,3,2,2,3,4,2,3,2,2,1,3,2,1,4,1,1,3,1,4,1,1,2,1,1,1,1,3,1,3,1,1,1,3,1,1,1,1,1,2,2,3,1,2,2,2,2,2,3,3,1,2,1,1,1,3,2,2,1,3,3,4,0,4,4,3,0,1,4,4,4,4,0,2,3,3
wwRBK-17-0278-1_S41,3,0,1,4,4,1,1,2,4,3,4,1,4,1,2,2,3,3,1,1,2,3,2,2,1,1,3,4,4,1,3,3,2,3,2,2,4,3,0,1,3,0,3,1,2,0,0,0,0,0,0,0,0,3,0,0,2,3,2,1,1,4,1,1,3,4,2,3,3,2,1,1,1,3,3,1,1,1,0,3,2,3,1,1,0,2,2,3,3,3,4,3,2,2,3,3,3,3,1,2,1,3,2,2,1,1,3,3,3,2,3,4,4,3,1,0,1,0,4,2,3,3,3,0,1,4,4,1,1,2,4,4,1,4,1,2,2,3,3,1,1,2,3,2,1,1,3,4,4,1,3,3,2,3,2,2,4,3,0,1,3,3,1,2,0,0,0,0,0,0,0,3,0,0,2,3,2,1,1,4,1,1,3,4,2,3,3,2,1,1,1,3,3,1,1,1,0,3,2,3,1,1,0,2,2,3,3,3,4,3,2,2,3,3,3,3,1,2,1,3,2,2,1,1,3,3,3,3,4,4,3,1,0,1,0,4,2,3,3,2,3,0,1,1,4,4,1,1,2,4,3,4,1,4,1,2,2,3,3,1,1,2,3,2,2,1,1,3,4,4,1,3,1,3,2,3,2,2,4,3,0,1,3,3,0,3,1,0,2,0,0,0,0,0,0,0,0,3,0,0,2,3,2,1,1,4,0,1,1,3,4,2,3,3,2,1,1,1,2,3,2,3,1,1,1,0,3,4,2,2,3,1,3,1,0,2,2,3,3,3,4,3,2,2,3,3,3,3,3,1,2,1,3,2,2,1,1,3,3,3,3,2,3,4,4,3,1,0,1,0,4,1,4,0,3,0,2,3,3,3,1,3,0,1,4,4,1,1,2,4,3,4,1,4,1,2,2,3,3,1,1,2,3,2,1,1,3,4,4,1,3,3,2,3,2,2,4,3,0,1,3,3,1,2,0,0,0,0,0,0,0,3,0,0,2,3,2,1,1,4,1,1,3,4,2,3,3,2,1,1,1,3,3,1,1,1,0,3,2,3,1,1,0,2,2,3,3,3,4,3,2,2,3,3,3,3,1,2,1,3,2,2,1,1,3,3,3,3,4,4,3,1,0,1,0,4,4,2,3,3
wwRBK-17-0298-1_S42,3,0,1,0,4,1,1,2,4,0,4,0,4,1,2,2,3,0,1,1,2,3,2,2,1,1,0,4,4,1,3,3,1,3,2,2,4,3,1,2,3,2,3,1,0,1,0,0,2,3,4,2,2,3,2,2,1,3,2,1,1,4,1,1,0,4,2,3,3,2,1,0,1,0,3,1,1,1,0,0,2,1,1,1,1,2,2,3,3,3,4,3,2,2,0,3,3,3,1,2,0,3,2,2,0,1,3,3,3,2,3,2,4,3,1,4,0,4,4,2,3,3,3,0,1,0,4,1,1,2,4,4,0,4,1,2,2,3,0,1,1,2,3,2,1,1,0,4,4,1,3,3,1,3,2,2,4,3,1,2,3,3,1,0,1,0,0,2,3,4,2,3,2,2,1,3,2,1,1,4,1,1,0,4,2,3,3,2,1,0,1,0,3,1,1,1,0,0,2,1,1,1,1,2,2,3,3,3,4,3,2,2,0,3,3,3,1,2,0,3,2,2,0,1,3,3,3,3,2,4,3,1,4,0,4,4,2,3,3,3,3,0,1,1,0,4,1,1,2,4,0,4,0,4,1,2,2,3,0,1,1,2,3,2,2,1,1,0,4,4,1,3,4,3,1,3,2,2,4,3,1,2,3,3,2,3,1,0,0,1,0,0,2,3,4,2,2,3,2,2,1,3,2,1,1,4,0,1,1,0,4,2,3,3,2,1,0,1,2,0,0,3,1,1,1,0,0,4,2,2,1,1,3,1,1,2,2,3,3,3,4,3,2,2,0,3,3,3,3,1,2,0,3,2,2,0,1,3,3,3,3,2,3,2,4,3,1,4,0,4,4,1,4,1,3,0,2,3,3,3,1,3,0,1,0,4,1,1,2,4,0,4,0,4,1,2,2,3,0,1,1,2,3,2,1,1,0,4,4,1,3,3,1,3,2,2,4,3,1,2,3,3,1,0,1,0,0,2,3,4,2,3,2,2,1,3,2,1,1,4,1,1,0,4,2,3,3,2,1,0,1,0,3,1,1,1,0,0,2,1,1,1,1,2,2,3,3,3,4,3,2,2,0,3,3,3,1,2,0,3,2,2,0,1,3,3,3,3,2,4,3,1,4,0,4,4,4,2,3,3
wwRBK-17-075-1_S28,1,1,1,4,1,1,1,2,2,3,3,1,4,1,2,2,3,3,1,1,2,3,1,1,1,1,3,4,4,1,3,3,1,1,1,2,3,2,1,2,3,2,3,1,2,1,3,2,2,3,4,2,2,3,2,2,1,3,2,1,4,1,1,3,1,4,1,1,2,1,1,1,1,3,1,3,1,1,1,3,1,1,1,1,1,2,2,3,1,2,2,2,2,2,3,3,1,2,1,1,1,3,2,2,1,3,3,4,0,2,4,4,3,0,1,4,4,4,4,2,3,3,1,1,1,4,1,1,1,2,2,3,1,4,1,2,2,3,3,1,1,2,3,1,1,1,3,4,4,1,3,3,1,1,1,2,3,2,1,2,3,3,1,2,1,3,2,2,3,4,2,3,2,2,1,3,2,1,4,1,1,3,1,4,1,1,2,1,1,1,1,3,1,3,1,1,1,3,1,1,1,1,1,2,2,3,1,2,2,2,2,2,3,3,1,2,1,1,1,3,2,2,1,3,3,4,0,4,4,3,0,1,4,4,4,4,2,3,3,0,1,1,1,1,4,1,1,1,2,2,3,3,1,4,1,2,2,3,3,1,1,2,3,1,1,1,1,3,4,4,1,3,1,3,1,1,1,2,3,2,1,2,0,3,2,3,1,3,2,1,3,2,2,3,4,2,2,3,2,2,1,3,2,1,4,1,4,1,3,1,4,1,1,2,1,1,1,1,0,3,2,1,3,1,1,1,3,0,1,2,1,1,0,1,1,2,2,3,1,2,2,2,2,2,3,0,3,1,2,1,1,1,3,2,2,1,3,3,4,0,3,2,4,4,3,0,1,4,4,4,4,0,0,1,0,1,2,3,3,0,0,1,1,1,4,1,1,1,2,2,3,3,1,4,1,2,2,3,3,1,1,2,3,1,1,1,3,4,4,1,3,3,1,1,1,2,3,2,1,2,3,3,1,2,1,3,2,2,3,4,2,3,2,2,1,3,2,1,4,1,1,3,1,4,1,1,2,1,1,1,1,3,1,3,1,1,1,3,1,1,1,1,1,2,2,3,1,2,2,2,2,2,3,3,1,2,1,1,1,3,2,2,1,3,3,4,0,4,4,3,0,1,4,4,4,4,0,2,3,3
wwRBL-16-111-1_S16,3,4,1,4,1,1,1,2,3,3,4,0,0,1,4,2,3,3,1,0,0,3,1,2,1,1,3,4,4,1,3,3,1,3,0,2,4,3,1,2,1,2,3,1,2,1,3,2,2,3,4,2,2,3,2,2,1,3,2,1,1,4,1,3,0,4,2,3,3,1,1,1,1,3,3,1,1,1,0,0,2,0,1,1,4,0,2,3,3,2,4,3,2,2,3,0,3,3,0,2,1,3,0,0,0,1,3,3,3,2,3,4,3,3,1,4,1,4,4,2,3,3,3,4,1,4,1,1,1,2,3,4,0,0,1,4,2,3,3,1,0,0,3,1,1,1,3,4,4,1,3,3,1,3,0,2,4,3,1,2,1,3,1,2,1,3,2,2,3,4,2,3,2,2,1,3,2,1,1,4,1,3,0,4,2,3,3,1,1,1,1,3,3,1,1,1,0,0,2,0,1,1,4,0,2,3,3,2,4,3,2,2,3,0,3,3,0,2,1,3,0,0,0,1,3,3,3,3,4,3,3,1,4,1,4,4,2,3,3,3,3,4,1,1,4,1,1,1,2,3,3,4,0,0,1,4,2,3,3,1,0,0,3,1,2,1,1,3,4,4,1,3,4,3,1,3,0,2,4,3,1,2,3,1,2,3,1,3,2,1,3,2,2,3,4,2,2,3,2,2,1,3,2,1,1,4,1,1,3,0,4,2,3,3,1,1,1,1,2,3,2,3,1,1,1,0,0,3,2,2,0,1,3,1,4,0,2,3,3,2,4,3,2,2,3,3,0,3,3,0,2,1,3,0,0,0,1,3,3,3,3,2,3,4,3,3,1,4,1,4,4,1,4,1,3,1,2,3,3,3,1,3,4,1,4,1,1,1,2,3,3,4,0,0,1,4,2,3,3,1,0,0,3,1,1,1,3,4,4,1,3,3,1,3,0,2,4,3,1,2,1,3,1,2,1,3,2,2,3,4,2,3,2,2,1,3,2,1,1,4,1,3,0,4,2,3,3,1,1,1,1,3,3,1,1,1,0,0,2,0,1,1,4,0,2,3,3,2,4,3,2,2,3,0,3,3,0,2,1,3,0,0,0,1,3,3,3,3,4,3,3,1,4,1,4,4,4,2,3,3
wwRBL-17-004-1_S44,1,1,1,4,1,1,1,2,2,3,3,1,4,1,2,2,3,3,1,1,2,3,1,1,1,1,3,4,4,1,3,3,1,1,1,2,3,2,1,2,3,2,3,1,2,1,3,2,2,3,4,2,2,3,2,2,1,3,2,1,4,1,1,3,1,4,1,1,2,1,1,1,1,3,1,3,1,1,1,3,1,1,1,1,1,2,2,3,1,2,2,2,2,2,3,3,1,2,1,1,1,3,2,2,1,3,3,4,0,2,4,4,3,0,1,4,4,4,4,2,3,3,1,1,1,4,1,1,1,2,2,3,1,4,1,2,2,3,3,1,1,2,3,1,1,1,3,4,4,1,3,3,1,1,1,2,3,2,1,2,3,3,1,2,1,3,2,2,3,4,2,3,2,2,1,3,2,1,4,1,1,3,1,4,1,1,2,1,1,1,1,3,1,3,1,1,1,3,1,1,1,1,1,2,2,3,1,2,2,2,2,2,3,3,1,2,1,1,1,3,2,2,1,3,3,4,0,4,4,3,0,1,4,4,4,4,2,3,3,0,1,1,1,1,4,1,1,1,2,2,3,3,1,4,1,2,2,3,3,1,1,2,3,1,1,1,1,3,4,4,1,3,1,3,1,1,1,2,3,2,1,2,0,3,2,3,1,3,2,1,3,2,2,3,4,2,2,3,2,2,1,3,2,1,4,1,4,1,3,1,4,1,1,2,1,1,1,1,0,3,2,1,3,1,1,1,3,0,1,2,1,1,0,1,1,2,2,3,1,2,2,2,2,2,3,0,3,1,2,1,1,1,3,2,2,1,3,3,4,0,3,2,4,4,3,0,1,4,4,4,4,0,0,1,0,1,2,3,3,0,0,1,1,1,4,1,1,1,2,2,3,3,1,4,1,2,2,3,3,1,1,2,3,1,1,1,3,4,4,1,3,3,1,1,1,2,3,2,1,2,3,3,1,2,1,3,2,2,3,4,2,3,2,2,1,3,2,1,4,1,1,3,1,4,1,1,2,1,1,1,1,3,1,3,1,1,1,3,1,1,1,1,1,2,2,3,1,2,2,2,2,2,3,3,1,2,1,1,1,3,2,2,1,3,3,4,0,4,4,3,0,1,4,4,4,4,0,2,3,3
WWSurvcare043_S43,0,0,0,0,0,0,0,0,0,0,0,0,0,0,0,0,0,0,0,0,0,0,0,0,0,0,0,0,0,0,0,0,0,0,0,0,0,0,0,2,1,2,3,1,0,0,0,0,0,0,0,0,0,0,0,0,0,0,2,1,0,4,1,0,0,0,0,0,0,0,0,0,0,0,0,0,0,0,0,0,0,0,1,1,0,0,0,3,0,0,0,0,0,0,0,0,0,0,0,0,0,0,0,2,0,0,3,3,3,2,3,4,4,3,1,4,1,4,4,2,3,3,0,0,0,0,0,0,0,0,0,0,0,0,0,0,0,0,0,0,0,0,0,0,0,0,0,0,0,0,0,0,0,0,0,0,0,0,0,2,1,3,1,0,0,0,0,0,0,0,0,0,0,0,0,0,2,1,0,4,1,0,0,0,0,0,0,0,0,0,0,0,0,0,0,0,0,0,0,0,1,1,0,0,0,3,0,0,0,0,0,0,0,0,0,0,0,0,0,0,0,2,0,0,3,3,3,3,4,4,3,1,4,1,4,4,2,3,3,3,0,0,0,0,0,0,0,0,0,0,0,0,0,0,0,0,0,0,0,0,0,0,0,0,0,0,0,0,0,0,0,0,0,0,0,0,0,0,0,0,0,2,3,1,2,3,1,0,0,0,0,0,0,0,0,0,0,0,0,0,0,0,2,1,0,4,0,1,0,0,0,0,0,0,0,0,0,0,2,0,0,0,0,0,0,0,0,3,0,0,0,1,3,1,0,0,0,3,0,0,0,0,0,0,0,3,0,0,0,0,0,0,0,0,2,0,0,3,3,3,3,2,3,4,4,3,1,4,1,4,4,1,4,1,3,1,2,3,3,3,1,0,0,0,0,0,0,0,0,0,0,0,0,0,0,0,0,0,0,0,0,0,0,0,0,0,0,0,0,0,0,0,0,0,0,0,0,0,0,2,1,3,1,0,0,0,0,0,0,0,0,0,0,0,0,0,2,1,0,4,1,0,0,0,0,0,0,0,0,0,0,0,0,0,0,0,0,0,0,0,1,1,0,0,0,3,0,0,0,0,0,0,0,0,0,0,0,0,0,0,0,2,0,0,3,3,3,3,4,4,3,1,4,1,4,4,4,2,3,3
